{
 "P-TX": {
  "file": "beatcap/20260902_212830_sel8/mid.bin",
  "n_records": 67108864,
  "n_mark_fec": 1345,
  "n_mark_demod": 1360,
  "modal_gap_tref_units": 12333,
  "n_regular": 1343,
  "n_extra": 1,
  "n_excessive_tref_steps": 0,
  "excessive_tref_steps_sample": [],
  "template_positive_control": {
   "n_candidates": 1343,
   "template_len_records": 28,
   "per_position_agree_frac": [
    0.9978,
    0.997,
    0.997,
    0.997,
    0.997,
    0.997,
    0.997,
    0.997,
    0.9963,
    0.9955,
    0.994,
    0.994,
    0.9933,
    0.9933,
    0.9933,
    0.9918,
    0.9911,
    0.9911,
    0.9911,
    0.9911,
    0.9896,
    0.9888,
    0.9888,
    0.9888,
    0.9873,
    0.9873,
    0.9859,
    0.9866,
    0.5503
   ],
   "pass": true
  },
  "negative_control": {
   "probe_record": 42232,
   "matches_template": false,
   "score": 0.0,
   "pass": true
  },
  "calibration": {
   "modal_demod_gap_records": 37518,
   "modal_regular_fec_gap_tref_units": 12333
  },
  "frame_period_records_used_for_continuation_check": 37518,
  "extra_pulses": [
   {
    "record": 60383141,
    "symtime": 20522043,
    "p_tref_units": 0,
    "prev_regular_record": 60364528,
    "template_match": true,
    "template_score": 1.0,
    "continuation_match": false,
    "continuation_score": 0.0,
    "rung_hits": []
   }
  ],
  "verdict": "P-TX CONFIRMED",
  "n_template_match": 1,
  "n_continuation_match": 0
 },
 "P-TX'": {
  "file": "beatcap/20260902_212830_sel8/mid.bin",
  "n_frames_windowed": 1849,
  "controls": {
   "negative_control_pass": true,
   "negative_control_frame": {
    "frame_index": 0,
    "frame_start_symtime": 0,
    "n_samples_in_frame": 9085,
    "longest_run_symbols": 5,
    "stall_start_tref": 5621,
    "stall_end_tref": 5625,
    "stall_start_data_relative": 5608,
    "run_value_IQ": [
     5736,
     -5737
    ],
    "stall_end_coincides_with_frame_end": false,
    "is_stall": false
   },
   "positive_control_pass": true,
   "positive_control_frame": {
    "frame_index": 0,
    "frame_start_symtime": 0,
    "n_samples_in_frame": 9085,
    "longest_run_symbols": 4833,
    "stall_start_tref": 6051,
    "stall_end_tref": 12176,
    "stall_start_data_relative": 6038,
    "run_value_IQ": [
     5557,
     -5558
    ],
    "stall_end_coincides_with_frame_end": false,
    "is_stall": true
   },
   "positive_control_injected_len": 4832,
   "pass": true
  },
  "frames": [
   {
    "frame_index": 0,
    "frame_start_symtime": 0,
    "n_samples_in_frame": 9085,
    "longest_run_symbols": 5,
    "stall_start_tref": 5621,
    "stall_end_tref": 5625,
    "stall_start_data_relative": 5608,
    "run_value_IQ": [
     5736,
     -5737
    ],
    "stall_end_coincides_with_frame_end": false,
    "is_stall": false
   },
   {
    "frame_index": 1,
    "frame_start_symtime": 12333,
    "n_samples_in_frame": 9020,
    "longest_run_symbols": 5,
    "stall_start_tref": 3197,
    "stall_end_tref": 3201,
    "stall_start_data_relative": 3184,
    "run_value_IQ": [
     5736,
     5736
    ],
    "stall_end_coincides_with_frame_end": false,
    "is_stall": false
   },
   {
    "frame_index": 2,
    "frame_start_symtime": 24666,
    "n_samples_in_frame": 9600,
    "longest_run_symbols": 5,
    "stall_start_tref": 3197,
    "stall_end_tref": 3201,
    "stall_start_data_relative": 3184,
    "run_value_IQ": [
     5736,
     5736
    ],
    "stall_end_coincides_with_frame_end": false,
    "is_stall": false
   },
   {
    "frame_index": 3,
    "frame_start_symtime": 36999,
    "n_samples_in_frame": 8377,
    "longest_run_symbols": 5,
    "stall_start_tref": 5621,
    "stall_end_tref": 5625,
    "stall_start_data_relative": 5608,
    "run_value_IQ": [
     5736,
     -5737
    ],
    "stall_end_coincides_with_frame_end": false,
    "is_stall": false
   },
   {
    "frame_index": 4,
    "frame_start_symtime": 49332,
    "n_samples_in_frame": 8623,
    "longest_run_symbols": 5,
    "stall_start_tref": 3197,
    "stall_end_tref": 3201,
    "stall_start_data_relative": 3184,
    "run_value_IQ": [
     5736,
     5736
    ],
    "stall_end_coincides_with_frame_end": false,
    "is_stall": false
   },
   {
    "frame_index": 5,
    "frame_start_symtime": 61665,
    "n_samples_in_frame": 7237,
    "longest_run_symbols": 5,
    "stall_start_tref": 5621,
    "stall_end_tref": 5625,
    "stall_start_data_relative": 5608,
    "run_value_IQ": [
     5736,
     -5737
    ],
    "stall_end_coincides_with_frame_end": false,
    "is_stall": false
   },
   {
    "frame_index": 6,
    "frame_start_symtime": 73998,
    "n_samples_in_frame": 9270,
    "longest_run_symbols": 5,
    "stall_start_tref": 5621,
    "stall_end_tref": 5625,
    "stall_start_data_relative": 5608,
    "run_value_IQ": [
     5736,
     -5737
    ],
    "stall_end_coincides_with_frame_end": false,
    "is_stall": false
   },
   {
    "frame_index": 7,
    "frame_start_symtime": 86331,
    "n_samples_in_frame": 9126,
    "longest_run_symbols": 5,
    "stall_start_tref": 3197,
    "stall_end_tref": 3201,
    "stall_start_data_relative": 3184,
    "run_value_IQ": [
     5736,
     5736
    ],
    "stall_end_coincides_with_frame_end": false,
    "is_stall": false
   },
   {
    "frame_index": 8,
    "frame_start_symtime": 98664,
    "n_samples_in_frame": 9296,
    "longest_run_symbols": 5,
    "stall_start_tref": 3197,
    "stall_end_tref": 3201,
    "stall_start_data_relative": 3184,
    "run_value_IQ": [
     5736,
     5736
    ],
    "stall_end_coincides_with_frame_end": false,
    "is_stall": false
   },
   {
    "frame_index": 9,
    "frame_start_symtime": 110997,
    "n_samples_in_frame": 8475,
    "longest_run_symbols": 5,
    "stall_start_tref": 3197,
    "stall_end_tref": 3201,
    "stall_start_data_relative": 3184,
    "run_value_IQ": [
     5736,
     5736
    ],
    "stall_end_coincides_with_frame_end": false,
    "is_stall": false
   },
   {
    "frame_index": 10,
    "frame_start_symtime": 123330,
    "n_samples_in_frame": 9171,
    "longest_run_symbols": 5,
    "stall_start_tref": 3197,
    "stall_end_tref": 3201,
    "stall_start_data_relative": 3184,
    "run_value_IQ": [
     5736,
     5736
    ],
    "stall_end_coincides_with_frame_end": false,
    "is_stall": false
   },
   {
    "frame_index": 11,
    "frame_start_symtime": 135663,
    "n_samples_in_frame": 9216,
    "longest_run_symbols": 5,
    "stall_start_tref": 3197,
    "stall_end_tref": 3201,
    "stall_start_data_relative": 3184,
    "run_value_IQ": [
     5736,
     5736
    ],
    "stall_end_coincides_with_frame_end": false,
    "is_stall": false
   },
   {
    "frame_index": 12,
    "frame_start_symtime": 147996,
    "n_samples_in_frame": 9208,
    "longest_run_symbols": 5,
    "stall_start_tref": 3197,
    "stall_end_tref": 3201,
    "stall_start_data_relative": 3184,
    "run_value_IQ": [
     5736,
     5736
    ],
    "stall_end_coincides_with_frame_end": false,
    "is_stall": false
   },
   {
    "frame_index": 13,
    "frame_start_symtime": 160329,
    "n_samples_in_frame": 9224,
    "longest_run_symbols": 5,
    "stall_start_tref": 3197,
    "stall_end_tref": 3201,
    "stall_start_data_relative": 3184,
    "run_value_IQ": [
     5736,
     5736
    ],
    "stall_end_coincides_with_frame_end": false,
    "is_stall": false
   },
   {
    "frame_index": 14,
    "frame_start_symtime": 172662,
    "n_samples_in_frame": 8170,
    "longest_run_symbols": 5,
    "stall_start_tref": 3197,
    "stall_end_tref": 3201,
    "stall_start_data_relative": 3184,
    "run_value_IQ": [
     5736,
     5736
    ],
    "stall_end_coincides_with_frame_end": false,
    "is_stall": false
   },
   {
    "frame_index": 15,
    "frame_start_symtime": 184995,
    "n_samples_in_frame": 9146,
    "longest_run_symbols": 5,
    "stall_start_tref": 3197,
    "stall_end_tref": 3201,
    "stall_start_data_relative": 3184,
    "run_value_IQ": [
     5736,
     5736
    ],
    "stall_end_coincides_with_frame_end": false,
    "is_stall": false
   },
   {
    "frame_index": 16,
    "frame_start_symtime": 197328,
    "n_samples_in_frame": 9193,
    "longest_run_symbols": 5,
    "stall_start_tref": 3197,
    "stall_end_tref": 3201,
    "stall_start_data_relative": 3184,
    "run_value_IQ": [
     5736,
     5736
    ],
    "stall_end_coincides_with_frame_end": false,
    "is_stall": false
   },
   {
    "frame_index": 17,
    "frame_start_symtime": 209661,
    "n_samples_in_frame": 9166,
    "longest_run_symbols": 5,
    "stall_start_tref": 3197,
    "stall_end_tref": 3201,
    "stall_start_data_relative": 3184,
    "run_value_IQ": [
     5736,
     5736
    ],
    "stall_end_coincides_with_frame_end": false,
    "is_stall": false
   },
   {
    "frame_index": 18,
    "frame_start_symtime": 221994,
    "n_samples_in_frame": 9252,
    "longest_run_symbols": 5,
    "stall_start_tref": 3197,
    "stall_end_tref": 3201,
    "stall_start_data_relative": 3184,
    "run_value_IQ": [
     5736,
     5736
    ],
    "stall_end_coincides_with_frame_end": false,
    "is_stall": false
   },
   {
    "frame_index": 19,
    "frame_start_symtime": 234327,
    "n_samples_in_frame": 8044,
    "longest_run_symbols": 5,
    "stall_start_tref": 3197,
    "stall_end_tref": 3201,
    "stall_start_data_relative": 3184,
    "run_value_IQ": [
     5736,
     5736
    ],
    "stall_end_coincides_with_frame_end": false,
    "is_stall": false
   },
   {
    "frame_index": 20,
    "frame_start_symtime": 246660,
    "n_samples_in_frame": 4987,
    "longest_run_symbols": 4,
    "stall_start_tref": 1495,
    "stall_end_tref": 1498,
    "stall_start_data_relative": 1482,
    "run_value_IQ": [
     5736,
     -5737
    ],
    "stall_end_coincides_with_frame_end": false,
    "is_stall": false
   },
   {
    "frame_index": 21,
    "frame_start_symtime": 258993,
    "n_samples_in_frame": 9134,
    "longest_run_symbols": 5,
    "stall_start_tref": 3197,
    "stall_end_tref": 3201,
    "stall_start_data_relative": 3184,
    "run_value_IQ": [
     5736,
     5736
    ],
    "stall_end_coincides_with_frame_end": false,
    "is_stall": false
   },
   {
    "frame_index": 22,
    "frame_start_symtime": 271326,
    "n_samples_in_frame": 9196,
    "longest_run_symbols": 5,
    "stall_start_tref": 3197,
    "stall_end_tref": 3370,
    "stall_start_data_relative": 3184,
    "run_value_IQ": [
     5736,
     5736
    ],
    "stall_end_coincides_with_frame_end": false,
    "is_stall": false
   },
   {
    "frame_index": 23,
    "frame_start_symtime": 283659,
    "n_samples_in_frame": 9216,
    "longest_run_symbols": 5,
    "stall_start_tref": 5621,
    "stall_end_tref": 5625,
    "stall_start_data_relative": 5608,
    "run_value_IQ": [
     5736,
     -5737
    ],
    "stall_end_coincides_with_frame_end": false,
    "is_stall": false
   },
   {
    "frame_index": 24,
    "frame_start_symtime": 295992,
    "n_samples_in_frame": 8453,
    "longest_run_symbols": 5,
    "stall_start_tref": 3197,
    "stall_end_tref": 3201,
    "stall_start_data_relative": 3184,
    "run_value_IQ": [
     5736,
     5736
    ],
    "stall_end_coincides_with_frame_end": false,
    "is_stall": false
   },
   {
    "frame_index": 25,
    "frame_start_symtime": 308325,
    "n_samples_in_frame": 9035,
    "longest_run_symbols": 5,
    "stall_start_tref": 5621,
    "stall_end_tref": 5625,
    "stall_start_data_relative": 5608,
    "run_value_IQ": [
     5736,
     -5737
    ],
    "stall_end_coincides_with_frame_end": false,
    "is_stall": false
   },
   {
    "frame_index": 26,
    "frame_start_symtime": 320658,
    "n_samples_in_frame": 9136,
    "longest_run_symbols": 5,
    "stall_start_tref": 5621,
    "stall_end_tref": 5625,
    "stall_start_data_relative": 5608,
    "run_value_IQ": [
     5736,
     -5737
    ],
    "stall_end_coincides_with_frame_end": false,
    "is_stall": false
   },
   {
    "frame_index": 27,
    "frame_start_symtime": 332991,
    "n_samples_in_frame": 9261,
    "longest_run_symbols": 5,
    "stall_start_tref": 5621,
    "stall_end_tref": 5625,
    "stall_start_data_relative": 5608,
    "run_value_IQ": [
     5736,
     -5737
    ],
    "stall_end_coincides_with_frame_end": false,
    "is_stall": false
   },
   {
    "frame_index": 28,
    "frame_start_symtime": 345324,
    "n_samples_in_frame": 9176,
    "longest_run_symbols": 5,
    "stall_start_tref": 5621,
    "stall_end_tref": 5625,
    "stall_start_data_relative": 5608,
    "run_value_IQ": [
     5736,
     -5737
    ],
    "stall_end_coincides_with_frame_end": false,
    "is_stall": false
   },
   {
    "frame_index": 29,
    "frame_start_symtime": 357657,
    "n_samples_in_frame": 8485,
    "longest_run_symbols": 5,
    "stall_start_tref": 3197,
    "stall_end_tref": 3201,
    "stall_start_data_relative": 3184,
    "run_value_IQ": [
     5736,
     5736
    ],
    "stall_end_coincides_with_frame_end": false,
    "is_stall": false
   },
   {
    "frame_index": 30,
    "frame_start_symtime": 369990,
    "n_samples_in_frame": 9202,
    "longest_run_symbols": 5,
    "stall_start_tref": 3197,
    "stall_end_tref": 3201,
    "stall_start_data_relative": 3184,
    "run_value_IQ": [
     5736,
     5736
    ],
    "stall_end_coincides_with_frame_end": false,
    "is_stall": false
   },
   {
    "frame_index": 31,
    "frame_start_symtime": 382323,
    "n_samples_in_frame": 9021,
    "longest_run_symbols": 5,
    "stall_start_tref": 3197,
    "stall_end_tref": 3201,
    "stall_start_data_relative": 3184,
    "run_value_IQ": [
     5736,
     5736
    ],
    "stall_end_coincides_with_frame_end": false,
    "is_stall": false
   },
   {
    "frame_index": 32,
    "frame_start_symtime": 394656,
    "n_samples_in_frame": 13244,
    "longest_run_symbols": 9,
    "stall_start_tref": 5621,
    "stall_end_tref": 5625,
    "stall_start_data_relative": 5608,
    "run_value_IQ": [
     5736,
     -5737
    ],
    "stall_end_coincides_with_frame_end": false,
    "is_stall": false
   },
   {
    "frame_index": 33,
    "frame_start_symtime": 406989,
    "n_samples_in_frame": 7659,
    "longest_run_symbols": 5,
    "stall_start_tref": 5621,
    "stall_end_tref": 5625,
    "stall_start_data_relative": 5608,
    "run_value_IQ": [
     5736,
     -5737
    ],
    "stall_end_coincides_with_frame_end": false,
    "is_stall": false
   },
   {
    "frame_index": 34,
    "frame_start_symtime": 419322,
    "n_samples_in_frame": 9106,
    "longest_run_symbols": 5,
    "stall_start_tref": 3197,
    "stall_end_tref": 3201,
    "stall_start_data_relative": 3184,
    "run_value_IQ": [
     5736,
     5736
    ],
    "stall_end_coincides_with_frame_end": false,
    "is_stall": false
   },
   {
    "frame_index": 35,
    "frame_start_symtime": 431655,
    "n_samples_in_frame": 9331,
    "longest_run_symbols": 5,
    "stall_start_tref": 3197,
    "stall_end_tref": 3201,
    "stall_start_data_relative": 3184,
    "run_value_IQ": [
     5736,
     5736
    ],
    "stall_end_coincides_with_frame_end": false,
    "is_stall": false
   },
   {
    "frame_index": 36,
    "frame_start_symtime": 443988,
    "n_samples_in_frame": 9332,
    "longest_run_symbols": 5,
    "stall_start_tref": 3197,
    "stall_end_tref": 3201,
    "stall_start_data_relative": 3184,
    "run_value_IQ": [
     5736,
     5736
    ],
    "stall_end_coincides_with_frame_end": false,
    "is_stall": false
   },
   {
    "frame_index": 37,
    "frame_start_symtime": 456321,
    "n_samples_in_frame": 9228,
    "longest_run_symbols": 5,
    "stall_start_tref": 5621,
    "stall_end_tref": 5625,
    "stall_start_data_relative": 5608,
    "run_value_IQ": [
     5736,
     -5737
    ],
    "stall_end_coincides_with_frame_end": false,
    "is_stall": false
   },
   {
    "frame_index": 38,
    "frame_start_symtime": 468654,
    "n_samples_in_frame": 8389,
    "longest_run_symbols": 5,
    "stall_start_tref": 5621,
    "stall_end_tref": 5625,
    "stall_start_data_relative": 5608,
    "run_value_IQ": [
     5736,
     -5737
    ],
    "stall_end_coincides_with_frame_end": false,
    "is_stall": false
   },
   {
    "frame_index": 39,
    "frame_start_symtime": 480987,
    "n_samples_in_frame": 9357,
    "longest_run_symbols": 5,
    "stall_start_tref": 3197,
    "stall_end_tref": 3201,
    "stall_start_data_relative": 3184,
    "run_value_IQ": [
     5736,
     5736
    ],
    "stall_end_coincides_with_frame_end": false,
    "is_stall": false
   },
   {
    "frame_index": 40,
    "frame_start_symtime": 493320,
    "n_samples_in_frame": 9214,
    "longest_run_symbols": 5,
    "stall_start_tref": 3197,
    "stall_end_tref": 3201,
    "stall_start_data_relative": 3184,
    "run_value_IQ": [
     5736,
     5736
    ],
    "stall_end_coincides_with_frame_end": false,
    "is_stall": false
   },
   {
    "frame_index": 41,
    "frame_start_symtime": 505653,
    "n_samples_in_frame": 9259,
    "longest_run_symbols": 5,
    "stall_start_tref": 3197,
    "stall_end_tref": 3201,
    "stall_start_data_relative": 3184,
    "run_value_IQ": [
     5736,
     5736
    ],
    "stall_end_coincides_with_frame_end": false,
    "is_stall": false
   },
   {
    "frame_index": 42,
    "frame_start_symtime": 517986,
    "n_samples_in_frame": 9330,
    "longest_run_symbols": 5,
    "stall_start_tref": 5621,
    "stall_end_tref": 5625,
    "stall_start_data_relative": 5608,
    "run_value_IQ": [
     5736,
     -5737
    ],
    "stall_end_coincides_with_frame_end": false,
    "is_stall": false
   },
   {
    "frame_index": 43,
    "frame_start_symtime": 530319,
    "n_samples_in_frame": 8492,
    "longest_run_symbols": 5,
    "stall_start_tref": 3197,
    "stall_end_tref": 3201,
    "stall_start_data_relative": 3184,
    "run_value_IQ": [
     5736,
     5736
    ],
    "stall_end_coincides_with_frame_end": false,
    "is_stall": false
   },
   {
    "frame_index": 44,
    "frame_start_symtime": 542652,
    "n_samples_in_frame": 9108,
    "longest_run_symbols": 5,
    "stall_start_tref": 3197,
    "stall_end_tref": 3201,
    "stall_start_data_relative": 3184,
    "run_value_IQ": [
     5736,
     5736
    ],
    "stall_end_coincides_with_frame_end": false,
    "is_stall": false
   },
   {
    "frame_index": 45,
    "frame_start_symtime": 554985,
    "n_samples_in_frame": 9299,
    "longest_run_symbols": 5,
    "stall_start_tref": 3197,
    "stall_end_tref": 3201,
    "stall_start_data_relative": 3184,
    "run_value_IQ": [
     5736,
     5736
    ],
    "stall_end_coincides_with_frame_end": false,
    "is_stall": false
   },
   {
    "frame_index": 46,
    "frame_start_symtime": 567318,
    "n_samples_in_frame": 6578,
    "longest_run_symbols": 5,
    "stall_start_tref": 7018,
    "stall_end_tref": 7022,
    "stall_start_data_relative": 7005,
    "run_value_IQ": [
     5736,
     -5737
    ],
    "stall_end_coincides_with_frame_end": false,
    "is_stall": false
   },
   {
    "frame_index": 47,
    "frame_start_symtime": 579651,
    "n_samples_in_frame": 9278,
    "longest_run_symbols": 5,
    "stall_start_tref": 3197,
    "stall_end_tref": 3201,
    "stall_start_data_relative": 3184,
    "run_value_IQ": [
     5736,
     5736
    ],
    "stall_end_coincides_with_frame_end": false,
    "is_stall": false
   },
   {
    "frame_index": 48,
    "frame_start_symtime": 591984,
    "n_samples_in_frame": 8779,
    "longest_run_symbols": 5,
    "stall_start_tref": 3197,
    "stall_end_tref": 3201,
    "stall_start_data_relative": 3184,
    "run_value_IQ": [
     5736,
     5736
    ],
    "stall_end_coincides_with_frame_end": false,
    "is_stall": false
   },
   {
    "frame_index": 49,
    "frame_start_symtime": 604317,
    "n_samples_in_frame": 4348,
    "longest_run_symbols": 5,
    "stall_start_tref": 7018,
    "stall_end_tref": 7022,
    "stall_start_data_relative": 7005,
    "run_value_IQ": [
     5736,
     -5737
    ],
    "stall_end_coincides_with_frame_end": false,
    "is_stall": false
   },
   {
    "frame_index": 50,
    "frame_start_symtime": 616650,
    "n_samples_in_frame": 9323,
    "longest_run_symbols": 5,
    "stall_start_tref": 5621,
    "stall_end_tref": 5625,
    "stall_start_data_relative": 5608,
    "run_value_IQ": [
     5736,
     -5737
    ],
    "stall_end_coincides_with_frame_end": false,
    "is_stall": false
   },
   {
    "frame_index": 51,
    "frame_start_symtime": 628983,
    "n_samples_in_frame": 9399,
    "longest_run_symbols": 5,
    "stall_start_tref": 3197,
    "stall_end_tref": 3201,
    "stall_start_data_relative": 3184,
    "run_value_IQ": [
     5736,
     5736
    ],
    "stall_end_coincides_with_frame_end": false,
    "is_stall": false
   },
   {
    "frame_index": 52,
    "frame_start_symtime": 641316,
    "n_samples_in_frame": 9244,
    "longest_run_symbols": 5,
    "stall_start_tref": 3197,
    "stall_end_tref": 3201,
    "stall_start_data_relative": 3184,
    "run_value_IQ": [
     5736,
     5736
    ],
    "stall_end_coincides_with_frame_end": false,
    "is_stall": false
   },
   {
    "frame_index": 53,
    "frame_start_symtime": 653649,
    "n_samples_in_frame": 8460,
    "longest_run_symbols": 5,
    "stall_start_tref": 3197,
    "stall_end_tref": 3201,
    "stall_start_data_relative": 3184,
    "run_value_IQ": [
     5736,
     5736
    ],
    "stall_end_coincides_with_frame_end": false,
    "is_stall": false
   },
   {
    "frame_index": 54,
    "frame_start_symtime": 665982,
    "n_samples_in_frame": 9328,
    "longest_run_symbols": 5,
    "stall_start_tref": 3197,
    "stall_end_tref": 3201,
    "stall_start_data_relative": 3184,
    "run_value_IQ": [
     5736,
     5736
    ],
    "stall_end_coincides_with_frame_end": false,
    "is_stall": false
   },
   {
    "frame_index": 55,
    "frame_start_symtime": 678315,
    "n_samples_in_frame": 9285,
    "longest_run_symbols": 5,
    "stall_start_tref": 3197,
    "stall_end_tref": 3201,
    "stall_start_data_relative": 3184,
    "run_value_IQ": [
     5736,
     5736
    ],
    "stall_end_coincides_with_frame_end": false,
    "is_stall": false
   },
   {
    "frame_index": 56,
    "frame_start_symtime": 690648,
    "n_samples_in_frame": 9267,
    "longest_run_symbols": 5,
    "stall_start_tref": 3197,
    "stall_end_tref": 3201,
    "stall_start_data_relative": 3184,
    "run_value_IQ": [
     5736,
     5736
    ],
    "stall_end_coincides_with_frame_end": false,
    "is_stall": false
   },
   {
    "frame_index": 57,
    "frame_start_symtime": 702981,
    "n_samples_in_frame": 9191,
    "longest_run_symbols": 5,
    "stall_start_tref": 3197,
    "stall_end_tref": 3201,
    "stall_start_data_relative": 3184,
    "run_value_IQ": [
     5736,
     5736
    ],
    "stall_end_coincides_with_frame_end": false,
    "is_stall": false
   },
   {
    "frame_index": 58,
    "frame_start_symtime": 715314,
    "n_samples_in_frame": 7841,
    "longest_run_symbols": 5,
    "stall_start_tref": 3197,
    "stall_end_tref": 3201,
    "stall_start_data_relative": 3184,
    "run_value_IQ": [
     5736,
     5736
    ],
    "stall_end_coincides_with_frame_end": false,
    "is_stall": false
   },
   {
    "frame_index": 59,
    "frame_start_symtime": 727647,
    "n_samples_in_frame": 9260,
    "longest_run_symbols": 5,
    "stall_start_tref": 5621,
    "stall_end_tref": 5625,
    "stall_start_data_relative": 5608,
    "run_value_IQ": [
     5736,
     -5737
    ],
    "stall_end_coincides_with_frame_end": false,
    "is_stall": false
   },
   {
    "frame_index": 60,
    "frame_start_symtime": 739980,
    "n_samples_in_frame": 9226,
    "longest_run_symbols": 5,
    "stall_start_tref": 5621,
    "stall_end_tref": 5625,
    "stall_start_data_relative": 5608,
    "run_value_IQ": [
     5736,
     -5737
    ],
    "stall_end_coincides_with_frame_end": false,
    "is_stall": false
   },
   {
    "frame_index": 61,
    "frame_start_symtime": 752313,
    "n_samples_in_frame": 9350,
    "longest_run_symbols": 5,
    "stall_start_tref": 3197,
    "stall_end_tref": 3201,
    "stall_start_data_relative": 3184,
    "run_value_IQ": [
     5736,
     5736
    ],
    "stall_end_coincides_with_frame_end": false,
    "is_stall": false
   },
   {
    "frame_index": 62,
    "frame_start_symtime": 764646,
    "n_samples_in_frame": 9345,
    "longest_run_symbols": 5,
    "stall_start_tref": 3197,
    "stall_end_tref": 3201,
    "stall_start_data_relative": 3184,
    "run_value_IQ": [
     5736,
     5736
    ],
    "stall_end_coincides_with_frame_end": false,
    "is_stall": false
   },
   {
    "frame_index": 63,
    "frame_start_symtime": 776979,
    "n_samples_in_frame": 8235,
    "longest_run_symbols": 5,
    "stall_start_tref": 3197,
    "stall_end_tref": 3201,
    "stall_start_data_relative": 3184,
    "run_value_IQ": [
     5736,
     5736
    ],
    "stall_end_coincides_with_frame_end": false,
    "is_stall": false
   },
   {
    "frame_index": 64,
    "frame_start_symtime": 789312,
    "n_samples_in_frame": 9155,
    "longest_run_symbols": 5,
    "stall_start_tref": 3197,
    "stall_end_tref": 3201,
    "stall_start_data_relative": 3184,
    "run_value_IQ": [
     5736,
     5736
    ],
    "stall_end_coincides_with_frame_end": false,
    "is_stall": false
   },
   {
    "frame_index": 65,
    "frame_start_symtime": 801645,
    "n_samples_in_frame": 9311,
    "longest_run_symbols": 5,
    "stall_start_tref": 3197,
    "stall_end_tref": 3201,
    "stall_start_data_relative": 3184,
    "run_value_IQ": [
     5736,
     5736
    ],
    "stall_end_coincides_with_frame_end": false,
    "is_stall": false
   },
   {
    "frame_index": 66,
    "frame_start_symtime": 813978,
    "n_samples_in_frame": 9216,
    "longest_run_symbols": 5,
    "stall_start_tref": 3197,
    "stall_end_tref": 3201,
    "stall_start_data_relative": 3184,
    "run_value_IQ": [
     5736,
     5736
    ],
    "stall_end_coincides_with_frame_end": false,
    "is_stall": false
   },
   {
    "frame_index": 67,
    "frame_start_symtime": 826311,
    "n_samples_in_frame": 9216,
    "longest_run_symbols": 5,
    "stall_start_tref": 3197,
    "stall_end_tref": 3201,
    "stall_start_data_relative": 3184,
    "run_value_IQ": [
     5736,
     5736
    ],
    "stall_end_coincides_with_frame_end": false,
    "is_stall": false
   },
   {
    "frame_index": 68,
    "frame_start_symtime": 838644,
    "n_samples_in_frame": 8265,
    "longest_run_symbols": 5,
    "stall_start_tref": 3197,
    "stall_end_tref": 3201,
    "stall_start_data_relative": 3184,
    "run_value_IQ": [
     5736,
     5736
    ],
    "stall_end_coincides_with_frame_end": false,
    "is_stall": false
   },
   {
    "frame_index": 69,
    "frame_start_symtime": 850977,
    "n_samples_in_frame": 9258,
    "longest_run_symbols": 5,
    "stall_start_tref": 5621,
    "stall_end_tref": 5625,
    "stall_start_data_relative": 5608,
    "run_value_IQ": [
     5736,
     -5737
    ],
    "stall_end_coincides_with_frame_end": false,
    "is_stall": false
   },
   {
    "frame_index": 70,
    "frame_start_symtime": 863310,
    "n_samples_in_frame": 9221,
    "longest_run_symbols": 5,
    "stall_start_tref": 5621,
    "stall_end_tref": 5625,
    "stall_start_data_relative": 5608,
    "run_value_IQ": [
     5736,
     -5737
    ],
    "stall_end_coincides_with_frame_end": false,
    "is_stall": false
   },
   {
    "frame_index": 71,
    "frame_start_symtime": 875643,
    "n_samples_in_frame": 9143,
    "longest_run_symbols": 5,
    "stall_start_tref": 5621,
    "stall_end_tref": 5625,
    "stall_start_data_relative": 5608,
    "run_value_IQ": [
     5736,
     -5737
    ],
    "stall_end_coincides_with_frame_end": false,
    "is_stall": false
   },
   {
    "frame_index": 72,
    "frame_start_symtime": 887976,
    "n_samples_in_frame": 9412,
    "longest_run_symbols": 5,
    "stall_start_tref": 5621,
    "stall_end_tref": 5625,
    "stall_start_data_relative": 5608,
    "run_value_IQ": [
     5736,
     -5737
    ],
    "stall_end_coincides_with_frame_end": false,
    "is_stall": false
   },
   {
    "frame_index": 73,
    "frame_start_symtime": 900309,
    "n_samples_in_frame": 7040,
    "longest_run_symbols": 5,
    "stall_start_tref": 3197,
    "stall_end_tref": 3201,
    "stall_start_data_relative": 3184,
    "run_value_IQ": [
     5736,
     5736
    ],
    "stall_end_coincides_with_frame_end": false,
    "is_stall": false
   },
   {
    "frame_index": 74,
    "frame_start_symtime": 912642,
    "n_samples_in_frame": 7565,
    "longest_run_symbols": 5,
    "stall_start_tref": 5621,
    "stall_end_tref": 5625,
    "stall_start_data_relative": 5608,
    "run_value_IQ": [
     5736,
     -5737
    ],
    "stall_end_coincides_with_frame_end": false,
    "is_stall": false
   },
   {
    "frame_index": 75,
    "frame_start_symtime": 924975,
    "n_samples_in_frame": 7680,
    "longest_run_symbols": 5,
    "stall_start_tref": 3197,
    "stall_end_tref": 3201,
    "stall_start_data_relative": 3184,
    "run_value_IQ": [
     5736,
     5736
    ],
    "stall_end_coincides_with_frame_end": false,
    "is_stall": false
   },
   {
    "frame_index": 76,
    "frame_start_symtime": 937308,
    "n_samples_in_frame": 7370,
    "longest_run_symbols": 4,
    "stall_start_tref": 2535,
    "stall_end_tref": 2538,
    "stall_start_data_relative": 2522,
    "run_value_IQ": [
     5736,
     -5737
    ],
    "stall_end_coincides_with_frame_end": false,
    "is_stall": false
   },
   {
    "frame_index": 77,
    "frame_start_symtime": 949641,
    "n_samples_in_frame": 7990,
    "longest_run_symbols": 5,
    "stall_start_tref": 3197,
    "stall_end_tref": 3201,
    "stall_start_data_relative": 3184,
    "run_value_IQ": [
     5736,
     5736
    ],
    "stall_end_coincides_with_frame_end": false,
    "is_stall": false
   },
   {
    "frame_index": 78,
    "frame_start_symtime": 961974,
    "n_samples_in_frame": 5225,
    "longest_run_symbols": 4,
    "stall_start_tref": 1495,
    "stall_end_tref": 1498,
    "stall_start_data_relative": 1482,
    "run_value_IQ": [
     5736,
     -5737
    ],
    "stall_end_coincides_with_frame_end": false,
    "is_stall": false
   },
   {
    "frame_index": 79,
    "frame_start_symtime": 974307,
    "n_samples_in_frame": 6426,
    "longest_run_symbols": 5,
    "stall_start_tref": 3197,
    "stall_end_tref": 3201,
    "stall_start_data_relative": 3184,
    "run_value_IQ": [
     5736,
     5736
    ],
    "stall_end_coincides_with_frame_end": false,
    "is_stall": false
   },
   {
    "frame_index": 80,
    "frame_start_symtime": 986640,
    "n_samples_in_frame": 6269,
    "longest_run_symbols": 5,
    "stall_start_tref": 7018,
    "stall_end_tref": 7022,
    "stall_start_data_relative": 7005,
    "run_value_IQ": [
     5736,
     -5737
    ],
    "stall_end_coincides_with_frame_end": false,
    "is_stall": false
   },
   {
    "frame_index": 81,
    "frame_start_symtime": 998973,
    "n_samples_in_frame": 6144,
    "longest_run_symbols": 5,
    "stall_start_tref": 5621,
    "stall_end_tref": 5625,
    "stall_start_data_relative": 5608,
    "run_value_IQ": [
     5736,
     -5737
    ],
    "stall_end_coincides_with_frame_end": false,
    "is_stall": false
   },
   {
    "frame_index": 82,
    "frame_start_symtime": 1011306,
    "n_samples_in_frame": 6475,
    "longest_run_symbols": 5,
    "stall_start_tref": 3197,
    "stall_end_tref": 3201,
    "stall_start_data_relative": 3184,
    "run_value_IQ": [
     5736,
     5736
    ],
    "stall_end_coincides_with_frame_end": false,
    "is_stall": false
   },
   {
    "frame_index": 83,
    "frame_start_symtime": 1023639,
    "n_samples_in_frame": 6325,
    "longest_run_symbols": 5,
    "stall_start_tref": 3197,
    "stall_end_tref": 3201,
    "stall_start_data_relative": 3184,
    "run_value_IQ": [
     5736,
     5736
    ],
    "stall_end_coincides_with_frame_end": false,
    "is_stall": false
   },
   {
    "frame_index": 84,
    "frame_start_symtime": 1035972,
    "n_samples_in_frame": 9430,
    "longest_run_symbols": 5,
    "stall_start_tref": 3197,
    "stall_end_tref": 3201,
    "stall_start_data_relative": 3184,
    "run_value_IQ": [
     5736,
     5736
    ],
    "stall_end_coincides_with_frame_end": false,
    "is_stall": false
   },
   {
    "frame_index": 85,
    "frame_start_symtime": 1048305,
    "n_samples_in_frame": 8770,
    "longest_run_symbols": 5,
    "stall_start_tref": 3197,
    "stall_end_tref": 3201,
    "stall_start_data_relative": 3184,
    "run_value_IQ": [
     5736,
     5736
    ],
    "stall_end_coincides_with_frame_end": false,
    "is_stall": false
   },
   {
    "frame_index": 86,
    "frame_start_symtime": 1060638,
    "n_samples_in_frame": 9448,
    "longest_run_symbols": 5,
    "stall_start_tref": 3197,
    "stall_end_tref": 3201,
    "stall_start_data_relative": 3184,
    "run_value_IQ": [
     5736,
     5736
    ],
    "stall_end_coincides_with_frame_end": false,
    "is_stall": false
   },
   {
    "frame_index": 87,
    "frame_start_symtime": 1072971,
    "n_samples_in_frame": 7975,
    "longest_run_symbols": 5,
    "stall_start_tref": 5621,
    "stall_end_tref": 5625,
    "stall_start_data_relative": 5608,
    "run_value_IQ": [
     5736,
     -5737
    ],
    "stall_end_coincides_with_frame_end": false,
    "is_stall": false
   },
   {
    "frame_index": 88,
    "frame_start_symtime": 1085304,
    "n_samples_in_frame": 8490,
    "longest_run_symbols": 5,
    "stall_start_tref": 3197,
    "stall_end_tref": 3201,
    "stall_start_data_relative": 3184,
    "run_value_IQ": [
     5736,
     5736
    ],
    "stall_end_coincides_with_frame_end": false,
    "is_stall": false
   },
   {
    "frame_index": 89,
    "frame_start_symtime": 1097637,
    "n_samples_in_frame": 6594,
    "longest_run_symbols": 5,
    "stall_start_tref": 7018,
    "stall_end_tref": 7022,
    "stall_start_data_relative": 7005,
    "run_value_IQ": [
     5736,
     -5737
    ],
    "stall_end_coincides_with_frame_end": false,
    "is_stall": false
   },
   {
    "frame_index": 90,
    "frame_start_symtime": 1109970,
    "n_samples_in_frame": 9367,
    "longest_run_symbols": 5,
    "stall_start_tref": 3197,
    "stall_end_tref": 3201,
    "stall_start_data_relative": 3184,
    "run_value_IQ": [
     5736,
     5736
    ],
    "stall_end_coincides_with_frame_end": false,
    "is_stall": false
   },
   {
    "frame_index": 91,
    "frame_start_symtime": 1122303,
    "n_samples_in_frame": 9397,
    "longest_run_symbols": 5,
    "stall_start_tref": 3197,
    "stall_end_tref": 3201,
    "stall_start_data_relative": 3184,
    "run_value_IQ": [
     5736,
     5736
    ],
    "stall_end_coincides_with_frame_end": false,
    "is_stall": false
   },
   {
    "frame_index": 92,
    "frame_start_symtime": 1134636,
    "n_samples_in_frame": 9377,
    "longest_run_symbols": 5,
    "stall_start_tref": 3197,
    "stall_end_tref": 3201,
    "stall_start_data_relative": 3184,
    "run_value_IQ": [
     5736,
     5736
    ],
    "stall_end_coincides_with_frame_end": false,
    "is_stall": false
   },
   {
    "frame_index": 93,
    "frame_start_symtime": 1146969,
    "n_samples_in_frame": 8704,
    "longest_run_symbols": 5,
    "stall_start_tref": 3197,
    "stall_end_tref": 3201,
    "stall_start_data_relative": 3184,
    "run_value_IQ": [
     5736,
     5736
    ],
    "stall_end_coincides_with_frame_end": false,
    "is_stall": false
   },
   {
    "frame_index": 94,
    "frame_start_symtime": 1159302,
    "n_samples_in_frame": 9225,
    "longest_run_symbols": 5,
    "stall_start_tref": 3197,
    "stall_end_tref": 3201,
    "stall_start_data_relative": 3184,
    "run_value_IQ": [
     5736,
     5736
    ],
    "stall_end_coincides_with_frame_end": false,
    "is_stall": false
   },
   {
    "frame_index": 95,
    "frame_start_symtime": 1171635,
    "n_samples_in_frame": 9349,
    "longest_run_symbols": 5,
    "stall_start_tref": 5621,
    "stall_end_tref": 5625,
    "stall_start_data_relative": 5608,
    "run_value_IQ": [
     5736,
     -5737
    ],
    "stall_end_coincides_with_frame_end": false,
    "is_stall": false
   },
   {
    "frame_index": 96,
    "frame_start_symtime": 1183968,
    "n_samples_in_frame": 9324,
    "longest_run_symbols": 5,
    "stall_start_tref": 5621,
    "stall_end_tref": 5625,
    "stall_start_data_relative": 5608,
    "run_value_IQ": [
     5736,
     -5737
    ],
    "stall_end_coincides_with_frame_end": false,
    "is_stall": false
   },
   {
    "frame_index": 97,
    "frame_start_symtime": 1196301,
    "n_samples_in_frame": 9380,
    "longest_run_symbols": 5,
    "stall_start_tref": 3197,
    "stall_end_tref": 3201,
    "stall_start_data_relative": 3184,
    "run_value_IQ": [
     5736,
     5736
    ],
    "stall_end_coincides_with_frame_end": false,
    "is_stall": false
   },
   {
    "frame_index": 98,
    "frame_start_symtime": 1208634,
    "n_samples_in_frame": 8612,
    "longest_run_symbols": 5,
    "stall_start_tref": 3197,
    "stall_end_tref": 3201,
    "stall_start_data_relative": 3184,
    "run_value_IQ": [
     5736,
     5736
    ],
    "stall_end_coincides_with_frame_end": false,
    "is_stall": false
   },
   {
    "frame_index": 99,
    "frame_start_symtime": 1220967,
    "n_samples_in_frame": 9406,
    "longest_run_symbols": 5,
    "stall_start_tref": 3197,
    "stall_end_tref": 3201,
    "stall_start_data_relative": 3184,
    "run_value_IQ": [
     5736,
     5736
    ],
    "stall_end_coincides_with_frame_end": false,
    "is_stall": false
   },
   {
    "frame_index": 100,
    "frame_start_symtime": 1233300,
    "n_samples_in_frame": 9216,
    "longest_run_symbols": 5,
    "stall_start_tref": 3197,
    "stall_end_tref": 3201,
    "stall_start_data_relative": 3184,
    "run_value_IQ": [
     5736,
     5736
    ],
    "stall_end_coincides_with_frame_end": false,
    "is_stall": false
   },
   {
    "frame_index": 101,
    "frame_start_symtime": 1245633,
    "n_samples_in_frame": 9291,
    "longest_run_symbols": 5,
    "stall_start_tref": 3197,
    "stall_end_tref": 3201,
    "stall_start_data_relative": 3184,
    "run_value_IQ": [
     5736,
     5736
    ],
    "stall_end_coincides_with_frame_end": false,
    "is_stall": false
   },
   {
    "frame_index": 102,
    "frame_start_symtime": 1257966,
    "n_samples_in_frame": 9257,
    "longest_run_symbols": 5,
    "stall_start_tref": 5621,
    "stall_end_tref": 5625,
    "stall_start_data_relative": 5608,
    "run_value_IQ": [
     5736,
     -5737
    ],
    "stall_end_coincides_with_frame_end": false,
    "is_stall": false
   },
   {
    "frame_index": 103,
    "frame_start_symtime": 1270299,
    "n_samples_in_frame": 11474,
    "longest_run_symbols": 5,
    "stall_start_tref": 980,
    "stall_end_tref": 982,
    "stall_start_data_relative": 967,
    "run_value_IQ": [
     5736,
     -5737
    ],
    "stall_end_coincides_with_frame_end": false,
    "is_stall": false
   },
   {
    "frame_index": 104,
    "frame_start_symtime": 1282632,
    "n_samples_in_frame": 9331,
    "longest_run_symbols": 5,
    "stall_start_tref": 3197,
    "stall_end_tref": 3201,
    "stall_start_data_relative": 3184,
    "run_value_IQ": [
     5736,
     5736
    ],
    "stall_end_coincides_with_frame_end": false,
    "is_stall": false
   },
   {
    "frame_index": 105,
    "frame_start_symtime": 1294965,
    "n_samples_in_frame": 9287,
    "longest_run_symbols": 5,
    "stall_start_tref": 3197,
    "stall_end_tref": 3201,
    "stall_start_data_relative": 3184,
    "run_value_IQ": [
     5736,
     5736
    ],
    "stall_end_coincides_with_frame_end": false,
    "is_stall": false
   },
   {
    "frame_index": 106,
    "frame_start_symtime": 1307298,
    "n_samples_in_frame": 9416,
    "longest_run_symbols": 5,
    "stall_start_tref": 3197,
    "stall_end_tref": 3201,
    "stall_start_data_relative": 3184,
    "run_value_IQ": [
     5736,
     5736
    ],
    "stall_end_coincides_with_frame_end": false,
    "is_stall": false
   },
   {
    "frame_index": 107,
    "frame_start_symtime": 1319631,
    "n_samples_in_frame": 8718,
    "longest_run_symbols": 5,
    "stall_start_tref": 5621,
    "stall_end_tref": 5625,
    "stall_start_data_relative": 5608,
    "run_value_IQ": [
     5736,
     -5737
    ],
    "stall_end_coincides_with_frame_end": false,
    "is_stall": false
   },
   {
    "frame_index": 108,
    "frame_start_symtime": 1331964,
    "n_samples_in_frame": 9279,
    "longest_run_symbols": 5,
    "stall_start_tref": 3197,
    "stall_end_tref": 3201,
    "stall_start_data_relative": 3184,
    "run_value_IQ": [
     5736,
     5736
    ],
    "stall_end_coincides_with_frame_end": false,
    "is_stall": false
   },
   {
    "frame_index": 109,
    "frame_start_symtime": 1344297,
    "n_samples_in_frame": 9371,
    "longest_run_symbols": 5,
    "stall_start_tref": 3197,
    "stall_end_tref": 3201,
    "stall_start_data_relative": 3184,
    "run_value_IQ": [
     5736,
     5736
    ],
    "stall_end_coincides_with_frame_end": false,
    "is_stall": false
   },
   {
    "frame_index": 110,
    "frame_start_symtime": 1356630,
    "n_samples_in_frame": 9296,
    "longest_run_symbols": 5,
    "stall_start_tref": 3197,
    "stall_end_tref": 3201,
    "stall_start_data_relative": 3184,
    "run_value_IQ": [
     5736,
     5736
    ],
    "stall_end_coincides_with_frame_end": false,
    "is_stall": false
   },
   {
    "frame_index": 111,
    "frame_start_symtime": 1368963,
    "n_samples_in_frame": 9216,
    "longest_run_symbols": 5,
    "stall_start_tref": 3197,
    "stall_end_tref": 3201,
    "stall_start_data_relative": 3184,
    "run_value_IQ": [
     5736,
     5736
    ],
    "stall_end_coincides_with_frame_end": false,
    "is_stall": false
   },
   {
    "frame_index": 112,
    "frame_start_symtime": 1381296,
    "n_samples_in_frame": 8756,
    "longest_run_symbols": 5,
    "stall_start_tref": 3197,
    "stall_end_tref": 3201,
    "stall_start_data_relative": 3184,
    "run_value_IQ": [
     5736,
     5736
    ],
    "stall_end_coincides_with_frame_end": false,
    "is_stall": false
   },
   {
    "frame_index": 113,
    "frame_start_symtime": 1393629,
    "n_samples_in_frame": 9246,
    "longest_run_symbols": 5,
    "stall_start_tref": 3197,
    "stall_end_tref": 3201,
    "stall_start_data_relative": 3184,
    "run_value_IQ": [
     5736,
     5736
    ],
    "stall_end_coincides_with_frame_end": false,
    "is_stall": false
   },
   {
    "frame_index": 114,
    "frame_start_symtime": 1405962,
    "n_samples_in_frame": 9416,
    "longest_run_symbols": 5,
    "stall_start_tref": 5621,
    "stall_end_tref": 5625,
    "stall_start_data_relative": 5608,
    "run_value_IQ": [
     5736,
     -5737
    ],
    "stall_end_coincides_with_frame_end": false,
    "is_stall": false
   },
   {
    "frame_index": 115,
    "frame_start_symtime": 1418295,
    "n_samples_in_frame": 4326,
    "longest_run_symbols": 5,
    "stall_start_tref": 3197,
    "stall_end_tref": 3201,
    "stall_start_data_relative": 3184,
    "run_value_IQ": [
     5736,
     5736
    ],
    "stall_end_coincides_with_frame_end": false,
    "is_stall": false
   },
   {
    "frame_index": 116,
    "frame_start_symtime": 1430628,
    "n_samples_in_frame": 9258,
    "longest_run_symbols": 5,
    "stall_start_tref": 3197,
    "stall_end_tref": 3201,
    "stall_start_data_relative": 3184,
    "run_value_IQ": [
     5736,
     5736
    ],
    "stall_end_coincides_with_frame_end": false,
    "is_stall": false
   },
   {
    "frame_index": 117,
    "frame_start_symtime": 1442961,
    "n_samples_in_frame": 8662,
    "longest_run_symbols": 5,
    "stall_start_tref": 3197,
    "stall_end_tref": 3201,
    "stall_start_data_relative": 3184,
    "run_value_IQ": [
     5736,
     5736
    ],
    "stall_end_coincides_with_frame_end": false,
    "is_stall": false
   },
   {
    "frame_index": 118,
    "frame_start_symtime": 1455294,
    "n_samples_in_frame": 9076,
    "longest_run_symbols": 5,
    "stall_start_tref": 3197,
    "stall_end_tref": 3201,
    "stall_start_data_relative": 3184,
    "run_value_IQ": [
     5736,
     5736
    ],
    "stall_end_coincides_with_frame_end": false,
    "is_stall": false
   },
   {
    "frame_index": 119,
    "frame_start_symtime": 1467627,
    "n_samples_in_frame": 9356,
    "longest_run_symbols": 5,
    "stall_start_tref": 3197,
    "stall_end_tref": 3201,
    "stall_start_data_relative": 3184,
    "run_value_IQ": [
     5736,
     5736
    ],
    "stall_end_coincides_with_frame_end": false,
    "is_stall": false
   },
   {
    "frame_index": 120,
    "frame_start_symtime": 1479960,
    "n_samples_in_frame": 9216,
    "longest_run_symbols": 5,
    "stall_start_tref": 3197,
    "stall_end_tref": 3201,
    "stall_start_data_relative": 3184,
    "run_value_IQ": [
     5736,
     5736
    ],
    "stall_end_coincides_with_frame_end": false,
    "is_stall": false
   },
   {
    "frame_index": 121,
    "frame_start_symtime": 1492293,
    "n_samples_in_frame": 9415,
    "longest_run_symbols": 5,
    "stall_start_tref": 5621,
    "stall_end_tref": 5625,
    "stall_start_data_relative": 5608,
    "run_value_IQ": [
     5736,
     -5737
    ],
    "stall_end_coincides_with_frame_end": false,
    "is_stall": false
   },
   {
    "frame_index": 122,
    "frame_start_symtime": 1504626,
    "n_samples_in_frame": 6457,
    "longest_run_symbols": 5,
    "stall_start_tref": 7018,
    "stall_end_tref": 7022,
    "stall_start_data_relative": 7005,
    "run_value_IQ": [
     5736,
     -5737
    ],
    "stall_end_coincides_with_frame_end": false,
    "is_stall": false
   },
   {
    "frame_index": 123,
    "frame_start_symtime": 1516959,
    "n_samples_in_frame": 9420,
    "longest_run_symbols": 5,
    "stall_start_tref": 3197,
    "stall_end_tref": 3201,
    "stall_start_data_relative": 3184,
    "run_value_IQ": [
     5736,
     5736
    ],
    "stall_end_coincides_with_frame_end": false,
    "is_stall": false
   },
   {
    "frame_index": 124,
    "frame_start_symtime": 1529292,
    "n_samples_in_frame": 9461,
    "longest_run_symbols": 5,
    "stall_start_tref": 5621,
    "stall_end_tref": 5625,
    "stall_start_data_relative": 5608,
    "run_value_IQ": [
     5736,
     -5737
    ],
    "stall_end_coincides_with_frame_end": false,
    "is_stall": false
   },
   {
    "frame_index": 125,
    "frame_start_symtime": 1541625,
    "n_samples_in_frame": 9279,
    "longest_run_symbols": 5,
    "stall_start_tref": 3197,
    "stall_end_tref": 3201,
    "stall_start_data_relative": 3184,
    "run_value_IQ": [
     5736,
     5736
    ],
    "stall_end_coincides_with_frame_end": false,
    "is_stall": false
   },
   {
    "frame_index": 126,
    "frame_start_symtime": 1553958,
    "n_samples_in_frame": 9289,
    "longest_run_symbols": 5,
    "stall_start_tref": 3197,
    "stall_end_tref": 3201,
    "stall_start_data_relative": 3184,
    "run_value_IQ": [
     5736,
     5736
    ],
    "stall_end_coincides_with_frame_end": false,
    "is_stall": false
   },
   {
    "frame_index": 127,
    "frame_start_symtime": 1566291,
    "n_samples_in_frame": 8631,
    "longest_run_symbols": 4,
    "stall_start_tref": 1495,
    "stall_end_tref": 1498,
    "stall_start_data_relative": 1482,
    "run_value_IQ": [
     5736,
     -5737
    ],
    "stall_end_coincides_with_frame_end": false,
    "is_stall": false
   },
   {
    "frame_index": 128,
    "frame_start_symtime": 1578624,
    "n_samples_in_frame": 9276,
    "longest_run_symbols": 5,
    "stall_start_tref": 3197,
    "stall_end_tref": 3201,
    "stall_start_data_relative": 3184,
    "run_value_IQ": [
     5736,
     5736
    ],
    "stall_end_coincides_with_frame_end": false,
    "is_stall": false
   },
   {
    "frame_index": 129,
    "frame_start_symtime": 1590957,
    "n_samples_in_frame": 9156,
    "longest_run_symbols": 5,
    "stall_start_tref": 5621,
    "stall_end_tref": 5625,
    "stall_start_data_relative": 5608,
    "run_value_IQ": [
     5736,
     -5737
    ],
    "stall_end_coincides_with_frame_end": false,
    "is_stall": false
   },
   {
    "frame_index": 130,
    "frame_start_symtime": 1603290,
    "n_samples_in_frame": 9485,
    "longest_run_symbols": 5,
    "stall_start_tref": 5621,
    "stall_end_tref": 5625,
    "stall_start_data_relative": 5608,
    "run_value_IQ": [
     5736,
     -5737
    ],
    "stall_end_coincides_with_frame_end": false,
    "is_stall": false
   },
   {
    "frame_index": 131,
    "frame_start_symtime": 1615623,
    "n_samples_in_frame": 12306,
    "longest_run_symbols": 7,
    "stall_start_tref": 9464,
    "stall_end_tref": 9467,
    "stall_start_data_relative": 9451,
    "run_value_IQ": [
     5736,
     5736
    ],
    "stall_end_coincides_with_frame_end": false,
    "is_stall": false
   },
   {
    "frame_index": 132,
    "frame_start_symtime": 1627956,
    "n_samples_in_frame": 9441,
    "longest_run_symbols": 5,
    "stall_start_tref": 3197,
    "stall_end_tref": 3201,
    "stall_start_data_relative": 3184,
    "run_value_IQ": [
     5736,
     5736
    ],
    "stall_end_coincides_with_frame_end": false,
    "is_stall": false
   },
   {
    "frame_index": 133,
    "frame_start_symtime": 1640289,
    "n_samples_in_frame": 9299,
    "longest_run_symbols": 5,
    "stall_start_tref": 3197,
    "stall_end_tref": 3201,
    "stall_start_data_relative": 3184,
    "run_value_IQ": [
     5736,
     5736
    ],
    "stall_end_coincides_with_frame_end": false,
    "is_stall": false
   },
   {
    "frame_index": 134,
    "frame_start_symtime": 1652622,
    "n_samples_in_frame": 9390,
    "longest_run_symbols": 5,
    "stall_start_tref": 5621,
    "stall_end_tref": 5625,
    "stall_start_data_relative": 5608,
    "run_value_IQ": [
     5736,
     -5737
    ],
    "stall_end_coincides_with_frame_end": false,
    "is_stall": false
   },
   {
    "frame_index": 135,
    "frame_start_symtime": 1664955,
    "n_samples_in_frame": 9297,
    "longest_run_symbols": 5,
    "stall_start_tref": 3197,
    "stall_end_tref": 3201,
    "stall_start_data_relative": 3184,
    "run_value_IQ": [
     5736,
     5736
    ],
    "stall_end_coincides_with_frame_end": false,
    "is_stall": false
   },
   {
    "frame_index": 136,
    "frame_start_symtime": 1677288,
    "n_samples_in_frame": 8599,
    "longest_run_symbols": 5,
    "stall_start_tref": 3197,
    "stall_end_tref": 3201,
    "stall_start_data_relative": 3184,
    "run_value_IQ": [
     5736,
     5736
    ],
    "stall_end_coincides_with_frame_end": false,
    "is_stall": false
   },
   {
    "frame_index": 137,
    "frame_start_symtime": 1689621,
    "n_samples_in_frame": 9495,
    "longest_run_symbols": 5,
    "stall_start_tref": 3197,
    "stall_end_tref": 3201,
    "stall_start_data_relative": 3184,
    "run_value_IQ": [
     5736,
     5736
    ],
    "stall_end_coincides_with_frame_end": false,
    "is_stall": false
   },
   {
    "frame_index": 138,
    "frame_start_symtime": 1701954,
    "n_samples_in_frame": 9216,
    "longest_run_symbols": 5,
    "stall_start_tref": 3197,
    "stall_end_tref": 3201,
    "stall_start_data_relative": 3184,
    "run_value_IQ": [
     5736,
     5736
    ],
    "stall_end_coincides_with_frame_end": false,
    "is_stall": false
   },
   {
    "frame_index": 139,
    "frame_start_symtime": 1714287,
    "n_samples_in_frame": 9395,
    "longest_run_symbols": 5,
    "stall_start_tref": 5621,
    "stall_end_tref": 5625,
    "stall_start_data_relative": 5608,
    "run_value_IQ": [
     5736,
     -5737
    ],
    "stall_end_coincides_with_frame_end": false,
    "is_stall": false
   },
   {
    "frame_index": 140,
    "frame_start_symtime": 1726620,
    "n_samples_in_frame": 9422,
    "longest_run_symbols": 5,
    "stall_start_tref": 5621,
    "stall_end_tref": 5625,
    "stall_start_data_relative": 5608,
    "run_value_IQ": [
     5736,
     -5737
    ],
    "stall_end_coincides_with_frame_end": false,
    "is_stall": false
   },
   {
    "frame_index": 141,
    "frame_start_symtime": 1738953,
    "n_samples_in_frame": 8503,
    "longest_run_symbols": 5,
    "stall_start_tref": 5621,
    "stall_end_tref": 5625,
    "stall_start_data_relative": 5608,
    "run_value_IQ": [
     5736,
     -5737
    ],
    "stall_end_coincides_with_frame_end": false,
    "is_stall": false
   },
   {
    "frame_index": 142,
    "frame_start_symtime": 1751286,
    "n_samples_in_frame": 9327,
    "longest_run_symbols": 5,
    "stall_start_tref": 5621,
    "stall_end_tref": 5625,
    "stall_start_data_relative": 5608,
    "run_value_IQ": [
     5736,
     -5737
    ],
    "stall_end_coincides_with_frame_end": false,
    "is_stall": false
   },
   {
    "frame_index": 143,
    "frame_start_symtime": 1763619,
    "n_samples_in_frame": 9433,
    "longest_run_symbols": 5,
    "stall_start_tref": 3197,
    "stall_end_tref": 3201,
    "stall_start_data_relative": 3184,
    "run_value_IQ": [
     5736,
     5736
    ],
    "stall_end_coincides_with_frame_end": false,
    "is_stall": false
   },
   {
    "frame_index": 144,
    "frame_start_symtime": 1775952,
    "n_samples_in_frame": 9225,
    "longest_run_symbols": 5,
    "stall_start_tref": 3197,
    "stall_end_tref": 3201,
    "stall_start_data_relative": 3184,
    "run_value_IQ": [
     5736,
     5736
    ],
    "stall_end_coincides_with_frame_end": false,
    "is_stall": false
   },
   {
    "frame_index": 145,
    "frame_start_symtime": 1788285,
    "n_samples_in_frame": 9302,
    "longest_run_symbols": 5,
    "stall_start_tref": 5621,
    "stall_end_tref": 5625,
    "stall_start_data_relative": 5608,
    "run_value_IQ": [
     5736,
     -5737
    ],
    "stall_end_coincides_with_frame_end": false,
    "is_stall": false
   },
   {
    "frame_index": 146,
    "frame_start_symtime": 1800618,
    "n_samples_in_frame": 8598,
    "longest_run_symbols": 4,
    "stall_start_tref": 1495,
    "stall_end_tref": 1498,
    "stall_start_data_relative": 1482,
    "run_value_IQ": [
     5736,
     -5737
    ],
    "stall_end_coincides_with_frame_end": false,
    "is_stall": false
   },
   {
    "frame_index": 147,
    "frame_start_symtime": 1812951,
    "n_samples_in_frame": 9295,
    "longest_run_symbols": 5,
    "stall_start_tref": 3197,
    "stall_end_tref": 3201,
    "stall_start_data_relative": 3184,
    "run_value_IQ": [
     5736,
     5736
    ],
    "stall_end_coincides_with_frame_end": false,
    "is_stall": false
   },
   {
    "frame_index": 148,
    "frame_start_symtime": 1825284,
    "n_samples_in_frame": 9313,
    "longest_run_symbols": 5,
    "stall_start_tref": 3197,
    "stall_end_tref": 3201,
    "stall_start_data_relative": 3184,
    "run_value_IQ": [
     5736,
     5736
    ],
    "stall_end_coincides_with_frame_end": false,
    "is_stall": false
   },
   {
    "frame_index": 149,
    "frame_start_symtime": 1837617,
    "n_samples_in_frame": 9455,
    "longest_run_symbols": 5,
    "stall_start_tref": 3197,
    "stall_end_tref": 3201,
    "stall_start_data_relative": 3184,
    "run_value_IQ": [
     5736,
     5736
    ],
    "stall_end_coincides_with_frame_end": false,
    "is_stall": false
   },
   {
    "frame_index": 150,
    "frame_start_symtime": 1849950,
    "n_samples_in_frame": 9334,
    "longest_run_symbols": 5,
    "stall_start_tref": 3197,
    "stall_end_tref": 3201,
    "stall_start_data_relative": 3184,
    "run_value_IQ": [
     5736,
     5736
    ],
    "stall_end_coincides_with_frame_end": false,
    "is_stall": false
   },
   {
    "frame_index": 151,
    "frame_start_symtime": 1862283,
    "n_samples_in_frame": 8694,
    "longest_run_symbols": 5,
    "stall_start_tref": 3197,
    "stall_end_tref": 3201,
    "stall_start_data_relative": 3184,
    "run_value_IQ": [
     5736,
     5736
    ],
    "stall_end_coincides_with_frame_end": false,
    "is_stall": false
   },
   {
    "frame_index": 152,
    "frame_start_symtime": 1874616,
    "n_samples_in_frame": 9216,
    "longest_run_symbols": 5,
    "stall_start_tref": 3197,
    "stall_end_tref": 3201,
    "stall_start_data_relative": 3184,
    "run_value_IQ": [
     5736,
     5736
    ],
    "stall_end_coincides_with_frame_end": false,
    "is_stall": false
   },
   {
    "frame_index": 153,
    "frame_start_symtime": 1886949,
    "n_samples_in_frame": 9366,
    "longest_run_symbols": 5,
    "stall_start_tref": 3197,
    "stall_end_tref": 3201,
    "stall_start_data_relative": 3184,
    "run_value_IQ": [
     5736,
     5736
    ],
    "stall_end_coincides_with_frame_end": false,
    "is_stall": false
   },
   {
    "frame_index": 154,
    "frame_start_symtime": 1899282,
    "n_samples_in_frame": 9298,
    "longest_run_symbols": 5,
    "stall_start_tref": 5621,
    "stall_end_tref": 5625,
    "stall_start_data_relative": 5608,
    "run_value_IQ": [
     5736,
     -5737
    ],
    "stall_end_coincides_with_frame_end": false,
    "is_stall": false
   },
   {
    "frame_index": 155,
    "frame_start_symtime": 1911615,
    "n_samples_in_frame": 9324,
    "longest_run_symbols": 5,
    "stall_start_tref": 3197,
    "stall_end_tref": 3201,
    "stall_start_data_relative": 3184,
    "run_value_IQ": [
     5736,
     5736
    ],
    "stall_end_coincides_with_frame_end": false,
    "is_stall": false
   },
   {
    "frame_index": 156,
    "frame_start_symtime": 1923948,
    "n_samples_in_frame": 8546,
    "longest_run_symbols": 5,
    "stall_start_tref": 5621,
    "stall_end_tref": 5625,
    "stall_start_data_relative": 5608,
    "run_value_IQ": [
     5736,
     -5737
    ],
    "stall_end_coincides_with_frame_end": false,
    "is_stall": false
   },
   {
    "frame_index": 157,
    "frame_start_symtime": 1936281,
    "n_samples_in_frame": 9409,
    "longest_run_symbols": 5,
    "stall_start_tref": 5621,
    "stall_end_tref": 5625,
    "stall_start_data_relative": 5608,
    "run_value_IQ": [
     5736,
     -5737
    ],
    "stall_end_coincides_with_frame_end": false,
    "is_stall": false
   },
   {
    "frame_index": 158,
    "frame_start_symtime": 1948614,
    "n_samples_in_frame": 9315,
    "longest_run_symbols": 5,
    "stall_start_tref": 3197,
    "stall_end_tref": 3201,
    "stall_start_data_relative": 3184,
    "run_value_IQ": [
     5736,
     5736
    ],
    "stall_end_coincides_with_frame_end": false,
    "is_stall": false
   },
   {
    "frame_index": 159,
    "frame_start_symtime": 1960947,
    "n_samples_in_frame": 13057,
    "longest_run_symbols": 9,
    "stall_start_tref": 7018,
    "stall_end_tref": 7022,
    "stall_start_data_relative": 7005,
    "run_value_IQ": [
     5736,
     -5737
    ],
    "stall_end_coincides_with_frame_end": false,
    "is_stall": false
   },
   {
    "frame_index": 160,
    "frame_start_symtime": 1973280,
    "n_samples_in_frame": 8775,
    "longest_run_symbols": 5,
    "stall_start_tref": 5621,
    "stall_end_tref": 5625,
    "stall_start_data_relative": 5608,
    "run_value_IQ": [
     5736,
     -5737
    ],
    "stall_end_coincides_with_frame_end": false,
    "is_stall": false
   },
   {
    "frame_index": 161,
    "frame_start_symtime": 1985613,
    "n_samples_in_frame": 9293,
    "longest_run_symbols": 5,
    "stall_start_tref": 3197,
    "stall_end_tref": 3201,
    "stall_start_data_relative": 3184,
    "run_value_IQ": [
     5736,
     5736
    ],
    "stall_end_coincides_with_frame_end": false,
    "is_stall": false
   },
   {
    "frame_index": 162,
    "frame_start_symtime": 1997946,
    "n_samples_in_frame": 9361,
    "longest_run_symbols": 5,
    "stall_start_tref": 3197,
    "stall_end_tref": 3201,
    "stall_start_data_relative": 3184,
    "run_value_IQ": [
     5736,
     5736
    ],
    "stall_end_coincides_with_frame_end": false,
    "is_stall": false
   },
   {
    "frame_index": 163,
    "frame_start_symtime": 2010279,
    "n_samples_in_frame": 9293,
    "longest_run_symbols": 5,
    "stall_start_tref": 3197,
    "stall_end_tref": 3201,
    "stall_start_data_relative": 3184,
    "run_value_IQ": [
     5736,
     5736
    ],
    "stall_end_coincides_with_frame_end": false,
    "is_stall": false
   },
   {
    "frame_index": 164,
    "frame_start_symtime": 2022612,
    "n_samples_in_frame": 9249,
    "longest_run_symbols": 5,
    "stall_start_tref": 3197,
    "stall_end_tref": 3201,
    "stall_start_data_relative": 3184,
    "run_value_IQ": [
     5736,
     5736
    ],
    "stall_end_coincides_with_frame_end": false,
    "is_stall": false
   },
   {
    "frame_index": 165,
    "frame_start_symtime": 2034945,
    "n_samples_in_frame": 8594,
    "longest_run_symbols": 5,
    "stall_start_tref": 3197,
    "stall_end_tref": 3201,
    "stall_start_data_relative": 3184,
    "run_value_IQ": [
     5736,
     5736
    ],
    "stall_end_coincides_with_frame_end": false,
    "is_stall": false
   },
   {
    "frame_index": 166,
    "frame_start_symtime": 2047278,
    "n_samples_in_frame": 9447,
    "longest_run_symbols": 5,
    "stall_start_tref": 5621,
    "stall_end_tref": 5625,
    "stall_start_data_relative": 5608,
    "run_value_IQ": [
     5736,
     -5737
    ],
    "stall_end_coincides_with_frame_end": false,
    "is_stall": false
   },
   {
    "frame_index": 167,
    "frame_start_symtime": 2059611,
    "n_samples_in_frame": 9350,
    "longest_run_symbols": 5,
    "stall_start_tref": 3197,
    "stall_end_tref": 3201,
    "stall_start_data_relative": 3184,
    "run_value_IQ": [
     5736,
     5736
    ],
    "stall_end_coincides_with_frame_end": false,
    "is_stall": false
   },
   {
    "frame_index": 168,
    "frame_start_symtime": 2071944,
    "n_samples_in_frame": 9363,
    "longest_run_symbols": 5,
    "stall_start_tref": 3197,
    "stall_end_tref": 3201,
    "stall_start_data_relative": 3184,
    "run_value_IQ": [
     5736,
     5736
    ],
    "stall_end_coincides_with_frame_end": false,
    "is_stall": false
   },
   {
    "frame_index": 169,
    "frame_start_symtime": 2084277,
    "n_samples_in_frame": 9396,
    "longest_run_symbols": 5,
    "stall_start_tref": 3197,
    "stall_end_tref": 3201,
    "stall_start_data_relative": 3184,
    "run_value_IQ": [
     5736,
     5736
    ],
    "stall_end_coincides_with_frame_end": false,
    "is_stall": false
   },
   {
    "frame_index": 170,
    "frame_start_symtime": 2096610,
    "n_samples_in_frame": 8625,
    "longest_run_symbols": 5,
    "stall_start_tref": 3197,
    "stall_end_tref": 3201,
    "stall_start_data_relative": 3184,
    "run_value_IQ": [
     5736,
     5736
    ],
    "stall_end_coincides_with_frame_end": false,
    "is_stall": false
   },
   {
    "frame_index": 171,
    "frame_start_symtime": 2108943,
    "n_samples_in_frame": 9428,
    "longest_run_symbols": 5,
    "stall_start_tref": 5621,
    "stall_end_tref": 5625,
    "stall_start_data_relative": 5608,
    "run_value_IQ": [
     5736,
     -5737
    ],
    "stall_end_coincides_with_frame_end": false,
    "is_stall": false
   },
   {
    "frame_index": 172,
    "frame_start_symtime": 2121276,
    "n_samples_in_frame": 9349,
    "longest_run_symbols": 5,
    "stall_start_tref": 5621,
    "stall_end_tref": 5625,
    "stall_start_data_relative": 5608,
    "run_value_IQ": [
     5736,
     -5737
    ],
    "stall_end_coincides_with_frame_end": false,
    "is_stall": false
   },
   {
    "frame_index": 173,
    "frame_start_symtime": 2133609,
    "n_samples_in_frame": 9282,
    "longest_run_symbols": 5,
    "stall_start_tref": 3197,
    "stall_end_tref": 3201,
    "stall_start_data_relative": 3184,
    "run_value_IQ": [
     5736,
     5736
    ],
    "stall_end_coincides_with_frame_end": false,
    "is_stall": false
   },
   {
    "frame_index": 174,
    "frame_start_symtime": 2145942,
    "n_samples_in_frame": 9321,
    "longest_run_symbols": 5,
    "stall_start_tref": 3197,
    "stall_end_tref": 3201,
    "stall_start_data_relative": 3184,
    "run_value_IQ": [
     5736,
     5736
    ],
    "stall_end_coincides_with_frame_end": false,
    "is_stall": false
   },
   {
    "frame_index": 175,
    "frame_start_symtime": 2158275,
    "n_samples_in_frame": 8754,
    "longest_run_symbols": 5,
    "stall_start_tref": 3197,
    "stall_end_tref": 3201,
    "stall_start_data_relative": 3184,
    "run_value_IQ": [
     5736,
     5736
    ],
    "stall_end_coincides_with_frame_end": false,
    "is_stall": false
   },
   {
    "frame_index": 176,
    "frame_start_symtime": 2170608,
    "n_samples_in_frame": 9371,
    "longest_run_symbols": 5,
    "stall_start_tref": 5621,
    "stall_end_tref": 5625,
    "stall_start_data_relative": 5608,
    "run_value_IQ": [
     5736,
     -5737
    ],
    "stall_end_coincides_with_frame_end": false,
    "is_stall": false
   },
   {
    "frame_index": 177,
    "frame_start_symtime": 2182941,
    "n_samples_in_frame": 9418,
    "longest_run_symbols": 5,
    "stall_start_tref": 3197,
    "stall_end_tref": 3201,
    "stall_start_data_relative": 3184,
    "run_value_IQ": [
     5736,
     5736
    ],
    "stall_end_coincides_with_frame_end": false,
    "is_stall": false
   },
   {
    "frame_index": 178,
    "frame_start_symtime": 2195274,
    "n_samples_in_frame": 9254,
    "longest_run_symbols": 5,
    "stall_start_tref": 3197,
    "stall_end_tref": 3201,
    "stall_start_data_relative": 3184,
    "run_value_IQ": [
     5736,
     5736
    ],
    "stall_end_coincides_with_frame_end": false,
    "is_stall": false
   },
   {
    "frame_index": 179,
    "frame_start_symtime": 2207607,
    "n_samples_in_frame": 9273,
    "longest_run_symbols": 5,
    "stall_start_tref": 3197,
    "stall_end_tref": 3201,
    "stall_start_data_relative": 3184,
    "run_value_IQ": [
     5736,
     5736
    ],
    "stall_end_coincides_with_frame_end": false,
    "is_stall": false
   },
   {
    "frame_index": 180,
    "frame_start_symtime": 2219940,
    "n_samples_in_frame": 8811,
    "longest_run_symbols": 5,
    "stall_start_tref": 5621,
    "stall_end_tref": 5625,
    "stall_start_data_relative": 5608,
    "run_value_IQ": [
     5736,
     -5737
    ],
    "stall_end_coincides_with_frame_end": false,
    "is_stall": false
   },
   {
    "frame_index": 181,
    "frame_start_symtime": 2232273,
    "n_samples_in_frame": 9396,
    "longest_run_symbols": 5,
    "stall_start_tref": 3197,
    "stall_end_tref": 3201,
    "stall_start_data_relative": 3184,
    "run_value_IQ": [
     5736,
     5736
    ],
    "stall_end_coincides_with_frame_end": false,
    "is_stall": false
   },
   {
    "frame_index": 182,
    "frame_start_symtime": 2244606,
    "n_samples_in_frame": 9346,
    "longest_run_symbols": 5,
    "stall_start_tref": 3197,
    "stall_end_tref": 3201,
    "stall_start_data_relative": 3184,
    "run_value_IQ": [
     5736,
     5736
    ],
    "stall_end_coincides_with_frame_end": false,
    "is_stall": false
   },
   {
    "frame_index": 183,
    "frame_start_symtime": 2256939,
    "n_samples_in_frame": 9216,
    "longest_run_symbols": 5,
    "stall_start_tref": 3197,
    "stall_end_tref": 3201,
    "stall_start_data_relative": 3184,
    "run_value_IQ": [
     5736,
     5736
    ],
    "stall_end_coincides_with_frame_end": false,
    "is_stall": false
   },
   {
    "frame_index": 184,
    "frame_start_symtime": 2269272,
    "n_samples_in_frame": 9216,
    "longest_run_symbols": 5,
    "stall_start_tref": 5621,
    "stall_end_tref": 5625,
    "stall_start_data_relative": 5608,
    "run_value_IQ": [
     5736,
     -5737
    ],
    "stall_end_coincides_with_frame_end": false,
    "is_stall": false
   },
   {
    "frame_index": 185,
    "frame_start_symtime": 2281605,
    "n_samples_in_frame": 8601,
    "longest_run_symbols": 5,
    "stall_start_tref": 3197,
    "stall_end_tref": 3201,
    "stall_start_data_relative": 3184,
    "run_value_IQ": [
     5736,
     5736
    ],
    "stall_end_coincides_with_frame_end": false,
    "is_stall": false
   },
   {
    "frame_index": 186,
    "frame_start_symtime": 2293938,
    "n_samples_in_frame": 9319,
    "longest_run_symbols": 5,
    "stall_start_tref": 3197,
    "stall_end_tref": 3201,
    "stall_start_data_relative": 3184,
    "run_value_IQ": [
     5736,
     5736
    ],
    "stall_end_coincides_with_frame_end": false,
    "is_stall": false
   },
   {
    "frame_index": 187,
    "frame_start_symtime": 2306271,
    "n_samples_in_frame": 3920,
    "longest_run_symbols": 5,
    "stall_start_tref": 3197,
    "stall_end_tref": 3201,
    "stall_start_data_relative": 3184,
    "run_value_IQ": [
     5736,
     5736
    ],
    "stall_end_coincides_with_frame_end": false,
    "is_stall": false
   },
   {
    "frame_index": 188,
    "frame_start_symtime": 2318604,
    "n_samples_in_frame": 8880,
    "longest_run_symbols": 5,
    "stall_start_tref": 3197,
    "stall_end_tref": 3201,
    "stall_start_data_relative": 3184,
    "run_value_IQ": [
     5736,
     5736
    ],
    "stall_end_coincides_with_frame_end": false,
    "is_stall": false
   },
   {
    "frame_index": 189,
    "frame_start_symtime": 2330937,
    "n_samples_in_frame": 9216,
    "longest_run_symbols": 5,
    "stall_start_tref": 5621,
    "stall_end_tref": 5625,
    "stall_start_data_relative": 5608,
    "run_value_IQ": [
     5736,
     -5737
    ],
    "stall_end_coincides_with_frame_end": false,
    "is_stall": false
   },
   {
    "frame_index": 190,
    "frame_start_symtime": 2343270,
    "n_samples_in_frame": 9216,
    "longest_run_symbols": 5,
    "stall_start_tref": 3197,
    "stall_end_tref": 3201,
    "stall_start_data_relative": 3184,
    "run_value_IQ": [
     5736,
     5736
    ],
    "stall_end_coincides_with_frame_end": false,
    "is_stall": false
   },
   {
    "frame_index": 191,
    "frame_start_symtime": 2355603,
    "n_samples_in_frame": 9351,
    "longest_run_symbols": 5,
    "stall_start_tref": 3197,
    "stall_end_tref": 3201,
    "stall_start_data_relative": 3184,
    "run_value_IQ": [
     5736,
     5736
    ],
    "stall_end_coincides_with_frame_end": false,
    "is_stall": false
   },
   {
    "frame_index": 192,
    "frame_start_symtime": 2367936,
    "n_samples_in_frame": 9557,
    "longest_run_symbols": 5,
    "stall_start_tref": 5621,
    "stall_end_tref": 5625,
    "stall_start_data_relative": 5608,
    "run_value_IQ": [
     5736,
     -5737
    ],
    "stall_end_coincides_with_frame_end": false,
    "is_stall": false
   },
   {
    "frame_index": 193,
    "frame_start_symtime": 2380269,
    "n_samples_in_frame": 9252,
    "longest_run_symbols": 5,
    "stall_start_tref": 3197,
    "stall_end_tref": 3201,
    "stall_start_data_relative": 3184,
    "run_value_IQ": [
     5736,
     5736
    ],
    "stall_end_coincides_with_frame_end": false,
    "is_stall": false
   },
   {
    "frame_index": 194,
    "frame_start_symtime": 2392602,
    "n_samples_in_frame": 9216,
    "longest_run_symbols": 5,
    "stall_start_tref": 3197,
    "stall_end_tref": 3201,
    "stall_start_data_relative": 3184,
    "run_value_IQ": [
     5736,
     5736
    ],
    "stall_end_coincides_with_frame_end": false,
    "is_stall": false
   },
   {
    "frame_index": 195,
    "frame_start_symtime": 2404935,
    "n_samples_in_frame": 8780,
    "longest_run_symbols": 5,
    "stall_start_tref": 3197,
    "stall_end_tref": 3201,
    "stall_start_data_relative": 3184,
    "run_value_IQ": [
     5736,
     5736
    ],
    "stall_end_coincides_with_frame_end": false,
    "is_stall": false
   },
   {
    "frame_index": 196,
    "frame_start_symtime": 2417268,
    "n_samples_in_frame": 9302,
    "longest_run_symbols": 5,
    "stall_start_tref": 5621,
    "stall_end_tref": 5625,
    "stall_start_data_relative": 5608,
    "run_value_IQ": [
     5736,
     -5737
    ],
    "stall_end_coincides_with_frame_end": false,
    "is_stall": false
   },
   {
    "frame_index": 197,
    "frame_start_symtime": 2429601,
    "n_samples_in_frame": 9480,
    "longest_run_symbols": 5,
    "stall_start_tref": 3197,
    "stall_end_tref": 3201,
    "stall_start_data_relative": 3184,
    "run_value_IQ": [
     5736,
     5736
    ],
    "stall_end_coincides_with_frame_end": false,
    "is_stall": false
   },
   {
    "frame_index": 198,
    "frame_start_symtime": 2441934,
    "n_samples_in_frame": 9313,
    "longest_run_symbols": 5,
    "stall_start_tref": 3197,
    "stall_end_tref": 3201,
    "stall_start_data_relative": 3184,
    "run_value_IQ": [
     5736,
     5736
    ],
    "stall_end_coincides_with_frame_end": false,
    "is_stall": false
   },
   {
    "frame_index": 199,
    "frame_start_symtime": 2454267,
    "n_samples_in_frame": 8693,
    "longest_run_symbols": 5,
    "stall_start_tref": 3197,
    "stall_end_tref": 3201,
    "stall_start_data_relative": 3184,
    "run_value_IQ": [
     5736,
     5736
    ],
    "stall_end_coincides_with_frame_end": false,
    "is_stall": false
   },
   {
    "frame_index": 200,
    "frame_start_symtime": 2466600,
    "n_samples_in_frame": 8994,
    "longest_run_symbols": 5,
    "stall_start_tref": 3197,
    "stall_end_tref": 3201,
    "stall_start_data_relative": 3184,
    "run_value_IQ": [
     5736,
     5736
    ],
    "stall_end_coincides_with_frame_end": false,
    "is_stall": false
   },
   {
    "frame_index": 201,
    "frame_start_symtime": 2478933,
    "n_samples_in_frame": 9288,
    "longest_run_symbols": 5,
    "stall_start_tref": 3197,
    "stall_end_tref": 3201,
    "stall_start_data_relative": 3184,
    "run_value_IQ": [
     5736,
     5736
    ],
    "stall_end_coincides_with_frame_end": false,
    "is_stall": false
   },
   {
    "frame_index": 202,
    "frame_start_symtime": 2491266,
    "n_samples_in_frame": 9366,
    "longest_run_symbols": 5,
    "stall_start_tref": 3197,
    "stall_end_tref": 3201,
    "stall_start_data_relative": 3184,
    "run_value_IQ": [
     5736,
     5736
    ],
    "stall_end_coincides_with_frame_end": false,
    "is_stall": false
   },
   {
    "frame_index": 203,
    "frame_start_symtime": 2503599,
    "n_samples_in_frame": 9216,
    "longest_run_symbols": 5,
    "stall_start_tref": 3197,
    "stall_end_tref": 3201,
    "stall_start_data_relative": 3184,
    "run_value_IQ": [
     5736,
     5736
    ],
    "stall_end_coincides_with_frame_end": false,
    "is_stall": false
   },
   {
    "frame_index": 204,
    "frame_start_symtime": 2515932,
    "n_samples_in_frame": 8704,
    "longest_run_symbols": 5,
    "stall_start_tref": 5621,
    "stall_end_tref": 5625,
    "stall_start_data_relative": 5608,
    "run_value_IQ": [
     5736,
     -5737
    ],
    "stall_end_coincides_with_frame_end": false,
    "is_stall": false
   },
   {
    "frame_index": 205,
    "frame_start_symtime": 2528265,
    "n_samples_in_frame": 8954,
    "longest_run_symbols": 5,
    "stall_start_tref": 5621,
    "stall_end_tref": 5625,
    "stall_start_data_relative": 5608,
    "run_value_IQ": [
     5736,
     -5737
    ],
    "stall_end_coincides_with_frame_end": false,
    "is_stall": false
   },
   {
    "frame_index": 206,
    "frame_start_symtime": 2540598,
    "n_samples_in_frame": 9366,
    "longest_run_symbols": 5,
    "stall_start_tref": 3197,
    "stall_end_tref": 3201,
    "stall_start_data_relative": 3184,
    "run_value_IQ": [
     5736,
     5736
    ],
    "stall_end_coincides_with_frame_end": false,
    "is_stall": false
   },
   {
    "frame_index": 207,
    "frame_start_symtime": 2552931,
    "n_samples_in_frame": 9362,
    "longest_run_symbols": 5,
    "stall_start_tref": 3197,
    "stall_end_tref": 3201,
    "stall_start_data_relative": 3184,
    "run_value_IQ": [
     5736,
     5736
    ],
    "stall_end_coincides_with_frame_end": false,
    "is_stall": false
   },
   {
    "frame_index": 208,
    "frame_start_symtime": 2565264,
    "n_samples_in_frame": 9401,
    "longest_run_symbols": 5,
    "stall_start_tref": 5621,
    "stall_end_tref": 5625,
    "stall_start_data_relative": 5608,
    "run_value_IQ": [
     5736,
     -5737
    ],
    "stall_end_coincides_with_frame_end": false,
    "is_stall": false
   },
   {
    "frame_index": 209,
    "frame_start_symtime": 2577597,
    "n_samples_in_frame": 8802,
    "longest_run_symbols": 5,
    "stall_start_tref": 5621,
    "stall_end_tref": 5625,
    "stall_start_data_relative": 5608,
    "run_value_IQ": [
     5736,
     -5737
    ],
    "stall_end_coincides_with_frame_end": false,
    "is_stall": false
   },
   {
    "frame_index": 210,
    "frame_start_symtime": 2589930,
    "n_samples_in_frame": 9098,
    "longest_run_symbols": 5,
    "stall_start_tref": 5621,
    "stall_end_tref": 5625,
    "stall_start_data_relative": 5608,
    "run_value_IQ": [
     5736,
     -5737
    ],
    "stall_end_coincides_with_frame_end": false,
    "is_stall": false
   },
   {
    "frame_index": 211,
    "frame_start_symtime": 2602263,
    "n_samples_in_frame": 9460,
    "longest_run_symbols": 5,
    "stall_start_tref": 3197,
    "stall_end_tref": 3201,
    "stall_start_data_relative": 3184,
    "run_value_IQ": [
     5736,
     5736
    ],
    "stall_end_coincides_with_frame_end": false,
    "is_stall": false
   },
   {
    "frame_index": 212,
    "frame_start_symtime": 2614596,
    "n_samples_in_frame": 9285,
    "longest_run_symbols": 5,
    "stall_start_tref": 3197,
    "stall_end_tref": 3201,
    "stall_start_data_relative": 3184,
    "run_value_IQ": [
     5736,
     5736
    ],
    "stall_end_coincides_with_frame_end": false,
    "is_stall": false
   },
   {
    "frame_index": 213,
    "frame_start_symtime": 2626929,
    "n_samples_in_frame": 9336,
    "longest_run_symbols": 5,
    "stall_start_tref": 3197,
    "stall_end_tref": 3201,
    "stall_start_data_relative": 3184,
    "run_value_IQ": [
     5736,
     5736
    ],
    "stall_end_coincides_with_frame_end": false,
    "is_stall": false
   },
   {
    "frame_index": 214,
    "frame_start_symtime": 2639262,
    "n_samples_in_frame": 8736,
    "longest_run_symbols": 5,
    "stall_start_tref": 5621,
    "stall_end_tref": 5625,
    "stall_start_data_relative": 5608,
    "run_value_IQ": [
     5736,
     -5737
    ],
    "stall_end_coincides_with_frame_end": false,
    "is_stall": false
   },
   {
    "frame_index": 215,
    "frame_start_symtime": 2651595,
    "n_samples_in_frame": 13608,
    "longest_run_symbols": 9,
    "stall_start_tref": 7018,
    "stall_end_tref": 7022,
    "stall_start_data_relative": 7005,
    "run_value_IQ": [
     5736,
     -5737
    ],
    "stall_end_coincides_with_frame_end": false,
    "is_stall": false
   },
   {
    "frame_index": 216,
    "frame_start_symtime": 2663928,
    "n_samples_in_frame": 9280,
    "longest_run_symbols": 5,
    "stall_start_tref": 3197,
    "stall_end_tref": 3201,
    "stall_start_data_relative": 3184,
    "run_value_IQ": [
     5736,
     5736
    ],
    "stall_end_coincides_with_frame_end": false,
    "is_stall": false
   },
   {
    "frame_index": 217,
    "frame_start_symtime": 2676261,
    "n_samples_in_frame": 9497,
    "longest_run_symbols": 5,
    "stall_start_tref": 5621,
    "stall_end_tref": 5625,
    "stall_start_data_relative": 5608,
    "run_value_IQ": [
     5736,
     -5737
    ],
    "stall_end_coincides_with_frame_end": false,
    "is_stall": false
   },
   {
    "frame_index": 218,
    "frame_start_symtime": 2688594,
    "n_samples_in_frame": 8591,
    "longest_run_symbols": 5,
    "stall_start_tref": 3197,
    "stall_end_tref": 3201,
    "stall_start_data_relative": 3184,
    "run_value_IQ": [
     5736,
     5736
    ],
    "stall_end_coincides_with_frame_end": false,
    "is_stall": false
   },
   {
    "frame_index": 219,
    "frame_start_symtime": 2700927,
    "n_samples_in_frame": 9268,
    "longest_run_symbols": 5,
    "stall_start_tref": 5621,
    "stall_end_tref": 5625,
    "stall_start_data_relative": 5608,
    "run_value_IQ": [
     5736,
     -5737
    ],
    "stall_end_coincides_with_frame_end": false,
    "is_stall": false
   },
   {
    "frame_index": 220,
    "frame_start_symtime": 2713260,
    "n_samples_in_frame": 9502,
    "longest_run_symbols": 5,
    "stall_start_tref": 3197,
    "stall_end_tref": 3201,
    "stall_start_data_relative": 3184,
    "run_value_IQ": [
     5736,
     5736
    ],
    "stall_end_coincides_with_frame_end": false,
    "is_stall": false
   },
   {
    "frame_index": 221,
    "frame_start_symtime": 2725593,
    "n_samples_in_frame": 9222,
    "longest_run_symbols": 5,
    "stall_start_tref": 3197,
    "stall_end_tref": 3201,
    "stall_start_data_relative": 3184,
    "run_value_IQ": [
     5736,
     5736
    ],
    "stall_end_coincides_with_frame_end": false,
    "is_stall": false
   },
   {
    "frame_index": 222,
    "frame_start_symtime": 2737926,
    "n_samples_in_frame": 9269,
    "longest_run_symbols": 5,
    "stall_start_tref": 3197,
    "stall_end_tref": 3201,
    "stall_start_data_relative": 3184,
    "run_value_IQ": [
     5736,
     5736
    ],
    "stall_end_coincides_with_frame_end": false,
    "is_stall": false
   },
   {
    "frame_index": 223,
    "frame_start_symtime": 2750259,
    "n_samples_in_frame": 8731,
    "longest_run_symbols": 5,
    "stall_start_tref": 5621,
    "stall_end_tref": 5625,
    "stall_start_data_relative": 5608,
    "run_value_IQ": [
     5736,
     -5737
    ],
    "stall_end_coincides_with_frame_end": false,
    "is_stall": false
   },
   {
    "frame_index": 224,
    "frame_start_symtime": 2762592,
    "n_samples_in_frame": 9353,
    "longest_run_symbols": 5,
    "stall_start_tref": 5621,
    "stall_end_tref": 5625,
    "stall_start_data_relative": 5608,
    "run_value_IQ": [
     5736,
     -5737
    ],
    "stall_end_coincides_with_frame_end": false,
    "is_stall": false
   },
   {
    "frame_index": 225,
    "frame_start_symtime": 2774925,
    "n_samples_in_frame": 9393,
    "longest_run_symbols": 5,
    "stall_start_tref": 3197,
    "stall_end_tref": 3201,
    "stall_start_data_relative": 3184,
    "run_value_IQ": [
     5736,
     5736
    ],
    "stall_end_coincides_with_frame_end": false,
    "is_stall": false
   },
   {
    "frame_index": 226,
    "frame_start_symtime": 2787258,
    "n_samples_in_frame": 9334,
    "longest_run_symbols": 5,
    "stall_start_tref": 3197,
    "stall_end_tref": 3201,
    "stall_start_data_relative": 3184,
    "run_value_IQ": [
     5736,
     5736
    ],
    "stall_end_coincides_with_frame_end": false,
    "is_stall": false
   },
   {
    "frame_index": 227,
    "frame_start_symtime": 2799591,
    "n_samples_in_frame": 12800,
    "longest_run_symbols": 9,
    "stall_start_tref": 5621,
    "stall_end_tref": 5625,
    "stall_start_data_relative": 5608,
    "run_value_IQ": [
     5736,
     -5737
    ],
    "stall_end_coincides_with_frame_end": false,
    "is_stall": false
   },
   {
    "frame_index": 228,
    "frame_start_symtime": 2811924,
    "n_samples_in_frame": 8920,
    "longest_run_symbols": 5,
    "stall_start_tref": 5621,
    "stall_end_tref": 5625,
    "stall_start_data_relative": 5608,
    "run_value_IQ": [
     5736,
     -5737
    ],
    "stall_end_coincides_with_frame_end": false,
    "is_stall": false
   },
   {
    "frame_index": 229,
    "frame_start_symtime": 2824257,
    "n_samples_in_frame": 9512,
    "longest_run_symbols": 5,
    "stall_start_tref": 3197,
    "stall_end_tref": 3201,
    "stall_start_data_relative": 3184,
    "run_value_IQ": [
     5736,
     5736
    ],
    "stall_end_coincides_with_frame_end": false,
    "is_stall": false
   },
   {
    "frame_index": 230,
    "frame_start_symtime": 2836590,
    "n_samples_in_frame": 9285,
    "longest_run_symbols": 5,
    "stall_start_tref": 3197,
    "stall_end_tref": 3201,
    "stall_start_data_relative": 3184,
    "run_value_IQ": [
     5736,
     5736
    ],
    "stall_end_coincides_with_frame_end": false,
    "is_stall": false
   },
   {
    "frame_index": 231,
    "frame_start_symtime": 2848923,
    "n_samples_in_frame": 9274,
    "longest_run_symbols": 5,
    "stall_start_tref": 5621,
    "stall_end_tref": 5625,
    "stall_start_data_relative": 5608,
    "run_value_IQ": [
     5736,
     -5737
    ],
    "stall_end_coincides_with_frame_end": false,
    "is_stall": false
   },
   {
    "frame_index": 232,
    "frame_start_symtime": 2861256,
    "n_samples_in_frame": 8748,
    "longest_run_symbols": 5,
    "stall_start_tref": 3197,
    "stall_end_tref": 3201,
    "stall_start_data_relative": 3184,
    "run_value_IQ": [
     5736,
     5736
    ],
    "stall_end_coincides_with_frame_end": false,
    "is_stall": false
   },
   {
    "frame_index": 233,
    "frame_start_symtime": 2873589,
    "n_samples_in_frame": 9431,
    "longest_run_symbols": 5,
    "stall_start_tref": 3197,
    "stall_end_tref": 3201,
    "stall_start_data_relative": 3184,
    "run_value_IQ": [
     5736,
     5736
    ],
    "stall_end_coincides_with_frame_end": false,
    "is_stall": false
   },
   {
    "frame_index": 234,
    "frame_start_symtime": 2885922,
    "n_samples_in_frame": 9342,
    "longest_run_symbols": 5,
    "stall_start_tref": 3197,
    "stall_end_tref": 3201,
    "stall_start_data_relative": 3184,
    "run_value_IQ": [
     5736,
     5736
    ],
    "stall_end_coincides_with_frame_end": false,
    "is_stall": false
   },
   {
    "frame_index": 235,
    "frame_start_symtime": 2898255,
    "n_samples_in_frame": 9283,
    "longest_run_symbols": 5,
    "stall_start_tref": 3197,
    "stall_end_tref": 3201,
    "stall_start_data_relative": 3184,
    "run_value_IQ": [
     5736,
     5736
    ],
    "stall_end_coincides_with_frame_end": false,
    "is_stall": false
   },
   {
    "frame_index": 236,
    "frame_start_symtime": 2910588,
    "n_samples_in_frame": 9370,
    "longest_run_symbols": 5,
    "stall_start_tref": 5621,
    "stall_end_tref": 5625,
    "stall_start_data_relative": 5608,
    "run_value_IQ": [
     5736,
     -5737
    ],
    "stall_end_coincides_with_frame_end": false,
    "is_stall": false
   },
   {
    "frame_index": 237,
    "frame_start_symtime": 2922921,
    "n_samples_in_frame": 8410,
    "longest_run_symbols": 5,
    "stall_start_tref": 3197,
    "stall_end_tref": 3201,
    "stall_start_data_relative": 3184,
    "run_value_IQ": [
     5736,
     5736
    ],
    "stall_end_coincides_with_frame_end": false,
    "is_stall": false
   },
   {
    "frame_index": 238,
    "frame_start_symtime": 2935254,
    "n_samples_in_frame": 9276,
    "longest_run_symbols": 5,
    "stall_start_tref": 3197,
    "stall_end_tref": 3201,
    "stall_start_data_relative": 3184,
    "run_value_IQ": [
     5736,
     5736
    ],
    "stall_end_coincides_with_frame_end": false,
    "is_stall": false
   },
   {
    "frame_index": 239,
    "frame_start_symtime": 2947587,
    "n_samples_in_frame": 9273,
    "longest_run_symbols": 5,
    "stall_start_tref": 3197,
    "stall_end_tref": 3201,
    "stall_start_data_relative": 3184,
    "run_value_IQ": [
     5736,
     5736
    ],
    "stall_end_coincides_with_frame_end": false,
    "is_stall": false
   },
   {
    "frame_index": 240,
    "frame_start_symtime": 2959920,
    "n_samples_in_frame": 9473,
    "longest_run_symbols": 5,
    "stall_start_tref": 3197,
    "stall_end_tref": 3201,
    "stall_start_data_relative": 3184,
    "run_value_IQ": [
     5736,
     5736
    ],
    "stall_end_coincides_with_frame_end": false,
    "is_stall": false
   },
   {
    "frame_index": 241,
    "frame_start_symtime": 2972253,
    "n_samples_in_frame": 9245,
    "longest_run_symbols": 5,
    "stall_start_tref": 3197,
    "stall_end_tref": 3201,
    "stall_start_data_relative": 3184,
    "run_value_IQ": [
     5736,
     5736
    ],
    "stall_end_coincides_with_frame_end": false,
    "is_stall": false
   },
   {
    "frame_index": 242,
    "frame_start_symtime": 2984586,
    "n_samples_in_frame": 8618,
    "longest_run_symbols": 5,
    "stall_start_tref": 3197,
    "stall_end_tref": 3201,
    "stall_start_data_relative": 3184,
    "run_value_IQ": [
     5736,
     5736
    ],
    "stall_end_coincides_with_frame_end": false,
    "is_stall": false
   },
   {
    "frame_index": 243,
    "frame_start_symtime": 2996919,
    "n_samples_in_frame": 2316,
    "longest_run_symbols": 4,
    "stall_start_tref": 4251,
    "stall_end_tref": 4254,
    "stall_start_data_relative": 4238,
    "run_value_IQ": [
     5736,
     5736
    ],
    "stall_end_coincides_with_frame_end": false,
    "is_stall": false
   },
   {
    "frame_index": 244,
    "frame_start_symtime": 3009252,
    "n_samples_in_frame": 9338,
    "longest_run_symbols": 5,
    "stall_start_tref": 3197,
    "stall_end_tref": 3201,
    "stall_start_data_relative": 3184,
    "run_value_IQ": [
     5736,
     5736
    ],
    "stall_end_coincides_with_frame_end": false,
    "is_stall": false
   },
   {
    "frame_index": 245,
    "frame_start_symtime": 3021585,
    "n_samples_in_frame": 9459,
    "longest_run_symbols": 5,
    "stall_start_tref": 5621,
    "stall_end_tref": 5625,
    "stall_start_data_relative": 5608,
    "run_value_IQ": [
     5736,
     -5737
    ],
    "stall_end_coincides_with_frame_end": false,
    "is_stall": false
   },
   {
    "frame_index": 246,
    "frame_start_symtime": 3033918,
    "n_samples_in_frame": 9363,
    "longest_run_symbols": 5,
    "stall_start_tref": 3197,
    "stall_end_tref": 3201,
    "stall_start_data_relative": 3184,
    "run_value_IQ": [
     5736,
     5736
    ],
    "stall_end_coincides_with_frame_end": false,
    "is_stall": false
   },
   {
    "frame_index": 247,
    "frame_start_symtime": 3046251,
    "n_samples_in_frame": 8704,
    "longest_run_symbols": 5,
    "stall_start_tref": 3197,
    "stall_end_tref": 3201,
    "stall_start_data_relative": 3184,
    "run_value_IQ": [
     5736,
     5736
    ],
    "stall_end_coincides_with_frame_end": false,
    "is_stall": false
   },
   {
    "frame_index": 248,
    "frame_start_symtime": 3058584,
    "n_samples_in_frame": 9369,
    "longest_run_symbols": 5,
    "stall_start_tref": 3197,
    "stall_end_tref": 3201,
    "stall_start_data_relative": 3184,
    "run_value_IQ": [
     5736,
     5736
    ],
    "stall_end_coincides_with_frame_end": false,
    "is_stall": false
   },
   {
    "frame_index": 249,
    "frame_start_symtime": 3070917,
    "n_samples_in_frame": 9271,
    "longest_run_symbols": 5,
    "stall_start_tref": 5621,
    "stall_end_tref": 5625,
    "stall_start_data_relative": 5608,
    "run_value_IQ": [
     5736,
     -5737
    ],
    "stall_end_coincides_with_frame_end": false,
    "is_stall": false
   },
   {
    "frame_index": 250,
    "frame_start_symtime": 3083250,
    "n_samples_in_frame": 9406,
    "longest_run_symbols": 5,
    "stall_start_tref": 3197,
    "stall_end_tref": 3201,
    "stall_start_data_relative": 3184,
    "run_value_IQ": [
     5736,
     5736
    ],
    "stall_end_coincides_with_frame_end": false,
    "is_stall": false
   },
   {
    "frame_index": 251,
    "frame_start_symtime": 3095583,
    "n_samples_in_frame": 9309,
    "longest_run_symbols": 5,
    "stall_start_tref": 3197,
    "stall_end_tref": 3201,
    "stall_start_data_relative": 3184,
    "run_value_IQ": [
     5736,
     5736
    ],
    "stall_end_coincides_with_frame_end": false,
    "is_stall": false
   },
   {
    "frame_index": 252,
    "frame_start_symtime": 3107916,
    "n_samples_in_frame": 8213,
    "longest_run_symbols": 5,
    "stall_start_tref": 3197,
    "stall_end_tref": 3201,
    "stall_start_data_relative": 3184,
    "run_value_IQ": [
     5736,
     5736
    ],
    "stall_end_coincides_with_frame_end": false,
    "is_stall": false
   },
   {
    "frame_index": 253,
    "frame_start_symtime": 3120249,
    "n_samples_in_frame": 9216,
    "longest_run_symbols": 5,
    "stall_start_tref": 3197,
    "stall_end_tref": 3201,
    "stall_start_data_relative": 3184,
    "run_value_IQ": [
     5736,
     5736
    ],
    "stall_end_coincides_with_frame_end": false,
    "is_stall": false
   },
   {
    "frame_index": 254,
    "frame_start_symtime": 3132582,
    "n_samples_in_frame": 9481,
    "longest_run_symbols": 5,
    "stall_start_tref": 5621,
    "stall_end_tref": 5625,
    "stall_start_data_relative": 5608,
    "run_value_IQ": [
     5736,
     -5737
    ],
    "stall_end_coincides_with_frame_end": false,
    "is_stall": false
   },
   {
    "frame_index": 255,
    "frame_start_symtime": 3144915,
    "n_samples_in_frame": 9381,
    "longest_run_symbols": 5,
    "stall_start_tref": 3197,
    "stall_end_tref": 3201,
    "stall_start_data_relative": 3184,
    "run_value_IQ": [
     5736,
     5736
    ],
    "stall_end_coincides_with_frame_end": false,
    "is_stall": false
   },
   {
    "frame_index": 256,
    "frame_start_symtime": 3157248,
    "n_samples_in_frame": 9298,
    "longest_run_symbols": 5,
    "stall_start_tref": 3197,
    "stall_end_tref": 3201,
    "stall_start_data_relative": 3184,
    "run_value_IQ": [
     5736,
     5736
    ],
    "stall_end_coincides_with_frame_end": false,
    "is_stall": false
   },
   {
    "frame_index": 257,
    "frame_start_symtime": 3169581,
    "n_samples_in_frame": 8704,
    "longest_run_symbols": 5,
    "stall_start_tref": 3197,
    "stall_end_tref": 3201,
    "stall_start_data_relative": 3184,
    "run_value_IQ": [
     5736,
     5736
    ],
    "stall_end_coincides_with_frame_end": false,
    "is_stall": false
   },
   {
    "frame_index": 258,
    "frame_start_symtime": 3181914,
    "n_samples_in_frame": 9300,
    "longest_run_symbols": 5,
    "stall_start_tref": 3197,
    "stall_end_tref": 3201,
    "stall_start_data_relative": 3184,
    "run_value_IQ": [
     5736,
     5736
    ],
    "stall_end_coincides_with_frame_end": false,
    "is_stall": false
   },
   {
    "frame_index": 259,
    "frame_start_symtime": 3194247,
    "n_samples_in_frame": 9267,
    "longest_run_symbols": 5,
    "stall_start_tref": 3197,
    "stall_end_tref": 3201,
    "stall_start_data_relative": 3184,
    "run_value_IQ": [
     5736,
     5736
    ],
    "stall_end_coincides_with_frame_end": false,
    "is_stall": false
   },
   {
    "frame_index": 260,
    "frame_start_symtime": 3206580,
    "n_samples_in_frame": 9375,
    "longest_run_symbols": 5,
    "stall_start_tref": 3197,
    "stall_end_tref": 3201,
    "stall_start_data_relative": 3184,
    "run_value_IQ": [
     5736,
     5736
    ],
    "stall_end_coincides_with_frame_end": false,
    "is_stall": false
   },
   {
    "frame_index": 261,
    "frame_start_symtime": 3218913,
    "n_samples_in_frame": 9236,
    "longest_run_symbols": 5,
    "stall_start_tref": 3197,
    "stall_end_tref": 3201,
    "stall_start_data_relative": 3184,
    "run_value_IQ": [
     5736,
     5736
    ],
    "stall_end_coincides_with_frame_end": false,
    "is_stall": false
   },
   {
    "frame_index": 262,
    "frame_start_symtime": 3231246,
    "n_samples_in_frame": 8715,
    "longest_run_symbols": 5,
    "stall_start_tref": 3197,
    "stall_end_tref": 3201,
    "stall_start_data_relative": 3184,
    "run_value_IQ": [
     5736,
     5736
    ],
    "stall_end_coincides_with_frame_end": false,
    "is_stall": false
   },
   {
    "frame_index": 263,
    "frame_start_symtime": 3243579,
    "n_samples_in_frame": 1860,
    "longest_run_symbols": 4,
    "stall_start_tref": 10980,
    "stall_end_tref": 10983,
    "stall_start_data_relative": 10967,
    "run_value_IQ": [
     -5737,
     -5737
    ],
    "stall_end_coincides_with_frame_end": false,
    "is_stall": false
   },
   {
    "frame_index": 264,
    "frame_start_symtime": 3255912,
    "n_samples_in_frame": 9431,
    "longest_run_symbols": 5,
    "stall_start_tref": 5621,
    "stall_end_tref": 5625,
    "stall_start_data_relative": 5608,
    "run_value_IQ": [
     5736,
     -5737
    ],
    "stall_end_coincides_with_frame_end": false,
    "is_stall": false
   },
   {
    "frame_index": 265,
    "frame_start_symtime": 3268245,
    "n_samples_in_frame": 9376,
    "longest_run_symbols": 5,
    "stall_start_tref": 3197,
    "stall_end_tref": 3201,
    "stall_start_data_relative": 3184,
    "run_value_IQ": [
     5736,
     5736
    ],
    "stall_end_coincides_with_frame_end": false,
    "is_stall": false
   },
   {
    "frame_index": 266,
    "frame_start_symtime": 3280578,
    "n_samples_in_frame": 9366,
    "longest_run_symbols": 5,
    "stall_start_tref": 3197,
    "stall_end_tref": 3201,
    "stall_start_data_relative": 3184,
    "run_value_IQ": [
     5736,
     5736
    ],
    "stall_end_coincides_with_frame_end": false,
    "is_stall": false
   },
   {
    "frame_index": 267,
    "frame_start_symtime": 3292911,
    "n_samples_in_frame": 8556,
    "longest_run_symbols": 5,
    "stall_start_tref": 5621,
    "stall_end_tref": 5625,
    "stall_start_data_relative": 5608,
    "run_value_IQ": [
     5736,
     -5737
    ],
    "stall_end_coincides_with_frame_end": false,
    "is_stall": false
   },
   {
    "frame_index": 268,
    "frame_start_symtime": 3305244,
    "n_samples_in_frame": 9344,
    "longest_run_symbols": 5,
    "stall_start_tref": 3197,
    "stall_end_tref": 3201,
    "stall_start_data_relative": 3184,
    "run_value_IQ": [
     5736,
     5736
    ],
    "stall_end_coincides_with_frame_end": false,
    "is_stall": false
   },
   {
    "frame_index": 269,
    "frame_start_symtime": 3317577,
    "n_samples_in_frame": 9455,
    "longest_run_symbols": 5,
    "stall_start_tref": 5621,
    "stall_end_tref": 5625,
    "stall_start_data_relative": 5608,
    "run_value_IQ": [
     5736,
     -5737
    ],
    "stall_end_coincides_with_frame_end": false,
    "is_stall": false
   },
   {
    "frame_index": 270,
    "frame_start_symtime": 3329910,
    "n_samples_in_frame": 9359,
    "longest_run_symbols": 5,
    "stall_start_tref": 3197,
    "stall_end_tref": 3201,
    "stall_start_data_relative": 3184,
    "run_value_IQ": [
     5736,
     5736
    ],
    "stall_end_coincides_with_frame_end": false,
    "is_stall": false
   },
   {
    "frame_index": 271,
    "frame_start_symtime": 3342243,
    "n_samples_in_frame": 9265,
    "longest_run_symbols": 5,
    "stall_start_tref": 3197,
    "stall_end_tref": 3201,
    "stall_start_data_relative": 3184,
    "run_value_IQ": [
     5736,
     5736
    ],
    "stall_end_coincides_with_frame_end": false,
    "is_stall": false
   },
   {
    "frame_index": 272,
    "frame_start_symtime": 3354576,
    "n_samples_in_frame": 7119,
    "longest_run_symbols": 5,
    "stall_start_tref": 5621,
    "stall_end_tref": 5625,
    "stall_start_data_relative": 5608,
    "run_value_IQ": [
     5736,
     -5737
    ],
    "stall_end_coincides_with_frame_end": false,
    "is_stall": false
   },
   {
    "frame_index": 273,
    "frame_start_symtime": 3366909,
    "n_samples_in_frame": 6513,
    "longest_run_symbols": 5,
    "stall_start_tref": 5621,
    "stall_end_tref": 5625,
    "stall_start_data_relative": 5608,
    "run_value_IQ": [
     5736,
     -5737
    ],
    "stall_end_coincides_with_frame_end": false,
    "is_stall": false
   },
   {
    "frame_index": 274,
    "frame_start_symtime": 3379242,
    "n_samples_in_frame": 9359,
    "longest_run_symbols": 5,
    "stall_start_tref": 3197,
    "stall_end_tref": 3201,
    "stall_start_data_relative": 3184,
    "run_value_IQ": [
     5736,
     5736
    ],
    "stall_end_coincides_with_frame_end": false,
    "is_stall": false
   },
   {
    "frame_index": 275,
    "frame_start_symtime": 3391575,
    "n_samples_in_frame": 9306,
    "longest_run_symbols": 5,
    "stall_start_tref": 3197,
    "stall_end_tref": 3201,
    "stall_start_data_relative": 3184,
    "run_value_IQ": [
     5736,
     5736
    ],
    "stall_end_coincides_with_frame_end": false,
    "is_stall": false
   },
   {
    "frame_index": 276,
    "frame_start_symtime": 3403908,
    "n_samples_in_frame": 9513,
    "longest_run_symbols": 5,
    "stall_start_tref": 5621,
    "stall_end_tref": 5625,
    "stall_start_data_relative": 5608,
    "run_value_IQ": [
     5736,
     -5737
    ],
    "stall_end_coincides_with_frame_end": false,
    "is_stall": false
   },
   {
    "frame_index": 277,
    "frame_start_symtime": 3416241,
    "n_samples_in_frame": 8532,
    "longest_run_symbols": 5,
    "stall_start_tref": 3197,
    "stall_end_tref": 3201,
    "stall_start_data_relative": 3184,
    "run_value_IQ": [
     5736,
     5736
    ],
    "stall_end_coincides_with_frame_end": false,
    "is_stall": false
   },
   {
    "frame_index": 278,
    "frame_start_symtime": 3428574,
    "n_samples_in_frame": 9250,
    "longest_run_symbols": 5,
    "stall_start_tref": 5621,
    "stall_end_tref": 5625,
    "stall_start_data_relative": 5608,
    "run_value_IQ": [
     5736,
     -5737
    ],
    "stall_end_coincides_with_frame_end": false,
    "is_stall": false
   },
   {
    "frame_index": 279,
    "frame_start_symtime": 3440907,
    "n_samples_in_frame": 9423,
    "longest_run_symbols": 5,
    "stall_start_tref": 3197,
    "stall_end_tref": 3201,
    "stall_start_data_relative": 3184,
    "run_value_IQ": [
     5736,
     5736
    ],
    "stall_end_coincides_with_frame_end": false,
    "is_stall": false
   },
   {
    "frame_index": 280,
    "frame_start_symtime": 3453240,
    "n_samples_in_frame": 9272,
    "longest_run_symbols": 5,
    "stall_start_tref": 3197,
    "stall_end_tref": 3201,
    "stall_start_data_relative": 3184,
    "run_value_IQ": [
     5736,
     5736
    ],
    "stall_end_coincides_with_frame_end": false,
    "is_stall": false
   },
   {
    "frame_index": 281,
    "frame_start_symtime": 3465573,
    "n_samples_in_frame": 9303,
    "longest_run_symbols": 5,
    "stall_start_tref": 3197,
    "stall_end_tref": 3201,
    "stall_start_data_relative": 3184,
    "run_value_IQ": [
     5736,
     5736
    ],
    "stall_end_coincides_with_frame_end": false,
    "is_stall": false
   },
   {
    "frame_index": 282,
    "frame_start_symtime": 3477906,
    "n_samples_in_frame": 8617,
    "longest_run_symbols": 5,
    "stall_start_tref": 5621,
    "stall_end_tref": 5625,
    "stall_start_data_relative": 5608,
    "run_value_IQ": [
     5736,
     -5737
    ],
    "stall_end_coincides_with_frame_end": false,
    "is_stall": false
   },
   {
    "frame_index": 283,
    "frame_start_symtime": 3490239,
    "n_samples_in_frame": 9321,
    "longest_run_symbols": 5,
    "stall_start_tref": 3197,
    "stall_end_tref": 3201,
    "stall_start_data_relative": 3184,
    "run_value_IQ": [
     5736,
     5736
    ],
    "stall_end_coincides_with_frame_end": false,
    "is_stall": false
   },
   {
    "frame_index": 284,
    "frame_start_symtime": 3502572,
    "n_samples_in_frame": 9402,
    "longest_run_symbols": 5,
    "stall_start_tref": 5621,
    "stall_end_tref": 5625,
    "stall_start_data_relative": 5608,
    "run_value_IQ": [
     5736,
     -5737
    ],
    "stall_end_coincides_with_frame_end": false,
    "is_stall": false
   },
   {
    "frame_index": 285,
    "frame_start_symtime": 3514905,
    "n_samples_in_frame": 9367,
    "longest_run_symbols": 5,
    "stall_start_tref": 3197,
    "stall_end_tref": 3201,
    "stall_start_data_relative": 3184,
    "run_value_IQ": [
     5736,
     5736
    ],
    "stall_end_coincides_with_frame_end": false,
    "is_stall": false
   },
   {
    "frame_index": 286,
    "frame_start_symtime": 3527238,
    "n_samples_in_frame": 9286,
    "longest_run_symbols": 5,
    "stall_start_tref": 3197,
    "stall_end_tref": 3201,
    "stall_start_data_relative": 3184,
    "run_value_IQ": [
     5736,
     5736
    ],
    "stall_end_coincides_with_frame_end": false,
    "is_stall": false
   },
   {
    "frame_index": 287,
    "frame_start_symtime": 3539571,
    "n_samples_in_frame": 8699,
    "longest_run_symbols": 5,
    "stall_start_tref": 3197,
    "stall_end_tref": 3201,
    "stall_start_data_relative": 3184,
    "run_value_IQ": [
     5736,
     5736
    ],
    "stall_end_coincides_with_frame_end": false,
    "is_stall": false
   },
   {
    "frame_index": 288,
    "frame_start_symtime": 3551904,
    "n_samples_in_frame": 9221,
    "longest_run_symbols": 5,
    "stall_start_tref": 3197,
    "stall_end_tref": 3201,
    "stall_start_data_relative": 3184,
    "run_value_IQ": [
     5736,
     5736
    ],
    "stall_end_coincides_with_frame_end": false,
    "is_stall": false
   },
   {
    "frame_index": 289,
    "frame_start_symtime": 3564237,
    "n_samples_in_frame": 9216,
    "longest_run_symbols": 5,
    "stall_start_tref": 3197,
    "stall_end_tref": 3201,
    "stall_start_data_relative": 3184,
    "run_value_IQ": [
     5736,
     5736
    ],
    "stall_end_coincides_with_frame_end": false,
    "is_stall": false
   },
   {
    "frame_index": 290,
    "frame_start_symtime": 3576570,
    "n_samples_in_frame": 9216,
    "longest_run_symbols": 5,
    "stall_start_tref": 3197,
    "stall_end_tref": 3201,
    "stall_start_data_relative": 3184,
    "run_value_IQ": [
     5736,
     5736
    ],
    "stall_end_coincides_with_frame_end": false,
    "is_stall": false
   },
   {
    "frame_index": 291,
    "frame_start_symtime": 3588903,
    "n_samples_in_frame": 9270,
    "longest_run_symbols": 5,
    "stall_start_tref": 3197,
    "stall_end_tref": 3201,
    "stall_start_data_relative": 3184,
    "run_value_IQ": [
     5736,
     5736
    ],
    "stall_end_coincides_with_frame_end": false,
    "is_stall": false
   },
   {
    "frame_index": 292,
    "frame_start_symtime": 3601236,
    "n_samples_in_frame": 8742,
    "longest_run_symbols": 5,
    "stall_start_tref": 5621,
    "stall_end_tref": 5625,
    "stall_start_data_relative": 5608,
    "run_value_IQ": [
     5736,
     -5737
    ],
    "stall_end_coincides_with_frame_end": false,
    "is_stall": false
   },
   {
    "frame_index": 293,
    "frame_start_symtime": 3613569,
    "n_samples_in_frame": 9496,
    "longest_run_symbols": 5,
    "stall_start_tref": 5621,
    "stall_end_tref": 5625,
    "stall_start_data_relative": 5608,
    "run_value_IQ": [
     5736,
     -5737
    ],
    "stall_end_coincides_with_frame_end": false,
    "is_stall": false
   },
   {
    "frame_index": 294,
    "frame_start_symtime": 3625902,
    "n_samples_in_frame": 9356,
    "longest_run_symbols": 5,
    "stall_start_tref": 3197,
    "stall_end_tref": 3201,
    "stall_start_data_relative": 3184,
    "run_value_IQ": [
     5736,
     5736
    ],
    "stall_end_coincides_with_frame_end": false,
    "is_stall": false
   },
   {
    "frame_index": 295,
    "frame_start_symtime": 3638235,
    "n_samples_in_frame": 9336,
    "longest_run_symbols": 5,
    "stall_start_tref": 3197,
    "stall_end_tref": 3201,
    "stall_start_data_relative": 3184,
    "run_value_IQ": [
     5736,
     5736
    ],
    "stall_end_coincides_with_frame_end": false,
    "is_stall": false
   },
   {
    "frame_index": 296,
    "frame_start_symtime": 3650568,
    "n_samples_in_frame": 9464,
    "longest_run_symbols": 5,
    "stall_start_tref": 5621,
    "stall_end_tref": 5625,
    "stall_start_data_relative": 5608,
    "run_value_IQ": [
     5736,
     -5737
    ],
    "stall_end_coincides_with_frame_end": false,
    "is_stall": false
   },
   {
    "frame_index": 297,
    "frame_start_symtime": 3662901,
    "n_samples_in_frame": 8270,
    "longest_run_symbols": 5,
    "stall_start_tref": 3197,
    "stall_end_tref": 3201,
    "stall_start_data_relative": 3184,
    "run_value_IQ": [
     5736,
     5736
    ],
    "stall_end_coincides_with_frame_end": false,
    "is_stall": false
   },
   {
    "frame_index": 298,
    "frame_start_symtime": 3675234,
    "n_samples_in_frame": 9282,
    "longest_run_symbols": 5,
    "stall_start_tref": 3197,
    "stall_end_tref": 3201,
    "stall_start_data_relative": 3184,
    "run_value_IQ": [
     5736,
     5736
    ],
    "stall_end_coincides_with_frame_end": false,
    "is_stall": false
   },
   {
    "frame_index": 299,
    "frame_start_symtime": 3687567,
    "n_samples_in_frame": 9357,
    "longest_run_symbols": 5,
    "stall_start_tref": 3197,
    "stall_end_tref": 3201,
    "stall_start_data_relative": 3184,
    "run_value_IQ": [
     5736,
     5736
    ],
    "stall_end_coincides_with_frame_end": false,
    "is_stall": false
   },
   {
    "frame_index": 300,
    "frame_start_symtime": 3699900,
    "n_samples_in_frame": 9262,
    "longest_run_symbols": 5,
    "stall_start_tref": 5621,
    "stall_end_tref": 5625,
    "stall_start_data_relative": 5608,
    "run_value_IQ": [
     5736,
     -5737
    ],
    "stall_end_coincides_with_frame_end": false,
    "is_stall": false
   },
   {
    "frame_index": 301,
    "frame_start_symtime": 3712233,
    "n_samples_in_frame": 4578,
    "longest_run_symbols": 5,
    "stall_start_tref": 3197,
    "stall_end_tref": 3201,
    "stall_start_data_relative": 3184,
    "run_value_IQ": [
     5736,
     5736
    ],
    "stall_end_coincides_with_frame_end": false,
    "is_stall": false
   },
   {
    "frame_index": 302,
    "frame_start_symtime": 3724566,
    "n_samples_in_frame": 8778,
    "longest_run_symbols": 5,
    "stall_start_tref": 3197,
    "stall_end_tref": 3201,
    "stall_start_data_relative": 3184,
    "run_value_IQ": [
     5736,
     5736
    ],
    "stall_end_coincides_with_frame_end": false,
    "is_stall": false
   },
   {
    "frame_index": 303,
    "frame_start_symtime": 3736899,
    "n_samples_in_frame": 9156,
    "longest_run_symbols": 5,
    "stall_start_tref": 3197,
    "stall_end_tref": 3201,
    "stall_start_data_relative": 3184,
    "run_value_IQ": [
     5736,
     5736
    ],
    "stall_end_coincides_with_frame_end": false,
    "is_stall": false
   },
   {
    "frame_index": 304,
    "frame_start_symtime": 3749232,
    "n_samples_in_frame": 9414,
    "longest_run_symbols": 5,
    "stall_start_tref": 5621,
    "stall_end_tref": 5625,
    "stall_start_data_relative": 5608,
    "run_value_IQ": [
     5736,
     -5737
    ],
    "stall_end_coincides_with_frame_end": false,
    "is_stall": false
   },
   {
    "frame_index": 305,
    "frame_start_symtime": 3761565,
    "n_samples_in_frame": 9359,
    "longest_run_symbols": 5,
    "stall_start_tref": 3197,
    "stall_end_tref": 3201,
    "stall_start_data_relative": 3184,
    "run_value_IQ": [
     5736,
     5736
    ],
    "stall_end_coincides_with_frame_end": false,
    "is_stall": false
   },
   {
    "frame_index": 306,
    "frame_start_symtime": 3773898,
    "n_samples_in_frame": 9430,
    "longest_run_symbols": 5,
    "stall_start_tref": 3197,
    "stall_end_tref": 3201,
    "stall_start_data_relative": 3184,
    "run_value_IQ": [
     5736,
     5736
    ],
    "stall_end_coincides_with_frame_end": false,
    "is_stall": false
   },
   {
    "frame_index": 307,
    "frame_start_symtime": 3786231,
    "n_samples_in_frame": 8490,
    "longest_run_symbols": 5,
    "stall_start_tref": 3197,
    "stall_end_tref": 3201,
    "stall_start_data_relative": 3184,
    "run_value_IQ": [
     5736,
     5736
    ],
    "stall_end_coincides_with_frame_end": false,
    "is_stall": false
   },
   {
    "frame_index": 308,
    "frame_start_symtime": 3798564,
    "n_samples_in_frame": 9256,
    "longest_run_symbols": 5,
    "stall_start_tref": 3197,
    "stall_end_tref": 3201,
    "stall_start_data_relative": 3184,
    "run_value_IQ": [
     5736,
     5736
    ],
    "stall_end_coincides_with_frame_end": false,
    "is_stall": false
   },
   {
    "frame_index": 309,
    "frame_start_symtime": 3810897,
    "n_samples_in_frame": 9370,
    "longest_run_symbols": 5,
    "stall_start_tref": 5621,
    "stall_end_tref": 5625,
    "stall_start_data_relative": 5608,
    "run_value_IQ": [
     5736,
     -5737
    ],
    "stall_end_coincides_with_frame_end": false,
    "is_stall": false
   },
   {
    "frame_index": 310,
    "frame_start_symtime": 3823230,
    "n_samples_in_frame": 9331,
    "longest_run_symbols": 5,
    "stall_start_tref": 5621,
    "stall_end_tref": 5625,
    "stall_start_data_relative": 5608,
    "run_value_IQ": [
     5736,
     -5737
    ],
    "stall_end_coincides_with_frame_end": false,
    "is_stall": false
   },
   {
    "frame_index": 311,
    "frame_start_symtime": 3835563,
    "n_samples_in_frame": 9419,
    "longest_run_symbols": 5,
    "stall_start_tref": 3197,
    "stall_end_tref": 3201,
    "stall_start_data_relative": 3184,
    "run_value_IQ": [
     5736,
     5736
    ],
    "stall_end_coincides_with_frame_end": false,
    "is_stall": false
   },
   {
    "frame_index": 312,
    "frame_start_symtime": 3847896,
    "n_samples_in_frame": 8377,
    "longest_run_symbols": 5,
    "stall_start_tref": 3197,
    "stall_end_tref": 3201,
    "stall_start_data_relative": 3184,
    "run_value_IQ": [
     5736,
     5736
    ],
    "stall_end_coincides_with_frame_end": false,
    "is_stall": false
   },
   {
    "frame_index": 313,
    "frame_start_symtime": 3860229,
    "n_samples_in_frame": 9461,
    "longest_run_symbols": 5,
    "stall_start_tref": 5621,
    "stall_end_tref": 5625,
    "stall_start_data_relative": 5608,
    "run_value_IQ": [
     5736,
     -5737
    ],
    "stall_end_coincides_with_frame_end": false,
    "is_stall": false
   },
   {
    "frame_index": 314,
    "frame_start_symtime": 3872562,
    "n_samples_in_frame": 9298,
    "longest_run_symbols": 5,
    "stall_start_tref": 3197,
    "stall_end_tref": 3201,
    "stall_start_data_relative": 3184,
    "run_value_IQ": [
     5736,
     5736
    ],
    "stall_end_coincides_with_frame_end": false,
    "is_stall": false
   },
   {
    "frame_index": 315,
    "frame_start_symtime": 3884895,
    "n_samples_in_frame": 9375,
    "longest_run_symbols": 5,
    "stall_start_tref": 5621,
    "stall_end_tref": 5625,
    "stall_start_data_relative": 5608,
    "run_value_IQ": [
     5736,
     -5737
    ],
    "stall_end_coincides_with_frame_end": false,
    "is_stall": false
   },
   {
    "frame_index": 316,
    "frame_start_symtime": 3897228,
    "n_samples_in_frame": 9367,
    "longest_run_symbols": 5,
    "stall_start_tref": 5621,
    "stall_end_tref": 5625,
    "stall_start_data_relative": 5608,
    "run_value_IQ": [
     5736,
     -5737
    ],
    "stall_end_coincides_with_frame_end": false,
    "is_stall": false
   },
   {
    "frame_index": 317,
    "frame_start_symtime": 3909561,
    "n_samples_in_frame": 8531,
    "longest_run_symbols": 5,
    "stall_start_tref": 3197,
    "stall_end_tref": 3201,
    "stall_start_data_relative": 3184,
    "run_value_IQ": [
     5736,
     5736
    ],
    "stall_end_coincides_with_frame_end": false,
    "is_stall": false
   },
   {
    "frame_index": 318,
    "frame_start_symtime": 3921894,
    "n_samples_in_frame": 9385,
    "longest_run_symbols": 5,
    "stall_start_tref": 5621,
    "stall_end_tref": 5625,
    "stall_start_data_relative": 5608,
    "run_value_IQ": [
     5736,
     -5737
    ],
    "stall_end_coincides_with_frame_end": false,
    "is_stall": false
   },
   {
    "frame_index": 319,
    "frame_start_symtime": 3934227,
    "n_samples_in_frame": 9371,
    "longest_run_symbols": 5,
    "stall_start_tref": 3197,
    "stall_end_tref": 3201,
    "stall_start_data_relative": 3184,
    "run_value_IQ": [
     5736,
     5736
    ],
    "stall_end_coincides_with_frame_end": false,
    "is_stall": false
   },
   {
    "frame_index": 320,
    "frame_start_symtime": 3946560,
    "n_samples_in_frame": 9267,
    "longest_run_symbols": 5,
    "stall_start_tref": 3197,
    "stall_end_tref": 3201,
    "stall_start_data_relative": 3184,
    "run_value_IQ": [
     5736,
     5736
    ],
    "stall_end_coincides_with_frame_end": false,
    "is_stall": false
   },
   {
    "frame_index": 321,
    "frame_start_symtime": 3958893,
    "n_samples_in_frame": 9293,
    "longest_run_symbols": 5,
    "stall_start_tref": 3197,
    "stall_end_tref": 3201,
    "stall_start_data_relative": 3184,
    "run_value_IQ": [
     5736,
     5736
    ],
    "stall_end_coincides_with_frame_end": false,
    "is_stall": false
   },
   {
    "frame_index": 322,
    "frame_start_symtime": 3971226,
    "n_samples_in_frame": 8469,
    "longest_run_symbols": 5,
    "stall_start_tref": 5621,
    "stall_end_tref": 5625,
    "stall_start_data_relative": 5608,
    "run_value_IQ": [
     5736,
     -5737
    ],
    "stall_end_coincides_with_frame_end": false,
    "is_stall": false
   },
   {
    "frame_index": 323,
    "frame_start_symtime": 3983559,
    "n_samples_in_frame": 9128,
    "longest_run_symbols": 5,
    "stall_start_tref": 3197,
    "stall_end_tref": 3201,
    "stall_start_data_relative": 3184,
    "run_value_IQ": [
     5736,
     5736
    ],
    "stall_end_coincides_with_frame_end": false,
    "is_stall": false
   },
   {
    "frame_index": 324,
    "frame_start_symtime": 3995892,
    "n_samples_in_frame": 9345,
    "longest_run_symbols": 5,
    "stall_start_tref": 3197,
    "stall_end_tref": 3201,
    "stall_start_data_relative": 3184,
    "run_value_IQ": [
     5736,
     5736
    ],
    "stall_end_coincides_with_frame_end": false,
    "is_stall": false
   },
   {
    "frame_index": 325,
    "frame_start_symtime": 4008225,
    "n_samples_in_frame": 9347,
    "longest_run_symbols": 5,
    "stall_start_tref": 3197,
    "stall_end_tref": 3201,
    "stall_start_data_relative": 3184,
    "run_value_IQ": [
     5736,
     5736
    ],
    "stall_end_coincides_with_frame_end": false,
    "is_stall": false
   },
   {
    "frame_index": 326,
    "frame_start_symtime": 4020558,
    "n_samples_in_frame": 9246,
    "longest_run_symbols": 5,
    "stall_start_tref": 3197,
    "stall_end_tref": 3201,
    "stall_start_data_relative": 3184,
    "run_value_IQ": [
     5736,
     5736
    ],
    "stall_end_coincides_with_frame_end": false,
    "is_stall": false
   },
   {
    "frame_index": 327,
    "frame_start_symtime": 4032891,
    "n_samples_in_frame": 8660,
    "longest_run_symbols": 5,
    "stall_start_tref": 5621,
    "stall_end_tref": 5625,
    "stall_start_data_relative": 5608,
    "run_value_IQ": [
     5736,
     -5737
    ],
    "stall_end_coincides_with_frame_end": false,
    "is_stall": false
   },
   {
    "frame_index": 328,
    "frame_start_symtime": 4045224,
    "n_samples_in_frame": 9216,
    "longest_run_symbols": 5,
    "stall_start_tref": 3197,
    "stall_end_tref": 3201,
    "stall_start_data_relative": 3184,
    "run_value_IQ": [
     5736,
     5736
    ],
    "stall_end_coincides_with_frame_end": false,
    "is_stall": false
   },
   {
    "frame_index": 329,
    "frame_start_symtime": 4057557,
    "n_samples_in_frame": 9473,
    "longest_run_symbols": 5,
    "stall_start_tref": 3197,
    "stall_end_tref": 3201,
    "stall_start_data_relative": 3184,
    "run_value_IQ": [
     5736,
     5736
    ],
    "stall_end_coincides_with_frame_end": false,
    "is_stall": false
   },
   {
    "frame_index": 330,
    "frame_start_symtime": 4069890,
    "n_samples_in_frame": 4572,
    "longest_run_symbols": 5,
    "stall_start_tref": 7018,
    "stall_end_tref": 7022,
    "stall_start_data_relative": 7005,
    "run_value_IQ": [
     5736,
     -5737
    ],
    "stall_end_coincides_with_frame_end": false,
    "is_stall": false
   },
   {
    "frame_index": 331,
    "frame_start_symtime": 4082223,
    "n_samples_in_frame": 9430,
    "longest_run_symbols": 5,
    "stall_start_tref": 3197,
    "stall_end_tref": 3201,
    "stall_start_data_relative": 3184,
    "run_value_IQ": [
     5736,
     5736
    ],
    "stall_end_coincides_with_frame_end": false,
    "is_stall": false
   },
   {
    "frame_index": 332,
    "frame_start_symtime": 4094556,
    "n_samples_in_frame": 8742,
    "longest_run_symbols": 5,
    "stall_start_tref": 3197,
    "stall_end_tref": 3201,
    "stall_start_data_relative": 3184,
    "run_value_IQ": [
     5736,
     5736
    ],
    "stall_end_coincides_with_frame_end": false,
    "is_stall": false
   },
   {
    "frame_index": 333,
    "frame_start_symtime": 4106889,
    "n_samples_in_frame": 9255,
    "longest_run_symbols": 5,
    "stall_start_tref": 3197,
    "stall_end_tref": 3201,
    "stall_start_data_relative": 3184,
    "run_value_IQ": [
     5736,
     5736
    ],
    "stall_end_coincides_with_frame_end": false,
    "is_stall": false
   },
   {
    "frame_index": 334,
    "frame_start_symtime": 4119222,
    "n_samples_in_frame": 9355,
    "longest_run_symbols": 5,
    "stall_start_tref": 3197,
    "stall_end_tref": 3201,
    "stall_start_data_relative": 3184,
    "run_value_IQ": [
     5736,
     5736
    ],
    "stall_end_coincides_with_frame_end": false,
    "is_stall": false
   },
   {
    "frame_index": 335,
    "frame_start_symtime": 4131555,
    "n_samples_in_frame": 9453,
    "longest_run_symbols": 5,
    "stall_start_tref": 5621,
    "stall_end_tref": 5625,
    "stall_start_data_relative": 5608,
    "run_value_IQ": [
     5736,
     -5737
    ],
    "stall_end_coincides_with_frame_end": false,
    "is_stall": false
   },
   {
    "frame_index": 336,
    "frame_start_symtime": 4143888,
    "n_samples_in_frame": 9314,
    "longest_run_symbols": 5,
    "stall_start_tref": 3197,
    "stall_end_tref": 3201,
    "stall_start_data_relative": 3184,
    "run_value_IQ": [
     5736,
     5736
    ],
    "stall_end_coincides_with_frame_end": false,
    "is_stall": false
   },
   {
    "frame_index": 337,
    "frame_start_symtime": 4156221,
    "n_samples_in_frame": 8617,
    "longest_run_symbols": 5,
    "stall_start_tref": 3197,
    "stall_end_tref": 3201,
    "stall_start_data_relative": 3184,
    "run_value_IQ": [
     5736,
     5736
    ],
    "stall_end_coincides_with_frame_end": false,
    "is_stall": false
   },
   {
    "frame_index": 338,
    "frame_start_symtime": 4168554,
    "n_samples_in_frame": 9341,
    "longest_run_symbols": 5,
    "stall_start_tref": 3197,
    "stall_end_tref": 3201,
    "stall_start_data_relative": 3184,
    "run_value_IQ": [
     5736,
     5736
    ],
    "stall_end_coincides_with_frame_end": false,
    "is_stall": false
   },
   {
    "frame_index": 339,
    "frame_start_symtime": 4180887,
    "n_samples_in_frame": 9281,
    "longest_run_symbols": 5,
    "stall_start_tref": 3197,
    "stall_end_tref": 3201,
    "stall_start_data_relative": 3184,
    "run_value_IQ": [
     5736,
     5736
    ],
    "stall_end_coincides_with_frame_end": false,
    "is_stall": false
   },
   {
    "frame_index": 340,
    "frame_start_symtime": 4193220,
    "n_samples_in_frame": 9319,
    "longest_run_symbols": 5,
    "stall_start_tref": 3197,
    "stall_end_tref": 3201,
    "stall_start_data_relative": 3184,
    "run_value_IQ": [
     5736,
     5736
    ],
    "stall_end_coincides_with_frame_end": false,
    "is_stall": false
   },
   {
    "frame_index": 341,
    "frame_start_symtime": 4205553,
    "n_samples_in_frame": 9384,
    "longest_run_symbols": 5,
    "stall_start_tref": 3197,
    "stall_end_tref": 3201,
    "stall_start_data_relative": 3184,
    "run_value_IQ": [
     5736,
     5736
    ],
    "stall_end_coincides_with_frame_end": false,
    "is_stall": false
   },
   {
    "frame_index": 342,
    "frame_start_symtime": 4217886,
    "n_samples_in_frame": 13111,
    "longest_run_symbols": 9,
    "stall_start_tref": 7018,
    "stall_end_tref": 7022,
    "stall_start_data_relative": 7005,
    "run_value_IQ": [
     5736,
     -5737
    ],
    "stall_end_coincides_with_frame_end": false,
    "is_stall": false
   },
   {
    "frame_index": 343,
    "frame_start_symtime": 4230219,
    "n_samples_in_frame": 9274,
    "longest_run_symbols": 5,
    "stall_start_tref": 5621,
    "stall_end_tref": 5625,
    "stall_start_data_relative": 5608,
    "run_value_IQ": [
     5736,
     -5737
    ],
    "stall_end_coincides_with_frame_end": false,
    "is_stall": false
   },
   {
    "frame_index": 344,
    "frame_start_symtime": 4242552,
    "n_samples_in_frame": 9330,
    "longest_run_symbols": 5,
    "stall_start_tref": 3197,
    "stall_end_tref": 3201,
    "stall_start_data_relative": 3184,
    "run_value_IQ": [
     5736,
     5736
    ],
    "stall_end_coincides_with_frame_end": false,
    "is_stall": false
   },
   {
    "frame_index": 345,
    "frame_start_symtime": 4254885,
    "n_samples_in_frame": 9364,
    "longest_run_symbols": 5,
    "stall_start_tref": 3197,
    "stall_end_tref": 3201,
    "stall_start_data_relative": 3184,
    "run_value_IQ": [
     5736,
     5736
    ],
    "stall_end_coincides_with_frame_end": false,
    "is_stall": false
   },
   {
    "frame_index": 346,
    "frame_start_symtime": 4267218,
    "n_samples_in_frame": 8566,
    "longest_run_symbols": 5,
    "stall_start_tref": 3197,
    "stall_end_tref": 3201,
    "stall_start_data_relative": 3184,
    "run_value_IQ": [
     5736,
     5736
    ],
    "stall_end_coincides_with_frame_end": false,
    "is_stall": false
   },
   {
    "frame_index": 347,
    "frame_start_symtime": 4279551,
    "n_samples_in_frame": 9378,
    "longest_run_symbols": 5,
    "stall_start_tref": 3197,
    "stall_end_tref": 3201,
    "stall_start_data_relative": 3184,
    "run_value_IQ": [
     5736,
     5736
    ],
    "stall_end_coincides_with_frame_end": false,
    "is_stall": false
   },
   {
    "frame_index": 348,
    "frame_start_symtime": 4291884,
    "n_samples_in_frame": 9149,
    "longest_run_symbols": 5,
    "stall_start_tref": 3197,
    "stall_end_tref": 3201,
    "stall_start_data_relative": 3184,
    "run_value_IQ": [
     5736,
     5736
    ],
    "stall_end_coincides_with_frame_end": false,
    "is_stall": false
   },
   {
    "frame_index": 349,
    "frame_start_symtime": 4304217,
    "n_samples_in_frame": 9310,
    "longest_run_symbols": 5,
    "stall_start_tref": 3197,
    "stall_end_tref": 3201,
    "stall_start_data_relative": 3184,
    "run_value_IQ": [
     5736,
     5736
    ],
    "stall_end_coincides_with_frame_end": false,
    "is_stall": false
   },
   {
    "frame_index": 350,
    "frame_start_symtime": 4316550,
    "n_samples_in_frame": 9249,
    "longest_run_symbols": 5,
    "stall_start_tref": 3197,
    "stall_end_tref": 3201,
    "stall_start_data_relative": 3184,
    "run_value_IQ": [
     5736,
     5736
    ],
    "stall_end_coincides_with_frame_end": false,
    "is_stall": false
   },
   {
    "frame_index": 351,
    "frame_start_symtime": 4328883,
    "n_samples_in_frame": 8677,
    "longest_run_symbols": 5,
    "stall_start_tref": 3197,
    "stall_end_tref": 3201,
    "stall_start_data_relative": 3184,
    "run_value_IQ": [
     5736,
     5736
    ],
    "stall_end_coincides_with_frame_end": false,
    "is_stall": false
   },
   {
    "frame_index": 352,
    "frame_start_symtime": 4341216,
    "n_samples_in_frame": 9216,
    "longest_run_symbols": 5,
    "stall_start_tref": 3197,
    "stall_end_tref": 3201,
    "stall_start_data_relative": 3184,
    "run_value_IQ": [
     5736,
     5736
    ],
    "stall_end_coincides_with_frame_end": false,
    "is_stall": false
   },
   {
    "frame_index": 353,
    "frame_start_symtime": 4353549,
    "n_samples_in_frame": 9376,
    "longest_run_symbols": 5,
    "stall_start_tref": 3197,
    "stall_end_tref": 3201,
    "stall_start_data_relative": 3184,
    "run_value_IQ": [
     5736,
     5736
    ],
    "stall_end_coincides_with_frame_end": false,
    "is_stall": false
   },
   {
    "frame_index": 354,
    "frame_start_symtime": 4365882,
    "n_samples_in_frame": 9348,
    "longest_run_symbols": 5,
    "stall_start_tref": 5621,
    "stall_end_tref": 5625,
    "stall_start_data_relative": 5608,
    "run_value_IQ": [
     5736,
     -5737
    ],
    "stall_end_coincides_with_frame_end": false,
    "is_stall": false
   },
   {
    "frame_index": 355,
    "frame_start_symtime": 4378215,
    "n_samples_in_frame": 9253,
    "longest_run_symbols": 5,
    "stall_start_tref": 3197,
    "stall_end_tref": 3201,
    "stall_start_data_relative": 3184,
    "run_value_IQ": [
     5736,
     5736
    ],
    "stall_end_coincides_with_frame_end": false,
    "is_stall": false
   },
   {
    "frame_index": 356,
    "frame_start_symtime": 4390548,
    "n_samples_in_frame": 7650,
    "longest_run_symbols": 5,
    "stall_start_tref": 3197,
    "stall_end_tref": 3201,
    "stall_start_data_relative": 3184,
    "run_value_IQ": [
     5736,
     5736
    ],
    "stall_end_coincides_with_frame_end": false,
    "is_stall": false
   },
   {
    "frame_index": 357,
    "frame_start_symtime": 4402881,
    "n_samples_in_frame": 9311,
    "longest_run_symbols": 5,
    "stall_start_tref": 3197,
    "stall_end_tref": 3201,
    "stall_start_data_relative": 3184,
    "run_value_IQ": [
     5736,
     5736
    ],
    "stall_end_coincides_with_frame_end": false,
    "is_stall": false
   },
   {
    "frame_index": 358,
    "frame_start_symtime": 4415214,
    "n_samples_in_frame": 4517,
    "longest_run_symbols": 5,
    "stall_start_tref": 3197,
    "stall_end_tref": 3201,
    "stall_start_data_relative": 3184,
    "run_value_IQ": [
     5736,
     5736
    ],
    "stall_end_coincides_with_frame_end": false,
    "is_stall": false
   },
   {
    "frame_index": 359,
    "frame_start_symtime": 4427547,
    "n_samples_in_frame": 9425,
    "longest_run_symbols": 5,
    "stall_start_tref": 3197,
    "stall_end_tref": 3201,
    "stall_start_data_relative": 3184,
    "run_value_IQ": [
     5736,
     5736
    ],
    "stall_end_coincides_with_frame_end": false,
    "is_stall": false
   },
   {
    "frame_index": 360,
    "frame_start_symtime": 4439880,
    "n_samples_in_frame": 9216,
    "longest_run_symbols": 5,
    "stall_start_tref": 3197,
    "stall_end_tref": 3201,
    "stall_start_data_relative": 3184,
    "run_value_IQ": [
     5736,
     5736
    ],
    "stall_end_coincides_with_frame_end": false,
    "is_stall": false
   },
   {
    "frame_index": 361,
    "frame_start_symtime": 4452213,
    "n_samples_in_frame": 8752,
    "longest_run_symbols": 5,
    "stall_start_tref": 5621,
    "stall_end_tref": 5625,
    "stall_start_data_relative": 5608,
    "run_value_IQ": [
     5736,
     -5737
    ],
    "stall_end_coincides_with_frame_end": false,
    "is_stall": false
   },
   {
    "frame_index": 362,
    "frame_start_symtime": 4464546,
    "n_samples_in_frame": 9402,
    "longest_run_symbols": 5,
    "stall_start_tref": 5621,
    "stall_end_tref": 5625,
    "stall_start_data_relative": 5608,
    "run_value_IQ": [
     5736,
     -5737
    ],
    "stall_end_coincides_with_frame_end": false,
    "is_stall": false
   },
   {
    "frame_index": 363,
    "frame_start_symtime": 4476879,
    "n_samples_in_frame": 9284,
    "longest_run_symbols": 5,
    "stall_start_tref": 5621,
    "stall_end_tref": 5625,
    "stall_start_data_relative": 5608,
    "run_value_IQ": [
     5736,
     -5737
    ],
    "stall_end_coincides_with_frame_end": false,
    "is_stall": false
   },
   {
    "frame_index": 364,
    "frame_start_symtime": 4489212,
    "n_samples_in_frame": 9356,
    "longest_run_symbols": 5,
    "stall_start_tref": 3197,
    "stall_end_tref": 3201,
    "stall_start_data_relative": 3184,
    "run_value_IQ": [
     5736,
     5736
    ],
    "stall_end_coincides_with_frame_end": false,
    "is_stall": false
   },
   {
    "frame_index": 365,
    "frame_start_symtime": 4501545,
    "n_samples_in_frame": 9286,
    "longest_run_symbols": 5,
    "stall_start_tref": 3197,
    "stall_end_tref": 3201,
    "stall_start_data_relative": 3184,
    "run_value_IQ": [
     5736,
     5736
    ],
    "stall_end_coincides_with_frame_end": false,
    "is_stall": false
   },
   {
    "frame_index": 366,
    "frame_start_symtime": 4513878,
    "n_samples_in_frame": 6656,
    "longest_run_symbols": 5,
    "stall_start_tref": 3197,
    "stall_end_tref": 3201,
    "stall_start_data_relative": 3184,
    "run_value_IQ": [
     5736,
     5736
    ],
    "stall_end_coincides_with_frame_end": false,
    "is_stall": false
   },
   {
    "frame_index": 367,
    "frame_start_symtime": 4526211,
    "n_samples_in_frame": 8963,
    "longest_run_symbols": 5,
    "stall_start_tref": 5621,
    "stall_end_tref": 5625,
    "stall_start_data_relative": 5608,
    "run_value_IQ": [
     5736,
     -5737
    ],
    "stall_end_coincides_with_frame_end": false,
    "is_stall": false
   },
   {
    "frame_index": 368,
    "frame_start_symtime": 4538544,
    "n_samples_in_frame": 9314,
    "longest_run_symbols": 5,
    "stall_start_tref": 3197,
    "stall_end_tref": 3201,
    "stall_start_data_relative": 3184,
    "run_value_IQ": [
     5736,
     5736
    ],
    "stall_end_coincides_with_frame_end": false,
    "is_stall": false
   },
   {
    "frame_index": 369,
    "frame_start_symtime": 4550877,
    "n_samples_in_frame": 9411,
    "longest_run_symbols": 5,
    "stall_start_tref": 3197,
    "stall_end_tref": 3201,
    "stall_start_data_relative": 3184,
    "run_value_IQ": [
     5736,
     5736
    ],
    "stall_end_coincides_with_frame_end": false,
    "is_stall": false
   },
   {
    "frame_index": 370,
    "frame_start_symtime": 4563210,
    "n_samples_in_frame": 9496,
    "longest_run_symbols": 5,
    "stall_start_tref": 5621,
    "stall_end_tref": 5625,
    "stall_start_data_relative": 5608,
    "run_value_IQ": [
     5736,
     -5737
    ],
    "stall_end_coincides_with_frame_end": false,
    "is_stall": false
   },
   {
    "frame_index": 371,
    "frame_start_symtime": 4575543,
    "n_samples_in_frame": 8477,
    "longest_run_symbols": 5,
    "stall_start_tref": 3197,
    "stall_end_tref": 3201,
    "stall_start_data_relative": 3184,
    "run_value_IQ": [
     5736,
     5736
    ],
    "stall_end_coincides_with_frame_end": false,
    "is_stall": false
   },
   {
    "frame_index": 372,
    "frame_start_symtime": 4587876,
    "n_samples_in_frame": 9415,
    "longest_run_symbols": 5,
    "stall_start_tref": 5621,
    "stall_end_tref": 5625,
    "stall_start_data_relative": 5608,
    "run_value_IQ": [
     5736,
     -5737
    ],
    "stall_end_coincides_with_frame_end": false,
    "is_stall": false
   },
   {
    "frame_index": 373,
    "frame_start_symtime": 4600209,
    "n_samples_in_frame": 9133,
    "longest_run_symbols": 5,
    "stall_start_tref": 3197,
    "stall_end_tref": 3201,
    "stall_start_data_relative": 3184,
    "run_value_IQ": [
     5736,
     5736
    ],
    "stall_end_coincides_with_frame_end": false,
    "is_stall": false
   },
   {
    "frame_index": 374,
    "frame_start_symtime": 4612542,
    "n_samples_in_frame": 9488,
    "longest_run_symbols": 5,
    "stall_start_tref": 3197,
    "stall_end_tref": 3201,
    "stall_start_data_relative": 3184,
    "run_value_IQ": [
     5736,
     5736
    ],
    "stall_end_coincides_with_frame_end": false,
    "is_stall": false
   },
   {
    "frame_index": 375,
    "frame_start_symtime": 4624875,
    "n_samples_in_frame": 9233,
    "longest_run_symbols": 5,
    "stall_start_tref": 3197,
    "stall_end_tref": 3201,
    "stall_start_data_relative": 3184,
    "run_value_IQ": [
     5736,
     5736
    ],
    "stall_end_coincides_with_frame_end": false,
    "is_stall": false
   },
   {
    "frame_index": 376,
    "frame_start_symtime": 4637208,
    "n_samples_in_frame": 8718,
    "longest_run_symbols": 5,
    "stall_start_tref": 3197,
    "stall_end_tref": 3201,
    "stall_start_data_relative": 3184,
    "run_value_IQ": [
     5736,
     5736
    ],
    "stall_end_coincides_with_frame_end": false,
    "is_stall": false
   },
   {
    "frame_index": 377,
    "frame_start_symtime": 4649541,
    "n_samples_in_frame": 9216,
    "longest_run_symbols": 5,
    "stall_start_tref": 3197,
    "stall_end_tref": 3201,
    "stall_start_data_relative": 3184,
    "run_value_IQ": [
     5736,
     5736
    ],
    "stall_end_coincides_with_frame_end": false,
    "is_stall": false
   },
   {
    "frame_index": 378,
    "frame_start_symtime": 4661874,
    "n_samples_in_frame": 2273,
    "longest_run_symbols": 4,
    "stall_start_tref": 10980,
    "stall_end_tref": 10983,
    "stall_start_data_relative": 10967,
    "run_value_IQ": [
     -5737,
     -5737
    ],
    "stall_end_coincides_with_frame_end": false,
    "is_stall": false
   },
   {
    "frame_index": 379,
    "frame_start_symtime": 4674207,
    "n_samples_in_frame": 9441,
    "longest_run_symbols": 5,
    "stall_start_tref": 3197,
    "stall_end_tref": 3201,
    "stall_start_data_relative": 3184,
    "run_value_IQ": [
     5736,
     5736
    ],
    "stall_end_coincides_with_frame_end": false,
    "is_stall": false
   },
   {
    "frame_index": 380,
    "frame_start_symtime": 4686540,
    "n_samples_in_frame": 9267,
    "longest_run_symbols": 5,
    "stall_start_tref": 3197,
    "stall_end_tref": 3201,
    "stall_start_data_relative": 3184,
    "run_value_IQ": [
     5736,
     5736
    ],
    "stall_end_coincides_with_frame_end": false,
    "is_stall": false
   },
   {
    "frame_index": 381,
    "frame_start_symtime": 4698873,
    "n_samples_in_frame": 8194,
    "longest_run_symbols": 5,
    "stall_start_tref": 3197,
    "stall_end_tref": 3201,
    "stall_start_data_relative": 3184,
    "run_value_IQ": [
     5736,
     5736
    ],
    "stall_end_coincides_with_frame_end": false,
    "is_stall": false
   },
   {
    "frame_index": 382,
    "frame_start_symtime": 4711206,
    "n_samples_in_frame": 9312,
    "longest_run_symbols": 5,
    "stall_start_tref": 3197,
    "stall_end_tref": 3201,
    "stall_start_data_relative": 3184,
    "run_value_IQ": [
     5736,
     5736
    ],
    "stall_end_coincides_with_frame_end": false,
    "is_stall": false
   },
   {
    "frame_index": 383,
    "frame_start_symtime": 4723539,
    "n_samples_in_frame": 9501,
    "longest_run_symbols": 5,
    "stall_start_tref": 5621,
    "stall_end_tref": 5625,
    "stall_start_data_relative": 5608,
    "run_value_IQ": [
     5736,
     -5737
    ],
    "stall_end_coincides_with_frame_end": false,
    "is_stall": false
   },
   {
    "frame_index": 384,
    "frame_start_symtime": 4735872,
    "n_samples_in_frame": 9356,
    "longest_run_symbols": 5,
    "stall_start_tref": 3197,
    "stall_end_tref": 3201,
    "stall_start_data_relative": 3184,
    "run_value_IQ": [
     5736,
     5736
    ],
    "stall_end_coincides_with_frame_end": false,
    "is_stall": false
   },
   {
    "frame_index": 385,
    "frame_start_symtime": 4748205,
    "n_samples_in_frame": 9300,
    "longest_run_symbols": 5,
    "stall_start_tref": 3197,
    "stall_end_tref": 3201,
    "stall_start_data_relative": 3184,
    "run_value_IQ": [
     5736,
     5736
    ],
    "stall_end_coincides_with_frame_end": false,
    "is_stall": false
   },
   {
    "frame_index": 386,
    "frame_start_symtime": 4760538,
    "n_samples_in_frame": 8620,
    "longest_run_symbols": 5,
    "stall_start_tref": 5621,
    "stall_end_tref": 5625,
    "stall_start_data_relative": 5608,
    "run_value_IQ": [
     5736,
     -5737
    ],
    "stall_end_coincides_with_frame_end": false,
    "is_stall": false
   },
   {
    "frame_index": 387,
    "frame_start_symtime": 4772871,
    "n_samples_in_frame": 14084,
    "longest_run_symbols": 9,
    "stall_start_tref": 5621,
    "stall_end_tref": 5625,
    "stall_start_data_relative": 5608,
    "run_value_IQ": [
     5736,
     -5737
    ],
    "stall_end_coincides_with_frame_end": false,
    "is_stall": false
   },
   {
    "frame_index": 388,
    "frame_start_symtime": 4785204,
    "n_samples_in_frame": 9468,
    "longest_run_symbols": 5,
    "stall_start_tref": 3197,
    "stall_end_tref": 3201,
    "stall_start_data_relative": 3184,
    "run_value_IQ": [
     5736,
     5736
    ],
    "stall_end_coincides_with_frame_end": false,
    "is_stall": false
   },
   {
    "frame_index": 389,
    "frame_start_symtime": 4797537,
    "n_samples_in_frame": 9242,
    "longest_run_symbols": 5,
    "stall_start_tref": 3197,
    "stall_end_tref": 3201,
    "stall_start_data_relative": 3184,
    "run_value_IQ": [
     5736,
     5736
    ],
    "stall_end_coincides_with_frame_end": false,
    "is_stall": false
   },
   {
    "frame_index": 390,
    "frame_start_symtime": 4809870,
    "n_samples_in_frame": 8693,
    "longest_run_symbols": 5,
    "stall_start_tref": 5621,
    "stall_end_tref": 5625,
    "stall_start_data_relative": 5608,
    "run_value_IQ": [
     5736,
     -5737
    ],
    "stall_end_coincides_with_frame_end": false,
    "is_stall": false
   },
   {
    "frame_index": 391,
    "frame_start_symtime": 4822203,
    "n_samples_in_frame": 9388,
    "longest_run_symbols": 5,
    "stall_start_tref": 5621,
    "stall_end_tref": 5625,
    "stall_start_data_relative": 5608,
    "run_value_IQ": [
     5736,
     -5737
    ],
    "stall_end_coincides_with_frame_end": false,
    "is_stall": false
   },
   {
    "frame_index": 392,
    "frame_start_symtime": 4834536,
    "n_samples_in_frame": 9300,
    "longest_run_symbols": 5,
    "stall_start_tref": 5621,
    "stall_end_tref": 5625,
    "stall_start_data_relative": 5608,
    "run_value_IQ": [
     5736,
     -5737
    ],
    "stall_end_coincides_with_frame_end": false,
    "is_stall": false
   },
   {
    "frame_index": 393,
    "frame_start_symtime": 4846869,
    "n_samples_in_frame": 9415,
    "longest_run_symbols": 5,
    "stall_start_tref": 3197,
    "stall_end_tref": 3201,
    "stall_start_data_relative": 3184,
    "run_value_IQ": [
     5736,
     5736
    ],
    "stall_end_coincides_with_frame_end": false,
    "is_stall": false
   },
   {
    "frame_index": 394,
    "frame_start_symtime": 4859202,
    "n_samples_in_frame": 9258,
    "longest_run_symbols": 5,
    "stall_start_tref": 3197,
    "stall_end_tref": 3201,
    "stall_start_data_relative": 3184,
    "run_value_IQ": [
     5736,
     5736
    ],
    "stall_end_coincides_with_frame_end": false,
    "is_stall": false
   },
   {
    "frame_index": 395,
    "frame_start_symtime": 4871535,
    "n_samples_in_frame": 8679,
    "longest_run_symbols": 4,
    "stall_start_tref": 1495,
    "stall_end_tref": 1498,
    "stall_start_data_relative": 1482,
    "run_value_IQ": [
     5736,
     -5737
    ],
    "stall_end_coincides_with_frame_end": false,
    "is_stall": false
   },
   {
    "frame_index": 396,
    "frame_start_symtime": 4883868,
    "n_samples_in_frame": 9241,
    "longest_run_symbols": 5,
    "stall_start_tref": 3197,
    "stall_end_tref": 3201,
    "stall_start_data_relative": 3184,
    "run_value_IQ": [
     5736,
     5736
    ],
    "stall_end_coincides_with_frame_end": false,
    "is_stall": false
   },
   {
    "frame_index": 397,
    "frame_start_symtime": 4896201,
    "n_samples_in_frame": 9450,
    "longest_run_symbols": 5,
    "stall_start_tref": 5621,
    "stall_end_tref": 5625,
    "stall_start_data_relative": 5608,
    "run_value_IQ": [
     5736,
     -5737
    ],
    "stall_end_coincides_with_frame_end": false,
    "is_stall": false
   },
   {
    "frame_index": 398,
    "frame_start_symtime": 4908534,
    "n_samples_in_frame": 9109,
    "longest_run_symbols": 5,
    "stall_start_tref": 3197,
    "stall_end_tref": 3201,
    "stall_start_data_relative": 3184,
    "run_value_IQ": [
     5736,
     5736
    ],
    "stall_end_coincides_with_frame_end": false,
    "is_stall": false
   },
   {
    "frame_index": 399,
    "frame_start_symtime": 4920867,
    "n_samples_in_frame": 9311,
    "longest_run_symbols": 5,
    "stall_start_tref": 5621,
    "stall_end_tref": 5625,
    "stall_start_data_relative": 5608,
    "run_value_IQ": [
     5736,
     -5737
    ],
    "stall_end_coincides_with_frame_end": false,
    "is_stall": false
   },
   {
    "frame_index": 400,
    "frame_start_symtime": 4933200,
    "n_samples_in_frame": 8691,
    "longest_run_symbols": 5,
    "stall_start_tref": 3197,
    "stall_end_tref": 3201,
    "stall_start_data_relative": 3184,
    "run_value_IQ": [
     5736,
     5736
    ],
    "stall_end_coincides_with_frame_end": false,
    "is_stall": false
   },
   {
    "frame_index": 401,
    "frame_start_symtime": 4945533,
    "n_samples_in_frame": 9423,
    "longest_run_symbols": 5,
    "stall_start_tref": 5621,
    "stall_end_tref": 5625,
    "stall_start_data_relative": 5608,
    "run_value_IQ": [
     5736,
     -5737
    ],
    "stall_end_coincides_with_frame_end": false,
    "is_stall": false
   },
   {
    "frame_index": 402,
    "frame_start_symtime": 4957866,
    "n_samples_in_frame": 9312,
    "longest_run_symbols": 5,
    "stall_start_tref": 3197,
    "stall_end_tref": 3201,
    "stall_start_data_relative": 3184,
    "run_value_IQ": [
     5736,
     5736
    ],
    "stall_end_coincides_with_frame_end": false,
    "is_stall": false
   },
   {
    "frame_index": 403,
    "frame_start_symtime": 4970199,
    "n_samples_in_frame": 9216,
    "longest_run_symbols": 5,
    "stall_start_tref": 3197,
    "stall_end_tref": 3201,
    "stall_start_data_relative": 3184,
    "run_value_IQ": [
     5736,
     5736
    ],
    "stall_end_coincides_with_frame_end": false,
    "is_stall": false
   },
   {
    "frame_index": 404,
    "frame_start_symtime": 4982532,
    "n_samples_in_frame": 9513,
    "longest_run_symbols": 5,
    "stall_start_tref": 3197,
    "stall_end_tref": 3201,
    "stall_start_data_relative": 3184,
    "run_value_IQ": [
     5736,
     5736
    ],
    "stall_end_coincides_with_frame_end": false,
    "is_stall": false
   },
   {
    "frame_index": 405,
    "frame_start_symtime": 4994865,
    "n_samples_in_frame": 8490,
    "longest_run_symbols": 5,
    "stall_start_tref": 5621,
    "stall_end_tref": 5625,
    "stall_start_data_relative": 5608,
    "run_value_IQ": [
     5736,
     -5737
    ],
    "stall_end_coincides_with_frame_end": false,
    "is_stall": false
   },
   {
    "frame_index": 406,
    "frame_start_symtime": 5007198,
    "n_samples_in_frame": 9433,
    "longest_run_symbols": 5,
    "stall_start_tref": 5621,
    "stall_end_tref": 5625,
    "stall_start_data_relative": 5608,
    "run_value_IQ": [
     5736,
     -5737
    ],
    "stall_end_coincides_with_frame_end": false,
    "is_stall": false
   },
   {
    "frame_index": 407,
    "frame_start_symtime": 5019531,
    "n_samples_in_frame": 9428,
    "longest_run_symbols": 5,
    "stall_start_tref": 3197,
    "stall_end_tref": 3201,
    "stall_start_data_relative": 3184,
    "run_value_IQ": [
     5736,
     5736
    ],
    "stall_end_coincides_with_frame_end": false,
    "is_stall": false
   },
   {
    "frame_index": 408,
    "frame_start_symtime": 5031864,
    "n_samples_in_frame": 9289,
    "longest_run_symbols": 5,
    "stall_start_tref": 3197,
    "stall_end_tref": 3201,
    "stall_start_data_relative": 3184,
    "run_value_IQ": [
     5736,
     5736
    ],
    "stall_end_coincides_with_frame_end": false,
    "is_stall": false
   },
   {
    "frame_index": 409,
    "frame_start_symtime": 5044197,
    "n_samples_in_frame": 9300,
    "longest_run_symbols": 5,
    "stall_start_tref": 5621,
    "stall_end_tref": 5625,
    "stall_start_data_relative": 5608,
    "run_value_IQ": [
     5736,
     -5737
    ],
    "stall_end_coincides_with_frame_end": false,
    "is_stall": false
   },
   {
    "frame_index": 410,
    "frame_start_symtime": 5056530,
    "n_samples_in_frame": 8574,
    "longest_run_symbols": 5,
    "stall_start_tref": 5621,
    "stall_end_tref": 5625,
    "stall_start_data_relative": 5608,
    "run_value_IQ": [
     5736,
     -5737
    ],
    "stall_end_coincides_with_frame_end": false,
    "is_stall": false
   },
   {
    "frame_index": 411,
    "frame_start_symtime": 5068863,
    "n_samples_in_frame": 9319,
    "longest_run_symbols": 5,
    "stall_start_tref": 3197,
    "stall_end_tref": 3201,
    "stall_start_data_relative": 3184,
    "run_value_IQ": [
     5736,
     5736
    ],
    "stall_end_coincides_with_frame_end": false,
    "is_stall": false
   },
   {
    "frame_index": 412,
    "frame_start_symtime": 5081196,
    "n_samples_in_frame": 9492,
    "longest_run_symbols": 5,
    "stall_start_tref": 3197,
    "stall_end_tref": 3201,
    "stall_start_data_relative": 3184,
    "run_value_IQ": [
     5736,
     5736
    ],
    "stall_end_coincides_with_frame_end": false,
    "is_stall": false
   },
   {
    "frame_index": 413,
    "frame_start_symtime": 5093529,
    "n_samples_in_frame": 9322,
    "longest_run_symbols": 5,
    "stall_start_tref": 3197,
    "stall_end_tref": 3201,
    "stall_start_data_relative": 3184,
    "run_value_IQ": [
     5736,
     5736
    ],
    "stall_end_coincides_with_frame_end": false,
    "is_stall": false
   },
   {
    "frame_index": 414,
    "frame_start_symtime": 5105862,
    "n_samples_in_frame": 9240,
    "longest_run_symbols": 5,
    "stall_start_tref": 3197,
    "stall_end_tref": 3201,
    "stall_start_data_relative": 3184,
    "run_value_IQ": [
     5736,
     5736
    ],
    "stall_end_coincides_with_frame_end": false,
    "is_stall": false
   },
   {
    "frame_index": 415,
    "frame_start_symtime": 5118195,
    "n_samples_in_frame": 13329,
    "longest_run_symbols": 9,
    "stall_start_tref": 3197,
    "stall_end_tref": 3201,
    "stall_start_data_relative": 3184,
    "run_value_IQ": [
     5736,
     5736
    ],
    "stall_end_coincides_with_frame_end": false,
    "is_stall": false
   },
   {
    "frame_index": 416,
    "frame_start_symtime": 5130528,
    "n_samples_in_frame": 9433,
    "longest_run_symbols": 5,
    "stall_start_tref": 5621,
    "stall_end_tref": 5625,
    "stall_start_data_relative": 5608,
    "run_value_IQ": [
     5736,
     -5737
    ],
    "stall_end_coincides_with_frame_end": false,
    "is_stall": false
   },
   {
    "frame_index": 417,
    "frame_start_symtime": 5142861,
    "n_samples_in_frame": 9278,
    "longest_run_symbols": 5,
    "stall_start_tref": 3197,
    "stall_end_tref": 3201,
    "stall_start_data_relative": 3184,
    "run_value_IQ": [
     5736,
     5736
    ],
    "stall_end_coincides_with_frame_end": false,
    "is_stall": false
   },
   {
    "frame_index": 418,
    "frame_start_symtime": 5155194,
    "n_samples_in_frame": 9408,
    "longest_run_symbols": 5,
    "stall_start_tref": 3197,
    "stall_end_tref": 3201,
    "stall_start_data_relative": 3184,
    "run_value_IQ": [
     5736,
     5736
    ],
    "stall_end_coincides_with_frame_end": false,
    "is_stall": false
   },
   {
    "frame_index": 419,
    "frame_start_symtime": 5167527,
    "n_samples_in_frame": 8704,
    "longest_run_symbols": 5,
    "stall_start_tref": 3197,
    "stall_end_tref": 3201,
    "stall_start_data_relative": 3184,
    "run_value_IQ": [
     5736,
     5736
    ],
    "stall_end_coincides_with_frame_end": false,
    "is_stall": false
   },
   {
    "frame_index": 420,
    "frame_start_symtime": 5179860,
    "n_samples_in_frame": 9244,
    "longest_run_symbols": 5,
    "stall_start_tref": 3197,
    "stall_end_tref": 3201,
    "stall_start_data_relative": 3184,
    "run_value_IQ": [
     5736,
     5736
    ],
    "stall_end_coincides_with_frame_end": false,
    "is_stall": false
   },
   {
    "frame_index": 421,
    "frame_start_symtime": 5192193,
    "n_samples_in_frame": 9435,
    "longest_run_symbols": 5,
    "stall_start_tref": 5621,
    "stall_end_tref": 5625,
    "stall_start_data_relative": 5608,
    "run_value_IQ": [
     5736,
     -5737
    ],
    "stall_end_coincides_with_frame_end": false,
    "is_stall": false
   },
   {
    "frame_index": 422,
    "frame_start_symtime": 5204526,
    "n_samples_in_frame": 9085,
    "longest_run_symbols": 5,
    "stall_start_tref": 3197,
    "stall_end_tref": 3201,
    "stall_start_data_relative": 3184,
    "run_value_IQ": [
     5736,
     5736
    ],
    "stall_end_coincides_with_frame_end": false,
    "is_stall": false
   },
   {
    "frame_index": 423,
    "frame_start_symtime": 5216859,
    "n_samples_in_frame": 9253,
    "longest_run_symbols": 5,
    "stall_start_tref": 5621,
    "stall_end_tref": 5625,
    "stall_start_data_relative": 5608,
    "run_value_IQ": [
     5736,
     -5737
    ],
    "stall_end_coincides_with_frame_end": false,
    "is_stall": false
   },
   {
    "frame_index": 424,
    "frame_start_symtime": 5229192,
    "n_samples_in_frame": 8744,
    "longest_run_symbols": 5,
    "stall_start_tref": 5621,
    "stall_end_tref": 5625,
    "stall_start_data_relative": 5608,
    "run_value_IQ": [
     5736,
     -5737
    ],
    "stall_end_coincides_with_frame_end": false,
    "is_stall": false
   },
   {
    "frame_index": 425,
    "frame_start_symtime": 5241525,
    "n_samples_in_frame": 9436,
    "longest_run_symbols": 5,
    "stall_start_tref": 3197,
    "stall_end_tref": 3201,
    "stall_start_data_relative": 3184,
    "run_value_IQ": [
     5736,
     5736
    ],
    "stall_end_coincides_with_frame_end": false,
    "is_stall": false
   },
   {
    "frame_index": 426,
    "frame_start_symtime": 5253858,
    "n_samples_in_frame": 9315,
    "longest_run_symbols": 5,
    "stall_start_tref": 3197,
    "stall_end_tref": 3201,
    "stall_start_data_relative": 3184,
    "run_value_IQ": [
     5736,
     5736
    ],
    "stall_end_coincides_with_frame_end": false,
    "is_stall": false
   },
   {
    "frame_index": 427,
    "frame_start_symtime": 5266191,
    "n_samples_in_frame": 9225,
    "longest_run_symbols": 5,
    "stall_start_tref": 3197,
    "stall_end_tref": 3201,
    "stall_start_data_relative": 3184,
    "run_value_IQ": [
     5736,
     5736
    ],
    "stall_end_coincides_with_frame_end": false,
    "is_stall": false
   },
   {
    "frame_index": 428,
    "frame_start_symtime": 5278524,
    "n_samples_in_frame": 9385,
    "longest_run_symbols": 5,
    "stall_start_tref": 5621,
    "stall_end_tref": 5625,
    "stall_start_data_relative": 5608,
    "run_value_IQ": [
     5736,
     -5737
    ],
    "stall_end_coincides_with_frame_end": false,
    "is_stall": false
   },
   {
    "frame_index": 429,
    "frame_start_symtime": 5290857,
    "n_samples_in_frame": 8645,
    "longest_run_symbols": 5,
    "stall_start_tref": 3197,
    "stall_end_tref": 3201,
    "stall_start_data_relative": 3184,
    "run_value_IQ": [
     5736,
     5736
    ],
    "stall_end_coincides_with_frame_end": false,
    "is_stall": false
   },
   {
    "frame_index": 430,
    "frame_start_symtime": 5303190,
    "n_samples_in_frame": 9328,
    "longest_run_symbols": 5,
    "stall_start_tref": 5621,
    "stall_end_tref": 5625,
    "stall_start_data_relative": 5608,
    "run_value_IQ": [
     5736,
     -5737
    ],
    "stall_end_coincides_with_frame_end": false,
    "is_stall": false
   },
   {
    "frame_index": 431,
    "frame_start_symtime": 5315523,
    "n_samples_in_frame": 9434,
    "longest_run_symbols": 5,
    "stall_start_tref": 3197,
    "stall_end_tref": 3201,
    "stall_start_data_relative": 3184,
    "run_value_IQ": [
     5736,
     5736
    ],
    "stall_end_coincides_with_frame_end": false,
    "is_stall": false
   },
   {
    "frame_index": 432,
    "frame_start_symtime": 5327856,
    "n_samples_in_frame": 9279,
    "longest_run_symbols": 5,
    "stall_start_tref": 3197,
    "stall_end_tref": 3201,
    "stall_start_data_relative": 3184,
    "run_value_IQ": [
     5736,
     5736
    ],
    "stall_end_coincides_with_frame_end": false,
    "is_stall": false
   },
   {
    "frame_index": 433,
    "frame_start_symtime": 5340189,
    "n_samples_in_frame": 9216,
    "longest_run_symbols": 5,
    "stall_start_tref": 3197,
    "stall_end_tref": 3201,
    "stall_start_data_relative": 3184,
    "run_value_IQ": [
     5736,
     5736
    ],
    "stall_end_coincides_with_frame_end": false,
    "is_stall": false
   },
   {
    "frame_index": 434,
    "frame_start_symtime": 5352522,
    "n_samples_in_frame": 8680,
    "longest_run_symbols": 5,
    "stall_start_tref": 3197,
    "stall_end_tref": 3201,
    "stall_start_data_relative": 3184,
    "run_value_IQ": [
     5736,
     5736
    ],
    "stall_end_coincides_with_frame_end": false,
    "is_stall": false
   },
   {
    "frame_index": 435,
    "frame_start_symtime": 5364855,
    "n_samples_in_frame": 9330,
    "longest_run_symbols": 5,
    "stall_start_tref": 3197,
    "stall_end_tref": 3201,
    "stall_start_data_relative": 3184,
    "run_value_IQ": [
     5736,
     5736
    ],
    "stall_end_coincides_with_frame_end": false,
    "is_stall": false
   },
   {
    "frame_index": 436,
    "frame_start_symtime": 5377188,
    "n_samples_in_frame": 9403,
    "longest_run_symbols": 5,
    "stall_start_tref": 5621,
    "stall_end_tref": 5625,
    "stall_start_data_relative": 5608,
    "run_value_IQ": [
     5736,
     -5737
    ],
    "stall_end_coincides_with_frame_end": false,
    "is_stall": false
   },
   {
    "frame_index": 437,
    "frame_start_symtime": 5389521,
    "n_samples_in_frame": 9366,
    "longest_run_symbols": 5,
    "stall_start_tref": 3197,
    "stall_end_tref": 3201,
    "stall_start_data_relative": 3184,
    "run_value_IQ": [
     5736,
     5736
    ],
    "stall_end_coincides_with_frame_end": false,
    "is_stall": false
   },
   {
    "frame_index": 438,
    "frame_start_symtime": 5401854,
    "n_samples_in_frame": 9301,
    "longest_run_symbols": 5,
    "stall_start_tref": 3197,
    "stall_end_tref": 3201,
    "stall_start_data_relative": 3184,
    "run_value_IQ": [
     5736,
     5736
    ],
    "stall_end_coincides_with_frame_end": false,
    "is_stall": false
   },
   {
    "frame_index": 439,
    "frame_start_symtime": 5414187,
    "n_samples_in_frame": 8420,
    "longest_run_symbols": 5,
    "stall_start_tref": 3197,
    "stall_end_tref": 3201,
    "stall_start_data_relative": 3184,
    "run_value_IQ": [
     5736,
     5736
    ],
    "stall_end_coincides_with_frame_end": false,
    "is_stall": false
   },
   {
    "frame_index": 440,
    "frame_start_symtime": 5426520,
    "n_samples_in_frame": 9328,
    "longest_run_symbols": 5,
    "stall_start_tref": 5621,
    "stall_end_tref": 5625,
    "stall_start_data_relative": 5608,
    "run_value_IQ": [
     5736,
     -5737
    ],
    "stall_end_coincides_with_frame_end": false,
    "is_stall": false
   },
   {
    "frame_index": 441,
    "frame_start_symtime": 5438853,
    "n_samples_in_frame": 9388,
    "longest_run_symbols": 4866,
    "stall_start_tref": 5951,
    "stall_end_tref": 12259,
    "stall_start_data_relative": 5938,
    "run_value_IQ": [
     5736,
     5736
    ],
    "stall_end_coincides_with_frame_end": false,
    "is_stall": true,
    "rung_geometry": {
     "rows": [
      {
       "k": 0,
       "rung": 6176,
       "predicted_start_12320basis": 6144,
       "length_delta": -1310,
       "raw_start_delta": -193,
       "data_relative_start_delta": -206,
       "length_fits": false,
       "raw_start_fits": false,
       "data_relative_start_fits": false
      },
      {
       "k": 1,
       "rung": 6240,
       "predicted_start_12320basis": 6080,
       "length_delta": -1374,
       "raw_start_delta": -129,
       "data_relative_start_delta": -142,
       "length_fits": false,
       "raw_start_fits": false,
       "data_relative_start_fits": false
      },
      {
       "k": 2,
       "rung": 6299,
       "predicted_start_12320basis": 6021,
       "length_delta": -1433,
       "raw_start_delta": -70,
       "data_relative_start_delta": -83,
       "length_fits": false,
       "raw_start_fits": false,
       "data_relative_start_fits": false
      },
      {
       "k": 3,
       "rung": 6363,
       "predicted_start_12320basis": 5957,
       "length_delta": -1497,
       "raw_start_delta": -6,
       "data_relative_start_delta": -19,
       "length_fits": false,
       "raw_start_fits": false,
       "data_relative_start_fits": false
      },
      {
       "k": 4,
       "rung": 6432,
       "predicted_start_12320basis": 5888,
       "length_delta": -1566,
       "raw_start_delta": 63,
       "data_relative_start_delta": 50,
       "length_fits": false,
       "raw_start_fits": false,
       "data_relative_start_fits": false
      },
      {
       "k": 5,
       "rung": 6489,
       "predicted_start_12320basis": 5831,
       "length_delta": -1623,
       "raw_start_delta": 120,
       "data_relative_start_delta": 107,
       "length_fits": false,
       "raw_start_fits": false,
       "data_relative_start_fits": false
      },
      {
       "k": 6,
       "rung": 6548,
       "predicted_start_12320basis": 5772,
       "length_delta": -1682,
       "raw_start_delta": 179,
       "data_relative_start_delta": 166,
       "length_fits": false,
       "raw_start_fits": false,
       "data_relative_start_fits": false
      }
     ],
     "best_length_match": {
      "k": 0,
      "rung": 6176,
      "predicted_start_12320basis": 6144,
      "length_delta": -1310,
      "raw_start_delta": -193,
      "data_relative_start_delta": -206,
      "length_fits": false,
      "raw_start_fits": false,
      "data_relative_start_fits": false
     },
     "any_length_fits": false,
     "any_raw_start_fits": false,
     "any_data_relative_start_fits": false
    },
    "marker_found_near_frame_boundary": true,
    "extra_mark_fec_in_same_frame": false,
    "continuation_check": {
     "stall_frame": 441,
     "next_frame": 442,
     "reference_frame": 415,
     "stall_start_tref": 5951,
     "L": 512,
     "n_compared_shift_hypothesis": 300,
     "n_match_shift_hypothesis": 3,
     "frac_match_shift_hypothesis": 0.01,
     "n_compared_noshift_hypothesis": 434,
     "n_match_noshift_hypothesis": 7,
     "frac_match_noshift_hypothesis": 0.0161,
     "pass": false
    },
    "constellation": {
     "I": 5736,
     "Q": 5736,
     "magnitude": 8111.9,
     "phase_deg": 45.0,
     "quadrant_measured": "I+,Q+ (~45 deg)"
    }
   },
   {
    "frame_index": 442,
    "frame_start_symtime": 5451186,
    "n_samples_in_frame": 9276,
    "longest_run_symbols": 9217,
    "stall_start_tref": 78,
    "stall_end_tref": 12273,
    "stall_start_data_relative": 65,
    "run_value_IQ": [
     5736,
     5736
    ],
    "stall_end_coincides_with_frame_end": false,
    "is_stall": true,
    "rung_geometry": {
     "rows": [
      {
       "k": 0,
       "rung": 6176,
       "predicted_start_12320basis": 6144,
       "length_delta": 3041,
       "raw_start_delta": -6066,
       "data_relative_start_delta": -6079,
       "length_fits": false,
       "raw_start_fits": false,
       "data_relative_start_fits": false
      },
      {
       "k": 1,
       "rung": 6240,
       "predicted_start_12320basis": 6080,
       "length_delta": 2977,
       "raw_start_delta": -6002,
       "data_relative_start_delta": -6015,
       "length_fits": false,
       "raw_start_fits": false,
       "data_relative_start_fits": false
      },
      {
       "k": 2,
       "rung": 6299,
       "predicted_start_12320basis": 6021,
       "length_delta": 2918,
       "raw_start_delta": -5943,
       "data_relative_start_delta": -5956,
       "length_fits": false,
       "raw_start_fits": false,
       "data_relative_start_fits": false
      },
      {
       "k": 3,
       "rung": 6363,
       "predicted_start_12320basis": 5957,
       "length_delta": 2854,
       "raw_start_delta": -5879,
       "data_relative_start_delta": -5892,
       "length_fits": false,
       "raw_start_fits": false,
       "data_relative_start_fits": false
      },
      {
       "k": 4,
       "rung": 6432,
       "predicted_start_12320basis": 5888,
       "length_delta": 2785,
       "raw_start_delta": -5810,
       "data_relative_start_delta": -5823,
       "length_fits": false,
       "raw_start_fits": false,
       "data_relative_start_fits": false
      },
      {
       "k": 5,
       "rung": 6489,
       "predicted_start_12320basis": 5831,
       "length_delta": 2728,
       "raw_start_delta": -5753,
       "data_relative_start_delta": -5766,
       "length_fits": false,
       "raw_start_fits": false,
       "data_relative_start_fits": false
      },
      {
       "k": 6,
       "rung": 6548,
       "predicted_start_12320basis": 5772,
       "length_delta": 2669,
       "raw_start_delta": -5694,
       "data_relative_start_delta": -5707,
       "length_fits": false,
       "raw_start_fits": false,
       "data_relative_start_fits": false
      }
     ],
     "best_length_match": {
      "k": 6,
      "rung": 6548,
      "predicted_start_12320basis": 5772,
      "length_delta": 2669,
      "raw_start_delta": -5694,
      "data_relative_start_delta": -5707,
      "length_fits": false,
      "raw_start_fits": false,
      "data_relative_start_fits": false
     },
     "any_length_fits": false,
     "any_raw_start_fits": false,
     "any_data_relative_start_fits": false
    },
    "marker_found_near_frame_boundary": true,
    "extra_mark_fec_in_same_frame": false,
    "continuation_check": {
     "stall_frame": 442,
     "next_frame": 443,
     "reference_frame": 415,
     "stall_start_tref": 78,
     "L": 512,
     "n_compared_shift_hypothesis": 452,
     "n_match_shift_hypothesis": 7,
     "frac_match_shift_hypothesis": 0.0155,
     "n_compared_noshift_hypothesis": 452,
     "n_match_noshift_hypothesis": 6,
     "frac_match_noshift_hypothesis": 0.0133,
     "pass": false
    },
    "constellation": {
     "I": 5736,
     "Q": 5736,
     "magnitude": 8111.9,
     "phase_deg": 45.0,
     "quadrant_measured": "I+,Q+ (~45 deg)"
    }
   },
   {
    "frame_index": 443,
    "frame_start_symtime": 5463519,
    "n_samples_in_frame": 4512,
    "longest_run_symbols": 4439,
    "stall_start_tref": 0,
    "stall_end_tref": 12259,
    "stall_start_data_relative": -13,
    "run_value_IQ": [
     5736,
     5736
    ],
    "stall_end_coincides_with_frame_end": false,
    "is_stall": true,
    "rung_geometry": {
     "rows": [
      {
       "k": 0,
       "rung": 6176,
       "predicted_start_12320basis": 6144,
       "length_delta": -1737,
       "raw_start_delta": -6144,
       "data_relative_start_delta": -6157,
       "length_fits": false,
       "raw_start_fits": false,
       "data_relative_start_fits": false
      },
      {
       "k": 1,
       "rung": 6240,
       "predicted_start_12320basis": 6080,
       "length_delta": -1801,
       "raw_start_delta": -6080,
       "data_relative_start_delta": -6093,
       "length_fits": false,
       "raw_start_fits": false,
       "data_relative_start_fits": false
      },
      {
       "k": 2,
       "rung": 6299,
       "predicted_start_12320basis": 6021,
       "length_delta": -1860,
       "raw_start_delta": -6021,
       "data_relative_start_delta": -6034,
       "length_fits": false,
       "raw_start_fits": false,
       "data_relative_start_fits": false
      },
      {
       "k": 3,
       "rung": 6363,
       "predicted_start_12320basis": 5957,
       "length_delta": -1924,
       "raw_start_delta": -5957,
       "data_relative_start_delta": -5970,
       "length_fits": false,
       "raw_start_fits": false,
       "data_relative_start_fits": false
      },
      {
       "k": 4,
       "rung": 6432,
       "predicted_start_12320basis": 5888,
       "length_delta": -1993,
       "raw_start_delta": -5888,
       "data_relative_start_delta": -5901,
       "length_fits": false,
       "raw_start_fits": false,
       "data_relative_start_fits": false
      },
      {
       "k": 5,
       "rung": 6489,
       "predicted_start_12320basis": 5831,
       "length_delta": -2050,
       "raw_start_delta": -5831,
       "data_relative_start_delta": -5844,
       "length_fits": false,
       "raw_start_fits": false,
       "data_relative_start_fits": false
      },
      {
       "k": 6,
       "rung": 6548,
       "predicted_start_12320basis": 5772,
       "length_delta": -2109,
       "raw_start_delta": -5772,
       "data_relative_start_delta": -5785,
       "length_fits": false,
       "raw_start_fits": false,
       "data_relative_start_fits": false
      }
     ],
     "best_length_match": {
      "k": 0,
      "rung": 6176,
      "predicted_start_12320basis": 6144,
      "length_delta": -1737,
      "raw_start_delta": -6144,
      "data_relative_start_delta": -6157,
      "length_fits": false,
      "raw_start_fits": false,
      "data_relative_start_fits": false
     },
     "any_length_fits": false,
     "any_raw_start_fits": false,
     "any_data_relative_start_fits": false
    },
    "marker_found_near_frame_boundary": false,
    "extra_mark_fec_in_same_frame": false,
    "continuation_check": {
     "stall_frame": 443,
     "next_frame": 444,
     "reference_frame": 415,
     "stall_start_tref": 0,
     "L": 512,
     "n_compared_shift_hypothesis": 377,
     "n_match_shift_hypothesis": 2,
     "frac_match_shift_hypothesis": 0.0053,
     "n_compared_noshift_hypothesis": 377,
     "n_match_noshift_hypothesis": 2,
     "frac_match_noshift_hypothesis": 0.0053,
     "pass": false
    },
    "constellation": {
     "I": 5736,
     "Q": 5736,
     "magnitude": 8111.9,
     "phase_deg": 45.0,
     "quadrant_measured": "I+,Q+ (~45 deg)"
    }
   },
   {
    "frame_index": 444,
    "frame_start_symtime": 5475852,
    "n_samples_in_frame": 8740,
    "longest_run_symbols": 5,
    "stall_start_tref": 9496,
    "stall_end_tref": 9500,
    "stall_start_data_relative": 9483,
    "run_value_IQ": [
     5736,
     5736
    ],
    "stall_end_coincides_with_frame_end": false,
    "is_stall": false
   },
   {
    "frame_index": 445,
    "frame_start_symtime": 5488185,
    "n_samples_in_frame": 9347,
    "longest_run_symbols": 5,
    "stall_start_tref": 997,
    "stall_end_tref": 1001,
    "stall_start_data_relative": 984,
    "run_value_IQ": [
     5736,
     -5737
    ],
    "stall_end_coincides_with_frame_end": false,
    "is_stall": false
   },
   {
    "frame_index": 446,
    "frame_start_symtime": 5500518,
    "n_samples_in_frame": 9322,
    "longest_run_symbols": 5,
    "stall_start_tref": 997,
    "stall_end_tref": 1001,
    "stall_start_data_relative": 984,
    "run_value_IQ": [
     5736,
     -5737
    ],
    "stall_end_coincides_with_frame_end": false,
    "is_stall": false
   },
   {
    "frame_index": 447,
    "frame_start_symtime": 5512851,
    "n_samples_in_frame": 9104,
    "longest_run_symbols": 5,
    "stall_start_tref": 9496,
    "stall_end_tref": 9500,
    "stall_start_data_relative": 9483,
    "run_value_IQ": [
     5736,
     5736
    ],
    "stall_end_coincides_with_frame_end": false,
    "is_stall": false
   },
   {
    "frame_index": 448,
    "frame_start_symtime": 5525184,
    "n_samples_in_frame": 9343,
    "longest_run_symbols": 5,
    "stall_start_tref": 997,
    "stall_end_tref": 1001,
    "stall_start_data_relative": 984,
    "run_value_IQ": [
     5736,
     -5737
    ],
    "stall_end_coincides_with_frame_end": false,
    "is_stall": false
   },
   {
    "frame_index": 449,
    "frame_start_symtime": 5537517,
    "n_samples_in_frame": 8461,
    "longest_run_symbols": 5,
    "stall_start_tref": 9496,
    "stall_end_tref": 9500,
    "stall_start_data_relative": 9483,
    "run_value_IQ": [
     5736,
     5736
    ],
    "stall_end_coincides_with_frame_end": false,
    "is_stall": false
   },
   {
    "frame_index": 450,
    "frame_start_symtime": 5549850,
    "n_samples_in_frame": 9317,
    "longest_run_symbols": 5,
    "stall_start_tref": 997,
    "stall_end_tref": 1001,
    "stall_start_data_relative": 984,
    "run_value_IQ": [
     5736,
     -5737
    ],
    "stall_end_coincides_with_frame_end": false,
    "is_stall": false
   },
   {
    "frame_index": 451,
    "frame_start_symtime": 5562183,
    "n_samples_in_frame": 9476,
    "longest_run_symbols": 5,
    "stall_start_tref": 997,
    "stall_end_tref": 1001,
    "stall_start_data_relative": 984,
    "run_value_IQ": [
     5736,
     -5737
    ],
    "stall_end_coincides_with_frame_end": false,
    "is_stall": false
   },
   {
    "frame_index": 452,
    "frame_start_symtime": 5574516,
    "n_samples_in_frame": 9358,
    "longest_run_symbols": 5,
    "stall_start_tref": 997,
    "stall_end_tref": 1001,
    "stall_start_data_relative": 984,
    "run_value_IQ": [
     5736,
     -5737
    ],
    "stall_end_coincides_with_frame_end": false,
    "is_stall": false
   },
   {
    "frame_index": 453,
    "frame_start_symtime": 5586849,
    "n_samples_in_frame": 9216,
    "longest_run_symbols": 5,
    "stall_start_tref": 997,
    "stall_end_tref": 1001,
    "stall_start_data_relative": 984,
    "run_value_IQ": [
     5736,
     -5737
    ],
    "stall_end_coincides_with_frame_end": false,
    "is_stall": false
   },
   {
    "frame_index": 454,
    "frame_start_symtime": 5599182,
    "n_samples_in_frame": 8704,
    "longest_run_symbols": 5,
    "stall_start_tref": 997,
    "stall_end_tref": 1001,
    "stall_start_data_relative": 984,
    "run_value_IQ": [
     5736,
     -5737
    ],
    "stall_end_coincides_with_frame_end": false,
    "is_stall": false
   },
   {
    "frame_index": 455,
    "frame_start_symtime": 5611515,
    "n_samples_in_frame": 13860,
    "longest_run_symbols": 7,
    "stall_start_tref": 4959,
    "stall_end_tref": 4962,
    "stall_start_data_relative": 4946,
    "run_value_IQ": [
     -5737,
     -5737
    ],
    "stall_end_coincides_with_frame_end": false,
    "is_stall": false
   },
   {
    "frame_index": 456,
    "frame_start_symtime": 5623848,
    "n_samples_in_frame": 9325,
    "longest_run_symbols": 5,
    "stall_start_tref": 997,
    "stall_end_tref": 1001,
    "stall_start_data_relative": 984,
    "run_value_IQ": [
     5736,
     -5737
    ],
    "stall_end_coincides_with_frame_end": false,
    "is_stall": false
   },
   {
    "frame_index": 457,
    "frame_start_symtime": 5636181,
    "n_samples_in_frame": 9071,
    "longest_run_symbols": 5,
    "stall_start_tref": 997,
    "stall_end_tref": 1001,
    "stall_start_data_relative": 984,
    "run_value_IQ": [
     5736,
     -5737
    ],
    "stall_end_coincides_with_frame_end": false,
    "is_stall": false
   },
   {
    "frame_index": 458,
    "frame_start_symtime": 5648514,
    "n_samples_in_frame": 8765,
    "longest_run_symbols": 5,
    "stall_start_tref": 997,
    "stall_end_tref": 1001,
    "stall_start_data_relative": 984,
    "run_value_IQ": [
     5736,
     -5737
    ],
    "stall_end_coincides_with_frame_end": false,
    "is_stall": false
   },
   {
    "frame_index": 459,
    "frame_start_symtime": 5660847,
    "n_samples_in_frame": 9363,
    "longest_run_symbols": 5,
    "stall_start_tref": 997,
    "stall_end_tref": 1001,
    "stall_start_data_relative": 984,
    "run_value_IQ": [
     5736,
     -5737
    ],
    "stall_end_coincides_with_frame_end": false,
    "is_stall": false
   },
   {
    "frame_index": 460,
    "frame_start_symtime": 5673180,
    "n_samples_in_frame": 9520,
    "longest_run_symbols": 5,
    "stall_start_tref": 9496,
    "stall_end_tref": 9500,
    "stall_start_data_relative": 9483,
    "run_value_IQ": [
     5736,
     5736
    ],
    "stall_end_coincides_with_frame_end": false,
    "is_stall": false
   },
   {
    "frame_index": 461,
    "frame_start_symtime": 5685513,
    "n_samples_in_frame": 9298,
    "longest_run_symbols": 5,
    "stall_start_tref": 997,
    "stall_end_tref": 1001,
    "stall_start_data_relative": 984,
    "run_value_IQ": [
     5736,
     -5737
    ],
    "stall_end_coincides_with_frame_end": false,
    "is_stall": false
   },
   {
    "frame_index": 462,
    "frame_start_symtime": 5697846,
    "n_samples_in_frame": 9134,
    "longest_run_symbols": 5,
    "stall_start_tref": 997,
    "stall_end_tref": 1001,
    "stall_start_data_relative": 984,
    "run_value_IQ": [
     5736,
     -5737
    ],
    "stall_end_coincides_with_frame_end": false,
    "is_stall": false
   },
   {
    "frame_index": 463,
    "frame_start_symtime": 5710179,
    "n_samples_in_frame": 8771,
    "longest_run_symbols": 5,
    "stall_start_tref": 997,
    "stall_end_tref": 1001,
    "stall_start_data_relative": 984,
    "run_value_IQ": [
     5736,
     -5737
    ],
    "stall_end_coincides_with_frame_end": false,
    "is_stall": false
   },
   {
    "frame_index": 464,
    "frame_start_symtime": 5722512,
    "n_samples_in_frame": 9443,
    "longest_run_symbols": 5,
    "stall_start_tref": 997,
    "stall_end_tref": 1001,
    "stall_start_data_relative": 984,
    "run_value_IQ": [
     5736,
     -5737
    ],
    "stall_end_coincides_with_frame_end": false,
    "is_stall": false
   },
   {
    "frame_index": 465,
    "frame_start_symtime": 5734845,
    "n_samples_in_frame": 9307,
    "longest_run_symbols": 5,
    "stall_start_tref": 9496,
    "stall_end_tref": 9500,
    "stall_start_data_relative": 9483,
    "run_value_IQ": [
     5736,
     5736
    ],
    "stall_end_coincides_with_frame_end": false,
    "is_stall": false
   },
   {
    "frame_index": 466,
    "frame_start_symtime": 5747178,
    "n_samples_in_frame": 9343,
    "longest_run_symbols": 5,
    "stall_start_tref": 997,
    "stall_end_tref": 1001,
    "stall_start_data_relative": 984,
    "run_value_IQ": [
     5736,
     -5737
    ],
    "stall_end_coincides_with_frame_end": false,
    "is_stall": false
   },
   {
    "frame_index": 467,
    "frame_start_symtime": 5759511,
    "n_samples_in_frame": 8704,
    "longest_run_symbols": 5,
    "stall_start_tref": 997,
    "stall_end_tref": 1001,
    "stall_start_data_relative": 984,
    "run_value_IQ": [
     5736,
     -5737
    ],
    "stall_end_coincides_with_frame_end": false,
    "is_stall": false
   },
   {
    "frame_index": 468,
    "frame_start_symtime": 5771844,
    "n_samples_in_frame": 9213,
    "longest_run_symbols": 5,
    "stall_start_tref": 997,
    "stall_end_tref": 1001,
    "stall_start_data_relative": 984,
    "run_value_IQ": [
     5736,
     -5737
    ],
    "stall_end_coincides_with_frame_end": false,
    "is_stall": false
   },
   {
    "frame_index": 469,
    "frame_start_symtime": 5784177,
    "n_samples_in_frame": 9219,
    "longest_run_symbols": 5,
    "stall_start_tref": 997,
    "stall_end_tref": 1001,
    "stall_start_data_relative": 984,
    "run_value_IQ": [
     5736,
     -5737
    ],
    "stall_end_coincides_with_frame_end": false,
    "is_stall": false
   },
   {
    "frame_index": 470,
    "frame_start_symtime": 5796510,
    "n_samples_in_frame": 9217,
    "longest_run_symbols": 5,
    "stall_start_tref": 997,
    "stall_end_tref": 1001,
    "stall_start_data_relative": 984,
    "run_value_IQ": [
     5736,
     -5737
    ],
    "stall_end_coincides_with_frame_end": false,
    "is_stall": false
   },
   {
    "frame_index": 471,
    "frame_start_symtime": 5808843,
    "n_samples_in_frame": 4607,
    "longest_run_symbols": 5,
    "stall_start_tref": 997,
    "stall_end_tref": 1001,
    "stall_start_data_relative": 984,
    "run_value_IQ": [
     5736,
     -5737
    ],
    "stall_end_coincides_with_frame_end": false,
    "is_stall": false
   },
   {
    "frame_index": 472,
    "frame_start_symtime": 5821176,
    "n_samples_in_frame": 8704,
    "longest_run_symbols": 5,
    "stall_start_tref": 997,
    "stall_end_tref": 1001,
    "stall_start_data_relative": 984,
    "run_value_IQ": [
     5736,
     -5737
    ],
    "stall_end_coincides_with_frame_end": false,
    "is_stall": false
   },
   {
    "frame_index": 473,
    "frame_start_symtime": 5833509,
    "n_samples_in_frame": 9259,
    "longest_run_symbols": 5,
    "stall_start_tref": 997,
    "stall_end_tref": 1001,
    "stall_start_data_relative": 984,
    "run_value_IQ": [
     5736,
     -5737
    ],
    "stall_end_coincides_with_frame_end": false,
    "is_stall": false
   },
   {
    "frame_index": 474,
    "frame_start_symtime": 5845842,
    "n_samples_in_frame": 9522,
    "longest_run_symbols": 5,
    "stall_start_tref": 997,
    "stall_end_tref": 1001,
    "stall_start_data_relative": 984,
    "run_value_IQ": [
     5736,
     -5737
    ],
    "stall_end_coincides_with_frame_end": false,
    "is_stall": false
   },
   {
    "frame_index": 475,
    "frame_start_symtime": 5858175,
    "n_samples_in_frame": 9334,
    "longest_run_symbols": 5,
    "stall_start_tref": 997,
    "stall_end_tref": 1001,
    "stall_start_data_relative": 984,
    "run_value_IQ": [
     5736,
     -5737
    ],
    "stall_end_coincides_with_frame_end": false,
    "is_stall": false
   },
   {
    "frame_index": 476,
    "frame_start_symtime": 5870508,
    "n_samples_in_frame": 9310,
    "longest_run_symbols": 5,
    "stall_start_tref": 997,
    "stall_end_tref": 1001,
    "stall_start_data_relative": 984,
    "run_value_IQ": [
     5736,
     -5737
    ],
    "stall_end_coincides_with_frame_end": false,
    "is_stall": false
   },
   {
    "frame_index": 477,
    "frame_start_symtime": 5882841,
    "n_samples_in_frame": 8806,
    "longest_run_symbols": 5,
    "stall_start_tref": 997,
    "stall_end_tref": 1001,
    "stall_start_data_relative": 984,
    "run_value_IQ": [
     5736,
     -5737
    ],
    "stall_end_coincides_with_frame_end": false,
    "is_stall": false
   },
   {
    "frame_index": 478,
    "frame_start_symtime": 5895174,
    "n_samples_in_frame": 9314,
    "longest_run_symbols": 5,
    "stall_start_tref": 997,
    "stall_end_tref": 1001,
    "stall_start_data_relative": 984,
    "run_value_IQ": [
     5736,
     -5737
    ],
    "stall_end_coincides_with_frame_end": false,
    "is_stall": false
   },
   {
    "frame_index": 479,
    "frame_start_symtime": 5907507,
    "n_samples_in_frame": 9401,
    "longest_run_symbols": 5,
    "stall_start_tref": 997,
    "stall_end_tref": 1001,
    "stall_start_data_relative": 984,
    "run_value_IQ": [
     5736,
     -5737
    ],
    "stall_end_coincides_with_frame_end": false,
    "is_stall": false
   },
   {
    "frame_index": 480,
    "frame_start_symtime": 5919840,
    "n_samples_in_frame": 9294,
    "longest_run_symbols": 5,
    "stall_start_tref": 997,
    "stall_end_tref": 1001,
    "stall_start_data_relative": 984,
    "run_value_IQ": [
     5736,
     -5737
    ],
    "stall_end_coincides_with_frame_end": false,
    "is_stall": false
   },
   {
    "frame_index": 481,
    "frame_start_symtime": 5932173,
    "n_samples_in_frame": 9337,
    "longest_run_symbols": 5,
    "stall_start_tref": 997,
    "stall_end_tref": 1001,
    "stall_start_data_relative": 984,
    "run_value_IQ": [
     5736,
     -5737
    ],
    "stall_end_coincides_with_frame_end": false,
    "is_stall": false
   },
   {
    "frame_index": 482,
    "frame_start_symtime": 5944506,
    "n_samples_in_frame": 8583,
    "longest_run_symbols": 5,
    "stall_start_tref": 997,
    "stall_end_tref": 1001,
    "stall_start_data_relative": 984,
    "run_value_IQ": [
     5736,
     -5737
    ],
    "stall_end_coincides_with_frame_end": false,
    "is_stall": false
   },
   {
    "frame_index": 483,
    "frame_start_symtime": 5956839,
    "n_samples_in_frame": 8631,
    "longest_run_symbols": 5,
    "stall_start_tref": 9496,
    "stall_end_tref": 9500,
    "stall_start_data_relative": 9483,
    "run_value_IQ": [
     5736,
     5736
    ],
    "stall_end_coincides_with_frame_end": false,
    "is_stall": false
   },
   {
    "frame_index": 484,
    "frame_start_symtime": 5969172,
    "n_samples_in_frame": 9332,
    "longest_run_symbols": 5,
    "stall_start_tref": 997,
    "stall_end_tref": 1001,
    "stall_start_data_relative": 984,
    "run_value_IQ": [
     5736,
     -5737
    ],
    "stall_end_coincides_with_frame_end": false,
    "is_stall": false
   },
   {
    "frame_index": 485,
    "frame_start_symtime": 5981505,
    "n_samples_in_frame": 9295,
    "longest_run_symbols": 5,
    "stall_start_tref": 997,
    "stall_end_tref": 1001,
    "stall_start_data_relative": 984,
    "run_value_IQ": [
     5736,
     -5737
    ],
    "stall_end_coincides_with_frame_end": false,
    "is_stall": false
   },
   {
    "frame_index": 486,
    "frame_start_symtime": 5993838,
    "n_samples_in_frame": 9472,
    "longest_run_symbols": 5,
    "stall_start_tref": 997,
    "stall_end_tref": 1001,
    "stall_start_data_relative": 984,
    "run_value_IQ": [
     5736,
     -5737
    ],
    "stall_end_coincides_with_frame_end": false,
    "is_stall": false
   },
   {
    "frame_index": 487,
    "frame_start_symtime": 6006171,
    "n_samples_in_frame": 8749,
    "longest_run_symbols": 5,
    "stall_start_tref": 997,
    "stall_end_tref": 1001,
    "stall_start_data_relative": 984,
    "run_value_IQ": [
     5736,
     -5737
    ],
    "stall_end_coincides_with_frame_end": false,
    "is_stall": false
   },
   {
    "frame_index": 488,
    "frame_start_symtime": 6018504,
    "n_samples_in_frame": 6834,
    "longest_run_symbols": 5,
    "stall_start_tref": 997,
    "stall_end_tref": 1001,
    "stall_start_data_relative": 984,
    "run_value_IQ": [
     5736,
     -5737
    ],
    "stall_end_coincides_with_frame_end": false,
    "is_stall": false
   },
   {
    "frame_index": 489,
    "frame_start_symtime": 6030837,
    "n_samples_in_frame": 9433,
    "longest_run_symbols": 5,
    "stall_start_tref": 997,
    "stall_end_tref": 1001,
    "stall_start_data_relative": 984,
    "run_value_IQ": [
     5736,
     -5737
    ],
    "stall_end_coincides_with_frame_end": false,
    "is_stall": false
   },
   {
    "frame_index": 490,
    "frame_start_symtime": 6043170,
    "n_samples_in_frame": 9349,
    "longest_run_symbols": 5,
    "stall_start_tref": 9496,
    "stall_end_tref": 9500,
    "stall_start_data_relative": 9483,
    "run_value_IQ": [
     5736,
     5736
    ],
    "stall_end_coincides_with_frame_end": false,
    "is_stall": false
   },
   {
    "frame_index": 491,
    "frame_start_symtime": 6055503,
    "n_samples_in_frame": 1894,
    "longest_run_symbols": 3,
    "stall_start_tref": 10187,
    "stall_end_tref": 10189,
    "stall_start_data_relative": 10174,
    "run_value_IQ": [
     -5737,
     5736
    ],
    "stall_end_coincides_with_frame_end": false,
    "is_stall": false
   },
   {
    "frame_index": 492,
    "frame_start_symtime": 6067836,
    "n_samples_in_frame": 8894,
    "longest_run_symbols": 5,
    "stall_start_tref": 9496,
    "stall_end_tref": 9500,
    "stall_start_data_relative": 9483,
    "run_value_IQ": [
     5736,
     5736
    ],
    "stall_end_coincides_with_frame_end": false,
    "is_stall": false
   },
   {
    "frame_index": 493,
    "frame_start_symtime": 6080169,
    "n_samples_in_frame": 9253,
    "longest_run_symbols": 5,
    "stall_start_tref": 997,
    "stall_end_tref": 1001,
    "stall_start_data_relative": 984,
    "run_value_IQ": [
     5736,
     -5737
    ],
    "stall_end_coincides_with_frame_end": false,
    "is_stall": false
   },
   {
    "frame_index": 494,
    "frame_start_symtime": 6092502,
    "n_samples_in_frame": 9436,
    "longest_run_symbols": 5,
    "stall_start_tref": 997,
    "stall_end_tref": 1001,
    "stall_start_data_relative": 984,
    "run_value_IQ": [
     5736,
     -5737
    ],
    "stall_end_coincides_with_frame_end": false,
    "is_stall": false
   },
   {
    "frame_index": 495,
    "frame_start_symtime": 6104835,
    "n_samples_in_frame": 9415,
    "longest_run_symbols": 5,
    "stall_start_tref": 9496,
    "stall_end_tref": 9500,
    "stall_start_data_relative": 9483,
    "run_value_IQ": [
     5736,
     5736
    ],
    "stall_end_coincides_with_frame_end": false,
    "is_stall": false
   },
   {
    "frame_index": 496,
    "frame_start_symtime": 6117168,
    "n_samples_in_frame": 9272,
    "longest_run_symbols": 5,
    "stall_start_tref": 9496,
    "stall_end_tref": 9500,
    "stall_start_data_relative": 9483,
    "run_value_IQ": [
     5736,
     5736
    ],
    "stall_end_coincides_with_frame_end": false,
    "is_stall": false
   },
   {
    "frame_index": 497,
    "frame_start_symtime": 6129501,
    "n_samples_in_frame": 8370,
    "longest_run_symbols": 5,
    "stall_start_tref": 997,
    "stall_end_tref": 1001,
    "stall_start_data_relative": 984,
    "run_value_IQ": [
     5736,
     -5737
    ],
    "stall_end_coincides_with_frame_end": false,
    "is_stall": false
   },
   {
    "frame_index": 498,
    "frame_start_symtime": 6141834,
    "n_samples_in_frame": 9284,
    "longest_run_symbols": 5,
    "stall_start_tref": 997,
    "stall_end_tref": 1001,
    "stall_start_data_relative": 984,
    "run_value_IQ": [
     5736,
     -5737
    ],
    "stall_end_coincides_with_frame_end": false,
    "is_stall": false
   },
   {
    "frame_index": 499,
    "frame_start_symtime": 6154167,
    "n_samples_in_frame": 9347,
    "longest_run_symbols": 5,
    "stall_start_tref": 9496,
    "stall_end_tref": 9500,
    "stall_start_data_relative": 9483,
    "run_value_IQ": [
     5736,
     5736
    ],
    "stall_end_coincides_with_frame_end": false,
    "is_stall": false
   },
   {
    "frame_index": 500,
    "frame_start_symtime": 6166500,
    "n_samples_in_frame": 13996,
    "longest_run_symbols": 9,
    "stall_start_tref": 9496,
    "stall_end_tref": 9500,
    "stall_start_data_relative": 9483,
    "run_value_IQ": [
     5736,
     5736
    ],
    "stall_end_coincides_with_frame_end": false,
    "is_stall": false
   },
   {
    "frame_index": 501,
    "frame_start_symtime": 6178833,
    "n_samples_in_frame": 8704,
    "longest_run_symbols": 5,
    "stall_start_tref": 997,
    "stall_end_tref": 1001,
    "stall_start_data_relative": 984,
    "run_value_IQ": [
     5736,
     -5737
    ],
    "stall_end_coincides_with_frame_end": false,
    "is_stall": false
   },
   {
    "frame_index": 502,
    "frame_start_symtime": 6191166,
    "n_samples_in_frame": 9285,
    "longest_run_symbols": 5,
    "stall_start_tref": 997,
    "stall_end_tref": 1001,
    "stall_start_data_relative": 984,
    "run_value_IQ": [
     5736,
     -5737
    ],
    "stall_end_coincides_with_frame_end": false,
    "is_stall": false
   },
   {
    "frame_index": 503,
    "frame_start_symtime": 6203499,
    "n_samples_in_frame": 9414,
    "longest_run_symbols": 5,
    "stall_start_tref": 997,
    "stall_end_tref": 1001,
    "stall_start_data_relative": 984,
    "run_value_IQ": [
     5736,
     -5737
    ],
    "stall_end_coincides_with_frame_end": false,
    "is_stall": false
   },
   {
    "frame_index": 504,
    "frame_start_symtime": 6215832,
    "n_samples_in_frame": 9422,
    "longest_run_symbols": 5,
    "stall_start_tref": 9496,
    "stall_end_tref": 9500,
    "stall_start_data_relative": 9483,
    "run_value_IQ": [
     5736,
     5736
    ],
    "stall_end_coincides_with_frame_end": false,
    "is_stall": false
   },
   {
    "frame_index": 505,
    "frame_start_symtime": 6228165,
    "n_samples_in_frame": 9255,
    "longest_run_symbols": 5,
    "stall_start_tref": 997,
    "stall_end_tref": 1001,
    "stall_start_data_relative": 984,
    "run_value_IQ": [
     5736,
     -5737
    ],
    "stall_end_coincides_with_frame_end": false,
    "is_stall": false
   },
   {
    "frame_index": 506,
    "frame_start_symtime": 6240498,
    "n_samples_in_frame": 8365,
    "longest_run_symbols": 5,
    "stall_start_tref": 997,
    "stall_end_tref": 1001,
    "stall_start_data_relative": 984,
    "run_value_IQ": [
     5736,
     -5737
    ],
    "stall_end_coincides_with_frame_end": false,
    "is_stall": false
   },
   {
    "frame_index": 507,
    "frame_start_symtime": 6252831,
    "n_samples_in_frame": 9417,
    "longest_run_symbols": 5,
    "stall_start_tref": 9496,
    "stall_end_tref": 9500,
    "stall_start_data_relative": 9483,
    "run_value_IQ": [
     5736,
     5736
    ],
    "stall_end_coincides_with_frame_end": false,
    "is_stall": false
   },
   {
    "frame_index": 508,
    "frame_start_symtime": 6265164,
    "n_samples_in_frame": 9354,
    "longest_run_symbols": 5,
    "stall_start_tref": 997,
    "stall_end_tref": 1001,
    "stall_start_data_relative": 984,
    "run_value_IQ": [
     5736,
     -5737
    ],
    "stall_end_coincides_with_frame_end": false,
    "is_stall": false
   },
   {
    "frame_index": 509,
    "frame_start_symtime": 6277497,
    "n_samples_in_frame": 9352,
    "longest_run_symbols": 5,
    "stall_start_tref": 997,
    "stall_end_tref": 1001,
    "stall_start_data_relative": 984,
    "run_value_IQ": [
     5736,
     -5737
    ],
    "stall_end_coincides_with_frame_end": false,
    "is_stall": false
   },
   {
    "frame_index": 510,
    "frame_start_symtime": 6289830,
    "n_samples_in_frame": 9458,
    "longest_run_symbols": 5,
    "stall_start_tref": 997,
    "stall_end_tref": 1001,
    "stall_start_data_relative": 984,
    "run_value_IQ": [
     5736,
     -5737
    ],
    "stall_end_coincides_with_frame_end": false,
    "is_stall": false
   },
   {
    "frame_index": 511,
    "frame_start_symtime": 6302163,
    "n_samples_in_frame": 8505,
    "longest_run_symbols": 5,
    "stall_start_tref": 9496,
    "stall_end_tref": 9500,
    "stall_start_data_relative": 9483,
    "run_value_IQ": [
     5736,
     5736
    ],
    "stall_end_coincides_with_frame_end": false,
    "is_stall": false
   },
   {
    "frame_index": 512,
    "frame_start_symtime": 6314496,
    "n_samples_in_frame": 9163,
    "longest_run_symbols": 5,
    "stall_start_tref": 997,
    "stall_end_tref": 1001,
    "stall_start_data_relative": 984,
    "run_value_IQ": [
     5736,
     -5737
    ],
    "stall_end_coincides_with_frame_end": false,
    "is_stall": false
   },
   {
    "frame_index": 513,
    "frame_start_symtime": 6326829,
    "n_samples_in_frame": 9380,
    "longest_run_symbols": 5,
    "stall_start_tref": 997,
    "stall_end_tref": 1001,
    "stall_start_data_relative": 984,
    "run_value_IQ": [
     5736,
     -5737
    ],
    "stall_end_coincides_with_frame_end": false,
    "is_stall": false
   },
   {
    "frame_index": 514,
    "frame_start_symtime": 6339162,
    "n_samples_in_frame": 9438,
    "longest_run_symbols": 5,
    "stall_start_tref": 9496,
    "stall_end_tref": 9500,
    "stall_start_data_relative": 9483,
    "run_value_IQ": [
     5736,
     5736
    ],
    "stall_end_coincides_with_frame_end": false,
    "is_stall": false
   },
   {
    "frame_index": 515,
    "frame_start_symtime": 6351495,
    "n_samples_in_frame": 9253,
    "longest_run_symbols": 5,
    "stall_start_tref": 997,
    "stall_end_tref": 1001,
    "stall_start_data_relative": 984,
    "run_value_IQ": [
     5736,
     -5737
    ],
    "stall_end_coincides_with_frame_end": false,
    "is_stall": false
   },
   {
    "frame_index": 516,
    "frame_start_symtime": 6363828,
    "n_samples_in_frame": 8667,
    "longest_run_symbols": 5,
    "stall_start_tref": 997,
    "stall_end_tref": 1001,
    "stall_start_data_relative": 984,
    "run_value_IQ": [
     5736,
     -5737
    ],
    "stall_end_coincides_with_frame_end": false,
    "is_stall": false
   },
   {
    "frame_index": 517,
    "frame_start_symtime": 6376161,
    "n_samples_in_frame": 9382,
    "longest_run_symbols": 5,
    "stall_start_tref": 997,
    "stall_end_tref": 1001,
    "stall_start_data_relative": 984,
    "run_value_IQ": [
     5736,
     -5737
    ],
    "stall_end_coincides_with_frame_end": false,
    "is_stall": false
   },
   {
    "frame_index": 518,
    "frame_start_symtime": 6388494,
    "n_samples_in_frame": 9334,
    "longest_run_symbols": 5,
    "stall_start_tref": 997,
    "stall_end_tref": 1001,
    "stall_start_data_relative": 984,
    "run_value_IQ": [
     5736,
     -5737
    ],
    "stall_end_coincides_with_frame_end": false,
    "is_stall": false
   },
   {
    "frame_index": 519,
    "frame_start_symtime": 6400827,
    "n_samples_in_frame": 9442,
    "longest_run_symbols": 5,
    "stall_start_tref": 9496,
    "stall_end_tref": 9500,
    "stall_start_data_relative": 9483,
    "run_value_IQ": [
     5736,
     5736
    ],
    "stall_end_coincides_with_frame_end": false,
    "is_stall": false
   },
   {
    "frame_index": 520,
    "frame_start_symtime": 6413160,
    "n_samples_in_frame": 9218,
    "longest_run_symbols": 5,
    "stall_start_tref": 997,
    "stall_end_tref": 1001,
    "stall_start_data_relative": 984,
    "run_value_IQ": [
     5736,
     -5737
    ],
    "stall_end_coincides_with_frame_end": false,
    "is_stall": false
   },
   {
    "frame_index": 521,
    "frame_start_symtime": 6425493,
    "n_samples_in_frame": 8704,
    "longest_run_symbols": 5,
    "stall_start_tref": 997,
    "stall_end_tref": 1001,
    "stall_start_data_relative": 984,
    "run_value_IQ": [
     5736,
     -5737
    ],
    "stall_end_coincides_with_frame_end": false,
    "is_stall": false
   },
   {
    "frame_index": 522,
    "frame_start_symtime": 6437826,
    "n_samples_in_frame": 9216,
    "longest_run_symbols": 5,
    "stall_start_tref": 997,
    "stall_end_tref": 1001,
    "stall_start_data_relative": 984,
    "run_value_IQ": [
     5736,
     -5737
    ],
    "stall_end_coincides_with_frame_end": false,
    "is_stall": false
   },
   {
    "frame_index": 523,
    "frame_start_symtime": 6450159,
    "n_samples_in_frame": 9429,
    "longest_run_symbols": 5,
    "stall_start_tref": 997,
    "stall_end_tref": 1001,
    "stall_start_data_relative": 984,
    "run_value_IQ": [
     5736,
     -5737
    ],
    "stall_end_coincides_with_frame_end": false,
    "is_stall": false
   },
   {
    "frame_index": 524,
    "frame_start_symtime": 6462492,
    "n_samples_in_frame": 9411,
    "longest_run_symbols": 5,
    "stall_start_tref": 9496,
    "stall_end_tref": 9500,
    "stall_start_data_relative": 9483,
    "run_value_IQ": [
     5736,
     5736
    ],
    "stall_end_coincides_with_frame_end": false,
    "is_stall": false
   },
   {
    "frame_index": 525,
    "frame_start_symtime": 6474825,
    "n_samples_in_frame": 9320,
    "longest_run_symbols": 5,
    "stall_start_tref": 997,
    "stall_end_tref": 1001,
    "stall_start_data_relative": 984,
    "run_value_IQ": [
     5736,
     -5737
    ],
    "stall_end_coincides_with_frame_end": false,
    "is_stall": false
   },
   {
    "frame_index": 526,
    "frame_start_symtime": 6487158,
    "n_samples_in_frame": 8637,
    "longest_run_symbols": 5,
    "stall_start_tref": 997,
    "stall_end_tref": 1001,
    "stall_start_data_relative": 984,
    "run_value_IQ": [
     5736,
     -5737
    ],
    "stall_end_coincides_with_frame_end": false,
    "is_stall": false
   },
   {
    "frame_index": 527,
    "frame_start_symtime": 6499491,
    "n_samples_in_frame": 9283,
    "longest_run_symbols": 5,
    "stall_start_tref": 997,
    "stall_end_tref": 1001,
    "stall_start_data_relative": 984,
    "run_value_IQ": [
     5736,
     -5737
    ],
    "stall_end_coincides_with_frame_end": false,
    "is_stall": false
   },
   {
    "frame_index": 528,
    "frame_start_symtime": 6511824,
    "n_samples_in_frame": 13824,
    "longest_run_symbols": 7,
    "stall_start_tref": 627,
    "stall_end_tref": 630,
    "stall_start_data_relative": 614,
    "run_value_IQ": [
     5736,
     -5737
    ],
    "stall_end_coincides_with_frame_end": false,
    "is_stall": false
   },
   {
    "frame_index": 529,
    "frame_start_symtime": 6524157,
    "n_samples_in_frame": 9373,
    "longest_run_symbols": 5,
    "stall_start_tref": 997,
    "stall_end_tref": 1001,
    "stall_start_data_relative": 984,
    "run_value_IQ": [
     5736,
     -5737
    ],
    "stall_end_coincides_with_frame_end": false,
    "is_stall": false
   },
   {
    "frame_index": 530,
    "frame_start_symtime": 6536490,
    "n_samples_in_frame": 8598,
    "longest_run_symbols": 5,
    "stall_start_tref": 997,
    "stall_end_tref": 1001,
    "stall_start_data_relative": 984,
    "run_value_IQ": [
     5736,
     -5737
    ],
    "stall_end_coincides_with_frame_end": false,
    "is_stall": false
   },
   {
    "frame_index": 531,
    "frame_start_symtime": 6548823,
    "n_samples_in_frame": 9400,
    "longest_run_symbols": 5,
    "stall_start_tref": 997,
    "stall_end_tref": 1001,
    "stall_start_data_relative": 984,
    "run_value_IQ": [
     5736,
     -5737
    ],
    "stall_end_coincides_with_frame_end": false,
    "is_stall": false
   },
   {
    "frame_index": 532,
    "frame_start_symtime": 6561156,
    "n_samples_in_frame": 9440,
    "longest_run_symbols": 5,
    "stall_start_tref": 9496,
    "stall_end_tref": 9500,
    "stall_start_data_relative": 9483,
    "run_value_IQ": [
     5736,
     5736
    ],
    "stall_end_coincides_with_frame_end": false,
    "is_stall": false
   },
   {
    "frame_index": 533,
    "frame_start_symtime": 6573489,
    "n_samples_in_frame": 9292,
    "longest_run_symbols": 5,
    "stall_start_tref": 997,
    "stall_end_tref": 1001,
    "stall_start_data_relative": 984,
    "run_value_IQ": [
     5736,
     -5737
    ],
    "stall_end_coincides_with_frame_end": false,
    "is_stall": false
   },
   {
    "frame_index": 534,
    "frame_start_symtime": 6585822,
    "n_samples_in_frame": 9443,
    "longest_run_symbols": 5,
    "stall_start_tref": 997,
    "stall_end_tref": 1001,
    "stall_start_data_relative": 984,
    "run_value_IQ": [
     5736,
     -5737
    ],
    "stall_end_coincides_with_frame_end": false,
    "is_stall": false
   },
   {
    "frame_index": 535,
    "frame_start_symtime": 6598155,
    "n_samples_in_frame": 8578,
    "longest_run_symbols": 5,
    "stall_start_tref": 9496,
    "stall_end_tref": 9500,
    "stall_start_data_relative": 9483,
    "run_value_IQ": [
     5736,
     5736
    ],
    "stall_end_coincides_with_frame_end": false,
    "is_stall": false
   },
   {
    "frame_index": 536,
    "frame_start_symtime": 6610488,
    "n_samples_in_frame": 9373,
    "longest_run_symbols": 5,
    "stall_start_tref": 997,
    "stall_end_tref": 1001,
    "stall_start_data_relative": 984,
    "run_value_IQ": [
     5736,
     -5737
    ],
    "stall_end_coincides_with_frame_end": false,
    "is_stall": false
   },
   {
    "frame_index": 537,
    "frame_start_symtime": 6622821,
    "n_samples_in_frame": 9447,
    "longest_run_symbols": 5,
    "stall_start_tref": 9496,
    "stall_end_tref": 9500,
    "stall_start_data_relative": 9483,
    "run_value_IQ": [
     5736,
     5736
    ],
    "stall_end_coincides_with_frame_end": false,
    "is_stall": false
   },
   {
    "frame_index": 538,
    "frame_start_symtime": 6635154,
    "n_samples_in_frame": 9435,
    "longest_run_symbols": 5,
    "stall_start_tref": 997,
    "stall_end_tref": 1001,
    "stall_start_data_relative": 984,
    "run_value_IQ": [
     5736,
     -5737
    ],
    "stall_end_coincides_with_frame_end": false,
    "is_stall": false
   },
   {
    "frame_index": 539,
    "frame_start_symtime": 6647487,
    "n_samples_in_frame": 9362,
    "longest_run_symbols": 5,
    "stall_start_tref": 9496,
    "stall_end_tref": 9500,
    "stall_start_data_relative": 9483,
    "run_value_IQ": [
     5736,
     5736
    ],
    "stall_end_coincides_with_frame_end": false,
    "is_stall": false
   },
   {
    "frame_index": 540,
    "frame_start_symtime": 6659820,
    "n_samples_in_frame": 8535,
    "longest_run_symbols": 5,
    "stall_start_tref": 997,
    "stall_end_tref": 1001,
    "stall_start_data_relative": 984,
    "run_value_IQ": [
     5736,
     -5737
    ],
    "stall_end_coincides_with_frame_end": false,
    "is_stall": false
   },
   {
    "frame_index": 541,
    "frame_start_symtime": 6672153,
    "n_samples_in_frame": 9297,
    "longest_run_symbols": 5,
    "stall_start_tref": 9496,
    "stall_end_tref": 9500,
    "stall_start_data_relative": 9483,
    "run_value_IQ": [
     5736,
     5736
    ],
    "stall_end_coincides_with_frame_end": false,
    "is_stall": false
   },
   {
    "frame_index": 542,
    "frame_start_symtime": 6684486,
    "n_samples_in_frame": 9451,
    "longest_run_symbols": 5,
    "stall_start_tref": 9496,
    "stall_end_tref": 9500,
    "stall_start_data_relative": 9483,
    "run_value_IQ": [
     5736,
     5736
    ],
    "stall_end_coincides_with_frame_end": false,
    "is_stall": false
   },
   {
    "frame_index": 543,
    "frame_start_symtime": 6696819,
    "n_samples_in_frame": 9251,
    "longest_run_symbols": 5,
    "stall_start_tref": 997,
    "stall_end_tref": 1001,
    "stall_start_data_relative": 984,
    "run_value_IQ": [
     5736,
     -5737
    ],
    "stall_end_coincides_with_frame_end": false,
    "is_stall": false
   },
   {
    "frame_index": 544,
    "frame_start_symtime": 6709152,
    "n_samples_in_frame": 9378,
    "longest_run_symbols": 5,
    "stall_start_tref": 997,
    "stall_end_tref": 1001,
    "stall_start_data_relative": 984,
    "run_value_IQ": [
     5736,
     -5737
    ],
    "stall_end_coincides_with_frame_end": false,
    "is_stall": false
   },
   {
    "frame_index": 545,
    "frame_start_symtime": 6721485,
    "n_samples_in_frame": 8531,
    "longest_run_symbols": 5,
    "stall_start_tref": 9496,
    "stall_end_tref": 9500,
    "stall_start_data_relative": 9483,
    "run_value_IQ": [
     5736,
     5736
    ],
    "stall_end_coincides_with_frame_end": false,
    "is_stall": false
   },
   {
    "frame_index": 546,
    "frame_start_symtime": 6733818,
    "n_samples_in_frame": 9329,
    "longest_run_symbols": 5,
    "stall_start_tref": 997,
    "stall_end_tref": 1001,
    "stall_start_data_relative": 984,
    "run_value_IQ": [
     5736,
     -5737
    ],
    "stall_end_coincides_with_frame_end": false,
    "is_stall": false
   },
   {
    "frame_index": 547,
    "frame_start_symtime": 6746151,
    "n_samples_in_frame": 9235,
    "longest_run_symbols": 5,
    "stall_start_tref": 997,
    "stall_end_tref": 1001,
    "stall_start_data_relative": 984,
    "run_value_IQ": [
     5736,
     -5737
    ],
    "stall_end_coincides_with_frame_end": false,
    "is_stall": false
   },
   {
    "frame_index": 548,
    "frame_start_symtime": 6758484,
    "n_samples_in_frame": 9481,
    "longest_run_symbols": 5,
    "stall_start_tref": 9496,
    "stall_end_tref": 9500,
    "stall_start_data_relative": 9483,
    "run_value_IQ": [
     5736,
     5736
    ],
    "stall_end_coincides_with_frame_end": false,
    "is_stall": false
   },
   {
    "frame_index": 549,
    "frame_start_symtime": 6770817,
    "n_samples_in_frame": 9307,
    "longest_run_symbols": 5,
    "stall_start_tref": 9496,
    "stall_end_tref": 9500,
    "stall_start_data_relative": 9483,
    "run_value_IQ": [
     5736,
     5736
    ],
    "stall_end_coincides_with_frame_end": false,
    "is_stall": false
   },
   {
    "frame_index": 550,
    "frame_start_symtime": 6783150,
    "n_samples_in_frame": 8765,
    "longest_run_symbols": 5,
    "stall_start_tref": 997,
    "stall_end_tref": 1001,
    "stall_start_data_relative": 984,
    "run_value_IQ": [
     5736,
     -5737
    ],
    "stall_end_coincides_with_frame_end": false,
    "is_stall": false
   },
   {
    "frame_index": 551,
    "frame_start_symtime": 6795483,
    "n_samples_in_frame": 9448,
    "longest_run_symbols": 5,
    "stall_start_tref": 997,
    "stall_end_tref": 1001,
    "stall_start_data_relative": 984,
    "run_value_IQ": [
     5736,
     -5737
    ],
    "stall_end_coincides_with_frame_end": false,
    "is_stall": false
   },
   {
    "frame_index": 552,
    "frame_start_symtime": 6807816,
    "n_samples_in_frame": 9259,
    "longest_run_symbols": 5,
    "stall_start_tref": 9496,
    "stall_end_tref": 9500,
    "stall_start_data_relative": 9483,
    "run_value_IQ": [
     5736,
     5736
    ],
    "stall_end_coincides_with_frame_end": false,
    "is_stall": false
   },
   {
    "frame_index": 553,
    "frame_start_symtime": 6820149,
    "n_samples_in_frame": 9392,
    "longest_run_symbols": 5,
    "stall_start_tref": 9496,
    "stall_end_tref": 9500,
    "stall_start_data_relative": 9483,
    "run_value_IQ": [
     5736,
     5736
    ],
    "stall_end_coincides_with_frame_end": false,
    "is_stall": false
   },
   {
    "frame_index": 554,
    "frame_start_symtime": 6832482,
    "n_samples_in_frame": 9275,
    "longest_run_symbols": 5,
    "stall_start_tref": 997,
    "stall_end_tref": 1001,
    "stall_start_data_relative": 984,
    "run_value_IQ": [
     5736,
     -5737
    ],
    "stall_end_coincides_with_frame_end": false,
    "is_stall": false
   },
   {
    "frame_index": 555,
    "frame_start_symtime": 6844815,
    "n_samples_in_frame": 8645,
    "longest_run_symbols": 5,
    "stall_start_tref": 997,
    "stall_end_tref": 1001,
    "stall_start_data_relative": 984,
    "run_value_IQ": [
     5736,
     -5737
    ],
    "stall_end_coincides_with_frame_end": false,
    "is_stall": false
   },
   {
    "frame_index": 556,
    "frame_start_symtime": 6857148,
    "n_samples_in_frame": 4704,
    "longest_run_symbols": 5,
    "stall_start_tref": 9496,
    "stall_end_tref": 9500,
    "stall_start_data_relative": 9483,
    "run_value_IQ": [
     5736,
     5736
    ],
    "stall_end_coincides_with_frame_end": false,
    "is_stall": false
   },
   {
    "frame_index": 557,
    "frame_start_symtime": 6869481,
    "n_samples_in_frame": 9409,
    "longest_run_symbols": 5,
    "stall_start_tref": 997,
    "stall_end_tref": 1001,
    "stall_start_data_relative": 984,
    "run_value_IQ": [
     5736,
     -5737
    ],
    "stall_end_coincides_with_frame_end": false,
    "is_stall": false
   },
   {
    "frame_index": 558,
    "frame_start_symtime": 6881814,
    "n_samples_in_frame": 9431,
    "longest_run_symbols": 5,
    "stall_start_tref": 9496,
    "stall_end_tref": 9500,
    "stall_start_data_relative": 9483,
    "run_value_IQ": [
     5736,
     5736
    ],
    "stall_end_coincides_with_frame_end": false,
    "is_stall": false
   },
   {
    "frame_index": 559,
    "frame_start_symtime": 6894147,
    "n_samples_in_frame": 9039,
    "longest_run_symbols": 5,
    "stall_start_tref": 997,
    "stall_end_tref": 1001,
    "stall_start_data_relative": 984,
    "run_value_IQ": [
     5736,
     -5737
    ],
    "stall_end_coincides_with_frame_end": false,
    "is_stall": false
   },
   {
    "frame_index": 560,
    "frame_start_symtime": 6906480,
    "n_samples_in_frame": 8874,
    "longest_run_symbols": 5,
    "stall_start_tref": 9496,
    "stall_end_tref": 9500,
    "stall_start_data_relative": 9483,
    "run_value_IQ": [
     5736,
     5736
    ],
    "stall_end_coincides_with_frame_end": false,
    "is_stall": false
   },
   {
    "frame_index": 561,
    "frame_start_symtime": 6918813,
    "n_samples_in_frame": 9305,
    "longest_run_symbols": 5,
    "stall_start_tref": 997,
    "stall_end_tref": 1001,
    "stall_start_data_relative": 984,
    "run_value_IQ": [
     5736,
     -5737
    ],
    "stall_end_coincides_with_frame_end": false,
    "is_stall": false
   },
   {
    "frame_index": 562,
    "frame_start_symtime": 6931146,
    "n_samples_in_frame": 9414,
    "longest_run_symbols": 5,
    "stall_start_tref": 997,
    "stall_end_tref": 1001,
    "stall_start_data_relative": 984,
    "run_value_IQ": [
     5736,
     -5737
    ],
    "stall_end_coincides_with_frame_end": false,
    "is_stall": false
   },
   {
    "frame_index": 563,
    "frame_start_symtime": 6943479,
    "n_samples_in_frame": 9420,
    "longest_run_symbols": 5,
    "stall_start_tref": 9496,
    "stall_end_tref": 9500,
    "stall_start_data_relative": 9483,
    "run_value_IQ": [
     5736,
     5736
    ],
    "stall_end_coincides_with_frame_end": false,
    "is_stall": false
   },
   {
    "frame_index": 564,
    "frame_start_symtime": 6955812,
    "n_samples_in_frame": 9262,
    "longest_run_symbols": 5,
    "stall_start_tref": 997,
    "stall_end_tref": 1001,
    "stall_start_data_relative": 984,
    "run_value_IQ": [
     5736,
     -5737
    ],
    "stall_end_coincides_with_frame_end": false,
    "is_stall": false
   },
   {
    "frame_index": 565,
    "frame_start_symtime": 6968145,
    "n_samples_in_frame": 8227,
    "longest_run_symbols": 5,
    "stall_start_tref": 997,
    "stall_end_tref": 1001,
    "stall_start_data_relative": 984,
    "run_value_IQ": [
     5736,
     -5737
    ],
    "stall_end_coincides_with_frame_end": false,
    "is_stall": false
   },
   {
    "frame_index": 566,
    "frame_start_symtime": 6980478,
    "n_samples_in_frame": 9429,
    "longest_run_symbols": 5,
    "stall_start_tref": 997,
    "stall_end_tref": 1001,
    "stall_start_data_relative": 984,
    "run_value_IQ": [
     5736,
     -5737
    ],
    "stall_end_coincides_with_frame_end": false,
    "is_stall": false
   },
   {
    "frame_index": 567,
    "frame_start_symtime": 6992811,
    "n_samples_in_frame": 9470,
    "longest_run_symbols": 5,
    "stall_start_tref": 9496,
    "stall_end_tref": 9500,
    "stall_start_data_relative": 9483,
    "run_value_IQ": [
     5736,
     5736
    ],
    "stall_end_coincides_with_frame_end": false,
    "is_stall": false
   },
   {
    "frame_index": 568,
    "frame_start_symtime": 7005144,
    "n_samples_in_frame": 7168,
    "longest_run_symbols": 5,
    "stall_start_tref": 997,
    "stall_end_tref": 1001,
    "stall_start_data_relative": 984,
    "run_value_IQ": [
     5736,
     -5737
    ],
    "stall_end_coincides_with_frame_end": false,
    "is_stall": false
   },
   {
    "frame_index": 569,
    "frame_start_symtime": 7017477,
    "n_samples_in_frame": 7120,
    "longest_run_symbols": 5,
    "stall_start_tref": 9496,
    "stall_end_tref": 9500,
    "stall_start_data_relative": 9483,
    "run_value_IQ": [
     5736,
     5736
    ],
    "stall_end_coincides_with_frame_end": false,
    "is_stall": false
   },
   {
    "frame_index": 570,
    "frame_start_symtime": 7029810,
    "n_samples_in_frame": 8556,
    "longest_run_symbols": 5,
    "stall_start_tref": 997,
    "stall_end_tref": 1001,
    "stall_start_data_relative": 984,
    "run_value_IQ": [
     5736,
     -5737
    ],
    "stall_end_coincides_with_frame_end": false,
    "is_stall": false
   },
   {
    "frame_index": 571,
    "frame_start_symtime": 7042143,
    "n_samples_in_frame": 9100,
    "longest_run_symbols": 5,
    "stall_start_tref": 997,
    "stall_end_tref": 1001,
    "stall_start_data_relative": 984,
    "run_value_IQ": [
     5736,
     -5737
    ],
    "stall_end_coincides_with_frame_end": false,
    "is_stall": false
   },
   {
    "frame_index": 572,
    "frame_start_symtime": 7054476,
    "n_samples_in_frame": 9324,
    "longest_run_symbols": 5,
    "stall_start_tref": 997,
    "stall_end_tref": 1001,
    "stall_start_data_relative": 984,
    "run_value_IQ": [
     5736,
     -5737
    ],
    "stall_end_coincides_with_frame_end": false,
    "is_stall": false
   },
   {
    "frame_index": 573,
    "frame_start_symtime": 7066809,
    "n_samples_in_frame": 9412,
    "longest_run_symbols": 5,
    "stall_start_tref": 9496,
    "stall_end_tref": 9500,
    "stall_start_data_relative": 9483,
    "run_value_IQ": [
     5736,
     5736
    ],
    "stall_end_coincides_with_frame_end": false,
    "is_stall": false
   },
   {
    "frame_index": 574,
    "frame_start_symtime": 7079142,
    "n_samples_in_frame": 9224,
    "longest_run_symbols": 5,
    "stall_start_tref": 997,
    "stall_end_tref": 1001,
    "stall_start_data_relative": 984,
    "run_value_IQ": [
     5736,
     -5737
    ],
    "stall_end_coincides_with_frame_end": false,
    "is_stall": false
   },
   {
    "frame_index": 575,
    "frame_start_symtime": 7091475,
    "n_samples_in_frame": 8370,
    "longest_run_symbols": 5,
    "stall_start_tref": 997,
    "stall_end_tref": 1001,
    "stall_start_data_relative": 984,
    "run_value_IQ": [
     5736,
     -5737
    ],
    "stall_end_coincides_with_frame_end": false,
    "is_stall": false
   },
   {
    "frame_index": 576,
    "frame_start_symtime": 7103808,
    "n_samples_in_frame": 9378,
    "longest_run_symbols": 5,
    "stall_start_tref": 9496,
    "stall_end_tref": 9500,
    "stall_start_data_relative": 9483,
    "run_value_IQ": [
     5736,
     5736
    ],
    "stall_end_coincides_with_frame_end": false,
    "is_stall": false
   },
   {
    "frame_index": 577,
    "frame_start_symtime": 7116141,
    "n_samples_in_frame": 9380,
    "longest_run_symbols": 5,
    "stall_start_tref": 997,
    "stall_end_tref": 1001,
    "stall_start_data_relative": 984,
    "run_value_IQ": [
     5736,
     -5737
    ],
    "stall_end_coincides_with_frame_end": false,
    "is_stall": false
   },
   {
    "frame_index": 578,
    "frame_start_symtime": 7128474,
    "n_samples_in_frame": 9232,
    "longest_run_symbols": 5,
    "stall_start_tref": 997,
    "stall_end_tref": 1001,
    "stall_start_data_relative": 984,
    "run_value_IQ": [
     5736,
     -5737
    ],
    "stall_end_coincides_with_frame_end": false,
    "is_stall": false
   },
   {
    "frame_index": 579,
    "frame_start_symtime": 7140807,
    "n_samples_in_frame": 9338,
    "longest_run_symbols": 5,
    "stall_start_tref": 997,
    "stall_end_tref": 1001,
    "stall_start_data_relative": 984,
    "run_value_IQ": [
     5736,
     -5737
    ],
    "stall_end_coincides_with_frame_end": false,
    "is_stall": false
   },
   {
    "frame_index": 580,
    "frame_start_symtime": 7153140,
    "n_samples_in_frame": 8611,
    "longest_run_symbols": 5,
    "stall_start_tref": 997,
    "stall_end_tref": 1001,
    "stall_start_data_relative": 984,
    "run_value_IQ": [
     5736,
     -5737
    ],
    "stall_end_coincides_with_frame_end": false,
    "is_stall": false
   },
   {
    "frame_index": 581,
    "frame_start_symtime": 7165473,
    "n_samples_in_frame": 9418,
    "longest_run_symbols": 5,
    "stall_start_tref": 997,
    "stall_end_tref": 1001,
    "stall_start_data_relative": 984,
    "run_value_IQ": [
     5736,
     -5737
    ],
    "stall_end_coincides_with_frame_end": false,
    "is_stall": false
   },
   {
    "frame_index": 582,
    "frame_start_symtime": 7177806,
    "n_samples_in_frame": 9311,
    "longest_run_symbols": 5,
    "stall_start_tref": 997,
    "stall_end_tref": 1001,
    "stall_start_data_relative": 984,
    "run_value_IQ": [
     5736,
     -5737
    ],
    "stall_end_coincides_with_frame_end": false,
    "is_stall": false
   },
   {
    "frame_index": 583,
    "frame_start_symtime": 7190139,
    "n_samples_in_frame": 9394,
    "longest_run_symbols": 5,
    "stall_start_tref": 997,
    "stall_end_tref": 1001,
    "stall_start_data_relative": 984,
    "run_value_IQ": [
     5736,
     -5737
    ],
    "stall_end_coincides_with_frame_end": false,
    "is_stall": false
   },
   {
    "frame_index": 584,
    "frame_start_symtime": 7202472,
    "n_samples_in_frame": 9241,
    "longest_run_symbols": 5,
    "stall_start_tref": 997,
    "stall_end_tref": 1001,
    "stall_start_data_relative": 984,
    "run_value_IQ": [
     5736,
     -5737
    ],
    "stall_end_coincides_with_frame_end": false,
    "is_stall": false
   },
   {
    "frame_index": 585,
    "frame_start_symtime": 7214805,
    "n_samples_in_frame": 4071,
    "longest_run_symbols": 5,
    "stall_start_tref": 997,
    "stall_end_tref": 1001,
    "stall_start_data_relative": 984,
    "run_value_IQ": [
     5736,
     -5737
    ],
    "stall_end_coincides_with_frame_end": false,
    "is_stall": false
   },
   {
    "frame_index": 586,
    "frame_start_symtime": 7227138,
    "n_samples_in_frame": 9351,
    "longest_run_symbols": 5,
    "stall_start_tref": 997,
    "stall_end_tref": 1001,
    "stall_start_data_relative": 984,
    "run_value_IQ": [
     5736,
     -5737
    ],
    "stall_end_coincides_with_frame_end": false,
    "is_stall": false
   },
   {
    "frame_index": 587,
    "frame_start_symtime": 7239471,
    "n_samples_in_frame": 9454,
    "longest_run_symbols": 5,
    "stall_start_tref": 997,
    "stall_end_tref": 1001,
    "stall_start_data_relative": 984,
    "run_value_IQ": [
     5736,
     -5737
    ],
    "stall_end_coincides_with_frame_end": false,
    "is_stall": false
   },
   {
    "frame_index": 588,
    "frame_start_symtime": 7251804,
    "n_samples_in_frame": 9355,
    "longest_run_symbols": 5,
    "stall_start_tref": 9496,
    "stall_end_tref": 9500,
    "stall_start_data_relative": 9483,
    "run_value_IQ": [
     5736,
     5736
    ],
    "stall_end_coincides_with_frame_end": false,
    "is_stall": false
   },
   {
    "frame_index": 589,
    "frame_start_symtime": 7264137,
    "n_samples_in_frame": 9361,
    "longest_run_symbols": 5,
    "stall_start_tref": 997,
    "stall_end_tref": 1001,
    "stall_start_data_relative": 984,
    "run_value_IQ": [
     5736,
     -5737
    ],
    "stall_end_coincides_with_frame_end": false,
    "is_stall": false
   },
   {
    "frame_index": 590,
    "frame_start_symtime": 7276470,
    "n_samples_in_frame": 8811,
    "longest_run_symbols": 5,
    "stall_start_tref": 997,
    "stall_end_tref": 1001,
    "stall_start_data_relative": 984,
    "run_value_IQ": [
     5736,
     -5737
    ],
    "stall_end_coincides_with_frame_end": false,
    "is_stall": false
   },
   {
    "frame_index": 591,
    "frame_start_symtime": 7288803,
    "n_samples_in_frame": 9188,
    "longest_run_symbols": 5,
    "stall_start_tref": 9496,
    "stall_end_tref": 9500,
    "stall_start_data_relative": 9483,
    "run_value_IQ": [
     5736,
     5736
    ],
    "stall_end_coincides_with_frame_end": false,
    "is_stall": false
   },
   {
    "frame_index": 592,
    "frame_start_symtime": 7301136,
    "n_samples_in_frame": 9462,
    "longest_run_symbols": 5,
    "stall_start_tref": 9496,
    "stall_end_tref": 9500,
    "stall_start_data_relative": 9483,
    "run_value_IQ": [
     5736,
     5736
    ],
    "stall_end_coincides_with_frame_end": false,
    "is_stall": false
   },
   {
    "frame_index": 593,
    "frame_start_symtime": 7313469,
    "n_samples_in_frame": 9283,
    "longest_run_symbols": 5,
    "stall_start_tref": 997,
    "stall_end_tref": 1001,
    "stall_start_data_relative": 984,
    "run_value_IQ": [
     5736,
     -5737
    ],
    "stall_end_coincides_with_frame_end": false,
    "is_stall": false
   },
   {
    "frame_index": 594,
    "frame_start_symtime": 7325802,
    "n_samples_in_frame": 9301,
    "longest_run_symbols": 5,
    "stall_start_tref": 997,
    "stall_end_tref": 1001,
    "stall_start_data_relative": 984,
    "run_value_IQ": [
     5736,
     -5737
    ],
    "stall_end_coincides_with_frame_end": false,
    "is_stall": false
   },
   {
    "frame_index": 595,
    "frame_start_symtime": 7338135,
    "n_samples_in_frame": 8720,
    "longest_run_symbols": 5,
    "stall_start_tref": 997,
    "stall_end_tref": 1001,
    "stall_start_data_relative": 984,
    "run_value_IQ": [
     5736,
     -5737
    ],
    "stall_end_coincides_with_frame_end": false,
    "is_stall": false
   },
   {
    "frame_index": 596,
    "frame_start_symtime": 7350468,
    "n_samples_in_frame": 9154,
    "longest_run_symbols": 5,
    "stall_start_tref": 997,
    "stall_end_tref": 1001,
    "stall_start_data_relative": 984,
    "run_value_IQ": [
     5736,
     -5737
    ],
    "stall_end_coincides_with_frame_end": false,
    "is_stall": false
   },
   {
    "frame_index": 597,
    "frame_start_symtime": 7362801,
    "n_samples_in_frame": 9421,
    "longest_run_symbols": 5,
    "stall_start_tref": 997,
    "stall_end_tref": 1001,
    "stall_start_data_relative": 984,
    "run_value_IQ": [
     5736,
     -5737
    ],
    "stall_end_coincides_with_frame_end": false,
    "is_stall": false
   },
   {
    "frame_index": 598,
    "frame_start_symtime": 7375134,
    "n_samples_in_frame": 9355,
    "longest_run_symbols": 5,
    "stall_start_tref": 997,
    "stall_end_tref": 1001,
    "stall_start_data_relative": 984,
    "run_value_IQ": [
     5736,
     -5737
    ],
    "stall_end_coincides_with_frame_end": false,
    "is_stall": false
   },
   {
    "frame_index": 599,
    "frame_start_symtime": 7387467,
    "n_samples_in_frame": 9289,
    "longest_run_symbols": 5,
    "stall_start_tref": 997,
    "stall_end_tref": 1001,
    "stall_start_data_relative": 984,
    "run_value_IQ": [
     5736,
     -5737
    ],
    "stall_end_coincides_with_frame_end": false,
    "is_stall": false
   },
   {
    "frame_index": 600,
    "frame_start_symtime": 7399800,
    "n_samples_in_frame": 8658,
    "longest_run_symbols": 5,
    "stall_start_tref": 997,
    "stall_end_tref": 1001,
    "stall_start_data_relative": 984,
    "run_value_IQ": [
     5736,
     -5737
    ],
    "stall_end_coincides_with_frame_end": false,
    "is_stall": false
   },
   {
    "frame_index": 601,
    "frame_start_symtime": 7412133,
    "n_samples_in_frame": 9265,
    "longest_run_symbols": 5,
    "stall_start_tref": 997,
    "stall_end_tref": 1001,
    "stall_start_data_relative": 984,
    "run_value_IQ": [
     5736,
     -5737
    ],
    "stall_end_coincides_with_frame_end": false,
    "is_stall": false
   },
   {
    "frame_index": 602,
    "frame_start_symtime": 7424466,
    "n_samples_in_frame": 9275,
    "longest_run_symbols": 5,
    "stall_start_tref": 997,
    "stall_end_tref": 1001,
    "stall_start_data_relative": 984,
    "run_value_IQ": [
     5736,
     -5737
    ],
    "stall_end_coincides_with_frame_end": false,
    "is_stall": false
   },
   {
    "frame_index": 603,
    "frame_start_symtime": 7436799,
    "n_samples_in_frame": 9420,
    "longest_run_symbols": 5,
    "stall_start_tref": 997,
    "stall_end_tref": 1001,
    "stall_start_data_relative": 984,
    "run_value_IQ": [
     5736,
     -5737
    ],
    "stall_end_coincides_with_frame_end": false,
    "is_stall": false
   },
   {
    "frame_index": 604,
    "frame_start_symtime": 7449132,
    "n_samples_in_frame": 10468,
    "longest_run_symbols": 5,
    "stall_start_tref": 997,
    "stall_end_tref": 1001,
    "stall_start_data_relative": 984,
    "run_value_IQ": [
     5736,
     -5737
    ],
    "stall_end_coincides_with_frame_end": false,
    "is_stall": false
   },
   {
    "frame_index": 605,
    "frame_start_symtime": 7461465,
    "n_samples_in_frame": 9341,
    "longest_run_symbols": 5,
    "stall_start_tref": 997,
    "stall_end_tref": 1001,
    "stall_start_data_relative": 984,
    "run_value_IQ": [
     5736,
     -5737
    ],
    "stall_end_coincides_with_frame_end": false,
    "is_stall": false
   },
   {
    "frame_index": 606,
    "frame_start_symtime": 7473798,
    "n_samples_in_frame": 9417,
    "longest_run_symbols": 5,
    "stall_start_tref": 997,
    "stall_end_tref": 1001,
    "stall_start_data_relative": 984,
    "run_value_IQ": [
     5736,
     -5737
    ],
    "stall_end_coincides_with_frame_end": false,
    "is_stall": false
   },
   {
    "frame_index": 607,
    "frame_start_symtime": 7486131,
    "n_samples_in_frame": 9451,
    "longest_run_symbols": 5,
    "stall_start_tref": 9496,
    "stall_end_tref": 9500,
    "stall_start_data_relative": 9483,
    "run_value_IQ": [
     5736,
     5736
    ],
    "stall_end_coincides_with_frame_end": false,
    "is_stall": false
   },
   {
    "frame_index": 608,
    "frame_start_symtime": 7498464,
    "n_samples_in_frame": 9328,
    "longest_run_symbols": 5,
    "stall_start_tref": 997,
    "stall_end_tref": 1001,
    "stall_start_data_relative": 984,
    "run_value_IQ": [
     5736,
     -5737
    ],
    "stall_end_coincides_with_frame_end": false,
    "is_stall": false
   },
   {
    "frame_index": 609,
    "frame_start_symtime": 7510797,
    "n_samples_in_frame": 7667,
    "longest_run_symbols": 5,
    "stall_start_tref": 997,
    "stall_end_tref": 1001,
    "stall_start_data_relative": 984,
    "run_value_IQ": [
     5736,
     -5737
    ],
    "stall_end_coincides_with_frame_end": false,
    "is_stall": false
   },
   {
    "frame_index": 610,
    "frame_start_symtime": 7523130,
    "n_samples_in_frame": 7162,
    "longest_run_symbols": 5,
    "stall_start_tref": 997,
    "stall_end_tref": 1001,
    "stall_start_data_relative": 984,
    "run_value_IQ": [
     5736,
     -5737
    ],
    "stall_end_coincides_with_frame_end": false,
    "is_stall": false
   },
   {
    "frame_index": 611,
    "frame_start_symtime": 7535463,
    "n_samples_in_frame": 9446,
    "longest_run_symbols": 5,
    "stall_start_tref": 997,
    "stall_end_tref": 1001,
    "stall_start_data_relative": 984,
    "run_value_IQ": [
     5736,
     -5737
    ],
    "stall_end_coincides_with_frame_end": false,
    "is_stall": false
   },
   {
    "frame_index": 612,
    "frame_start_symtime": 7547796,
    "n_samples_in_frame": 9424,
    "longest_run_symbols": 5,
    "stall_start_tref": 11920,
    "stall_end_tref": 11924,
    "stall_start_data_relative": 11907,
    "run_value_IQ": [
     5736,
     -5737
    ],
    "stall_end_coincides_with_frame_end": false,
    "is_stall": false
   },
   {
    "frame_index": 613,
    "frame_start_symtime": 7560129,
    "n_samples_in_frame": 7149,
    "longest_run_symbols": 5,
    "stall_start_tref": 997,
    "stall_end_tref": 1001,
    "stall_start_data_relative": 984,
    "run_value_IQ": [
     5736,
     -5737
    ],
    "stall_end_coincides_with_frame_end": false,
    "is_stall": false
   },
   {
    "frame_index": 614,
    "frame_start_symtime": 7572462,
    "n_samples_in_frame": 6532,
    "longest_run_symbols": 5,
    "stall_start_tref": 9496,
    "stall_end_tref": 9500,
    "stall_start_data_relative": 9483,
    "run_value_IQ": [
     5736,
     5736
    ],
    "stall_end_coincides_with_frame_end": false,
    "is_stall": false
   },
   {
    "frame_index": 615,
    "frame_start_symtime": 7584795,
    "n_samples_in_frame": 9340,
    "longest_run_symbols": 5,
    "stall_start_tref": 997,
    "stall_end_tref": 1001,
    "stall_start_data_relative": 984,
    "run_value_IQ": [
     5736,
     -5737
    ],
    "stall_end_coincides_with_frame_end": false,
    "is_stall": false
   },
   {
    "frame_index": 616,
    "frame_start_symtime": 7597128,
    "n_samples_in_frame": 9361,
    "longest_run_symbols": 5,
    "stall_start_tref": 997,
    "stall_end_tref": 1001,
    "stall_start_data_relative": 984,
    "run_value_IQ": [
     5736,
     -5737
    ],
    "stall_end_coincides_with_frame_end": false,
    "is_stall": false
   },
   {
    "frame_index": 617,
    "frame_start_symtime": 7609461,
    "n_samples_in_frame": 9324,
    "longest_run_symbols": 5,
    "stall_start_tref": 997,
    "stall_end_tref": 1001,
    "stall_start_data_relative": 984,
    "run_value_IQ": [
     5736,
     -5737
    ],
    "stall_end_coincides_with_frame_end": false,
    "is_stall": false
   },
   {
    "frame_index": 618,
    "frame_start_symtime": 7621794,
    "n_samples_in_frame": 9474,
    "longest_run_symbols": 5,
    "stall_start_tref": 9496,
    "stall_end_tref": 9500,
    "stall_start_data_relative": 9483,
    "run_value_IQ": [
     5736,
     5736
    ],
    "stall_end_coincides_with_frame_end": false,
    "is_stall": false
   },
   {
    "frame_index": 619,
    "frame_start_symtime": 7634127,
    "n_samples_in_frame": 7703,
    "longest_run_symbols": 5,
    "stall_start_tref": 997,
    "stall_end_tref": 1001,
    "stall_start_data_relative": 984,
    "run_value_IQ": [
     5736,
     -5737
    ],
    "stall_end_coincides_with_frame_end": false,
    "is_stall": false
   },
   {
    "frame_index": 620,
    "frame_start_symtime": 7646460,
    "n_samples_in_frame": 9417,
    "longest_run_symbols": 5,
    "stall_start_tref": 997,
    "stall_end_tref": 1001,
    "stall_start_data_relative": 984,
    "run_value_IQ": [
     5736,
     -5737
    ],
    "stall_end_coincides_with_frame_end": false,
    "is_stall": false
   },
   {
    "frame_index": 621,
    "frame_start_symtime": 7658793,
    "n_samples_in_frame": 9217,
    "longest_run_symbols": 5,
    "stall_start_tref": 9496,
    "stall_end_tref": 9500,
    "stall_start_data_relative": 9483,
    "run_value_IQ": [
     5736,
     5736
    ],
    "stall_end_coincides_with_frame_end": false,
    "is_stall": false
   },
   {
    "frame_index": 622,
    "frame_start_symtime": 7671126,
    "n_samples_in_frame": 9394,
    "longest_run_symbols": 5,
    "stall_start_tref": 9496,
    "stall_end_tref": 9500,
    "stall_start_data_relative": 9483,
    "run_value_IQ": [
     5736,
     5736
    ],
    "stall_end_coincides_with_frame_end": false,
    "is_stall": false
   },
   {
    "frame_index": 623,
    "frame_start_symtime": 7683459,
    "n_samples_in_frame": 9326,
    "longest_run_symbols": 5,
    "stall_start_tref": 997,
    "stall_end_tref": 1001,
    "stall_start_data_relative": 984,
    "run_value_IQ": [
     5736,
     -5737
    ],
    "stall_end_coincides_with_frame_end": false,
    "is_stall": false
   },
   {
    "frame_index": 624,
    "frame_start_symtime": 7695792,
    "n_samples_in_frame": 8640,
    "longest_run_symbols": 5,
    "stall_start_tref": 997,
    "stall_end_tref": 1001,
    "stall_start_data_relative": 984,
    "run_value_IQ": [
     5736,
     -5737
    ],
    "stall_end_coincides_with_frame_end": false,
    "is_stall": false
   },
   {
    "frame_index": 625,
    "frame_start_symtime": 7708125,
    "n_samples_in_frame": 9280,
    "longest_run_symbols": 5,
    "stall_start_tref": 997,
    "stall_end_tref": 1001,
    "stall_start_data_relative": 984,
    "run_value_IQ": [
     5736,
     -5737
    ],
    "stall_end_coincides_with_frame_end": false,
    "is_stall": false
   },
   {
    "frame_index": 626,
    "frame_start_symtime": 7720458,
    "n_samples_in_frame": 9335,
    "longest_run_symbols": 5,
    "stall_start_tref": 997,
    "stall_end_tref": 1001,
    "stall_start_data_relative": 984,
    "run_value_IQ": [
     5736,
     -5737
    ],
    "stall_end_coincides_with_frame_end": false,
    "is_stall": false
   },
   {
    "frame_index": 627,
    "frame_start_symtime": 7732791,
    "n_samples_in_frame": 9420,
    "longest_run_symbols": 5,
    "stall_start_tref": 997,
    "stall_end_tref": 1001,
    "stall_start_data_relative": 984,
    "run_value_IQ": [
     5736,
     -5737
    ],
    "stall_end_coincides_with_frame_end": false,
    "is_stall": false
   },
   {
    "frame_index": 628,
    "frame_start_symtime": 7745124,
    "n_samples_in_frame": 9212,
    "longest_run_symbols": 5,
    "stall_start_tref": 9496,
    "stall_end_tref": 9500,
    "stall_start_data_relative": 9483,
    "run_value_IQ": [
     5736,
     5736
    ],
    "stall_end_coincides_with_frame_end": false,
    "is_stall": false
   },
   {
    "frame_index": 629,
    "frame_start_symtime": 7757457,
    "n_samples_in_frame": 8532,
    "longest_run_symbols": 5,
    "stall_start_tref": 9496,
    "stall_end_tref": 9500,
    "stall_start_data_relative": 9483,
    "run_value_IQ": [
     5736,
     5736
    ],
    "stall_end_coincides_with_frame_end": false,
    "is_stall": false
   },
   {
    "frame_index": 630,
    "frame_start_symtime": 7769790,
    "n_samples_in_frame": 9424,
    "longest_run_symbols": 5,
    "stall_start_tref": 997,
    "stall_end_tref": 1001,
    "stall_start_data_relative": 984,
    "run_value_IQ": [
     5736,
     -5737
    ],
    "stall_end_coincides_with_frame_end": false,
    "is_stall": false
   },
   {
    "frame_index": 631,
    "frame_start_symtime": 7782123,
    "n_samples_in_frame": 9373,
    "longest_run_symbols": 5,
    "stall_start_tref": 9496,
    "stall_end_tref": 9500,
    "stall_start_data_relative": 9483,
    "run_value_IQ": [
     5736,
     5736
    ],
    "stall_end_coincides_with_frame_end": false,
    "is_stall": false
   },
   {
    "frame_index": 632,
    "frame_start_symtime": 7794456,
    "n_samples_in_frame": 9341,
    "longest_run_symbols": 5,
    "stall_start_tref": 997,
    "stall_end_tref": 1001,
    "stall_start_data_relative": 984,
    "run_value_IQ": [
     5736,
     -5737
    ],
    "stall_end_coincides_with_frame_end": false,
    "is_stall": false
   },
   {
    "frame_index": 633,
    "frame_start_symtime": 7806789,
    "n_samples_in_frame": 9372,
    "longest_run_symbols": 5,
    "stall_start_tref": 997,
    "stall_end_tref": 1001,
    "stall_start_data_relative": 984,
    "run_value_IQ": [
     5736,
     -5737
    ],
    "stall_end_coincides_with_frame_end": false,
    "is_stall": false
   },
   {
    "frame_index": 634,
    "frame_start_symtime": 7819122,
    "n_samples_in_frame": 8382,
    "longest_run_symbols": 5,
    "stall_start_tref": 9496,
    "stall_end_tref": 9500,
    "stall_start_data_relative": 9483,
    "run_value_IQ": [
     5736,
     5736
    ],
    "stall_end_coincides_with_frame_end": false,
    "is_stall": false
   },
   {
    "frame_index": 635,
    "frame_start_symtime": 7831455,
    "n_samples_in_frame": 9257,
    "longest_run_symbols": 5,
    "stall_start_tref": 997,
    "stall_end_tref": 1001,
    "stall_start_data_relative": 984,
    "run_value_IQ": [
     5736,
     -5737
    ],
    "stall_end_coincides_with_frame_end": false,
    "is_stall": false
   },
   {
    "frame_index": 636,
    "frame_start_symtime": 7843788,
    "n_samples_in_frame": 9489,
    "longest_run_symbols": 5,
    "stall_start_tref": 997,
    "stall_end_tref": 1001,
    "stall_start_data_relative": 984,
    "run_value_IQ": [
     5736,
     -5737
    ],
    "stall_end_coincides_with_frame_end": false,
    "is_stall": false
   },
   {
    "frame_index": 637,
    "frame_start_symtime": 7856121,
    "n_samples_in_frame": 9455,
    "longest_run_symbols": 5,
    "stall_start_tref": 9496,
    "stall_end_tref": 9500,
    "stall_start_data_relative": 9483,
    "run_value_IQ": [
     5736,
     5736
    ],
    "stall_end_coincides_with_frame_end": false,
    "is_stall": false
   },
   {
    "frame_index": 638,
    "frame_start_symtime": 7868454,
    "n_samples_in_frame": 9216,
    "longest_run_symbols": 5,
    "stall_start_tref": 997,
    "stall_end_tref": 1001,
    "stall_start_data_relative": 984,
    "run_value_IQ": [
     5736,
     -5737
    ],
    "stall_end_coincides_with_frame_end": false,
    "is_stall": false
   },
   {
    "frame_index": 639,
    "frame_start_symtime": 7880787,
    "n_samples_in_frame": 8704,
    "longest_run_symbols": 5,
    "stall_start_tref": 997,
    "stall_end_tref": 1001,
    "stall_start_data_relative": 984,
    "run_value_IQ": [
     5736,
     -5737
    ],
    "stall_end_coincides_with_frame_end": false,
    "is_stall": false
   },
   {
    "frame_index": 640,
    "frame_start_symtime": 7893120,
    "n_samples_in_frame": 9353,
    "longest_run_symbols": 5,
    "stall_start_tref": 997,
    "stall_end_tref": 1001,
    "stall_start_data_relative": 984,
    "run_value_IQ": [
     5736,
     -5737
    ],
    "stall_end_coincides_with_frame_end": false,
    "is_stall": false
   },
   {
    "frame_index": 641,
    "frame_start_symtime": 7905453,
    "n_samples_in_frame": 9450,
    "longest_run_symbols": 5,
    "stall_start_tref": 997,
    "stall_end_tref": 1001,
    "stall_start_data_relative": 984,
    "run_value_IQ": [
     5736,
     -5737
    ],
    "stall_end_coincides_with_frame_end": false,
    "is_stall": false
   },
   {
    "frame_index": 642,
    "frame_start_symtime": 7917786,
    "n_samples_in_frame": 4716,
    "longest_run_symbols": 5,
    "stall_start_tref": 997,
    "stall_end_tref": 1001,
    "stall_start_data_relative": 984,
    "run_value_IQ": [
     5736,
     -5737
    ],
    "stall_end_coincides_with_frame_end": false,
    "is_stall": false
   },
   {
    "frame_index": 643,
    "frame_start_symtime": 7930119,
    "n_samples_in_frame": 9278,
    "longest_run_symbols": 5,
    "stall_start_tref": 997,
    "stall_end_tref": 1001,
    "stall_start_data_relative": 984,
    "run_value_IQ": [
     5736,
     -5737
    ],
    "stall_end_coincides_with_frame_end": false,
    "is_stall": false
   },
   {
    "frame_index": 644,
    "frame_start_symtime": 7942452,
    "n_samples_in_frame": 8675,
    "longest_run_symbols": 5,
    "stall_start_tref": 997,
    "stall_end_tref": 1001,
    "stall_start_data_relative": 984,
    "run_value_IQ": [
     5736,
     -5737
    ],
    "stall_end_coincides_with_frame_end": false,
    "is_stall": false
   },
   {
    "frame_index": 645,
    "frame_start_symtime": 7954785,
    "n_samples_in_frame": 9373,
    "longest_run_symbols": 5,
    "stall_start_tref": 997,
    "stall_end_tref": 1001,
    "stall_start_data_relative": 984,
    "run_value_IQ": [
     5736,
     -5737
    ],
    "stall_end_coincides_with_frame_end": false,
    "is_stall": false
   },
   {
    "frame_index": 646,
    "frame_start_symtime": 7967118,
    "n_samples_in_frame": 9129,
    "longest_run_symbols": 5,
    "stall_start_tref": 11920,
    "stall_end_tref": 11924,
    "stall_start_data_relative": 11907,
    "run_value_IQ": [
     5736,
     -5737
    ],
    "stall_end_coincides_with_frame_end": false,
    "is_stall": false
   },
   {
    "frame_index": 647,
    "frame_start_symtime": 7979451,
    "n_samples_in_frame": 9293,
    "longest_run_symbols": 5,
    "stall_start_tref": 997,
    "stall_end_tref": 1001,
    "stall_start_data_relative": 984,
    "run_value_IQ": [
     5736,
     -5737
    ],
    "stall_end_coincides_with_frame_end": false,
    "is_stall": false
   },
   {
    "frame_index": 648,
    "frame_start_symtime": 7991784,
    "n_samples_in_frame": 9397,
    "longest_run_symbols": 5,
    "stall_start_tref": 997,
    "stall_end_tref": 1001,
    "stall_start_data_relative": 984,
    "run_value_IQ": [
     5736,
     -5737
    ],
    "stall_end_coincides_with_frame_end": false,
    "is_stall": false
   },
   {
    "frame_index": 649,
    "frame_start_symtime": 8004117,
    "n_samples_in_frame": 8806,
    "longest_run_symbols": 5,
    "stall_start_tref": 9496,
    "stall_end_tref": 9500,
    "stall_start_data_relative": 9483,
    "run_value_IQ": [
     5736,
     5736
    ],
    "stall_end_coincides_with_frame_end": false,
    "is_stall": false
   },
   {
    "frame_index": 650,
    "frame_start_symtime": 8016450,
    "n_samples_in_frame": 9298,
    "longest_run_symbols": 5,
    "stall_start_tref": 997,
    "stall_end_tref": 1001,
    "stall_start_data_relative": 984,
    "run_value_IQ": [
     5736,
     -5737
    ],
    "stall_end_coincides_with_frame_end": false,
    "is_stall": false
   },
   {
    "frame_index": 651,
    "frame_start_symtime": 8028783,
    "n_samples_in_frame": 9282,
    "longest_run_symbols": 5,
    "stall_start_tref": 997,
    "stall_end_tref": 1001,
    "stall_start_data_relative": 984,
    "run_value_IQ": [
     5736,
     -5737
    ],
    "stall_end_coincides_with_frame_end": false,
    "is_stall": false
   },
   {
    "frame_index": 652,
    "frame_start_symtime": 8041116,
    "n_samples_in_frame": 9405,
    "longest_run_symbols": 5,
    "stall_start_tref": 997,
    "stall_end_tref": 1001,
    "stall_start_data_relative": 984,
    "run_value_IQ": [
     5736,
     -5737
    ],
    "stall_end_coincides_with_frame_end": false,
    "is_stall": false
   },
   {
    "frame_index": 653,
    "frame_start_symtime": 8053449,
    "n_samples_in_frame": 9341,
    "longest_run_symbols": 5,
    "stall_start_tref": 9496,
    "stall_end_tref": 9500,
    "stall_start_data_relative": 9483,
    "run_value_IQ": [
     5736,
     5736
    ],
    "stall_end_coincides_with_frame_end": false,
    "is_stall": false
   },
   {
    "frame_index": 654,
    "frame_start_symtime": 8065782,
    "n_samples_in_frame": 8458,
    "longest_run_symbols": 5,
    "stall_start_tref": 997,
    "stall_end_tref": 1001,
    "stall_start_data_relative": 984,
    "run_value_IQ": [
     5736,
     -5737
    ],
    "stall_end_coincides_with_frame_end": false,
    "is_stall": false
   },
   {
    "frame_index": 655,
    "frame_start_symtime": 8078115,
    "n_samples_in_frame": 9473,
    "longest_run_symbols": 5,
    "stall_start_tref": 997,
    "stall_end_tref": 1001,
    "stall_start_data_relative": 984,
    "run_value_IQ": [
     5736,
     -5737
    ],
    "stall_end_coincides_with_frame_end": false,
    "is_stall": false
   },
   {
    "frame_index": 656,
    "frame_start_symtime": 8090448,
    "n_samples_in_frame": 9337,
    "longest_run_symbols": 5,
    "stall_start_tref": 997,
    "stall_end_tref": 1001,
    "stall_start_data_relative": 984,
    "run_value_IQ": [
     5736,
     -5737
    ],
    "stall_end_coincides_with_frame_end": false,
    "is_stall": false
   },
   {
    "frame_index": 657,
    "frame_start_symtime": 8102781,
    "n_samples_in_frame": 9224,
    "longest_run_symbols": 5,
    "stall_start_tref": 997,
    "stall_end_tref": 1001,
    "stall_start_data_relative": 984,
    "run_value_IQ": [
     5736,
     -5737
    ],
    "stall_end_coincides_with_frame_end": false,
    "is_stall": false
   },
   {
    "frame_index": 658,
    "frame_start_symtime": 8115114,
    "n_samples_in_frame": 9380,
    "longest_run_symbols": 5,
    "stall_start_tref": 997,
    "stall_end_tref": 1001,
    "stall_start_data_relative": 984,
    "run_value_IQ": [
     5736,
     -5737
    ],
    "stall_end_coincides_with_frame_end": false,
    "is_stall": false
   },
   {
    "frame_index": 659,
    "frame_start_symtime": 8127447,
    "n_samples_in_frame": 8669,
    "longest_run_symbols": 5,
    "stall_start_tref": 11920,
    "stall_end_tref": 11924,
    "stall_start_data_relative": 11907,
    "run_value_IQ": [
     5736,
     -5737
    ],
    "stall_end_coincides_with_frame_end": false,
    "is_stall": false
   },
   {
    "frame_index": 660,
    "frame_start_symtime": 8139780,
    "n_samples_in_frame": 9338,
    "longest_run_symbols": 5,
    "stall_start_tref": 997,
    "stall_end_tref": 1001,
    "stall_start_data_relative": 984,
    "run_value_IQ": [
     5736,
     -5737
    ],
    "stall_end_coincides_with_frame_end": false,
    "is_stall": false
   },
   {
    "frame_index": 661,
    "frame_start_symtime": 8152113,
    "n_samples_in_frame": 9447,
    "longest_run_symbols": 5,
    "stall_start_tref": 9496,
    "stall_end_tref": 9500,
    "stall_start_data_relative": 9483,
    "run_value_IQ": [
     5736,
     5736
    ],
    "stall_end_coincides_with_frame_end": false,
    "is_stall": false
   },
   {
    "frame_index": 662,
    "frame_start_symtime": 8164446,
    "n_samples_in_frame": 9238,
    "longest_run_symbols": 5,
    "stall_start_tref": 997,
    "stall_end_tref": 1001,
    "stall_start_data_relative": 984,
    "run_value_IQ": [
     5736,
     -5737
    ],
    "stall_end_coincides_with_frame_end": false,
    "is_stall": false
   },
   {
    "frame_index": 663,
    "frame_start_symtime": 8176779,
    "n_samples_in_frame": 9295,
    "longest_run_symbols": 5,
    "stall_start_tref": 997,
    "stall_end_tref": 1001,
    "stall_start_data_relative": 984,
    "run_value_IQ": [
     5736,
     -5737
    ],
    "stall_end_coincides_with_frame_end": false,
    "is_stall": false
   },
   {
    "frame_index": 664,
    "frame_start_symtime": 8189112,
    "n_samples_in_frame": 8707,
    "longest_run_symbols": 5,
    "stall_start_tref": 997,
    "stall_end_tref": 1001,
    "stall_start_data_relative": 984,
    "run_value_IQ": [
     5736,
     -5737
    ],
    "stall_end_coincides_with_frame_end": false,
    "is_stall": false
   },
   {
    "frame_index": 665,
    "frame_start_symtime": 8201445,
    "n_samples_in_frame": 9440,
    "longest_run_symbols": 5,
    "stall_start_tref": 997,
    "stall_end_tref": 1001,
    "stall_start_data_relative": 984,
    "run_value_IQ": [
     5736,
     -5737
    ],
    "stall_end_coincides_with_frame_end": false,
    "is_stall": false
   },
   {
    "frame_index": 666,
    "frame_start_symtime": 8213778,
    "n_samples_in_frame": 9346,
    "longest_run_symbols": 5,
    "stall_start_tref": 9496,
    "stall_end_tref": 9500,
    "stall_start_data_relative": 9483,
    "run_value_IQ": [
     5736,
     5736
    ],
    "stall_end_coincides_with_frame_end": false,
    "is_stall": false
   },
   {
    "frame_index": 667,
    "frame_start_symtime": 8226111,
    "n_samples_in_frame": 9333,
    "longest_run_symbols": 5,
    "stall_start_tref": 997,
    "stall_end_tref": 1001,
    "stall_start_data_relative": 984,
    "run_value_IQ": [
     5736,
     -5737
    ],
    "stall_end_coincides_with_frame_end": false,
    "is_stall": false
   },
   {
    "frame_index": 668,
    "frame_start_symtime": 8238444,
    "n_samples_in_frame": 9394,
    "longest_run_symbols": 5,
    "stall_start_tref": 997,
    "stall_end_tref": 1001,
    "stall_start_data_relative": 984,
    "run_value_IQ": [
     5736,
     -5737
    ],
    "stall_end_coincides_with_frame_end": false,
    "is_stall": false
   },
   {
    "frame_index": 669,
    "frame_start_symtime": 8250777,
    "n_samples_in_frame": 6060,
    "longest_run_symbols": 5,
    "stall_start_tref": 997,
    "stall_end_tref": 1001,
    "stall_start_data_relative": 984,
    "run_value_IQ": [
     5736,
     -5737
    ],
    "stall_end_coincides_with_frame_end": false,
    "is_stall": false
   },
   {
    "frame_index": 670,
    "frame_start_symtime": 8263110,
    "n_samples_in_frame": 9498,
    "longest_run_symbols": 5,
    "stall_start_tref": 997,
    "stall_end_tref": 1001,
    "stall_start_data_relative": 984,
    "run_value_IQ": [
     5736,
     -5737
    ],
    "stall_end_coincides_with_frame_end": false,
    "is_stall": false
   },
   {
    "frame_index": 671,
    "frame_start_symtime": 8275443,
    "n_samples_in_frame": 4745,
    "longest_run_symbols": 5,
    "stall_start_tref": 11920,
    "stall_end_tref": 11924,
    "stall_start_data_relative": 11907,
    "run_value_IQ": [
     5736,
     -5737
    ],
    "stall_end_coincides_with_frame_end": false,
    "is_stall": false
   },
   {
    "frame_index": 672,
    "frame_start_symtime": 8287776,
    "n_samples_in_frame": 9324,
    "longest_run_symbols": 5,
    "stall_start_tref": 997,
    "stall_end_tref": 1001,
    "stall_start_data_relative": 984,
    "run_value_IQ": [
     5736,
     -5737
    ],
    "stall_end_coincides_with_frame_end": false,
    "is_stall": false
   },
   {
    "frame_index": 673,
    "frame_start_symtime": 8300109,
    "n_samples_in_frame": 9437,
    "longest_run_symbols": 5,
    "stall_start_tref": 997,
    "stall_end_tref": 1001,
    "stall_start_data_relative": 984,
    "run_value_IQ": [
     5736,
     -5737
    ],
    "stall_end_coincides_with_frame_end": false,
    "is_stall": false
   },
   {
    "frame_index": 674,
    "frame_start_symtime": 8312442,
    "n_samples_in_frame": 8535,
    "longest_run_symbols": 5,
    "stall_start_tref": 997,
    "stall_end_tref": 1001,
    "stall_start_data_relative": 984,
    "run_value_IQ": [
     5736,
     -5737
    ],
    "stall_end_coincides_with_frame_end": false,
    "is_stall": false
   },
   {
    "frame_index": 675,
    "frame_start_symtime": 8324775,
    "n_samples_in_frame": 9380,
    "longest_run_symbols": 5,
    "stall_start_tref": 997,
    "stall_end_tref": 1001,
    "stall_start_data_relative": 984,
    "run_value_IQ": [
     5736,
     -5737
    ],
    "stall_end_coincides_with_frame_end": false,
    "is_stall": false
   },
   {
    "frame_index": 676,
    "frame_start_symtime": 8337108,
    "n_samples_in_frame": 9362,
    "longest_run_symbols": 5,
    "stall_start_tref": 997,
    "stall_end_tref": 1001,
    "stall_start_data_relative": 984,
    "run_value_IQ": [
     5736,
     -5737
    ],
    "stall_end_coincides_with_frame_end": false,
    "is_stall": false
   },
   {
    "frame_index": 677,
    "frame_start_symtime": 8349441,
    "n_samples_in_frame": 9291,
    "longest_run_symbols": 5,
    "stall_start_tref": 997,
    "stall_end_tref": 1001,
    "stall_start_data_relative": 984,
    "run_value_IQ": [
     5736,
     -5737
    ],
    "stall_end_coincides_with_frame_end": false,
    "is_stall": false
   },
   {
    "frame_index": 678,
    "frame_start_symtime": 8361774,
    "n_samples_in_frame": 9448,
    "longest_run_symbols": 5,
    "stall_start_tref": 997,
    "stall_end_tref": 1001,
    "stall_start_data_relative": 984,
    "run_value_IQ": [
     5736,
     -5737
    ],
    "stall_end_coincides_with_frame_end": false,
    "is_stall": false
   },
   {
    "frame_index": 679,
    "frame_start_symtime": 8374107,
    "n_samples_in_frame": 8682,
    "longest_run_symbols": 5,
    "stall_start_tref": 9496,
    "stall_end_tref": 9500,
    "stall_start_data_relative": 9483,
    "run_value_IQ": [
     5736,
     5736
    ],
    "stall_end_coincides_with_frame_end": false,
    "is_stall": false
   },
   {
    "frame_index": 680,
    "frame_start_symtime": 8386440,
    "n_samples_in_frame": 9425,
    "longest_run_symbols": 5,
    "stall_start_tref": 9496,
    "stall_end_tref": 9500,
    "stall_start_data_relative": 9483,
    "run_value_IQ": [
     5736,
     5736
    ],
    "stall_end_coincides_with_frame_end": false,
    "is_stall": false
   },
   {
    "frame_index": 681,
    "frame_start_symtime": 8398773,
    "n_samples_in_frame": 9263,
    "longest_run_symbols": 5,
    "stall_start_tref": 997,
    "stall_end_tref": 1001,
    "stall_start_data_relative": 984,
    "run_value_IQ": [
     5736,
     -5737
    ],
    "stall_end_coincides_with_frame_end": false,
    "is_stall": false
   },
   {
    "frame_index": 682,
    "frame_start_symtime": 8411106,
    "n_samples_in_frame": 9423,
    "longest_run_symbols": 5,
    "stall_start_tref": 997,
    "stall_end_tref": 1001,
    "stall_start_data_relative": 984,
    "run_value_IQ": [
     5736,
     -5737
    ],
    "stall_end_coincides_with_frame_end": false,
    "is_stall": false
   },
   {
    "frame_index": 683,
    "frame_start_symtime": 8423439,
    "n_samples_in_frame": 12896,
    "longest_run_symbols": 9,
    "stall_start_tref": 9496,
    "stall_end_tref": 9500,
    "stall_start_data_relative": 9483,
    "run_value_IQ": [
     5736,
     5736
    ],
    "stall_end_coincides_with_frame_end": false,
    "is_stall": false
   },
   {
    "frame_index": 684,
    "frame_start_symtime": 8435772,
    "n_samples_in_frame": 9326,
    "longest_run_symbols": 5,
    "stall_start_tref": 9496,
    "stall_end_tref": 9500,
    "stall_start_data_relative": 9483,
    "run_value_IQ": [
     5736,
     5736
    ],
    "stall_end_coincides_with_frame_end": false,
    "is_stall": false
   },
   {
    "frame_index": 685,
    "frame_start_symtime": 8448105,
    "n_samples_in_frame": 9286,
    "longest_run_symbols": 5,
    "stall_start_tref": 997,
    "stall_end_tref": 1001,
    "stall_start_data_relative": 984,
    "run_value_IQ": [
     5736,
     -5737
    ],
    "stall_end_coincides_with_frame_end": false,
    "is_stall": false
   },
   {
    "frame_index": 686,
    "frame_start_symtime": 8460438,
    "n_samples_in_frame": 9290,
    "longest_run_symbols": 5,
    "stall_start_tref": 997,
    "stall_end_tref": 1001,
    "stall_start_data_relative": 984,
    "run_value_IQ": [
     5736,
     -5737
    ],
    "stall_end_coincides_with_frame_end": false,
    "is_stall": false
   },
   {
    "frame_index": 687,
    "frame_start_symtime": 8472771,
    "n_samples_in_frame": 9270,
    "longest_run_symbols": 5,
    "stall_start_tref": 997,
    "stall_end_tref": 1001,
    "stall_start_data_relative": 984,
    "run_value_IQ": [
     5736,
     -5737
    ],
    "stall_end_coincides_with_frame_end": false,
    "is_stall": false
   },
   {
    "frame_index": 688,
    "frame_start_symtime": 8485104,
    "n_samples_in_frame": 8660,
    "longest_run_symbols": 5,
    "stall_start_tref": 997,
    "stall_end_tref": 1001,
    "stall_start_data_relative": 984,
    "run_value_IQ": [
     5736,
     -5737
    ],
    "stall_end_coincides_with_frame_end": false,
    "is_stall": false
   },
   {
    "frame_index": 689,
    "frame_start_symtime": 8497437,
    "n_samples_in_frame": 9394,
    "longest_run_symbols": 5,
    "stall_start_tref": 997,
    "stall_end_tref": 1001,
    "stall_start_data_relative": 984,
    "run_value_IQ": [
     5736,
     -5737
    ],
    "stall_end_coincides_with_frame_end": false,
    "is_stall": false
   },
   {
    "frame_index": 690,
    "frame_start_symtime": 8509770,
    "n_samples_in_frame": 9344,
    "longest_run_symbols": 5,
    "stall_start_tref": 9496,
    "stall_end_tref": 9500,
    "stall_start_data_relative": 9483,
    "run_value_IQ": [
     5736,
     5736
    ],
    "stall_end_coincides_with_frame_end": false,
    "is_stall": false
   },
   {
    "frame_index": 691,
    "frame_start_symtime": 8522103,
    "n_samples_in_frame": 9338,
    "longest_run_symbols": 5,
    "stall_start_tref": 997,
    "stall_end_tref": 1001,
    "stall_start_data_relative": 984,
    "run_value_IQ": [
     5736,
     -5737
    ],
    "stall_end_coincides_with_frame_end": false,
    "is_stall": false
   },
   {
    "frame_index": 692,
    "frame_start_symtime": 8534436,
    "n_samples_in_frame": 9310,
    "longest_run_symbols": 5,
    "stall_start_tref": 997,
    "stall_end_tref": 1001,
    "stall_start_data_relative": 984,
    "run_value_IQ": [
     5736,
     -5737
    ],
    "stall_end_coincides_with_frame_end": false,
    "is_stall": false
   },
   {
    "frame_index": 693,
    "frame_start_symtime": 8546769,
    "n_samples_in_frame": 8359,
    "longest_run_symbols": 5,
    "stall_start_tref": 997,
    "stall_end_tref": 1001,
    "stall_start_data_relative": 984,
    "run_value_IQ": [
     5736,
     -5737
    ],
    "stall_end_coincides_with_frame_end": false,
    "is_stall": false
   },
   {
    "frame_index": 694,
    "frame_start_symtime": 8559102,
    "n_samples_in_frame": 9150,
    "longest_run_symbols": 5,
    "stall_start_tref": 997,
    "stall_end_tref": 1001,
    "stall_start_data_relative": 984,
    "run_value_IQ": [
     5736,
     -5737
    ],
    "stall_end_coincides_with_frame_end": false,
    "is_stall": false
   },
   {
    "frame_index": 695,
    "frame_start_symtime": 8571435,
    "n_samples_in_frame": 9383,
    "longest_run_symbols": 5,
    "stall_start_tref": 9496,
    "stall_end_tref": 9500,
    "stall_start_data_relative": 9483,
    "run_value_IQ": [
     5736,
     5736
    ],
    "stall_end_coincides_with_frame_end": false,
    "is_stall": false
   },
   {
    "frame_index": 696,
    "frame_start_symtime": 8583768,
    "n_samples_in_frame": 9053,
    "longest_run_symbols": 5,
    "stall_start_tref": 997,
    "stall_end_tref": 1001,
    "stall_start_data_relative": 984,
    "run_value_IQ": [
     5736,
     -5737
    ],
    "stall_end_coincides_with_frame_end": false,
    "is_stall": false
   },
   {
    "frame_index": 697,
    "frame_start_symtime": 8596101,
    "n_samples_in_frame": 9252,
    "longest_run_symbols": 5,
    "stall_start_tref": 997,
    "stall_end_tref": 1001,
    "stall_start_data_relative": 984,
    "run_value_IQ": [
     5736,
     -5737
    ],
    "stall_end_coincides_with_frame_end": false,
    "is_stall": false
   },
   {
    "frame_index": 698,
    "frame_start_symtime": 8608434,
    "n_samples_in_frame": 8657,
    "longest_run_symbols": 5,
    "stall_start_tref": 9496,
    "stall_end_tref": 9500,
    "stall_start_data_relative": 9483,
    "run_value_IQ": [
     5736,
     5736
    ],
    "stall_end_coincides_with_frame_end": false,
    "is_stall": false
   },
   {
    "frame_index": 699,
    "frame_start_symtime": 8620767,
    "n_samples_in_frame": 4451,
    "longest_run_symbols": 5,
    "stall_start_tref": 11920,
    "stall_end_tref": 11924,
    "stall_start_data_relative": 11907,
    "run_value_IQ": [
     5736,
     -5737
    ],
    "stall_end_coincides_with_frame_end": false,
    "is_stall": false
   },
   {
    "frame_index": 700,
    "frame_start_symtime": 8633100,
    "n_samples_in_frame": 9502,
    "longest_run_symbols": 5,
    "stall_start_tref": 997,
    "stall_end_tref": 1001,
    "stall_start_data_relative": 984,
    "run_value_IQ": [
     5736,
     -5737
    ],
    "stall_end_coincides_with_frame_end": false,
    "is_stall": false
   },
   {
    "frame_index": 701,
    "frame_start_symtime": 8645433,
    "n_samples_in_frame": 9237,
    "longest_run_symbols": 5,
    "stall_start_tref": 9496,
    "stall_end_tref": 9500,
    "stall_start_data_relative": 9483,
    "run_value_IQ": [
     5736,
     5736
    ],
    "stall_end_coincides_with_frame_end": false,
    "is_stall": false
   },
   {
    "frame_index": 702,
    "frame_start_symtime": 8657766,
    "n_samples_in_frame": 9390,
    "longest_run_symbols": 5,
    "stall_start_tref": 997,
    "stall_end_tref": 1001,
    "stall_start_data_relative": 984,
    "run_value_IQ": [
     5736,
     -5737
    ],
    "stall_end_coincides_with_frame_end": false,
    "is_stall": false
   },
   {
    "frame_index": 703,
    "frame_start_symtime": 8670099,
    "n_samples_in_frame": 8325,
    "longest_run_symbols": 5,
    "stall_start_tref": 11920,
    "stall_end_tref": 11924,
    "stall_start_data_relative": 11907,
    "run_value_IQ": [
     5736,
     -5737
    ],
    "stall_end_coincides_with_frame_end": false,
    "is_stall": false
   },
   {
    "frame_index": 704,
    "frame_start_symtime": 8682432,
    "n_samples_in_frame": 9346,
    "longest_run_symbols": 5,
    "stall_start_tref": 997,
    "stall_end_tref": 1001,
    "stall_start_data_relative": 984,
    "run_value_IQ": [
     5736,
     -5737
    ],
    "stall_end_coincides_with_frame_end": false,
    "is_stall": false
   },
   {
    "frame_index": 705,
    "frame_start_symtime": 8694765,
    "n_samples_in_frame": 9452,
    "longest_run_symbols": 5,
    "stall_start_tref": 9496,
    "stall_end_tref": 9500,
    "stall_start_data_relative": 9483,
    "run_value_IQ": [
     5736,
     5736
    ],
    "stall_end_coincides_with_frame_end": false,
    "is_stall": false
   },
   {
    "frame_index": 706,
    "frame_start_symtime": 8707098,
    "n_samples_in_frame": 9341,
    "longest_run_symbols": 5,
    "stall_start_tref": 997,
    "stall_end_tref": 1001,
    "stall_start_data_relative": 984,
    "run_value_IQ": [
     5736,
     -5737
    ],
    "stall_end_coincides_with_frame_end": false,
    "is_stall": false
   },
   {
    "frame_index": 707,
    "frame_start_symtime": 8719431,
    "n_samples_in_frame": 9201,
    "longest_run_symbols": 5,
    "stall_start_tref": 997,
    "stall_end_tref": 1001,
    "stall_start_data_relative": 984,
    "run_value_IQ": [
     5736,
     -5737
    ],
    "stall_end_coincides_with_frame_end": false,
    "is_stall": false
   },
   {
    "frame_index": 708,
    "frame_start_symtime": 8731764,
    "n_samples_in_frame": 8607,
    "longest_run_symbols": 5,
    "stall_start_tref": 9496,
    "stall_end_tref": 9500,
    "stall_start_data_relative": 9483,
    "run_value_IQ": [
     5736,
     5736
    ],
    "stall_end_coincides_with_frame_end": false,
    "is_stall": false
   },
   {
    "frame_index": 709,
    "frame_start_symtime": 8744097,
    "n_samples_in_frame": 9330,
    "longest_run_symbols": 5,
    "stall_start_tref": 997,
    "stall_end_tref": 1001,
    "stall_start_data_relative": 984,
    "run_value_IQ": [
     5736,
     -5737
    ],
    "stall_end_coincides_with_frame_end": false,
    "is_stall": false
   },
   {
    "frame_index": 710,
    "frame_start_symtime": 8756430,
    "n_samples_in_frame": 9363,
    "longest_run_symbols": 5,
    "stall_start_tref": 997,
    "stall_end_tref": 1001,
    "stall_start_data_relative": 984,
    "run_value_IQ": [
     5736,
     -5737
    ],
    "stall_end_coincides_with_frame_end": false,
    "is_stall": false
   },
   {
    "frame_index": 711,
    "frame_start_symtime": 8768763,
    "n_samples_in_frame": 9356,
    "longest_run_symbols": 5,
    "stall_start_tref": 9496,
    "stall_end_tref": 9500,
    "stall_start_data_relative": 9483,
    "run_value_IQ": [
     5736,
     5736
    ],
    "stall_end_coincides_with_frame_end": false,
    "is_stall": false
   },
   {
    "frame_index": 712,
    "frame_start_symtime": 8781096,
    "n_samples_in_frame": 9327,
    "longest_run_symbols": 5,
    "stall_start_tref": 997,
    "stall_end_tref": 1001,
    "stall_start_data_relative": 984,
    "run_value_IQ": [
     5736,
     -5737
    ],
    "stall_end_coincides_with_frame_end": false,
    "is_stall": false
   },
   {
    "frame_index": 713,
    "frame_start_symtime": 8793429,
    "n_samples_in_frame": 8704,
    "longest_run_symbols": 5,
    "stall_start_tref": 9496,
    "stall_end_tref": 9500,
    "stall_start_data_relative": 9483,
    "run_value_IQ": [
     5736,
     5736
    ],
    "stall_end_coincides_with_frame_end": false,
    "is_stall": false
   },
   {
    "frame_index": 714,
    "frame_start_symtime": 8805762,
    "n_samples_in_frame": 9216,
    "longest_run_symbols": 5,
    "stall_start_tref": 997,
    "stall_end_tref": 1001,
    "stall_start_data_relative": 984,
    "run_value_IQ": [
     5736,
     -5737
    ],
    "stall_end_coincides_with_frame_end": false,
    "is_stall": false
   },
   {
    "frame_index": 715,
    "frame_start_symtime": 8818095,
    "n_samples_in_frame": 9377,
    "longest_run_symbols": 5,
    "stall_start_tref": 997,
    "stall_end_tref": 1001,
    "stall_start_data_relative": 984,
    "run_value_IQ": [
     5736,
     -5737
    ],
    "stall_end_coincides_with_frame_end": false,
    "is_stall": false
   },
   {
    "frame_index": 716,
    "frame_start_symtime": 8830428,
    "n_samples_in_frame": 9405,
    "longest_run_symbols": 5,
    "stall_start_tref": 997,
    "stall_end_tref": 1001,
    "stall_start_data_relative": 984,
    "run_value_IQ": [
     5736,
     -5737
    ],
    "stall_end_coincides_with_frame_end": false,
    "is_stall": false
   },
   {
    "frame_index": 717,
    "frame_start_symtime": 8842761,
    "n_samples_in_frame": 9284,
    "longest_run_symbols": 5,
    "stall_start_tref": 9496,
    "stall_end_tref": 9500,
    "stall_start_data_relative": 9483,
    "run_value_IQ": [
     5736,
     5736
    ],
    "stall_end_coincides_with_frame_end": false,
    "is_stall": false
   },
   {
    "frame_index": 718,
    "frame_start_symtime": 8855094,
    "n_samples_in_frame": 10491,
    "longest_run_symbols": 9,
    "stall_start_tref": 9496,
    "stall_end_tref": 9500,
    "stall_start_data_relative": 9483,
    "run_value_IQ": [
     5736,
     5736
    ],
    "stall_end_coincides_with_frame_end": false,
    "is_stall": false
   },
   {
    "frame_index": 719,
    "frame_start_symtime": 8867427,
    "n_samples_in_frame": 9346,
    "longest_run_symbols": 5,
    "stall_start_tref": 997,
    "stall_end_tref": 1001,
    "stall_start_data_relative": 984,
    "run_value_IQ": [
     5736,
     -5737
    ],
    "stall_end_coincides_with_frame_end": false,
    "is_stall": false
   },
   {
    "frame_index": 720,
    "frame_start_symtime": 8879760,
    "n_samples_in_frame": 9441,
    "longest_run_symbols": 5,
    "stall_start_tref": 9496,
    "stall_end_tref": 9500,
    "stall_start_data_relative": 9483,
    "run_value_IQ": [
     5736,
     5736
    ],
    "stall_end_coincides_with_frame_end": false,
    "is_stall": false
   },
   {
    "frame_index": 721,
    "frame_start_symtime": 8892093,
    "n_samples_in_frame": 9198,
    "longest_run_symbols": 5,
    "stall_start_tref": 997,
    "stall_end_tref": 1001,
    "stall_start_data_relative": 984,
    "run_value_IQ": [
     5736,
     -5737
    ],
    "stall_end_coincides_with_frame_end": false,
    "is_stall": false
   },
   {
    "frame_index": 722,
    "frame_start_symtime": 8904426,
    "n_samples_in_frame": 8623,
    "longest_run_symbols": 5,
    "stall_start_tref": 9496,
    "stall_end_tref": 9500,
    "stall_start_data_relative": 9483,
    "run_value_IQ": [
     5736,
     5736
    ],
    "stall_end_coincides_with_frame_end": false,
    "is_stall": false
   },
   {
    "frame_index": 723,
    "frame_start_symtime": 8916759,
    "n_samples_in_frame": 9315,
    "longest_run_symbols": 5,
    "stall_start_tref": 997,
    "stall_end_tref": 1001,
    "stall_start_data_relative": 984,
    "run_value_IQ": [
     5736,
     -5737
    ],
    "stall_end_coincides_with_frame_end": false,
    "is_stall": false
   },
   {
    "frame_index": 724,
    "frame_start_symtime": 8929092,
    "n_samples_in_frame": 9333,
    "longest_run_symbols": 5,
    "stall_start_tref": 997,
    "stall_end_tref": 1001,
    "stall_start_data_relative": 984,
    "run_value_IQ": [
     5736,
     -5737
    ],
    "stall_end_coincides_with_frame_end": false,
    "is_stall": false
   },
   {
    "frame_index": 725,
    "frame_start_symtime": 8941425,
    "n_samples_in_frame": 9362,
    "longest_run_symbols": 5,
    "stall_start_tref": 997,
    "stall_end_tref": 1001,
    "stall_start_data_relative": 984,
    "run_value_IQ": [
     5736,
     -5737
    ],
    "stall_end_coincides_with_frame_end": false,
    "is_stall": false
   },
   {
    "frame_index": 726,
    "frame_start_symtime": 8953758,
    "n_samples_in_frame": 8953,
    "longest_run_symbols": 5,
    "stall_start_tref": 9496,
    "stall_end_tref": 9500,
    "stall_start_data_relative": 9483,
    "run_value_IQ": [
     5736,
     5736
    ],
    "stall_end_coincides_with_frame_end": false,
    "is_stall": false
   },
   {
    "frame_index": 727,
    "frame_start_symtime": 8966091,
    "n_samples_in_frame": 13625,
    "longest_run_symbols": 9,
    "stall_start_tref": 9496,
    "stall_end_tref": 9500,
    "stall_start_data_relative": 9483,
    "run_value_IQ": [
     5736,
     5736
    ],
    "stall_end_coincides_with_frame_end": false,
    "is_stall": false
   },
   {
    "frame_index": 728,
    "frame_start_symtime": 8978424,
    "n_samples_in_frame": 9397,
    "longest_run_symbols": 5,
    "stall_start_tref": 9496,
    "stall_end_tref": 9500,
    "stall_start_data_relative": 9483,
    "run_value_IQ": [
     5736,
     5736
    ],
    "stall_end_coincides_with_frame_end": false,
    "is_stall": false
   },
   {
    "frame_index": 729,
    "frame_start_symtime": 8990757,
    "n_samples_in_frame": 9282,
    "longest_run_symbols": 5,
    "stall_start_tref": 997,
    "stall_end_tref": 1001,
    "stall_start_data_relative": 984,
    "run_value_IQ": [
     5736,
     -5737
    ],
    "stall_end_coincides_with_frame_end": false,
    "is_stall": false
   },
   {
    "frame_index": 730,
    "frame_start_symtime": 9003090,
    "n_samples_in_frame": 9168,
    "longest_run_symbols": 5,
    "stall_start_tref": 997,
    "stall_end_tref": 1001,
    "stall_start_data_relative": 984,
    "run_value_IQ": [
     5736,
     -5737
    ],
    "stall_end_coincides_with_frame_end": false,
    "is_stall": false
   },
   {
    "frame_index": 731,
    "frame_start_symtime": 9015423,
    "n_samples_in_frame": 8862,
    "longest_run_symbols": 5,
    "stall_start_tref": 997,
    "stall_end_tref": 1001,
    "stall_start_data_relative": 984,
    "run_value_IQ": [
     5736,
     -5737
    ],
    "stall_end_coincides_with_frame_end": false,
    "is_stall": false
   },
   {
    "frame_index": 732,
    "frame_start_symtime": 9027756,
    "n_samples_in_frame": 7010,
    "longest_run_symbols": 5,
    "stall_start_tref": 9496,
    "stall_end_tref": 9500,
    "stall_start_data_relative": 9483,
    "run_value_IQ": [
     5736,
     5736
    ],
    "stall_end_coincides_with_frame_end": false,
    "is_stall": false
   },
   {
    "frame_index": 733,
    "frame_start_symtime": 9040089,
    "n_samples_in_frame": 9391,
    "longest_run_symbols": 5,
    "stall_start_tref": 997,
    "stall_end_tref": 1001,
    "stall_start_data_relative": 984,
    "run_value_IQ": [
     5736,
     -5737
    ],
    "stall_end_coincides_with_frame_end": false,
    "is_stall": false
   },
   {
    "frame_index": 734,
    "frame_start_symtime": 9052422,
    "n_samples_in_frame": 9553,
    "longest_run_symbols": 5,
    "stall_start_tref": 9496,
    "stall_end_tref": 9500,
    "stall_start_data_relative": 9483,
    "run_value_IQ": [
     5736,
     5736
    ],
    "stall_end_coincides_with_frame_end": false,
    "is_stall": false
   },
   {
    "frame_index": 735,
    "frame_start_symtime": 9064755,
    "n_samples_in_frame": 8704,
    "longest_run_symbols": 5,
    "stall_start_tref": 997,
    "stall_end_tref": 1001,
    "stall_start_data_relative": 984,
    "run_value_IQ": [
     5736,
     -5737
    ],
    "stall_end_coincides_with_frame_end": false,
    "is_stall": false
   },
   {
    "frame_index": 736,
    "frame_start_symtime": 9077088,
    "n_samples_in_frame": 8291,
    "longest_run_symbols": 5,
    "stall_start_tref": 9496,
    "stall_end_tref": 9500,
    "stall_start_data_relative": 9483,
    "run_value_IQ": [
     5736,
     5736
    ],
    "stall_end_coincides_with_frame_end": false,
    "is_stall": false
   },
   {
    "frame_index": 737,
    "frame_start_symtime": 9089421,
    "n_samples_in_frame": 9460,
    "longest_run_symbols": 5,
    "stall_start_tref": 997,
    "stall_end_tref": 1001,
    "stall_start_data_relative": 984,
    "run_value_IQ": [
     5736,
     -5737
    ],
    "stall_end_coincides_with_frame_end": false,
    "is_stall": false
   },
   {
    "frame_index": 738,
    "frame_start_symtime": 9101754,
    "n_samples_in_frame": 9385,
    "longest_run_symbols": 5,
    "stall_start_tref": 997,
    "stall_end_tref": 1001,
    "stall_start_data_relative": 984,
    "run_value_IQ": [
     5736,
     -5737
    ],
    "stall_end_coincides_with_frame_end": false,
    "is_stall": false
   },
   {
    "frame_index": 739,
    "frame_start_symtime": 9114087,
    "n_samples_in_frame": 9299,
    "longest_run_symbols": 5,
    "stall_start_tref": 997,
    "stall_end_tref": 1001,
    "stall_start_data_relative": 984,
    "run_value_IQ": [
     5736,
     -5737
    ],
    "stall_end_coincides_with_frame_end": false,
    "is_stall": false
   },
   {
    "frame_index": 740,
    "frame_start_symtime": 9126420,
    "n_samples_in_frame": 8814,
    "longest_run_symbols": 5,
    "stall_start_tref": 997,
    "stall_end_tref": 1001,
    "stall_start_data_relative": 984,
    "run_value_IQ": [
     5736,
     -5737
    ],
    "stall_end_coincides_with_frame_end": false,
    "is_stall": false
   },
   {
    "frame_index": 741,
    "frame_start_symtime": 9138753,
    "n_samples_in_frame": 9245,
    "longest_run_symbols": 5,
    "stall_start_tref": 997,
    "stall_end_tref": 1001,
    "stall_start_data_relative": 984,
    "run_value_IQ": [
     5736,
     -5737
    ],
    "stall_end_coincides_with_frame_end": false,
    "is_stall": false
   },
   {
    "frame_index": 742,
    "frame_start_symtime": 9151086,
    "n_samples_in_frame": 9460,
    "longest_run_symbols": 5,
    "stall_start_tref": 9496,
    "stall_end_tref": 9500,
    "stall_start_data_relative": 9483,
    "run_value_IQ": [
     5736,
     5736
    ],
    "stall_end_coincides_with_frame_end": false,
    "is_stall": false
   },
   {
    "frame_index": 743,
    "frame_start_symtime": 9163419,
    "n_samples_in_frame": 9262,
    "longest_run_symbols": 5,
    "stall_start_tref": 997,
    "stall_end_tref": 1001,
    "stall_start_data_relative": 984,
    "run_value_IQ": [
     5736,
     -5737
    ],
    "stall_end_coincides_with_frame_end": false,
    "is_stall": false
   },
   {
    "frame_index": 744,
    "frame_start_symtime": 9175752,
    "n_samples_in_frame": 9272,
    "longest_run_symbols": 5,
    "stall_start_tref": 997,
    "stall_end_tref": 1001,
    "stall_start_data_relative": 984,
    "run_value_IQ": [
     5736,
     -5737
    ],
    "stall_end_coincides_with_frame_end": false,
    "is_stall": false
   },
   {
    "frame_index": 745,
    "frame_start_symtime": 9188085,
    "n_samples_in_frame": 8648,
    "longest_run_symbols": 5,
    "stall_start_tref": 997,
    "stall_end_tref": 1001,
    "stall_start_data_relative": 984,
    "run_value_IQ": [
     5736,
     -5737
    ],
    "stall_end_coincides_with_frame_end": false,
    "is_stall": false
   },
   {
    "frame_index": 746,
    "frame_start_symtime": 9200418,
    "n_samples_in_frame": 9164,
    "longest_run_symbols": 5,
    "stall_start_tref": 9496,
    "stall_end_tref": 9500,
    "stall_start_data_relative": 9483,
    "run_value_IQ": [
     5736,
     5736
    ],
    "stall_end_coincides_with_frame_end": false,
    "is_stall": false
   },
   {
    "frame_index": 747,
    "frame_start_symtime": 9212751,
    "n_samples_in_frame": 9320,
    "longest_run_symbols": 5,
    "stall_start_tref": 997,
    "stall_end_tref": 1001,
    "stall_start_data_relative": 984,
    "run_value_IQ": [
     5736,
     -5737
    ],
    "stall_end_coincides_with_frame_end": false,
    "is_stall": false
   },
   {
    "frame_index": 748,
    "frame_start_symtime": 9225084,
    "n_samples_in_frame": 9383,
    "longest_run_symbols": 5,
    "stall_start_tref": 997,
    "stall_end_tref": 1001,
    "stall_start_data_relative": 984,
    "run_value_IQ": [
     5736,
     -5737
    ],
    "stall_end_coincides_with_frame_end": false,
    "is_stall": false
   },
   {
    "frame_index": 749,
    "frame_start_symtime": 9237417,
    "n_samples_in_frame": 9348,
    "longest_run_symbols": 5,
    "stall_start_tref": 997,
    "stall_end_tref": 1001,
    "stall_start_data_relative": 984,
    "run_value_IQ": [
     5736,
     -5737
    ],
    "stall_end_coincides_with_frame_end": false,
    "is_stall": false
   },
   {
    "frame_index": 750,
    "frame_start_symtime": 9249750,
    "n_samples_in_frame": 8797,
    "longest_run_symbols": 5,
    "stall_start_tref": 9496,
    "stall_end_tref": 9500,
    "stall_start_data_relative": 9483,
    "run_value_IQ": [
     5736,
     5736
    ],
    "stall_end_coincides_with_frame_end": false,
    "is_stall": false
   },
   {
    "frame_index": 751,
    "frame_start_symtime": 9262083,
    "n_samples_in_frame": 9229,
    "longest_run_symbols": 5,
    "stall_start_tref": 997,
    "stall_end_tref": 1001,
    "stall_start_data_relative": 984,
    "run_value_IQ": [
     5736,
     -5737
    ],
    "stall_end_coincides_with_frame_end": false,
    "is_stall": false
   },
   {
    "frame_index": 752,
    "frame_start_symtime": 9274416,
    "n_samples_in_frame": 9271,
    "longest_run_symbols": 5,
    "stall_start_tref": 997,
    "stall_end_tref": 1001,
    "stall_start_data_relative": 984,
    "run_value_IQ": [
     5736,
     -5737
    ],
    "stall_end_coincides_with_frame_end": false,
    "is_stall": false
   },
   {
    "frame_index": 753,
    "frame_start_symtime": 9286749,
    "n_samples_in_frame": 9282,
    "longest_run_symbols": 5,
    "stall_start_tref": 997,
    "stall_end_tref": 1001,
    "stall_start_data_relative": 984,
    "run_value_IQ": [
     5736,
     -5737
    ],
    "stall_end_coincides_with_frame_end": false,
    "is_stall": false
   },
   {
    "frame_index": 754,
    "frame_start_symtime": 9299082,
    "n_samples_in_frame": 9446,
    "longest_run_symbols": 5,
    "stall_start_tref": 997,
    "stall_end_tref": 1001,
    "stall_start_data_relative": 984,
    "run_value_IQ": [
     5736,
     -5737
    ],
    "stall_end_coincides_with_frame_end": false,
    "is_stall": false
   },
   {
    "frame_index": 755,
    "frame_start_symtime": 9311415,
    "n_samples_in_frame": 13161,
    "longest_run_symbols": 7,
    "stall_start_tref": 3443,
    "stall_end_tref": 3446,
    "stall_start_data_relative": 3430,
    "run_value_IQ": [
     5736,
     5736
    ],
    "stall_end_coincides_with_frame_end": false,
    "is_stall": false
   },
   {
    "frame_index": 756,
    "frame_start_symtime": 9323748,
    "n_samples_in_frame": 9499,
    "longest_run_symbols": 5,
    "stall_start_tref": 997,
    "stall_end_tref": 1001,
    "stall_start_data_relative": 984,
    "run_value_IQ": [
     5736,
     -5737
    ],
    "stall_end_coincides_with_frame_end": false,
    "is_stall": false
   },
   {
    "frame_index": 757,
    "frame_start_symtime": 9336081,
    "n_samples_in_frame": 9304,
    "longest_run_symbols": 5,
    "stall_start_tref": 997,
    "stall_end_tref": 1001,
    "stall_start_data_relative": 984,
    "run_value_IQ": [
     5736,
     -5737
    ],
    "stall_end_coincides_with_frame_end": false,
    "is_stall": false
   },
   {
    "frame_index": 758,
    "frame_start_symtime": 9348414,
    "n_samples_in_frame": 9402,
    "longest_run_symbols": 5,
    "stall_start_tref": 997,
    "stall_end_tref": 1001,
    "stall_start_data_relative": 984,
    "run_value_IQ": [
     5736,
     -5737
    ],
    "stall_end_coincides_with_frame_end": false,
    "is_stall": false
   },
   {
    "frame_index": 759,
    "frame_start_symtime": 9360747,
    "n_samples_in_frame": 8362,
    "longest_run_symbols": 5,
    "stall_start_tref": 9496,
    "stall_end_tref": 9500,
    "stall_start_data_relative": 9483,
    "run_value_IQ": [
     5736,
     5736
    ],
    "stall_end_coincides_with_frame_end": false,
    "is_stall": false
   },
   {
    "frame_index": 760,
    "frame_start_symtime": 9373080,
    "n_samples_in_frame": 9262,
    "longest_run_symbols": 5,
    "stall_start_tref": 9496,
    "stall_end_tref": 9500,
    "stall_start_data_relative": 9483,
    "run_value_IQ": [
     5736,
     5736
    ],
    "stall_end_coincides_with_frame_end": false,
    "is_stall": false
   },
   {
    "frame_index": 761,
    "frame_start_symtime": 9385413,
    "n_samples_in_frame": 9322,
    "longest_run_symbols": 5,
    "stall_start_tref": 997,
    "stall_end_tref": 1001,
    "stall_start_data_relative": 984,
    "run_value_IQ": [
     5736,
     -5737
    ],
    "stall_end_coincides_with_frame_end": false,
    "is_stall": false
   },
   {
    "frame_index": 762,
    "frame_start_symtime": 9397746,
    "n_samples_in_frame": 9395,
    "longest_run_symbols": 5,
    "stall_start_tref": 997,
    "stall_end_tref": 1001,
    "stall_start_data_relative": 984,
    "run_value_IQ": [
     5736,
     -5737
    ],
    "stall_end_coincides_with_frame_end": false,
    "is_stall": false
   },
   {
    "frame_index": 763,
    "frame_start_symtime": 9410079,
    "n_samples_in_frame": 9448,
    "longest_run_symbols": 5,
    "stall_start_tref": 997,
    "stall_end_tref": 1001,
    "stall_start_data_relative": 984,
    "run_value_IQ": [
     5736,
     -5737
    ],
    "stall_end_coincides_with_frame_end": false,
    "is_stall": false
   },
   {
    "frame_index": 764,
    "frame_start_symtime": 9422412,
    "n_samples_in_frame": 8663,
    "longest_run_symbols": 5,
    "stall_start_tref": 9496,
    "stall_end_tref": 9500,
    "stall_start_data_relative": 9483,
    "run_value_IQ": [
     5736,
     5736
    ],
    "stall_end_coincides_with_frame_end": false,
    "is_stall": false
   },
   {
    "frame_index": 765,
    "frame_start_symtime": 9434745,
    "n_samples_in_frame": 9241,
    "longest_run_symbols": 5,
    "stall_start_tref": 9496,
    "stall_end_tref": 9500,
    "stall_start_data_relative": 9483,
    "run_value_IQ": [
     5736,
     5736
    ],
    "stall_end_coincides_with_frame_end": false,
    "is_stall": false
   },
   {
    "frame_index": 766,
    "frame_start_symtime": 9447078,
    "n_samples_in_frame": 9342,
    "longest_run_symbols": 5,
    "stall_start_tref": 997,
    "stall_end_tref": 1001,
    "stall_start_data_relative": 984,
    "run_value_IQ": [
     5736,
     -5737
    ],
    "stall_end_coincides_with_frame_end": false,
    "is_stall": false
   },
   {
    "frame_index": 767,
    "frame_start_symtime": 9459411,
    "n_samples_in_frame": 9324,
    "longest_run_symbols": 5,
    "stall_start_tref": 997,
    "stall_end_tref": 1001,
    "stall_start_data_relative": 984,
    "run_value_IQ": [
     5736,
     -5737
    ],
    "stall_end_coincides_with_frame_end": false,
    "is_stall": false
   },
   {
    "frame_index": 768,
    "frame_start_symtime": 9471744,
    "n_samples_in_frame": 9413,
    "longest_run_symbols": 5,
    "stall_start_tref": 997,
    "stall_end_tref": 1001,
    "stall_start_data_relative": 984,
    "run_value_IQ": [
     5736,
     -5737
    ],
    "stall_end_coincides_with_frame_end": false,
    "is_stall": false
   },
   {
    "frame_index": 769,
    "frame_start_symtime": 9484077,
    "n_samples_in_frame": 8504,
    "longest_run_symbols": 5,
    "stall_start_tref": 9496,
    "stall_end_tref": 9500,
    "stall_start_data_relative": 9483,
    "run_value_IQ": [
     5736,
     5736
    ],
    "stall_end_coincides_with_frame_end": false,
    "is_stall": false
   },
   {
    "frame_index": 770,
    "frame_start_symtime": 9496410,
    "n_samples_in_frame": 9461,
    "longest_run_symbols": 5,
    "stall_start_tref": 997,
    "stall_end_tref": 1001,
    "stall_start_data_relative": 984,
    "run_value_IQ": [
     5736,
     -5737
    ],
    "stall_end_coincides_with_frame_end": false,
    "is_stall": false
   },
   {
    "frame_index": 771,
    "frame_start_symtime": 9508743,
    "n_samples_in_frame": 9316,
    "longest_run_symbols": 5,
    "stall_start_tref": 9496,
    "stall_end_tref": 9500,
    "stall_start_data_relative": 9483,
    "run_value_IQ": [
     5736,
     5736
    ],
    "stall_end_coincides_with_frame_end": false,
    "is_stall": false
   },
   {
    "frame_index": 772,
    "frame_start_symtime": 9521076,
    "n_samples_in_frame": 9269,
    "longest_run_symbols": 5,
    "stall_start_tref": 997,
    "stall_end_tref": 1001,
    "stall_start_data_relative": 984,
    "run_value_IQ": [
     5736,
     -5737
    ],
    "stall_end_coincides_with_frame_end": false,
    "is_stall": false
   },
   {
    "frame_index": 773,
    "frame_start_symtime": 9533409,
    "n_samples_in_frame": 9264,
    "longest_run_symbols": 5,
    "stall_start_tref": 997,
    "stall_end_tref": 1001,
    "stall_start_data_relative": 984,
    "run_value_IQ": [
     5736,
     -5737
    ],
    "stall_end_coincides_with_frame_end": false,
    "is_stall": false
   },
   {
    "frame_index": 774,
    "frame_start_symtime": 9545742,
    "n_samples_in_frame": 8661,
    "longest_run_symbols": 5,
    "stall_start_tref": 997,
    "stall_end_tref": 1001,
    "stall_start_data_relative": 984,
    "run_value_IQ": [
     5736,
     -5737
    ],
    "stall_end_coincides_with_frame_end": false,
    "is_stall": false
   },
   {
    "frame_index": 775,
    "frame_start_symtime": 9558075,
    "n_samples_in_frame": 9290,
    "longest_run_symbols": 5,
    "stall_start_tref": 997,
    "stall_end_tref": 1001,
    "stall_start_data_relative": 984,
    "run_value_IQ": [
     5736,
     -5737
    ],
    "stall_end_coincides_with_frame_end": false,
    "is_stall": false
   },
   {
    "frame_index": 776,
    "frame_start_symtime": 9570408,
    "n_samples_in_frame": 9479,
    "longest_run_symbols": 5,
    "stall_start_tref": 997,
    "stall_end_tref": 1001,
    "stall_start_data_relative": 984,
    "run_value_IQ": [
     5736,
     -5737
    ],
    "stall_end_coincides_with_frame_end": false,
    "is_stall": false
   },
   {
    "frame_index": 777,
    "frame_start_symtime": 9582741,
    "n_samples_in_frame": 9299,
    "longest_run_symbols": 5,
    "stall_start_tref": 9496,
    "stall_end_tref": 9500,
    "stall_start_data_relative": 9483,
    "run_value_IQ": [
     5736,
     5736
    ],
    "stall_end_coincides_with_frame_end": false,
    "is_stall": false
   },
   {
    "frame_index": 778,
    "frame_start_symtime": 9595074,
    "n_samples_in_frame": 9303,
    "longest_run_symbols": 5,
    "stall_start_tref": 997,
    "stall_end_tref": 1001,
    "stall_start_data_relative": 984,
    "run_value_IQ": [
     5736,
     -5737
    ],
    "stall_end_coincides_with_frame_end": false,
    "is_stall": false
   },
   {
    "frame_index": 779,
    "frame_start_symtime": 9607407,
    "n_samples_in_frame": 8704,
    "longest_run_symbols": 5,
    "stall_start_tref": 997,
    "stall_end_tref": 1001,
    "stall_start_data_relative": 984,
    "run_value_IQ": [
     5736,
     -5737
    ],
    "stall_end_coincides_with_frame_end": false,
    "is_stall": false
   },
   {
    "frame_index": 780,
    "frame_start_symtime": 9619740,
    "n_samples_in_frame": 9216,
    "longest_run_symbols": 5,
    "stall_start_tref": 997,
    "stall_end_tref": 1001,
    "stall_start_data_relative": 984,
    "run_value_IQ": [
     5736,
     -5737
    ],
    "stall_end_coincides_with_frame_end": false,
    "is_stall": false
   },
   {
    "frame_index": 781,
    "frame_start_symtime": 9632073,
    "n_samples_in_frame": 9369,
    "longest_run_symbols": 5,
    "stall_start_tref": 997,
    "stall_end_tref": 1001,
    "stall_start_data_relative": 984,
    "run_value_IQ": [
     5736,
     -5737
    ],
    "stall_end_coincides_with_frame_end": false,
    "is_stall": false
   },
   {
    "frame_index": 782,
    "frame_start_symtime": 9644406,
    "n_samples_in_frame": 9408,
    "longest_run_symbols": 5,
    "stall_start_tref": 997,
    "stall_end_tref": 1001,
    "stall_start_data_relative": 984,
    "run_value_IQ": [
     5736,
     -5737
    ],
    "stall_end_coincides_with_frame_end": false,
    "is_stall": false
   },
   {
    "frame_index": 783,
    "frame_start_symtime": 9656739,
    "n_samples_in_frame": 4775,
    "longest_run_symbols": 5,
    "stall_start_tref": 11920,
    "stall_end_tref": 11924,
    "stall_start_data_relative": 11907,
    "run_value_IQ": [
     5736,
     -5737
    ],
    "stall_end_coincides_with_frame_end": false,
    "is_stall": false
   },
   {
    "frame_index": 784,
    "frame_start_symtime": 9669072,
    "n_samples_in_frame": 8670,
    "longest_run_symbols": 5,
    "stall_start_tref": 997,
    "stall_end_tref": 1001,
    "stall_start_data_relative": 984,
    "run_value_IQ": [
     5736,
     -5737
    ],
    "stall_end_coincides_with_frame_end": false,
    "is_stall": false
   },
   {
    "frame_index": 785,
    "frame_start_symtime": 9681405,
    "n_samples_in_frame": 9267,
    "longest_run_symbols": 5,
    "stall_start_tref": 997,
    "stall_end_tref": 1001,
    "stall_start_data_relative": 984,
    "run_value_IQ": [
     5736,
     -5737
    ],
    "stall_end_coincides_with_frame_end": false,
    "is_stall": false
   },
   {
    "frame_index": 786,
    "frame_start_symtime": 9693738,
    "n_samples_in_frame": 9439,
    "longest_run_symbols": 5,
    "stall_start_tref": 997,
    "stall_end_tref": 1001,
    "stall_start_data_relative": 984,
    "run_value_IQ": [
     5736,
     -5737
    ],
    "stall_end_coincides_with_frame_end": false,
    "is_stall": false
   },
   {
    "frame_index": 787,
    "frame_start_symtime": 9706071,
    "n_samples_in_frame": 9322,
    "longest_run_symbols": 5,
    "stall_start_tref": 997,
    "stall_end_tref": 1001,
    "stall_start_data_relative": 984,
    "run_value_IQ": [
     5736,
     -5737
    ],
    "stall_end_coincides_with_frame_end": false,
    "is_stall": false
   },
   {
    "frame_index": 788,
    "frame_start_symtime": 9718404,
    "n_samples_in_frame": 9382,
    "longest_run_symbols": 5,
    "stall_start_tref": 997,
    "stall_end_tref": 1001,
    "stall_start_data_relative": 984,
    "run_value_IQ": [
     5736,
     -5737
    ],
    "stall_end_coincides_with_frame_end": false,
    "is_stall": false
   },
   {
    "frame_index": 789,
    "frame_start_symtime": 9730737,
    "n_samples_in_frame": 8704,
    "longest_run_symbols": 5,
    "stall_start_tref": 997,
    "stall_end_tref": 1001,
    "stall_start_data_relative": 984,
    "run_value_IQ": [
     5736,
     -5737
    ],
    "stall_end_coincides_with_frame_end": false,
    "is_stall": false
   },
   {
    "frame_index": 790,
    "frame_start_symtime": 9743070,
    "n_samples_in_frame": 9296,
    "longest_run_symbols": 5,
    "stall_start_tref": 997,
    "stall_end_tref": 1001,
    "stall_start_data_relative": 984,
    "run_value_IQ": [
     5736,
     -5737
    ],
    "stall_end_coincides_with_frame_end": false,
    "is_stall": false
   },
   {
    "frame_index": 791,
    "frame_start_symtime": 9755403,
    "n_samples_in_frame": 9449,
    "longest_run_symbols": 5,
    "stall_start_tref": 997,
    "stall_end_tref": 1001,
    "stall_start_data_relative": 984,
    "run_value_IQ": [
     5736,
     -5737
    ],
    "stall_end_coincides_with_frame_end": false,
    "is_stall": false
   },
   {
    "frame_index": 792,
    "frame_start_symtime": 9767736,
    "n_samples_in_frame": 9415,
    "longest_run_symbols": 5,
    "stall_start_tref": 9496,
    "stall_end_tref": 9500,
    "stall_start_data_relative": 9483,
    "run_value_IQ": [
     5736,
     5736
    ],
    "stall_end_coincides_with_frame_end": false,
    "is_stall": false
   },
   {
    "frame_index": 793,
    "frame_start_symtime": 9780069,
    "n_samples_in_frame": 9266,
    "longest_run_symbols": 5,
    "stall_start_tref": 997,
    "stall_end_tref": 1001,
    "stall_start_data_relative": 984,
    "run_value_IQ": [
     5736,
     -5737
    ],
    "stall_end_coincides_with_frame_end": false,
    "is_stall": false
   },
   {
    "frame_index": 794,
    "frame_start_symtime": 9792402,
    "n_samples_in_frame": 8654,
    "longest_run_symbols": 5,
    "stall_start_tref": 997,
    "stall_end_tref": 1001,
    "stall_start_data_relative": 984,
    "run_value_IQ": [
     5736,
     -5737
    ],
    "stall_end_coincides_with_frame_end": false,
    "is_stall": false
   },
   {
    "frame_index": 795,
    "frame_start_symtime": 9804735,
    "n_samples_in_frame": 9202,
    "longest_run_symbols": 5,
    "stall_start_tref": 9496,
    "stall_end_tref": 9500,
    "stall_start_data_relative": 9483,
    "run_value_IQ": [
     5736,
     5736
    ],
    "stall_end_coincides_with_frame_end": false,
    "is_stall": false
   },
   {
    "frame_index": 796,
    "frame_start_symtime": 9817068,
    "n_samples_in_frame": 4548,
    "longest_run_symbols": 5,
    "stall_start_tref": 9496,
    "stall_end_tref": 9500,
    "stall_start_data_relative": 9483,
    "run_value_IQ": [
     5736,
     5736
    ],
    "stall_end_coincides_with_frame_end": false,
    "is_stall": false
   },
   {
    "frame_index": 797,
    "frame_start_symtime": 9829401,
    "n_samples_in_frame": 9290,
    "longest_run_symbols": 5,
    "stall_start_tref": 997,
    "stall_end_tref": 1001,
    "stall_start_data_relative": 984,
    "run_value_IQ": [
     5736,
     -5737
    ],
    "stall_end_coincides_with_frame_end": false,
    "is_stall": false
   },
   {
    "frame_index": 798,
    "frame_start_symtime": 9841734,
    "n_samples_in_frame": 9386,
    "longest_run_symbols": 5,
    "stall_start_tref": 997,
    "stall_end_tref": 1001,
    "stall_start_data_relative": 984,
    "run_value_IQ": [
     5736,
     -5737
    ],
    "stall_end_coincides_with_frame_end": false,
    "is_stall": false
   },
   {
    "frame_index": 799,
    "frame_start_symtime": 9854067,
    "n_samples_in_frame": 8534,
    "longest_run_symbols": 5,
    "stall_start_tref": 997,
    "stall_end_tref": 1001,
    "stall_start_data_relative": 984,
    "run_value_IQ": [
     5736,
     -5737
    ],
    "stall_end_coincides_with_frame_end": false,
    "is_stall": false
   },
   {
    "frame_index": 800,
    "frame_start_symtime": 9866400,
    "n_samples_in_frame": 9280,
    "longest_run_symbols": 5,
    "stall_start_tref": 997,
    "stall_end_tref": 1001,
    "stall_start_data_relative": 984,
    "run_value_IQ": [
     5736,
     -5737
    ],
    "stall_end_coincides_with_frame_end": false,
    "is_stall": false
   },
   {
    "frame_index": 801,
    "frame_start_symtime": 9878733,
    "n_samples_in_frame": 9436,
    "longest_run_symbols": 5,
    "stall_start_tref": 997,
    "stall_end_tref": 1001,
    "stall_start_data_relative": 984,
    "run_value_IQ": [
     5736,
     -5737
    ],
    "stall_end_coincides_with_frame_end": false,
    "is_stall": false
   },
   {
    "frame_index": 802,
    "frame_start_symtime": 9891066,
    "n_samples_in_frame": 9305,
    "longest_run_symbols": 5,
    "stall_start_tref": 9496,
    "stall_end_tref": 9500,
    "stall_start_data_relative": 9483,
    "run_value_IQ": [
     5736,
     5736
    ],
    "stall_end_coincides_with_frame_end": false,
    "is_stall": false
   },
   {
    "frame_index": 803,
    "frame_start_symtime": 9903399,
    "n_samples_in_frame": 9282,
    "longest_run_symbols": 5,
    "stall_start_tref": 9496,
    "stall_end_tref": 9500,
    "stall_start_data_relative": 9483,
    "run_value_IQ": [
     5736,
     5736
    ],
    "stall_end_coincides_with_frame_end": false,
    "is_stall": false
   },
   {
    "frame_index": 804,
    "frame_start_symtime": 9915732,
    "n_samples_in_frame": 8515,
    "longest_run_symbols": 5,
    "stall_start_tref": 997,
    "stall_end_tref": 1001,
    "stall_start_data_relative": 984,
    "run_value_IQ": [
     5736,
     -5737
    ],
    "stall_end_coincides_with_frame_end": false,
    "is_stall": false
   },
   {
    "frame_index": 805,
    "frame_start_symtime": 9928065,
    "n_samples_in_frame": 9402,
    "longest_run_symbols": 5,
    "stall_start_tref": 9496,
    "stall_end_tref": 9500,
    "stall_start_data_relative": 9483,
    "run_value_IQ": [
     5736,
     5736
    ],
    "stall_end_coincides_with_frame_end": false,
    "is_stall": false
   },
   {
    "frame_index": 806,
    "frame_start_symtime": 9940398,
    "n_samples_in_frame": 9292,
    "longest_run_symbols": 5,
    "stall_start_tref": 997,
    "stall_end_tref": 1001,
    "stall_start_data_relative": 984,
    "run_value_IQ": [
     5736,
     -5737
    ],
    "stall_end_coincides_with_frame_end": false,
    "is_stall": false
   },
   {
    "frame_index": 807,
    "frame_start_symtime": 9952731,
    "n_samples_in_frame": 9216,
    "longest_run_symbols": 5,
    "stall_start_tref": 997,
    "stall_end_tref": 1001,
    "stall_start_data_relative": 984,
    "run_value_IQ": [
     5736,
     -5737
    ],
    "stall_end_coincides_with_frame_end": false,
    "is_stall": false
   },
   {
    "frame_index": 808,
    "frame_start_symtime": 9965064,
    "n_samples_in_frame": 9273,
    "longest_run_symbols": 5,
    "stall_start_tref": 997,
    "stall_end_tref": 1001,
    "stall_start_data_relative": 984,
    "run_value_IQ": [
     5736,
     -5737
    ],
    "stall_end_coincides_with_frame_end": false,
    "is_stall": false
   },
   {
    "frame_index": 809,
    "frame_start_symtime": 9977397,
    "n_samples_in_frame": 8576,
    "longest_run_symbols": 5,
    "stall_start_tref": 997,
    "stall_end_tref": 1001,
    "stall_start_data_relative": 984,
    "run_value_IQ": [
     5736,
     -5737
    ],
    "stall_end_coincides_with_frame_end": false,
    "is_stall": false
   },
   {
    "frame_index": 810,
    "frame_start_symtime": 9989730,
    "n_samples_in_frame": 9287,
    "longest_run_symbols": 5,
    "stall_start_tref": 997,
    "stall_end_tref": 1001,
    "stall_start_data_relative": 984,
    "run_value_IQ": [
     5736,
     -5737
    ],
    "stall_end_coincides_with_frame_end": false,
    "is_stall": false
   },
   {
    "frame_index": 811,
    "frame_start_symtime": 10002063,
    "n_samples_in_frame": 9408,
    "longest_run_symbols": 5,
    "stall_start_tref": 997,
    "stall_end_tref": 1001,
    "stall_start_data_relative": 984,
    "run_value_IQ": [
     5736,
     -5737
    ],
    "stall_end_coincides_with_frame_end": false,
    "is_stall": false
   },
   {
    "frame_index": 812,
    "frame_start_symtime": 10014396,
    "n_samples_in_frame": 4682,
    "longest_run_symbols": 4,
    "stall_start_tref": 627,
    "stall_end_tref": 630,
    "stall_start_data_relative": 614,
    "run_value_IQ": [
     5736,
     -5737
    ],
    "stall_end_coincides_with_frame_end": false,
    "is_stall": false
   },
   {
    "frame_index": 813,
    "frame_start_symtime": 10026729,
    "n_samples_in_frame": 9397,
    "longest_run_symbols": 5,
    "stall_start_tref": 9496,
    "stall_end_tref": 9500,
    "stall_start_data_relative": 9483,
    "run_value_IQ": [
     5736,
     5736
    ],
    "stall_end_coincides_with_frame_end": false,
    "is_stall": false
   },
   {
    "frame_index": 814,
    "frame_start_symtime": 10039062,
    "n_samples_in_frame": 8709,
    "longest_run_symbols": 5,
    "stall_start_tref": 997,
    "stall_end_tref": 1001,
    "stall_start_data_relative": 984,
    "run_value_IQ": [
     5736,
     -5737
    ],
    "stall_end_coincides_with_frame_end": false,
    "is_stall": false
   },
   {
    "frame_index": 815,
    "frame_start_symtime": 10051395,
    "n_samples_in_frame": 9325,
    "longest_run_symbols": 5,
    "stall_start_tref": 997,
    "stall_end_tref": 1001,
    "stall_start_data_relative": 984,
    "run_value_IQ": [
     5736,
     -5737
    ],
    "stall_end_coincides_with_frame_end": false,
    "is_stall": false
   },
   {
    "frame_index": 816,
    "frame_start_symtime": 10063728,
    "n_samples_in_frame": 9167,
    "longest_run_symbols": 5,
    "stall_start_tref": 997,
    "stall_end_tref": 1001,
    "stall_start_data_relative": 984,
    "run_value_IQ": [
     5736,
     -5737
    ],
    "stall_end_coincides_with_frame_end": false,
    "is_stall": false
   },
   {
    "frame_index": 817,
    "frame_start_symtime": 10076061,
    "n_samples_in_frame": 9216,
    "longest_run_symbols": 5,
    "stall_start_tref": 997,
    "stall_end_tref": 1001,
    "stall_start_data_relative": 984,
    "run_value_IQ": [
     5736,
     -5737
    ],
    "stall_end_coincides_with_frame_end": false,
    "is_stall": false
   },
   {
    "frame_index": 818,
    "frame_start_symtime": 10088394,
    "n_samples_in_frame": 9323,
    "longest_run_symbols": 5,
    "stall_start_tref": 997,
    "stall_end_tref": 1001,
    "stall_start_data_relative": 984,
    "run_value_IQ": [
     5736,
     -5737
    ],
    "stall_end_coincides_with_frame_end": false,
    "is_stall": false
   },
   {
    "frame_index": 819,
    "frame_start_symtime": 10100727,
    "n_samples_in_frame": 8597,
    "longest_run_symbols": 5,
    "stall_start_tref": 997,
    "stall_end_tref": 1001,
    "stall_start_data_relative": 984,
    "run_value_IQ": [
     5736,
     -5737
    ],
    "stall_end_coincides_with_frame_end": false,
    "is_stall": false
   },
   {
    "frame_index": 820,
    "frame_start_symtime": 10113060,
    "n_samples_in_frame": 9142,
    "longest_run_symbols": 5,
    "stall_start_tref": 997,
    "stall_end_tref": 1001,
    "stall_start_data_relative": 984,
    "run_value_IQ": [
     5736,
     -5737
    ],
    "stall_end_coincides_with_frame_end": false,
    "is_stall": false
   },
   {
    "frame_index": 821,
    "frame_start_symtime": 10125393,
    "n_samples_in_frame": 9345,
    "longest_run_symbols": 5,
    "stall_start_tref": 997,
    "stall_end_tref": 1001,
    "stall_start_data_relative": 984,
    "run_value_IQ": [
     5736,
     -5737
    ],
    "stall_end_coincides_with_frame_end": false,
    "is_stall": false
   },
   {
    "frame_index": 822,
    "frame_start_symtime": 10137726,
    "n_samples_in_frame": 9493,
    "longest_run_symbols": 5,
    "stall_start_tref": 997,
    "stall_end_tref": 1001,
    "stall_start_data_relative": 984,
    "run_value_IQ": [
     5736,
     -5737
    ],
    "stall_end_coincides_with_frame_end": false,
    "is_stall": false
   },
   {
    "frame_index": 823,
    "frame_start_symtime": 10150059,
    "n_samples_in_frame": 9283,
    "longest_run_symbols": 5,
    "stall_start_tref": 9496,
    "stall_end_tref": 9500,
    "stall_start_data_relative": 9483,
    "run_value_IQ": [
     5736,
     5736
    ],
    "stall_end_coincides_with_frame_end": false,
    "is_stall": false
   },
   {
    "frame_index": 824,
    "frame_start_symtime": 10162392,
    "n_samples_in_frame": 8655,
    "longest_run_symbols": 5,
    "stall_start_tref": 997,
    "stall_end_tref": 1001,
    "stall_start_data_relative": 984,
    "run_value_IQ": [
     5736,
     -5737
    ],
    "stall_end_coincides_with_frame_end": false,
    "is_stall": false
   },
   {
    "frame_index": 825,
    "frame_start_symtime": 10174725,
    "n_samples_in_frame": 9378,
    "longest_run_symbols": 5,
    "stall_start_tref": 997,
    "stall_end_tref": 1001,
    "stall_start_data_relative": 984,
    "run_value_IQ": [
     5736,
     -5737
    ],
    "stall_end_coincides_with_frame_end": false,
    "is_stall": false
   },
   {
    "frame_index": 826,
    "frame_start_symtime": 10187058,
    "n_samples_in_frame": 9229,
    "longest_run_symbols": 5,
    "stall_start_tref": 997,
    "stall_end_tref": 1001,
    "stall_start_data_relative": 984,
    "run_value_IQ": [
     5736,
     -5737
    ],
    "stall_end_coincides_with_frame_end": false,
    "is_stall": false
   },
   {
    "frame_index": 827,
    "frame_start_symtime": 10199391,
    "n_samples_in_frame": 9409,
    "longest_run_symbols": 5,
    "stall_start_tref": 997,
    "stall_end_tref": 1001,
    "stall_start_data_relative": 984,
    "run_value_IQ": [
     5736,
     -5737
    ],
    "stall_end_coincides_with_frame_end": false,
    "is_stall": false
   },
   {
    "frame_index": 828,
    "frame_start_symtime": 10211724,
    "n_samples_in_frame": 9438,
    "longest_run_symbols": 5,
    "stall_start_tref": 9496,
    "stall_end_tref": 9500,
    "stall_start_data_relative": 9483,
    "run_value_IQ": [
     5736,
     5736
    ],
    "stall_end_coincides_with_frame_end": false,
    "is_stall": false
   },
   {
    "frame_index": 829,
    "frame_start_symtime": 10224057,
    "n_samples_in_frame": 8336,
    "longest_run_symbols": 5,
    "stall_start_tref": 11920,
    "stall_end_tref": 11924,
    "stall_start_data_relative": 11907,
    "run_value_IQ": [
     5736,
     -5737
    ],
    "stall_end_coincides_with_frame_end": false,
    "is_stall": false
   },
   {
    "frame_index": 830,
    "frame_start_symtime": 10236390,
    "n_samples_in_frame": 9438,
    "longest_run_symbols": 5,
    "stall_start_tref": 997,
    "stall_end_tref": 1001,
    "stall_start_data_relative": 984,
    "run_value_IQ": [
     5736,
     -5737
    ],
    "stall_end_coincides_with_frame_end": false,
    "is_stall": false
   },
   {
    "frame_index": 831,
    "frame_start_symtime": 10248723,
    "n_samples_in_frame": 11118,
    "longest_run_symbols": 9,
    "stall_start_tref": 9496,
    "stall_end_tref": 9500,
    "stall_start_data_relative": 9483,
    "run_value_IQ": [
     5736,
     5736
    ],
    "stall_end_coincides_with_frame_end": false,
    "is_stall": false
   },
   {
    "frame_index": 832,
    "frame_start_symtime": 10261056,
    "n_samples_in_frame": 9437,
    "longest_run_symbols": 5,
    "stall_start_tref": 997,
    "stall_end_tref": 1001,
    "stall_start_data_relative": 984,
    "run_value_IQ": [
     5736,
     -5737
    ],
    "stall_end_coincides_with_frame_end": false,
    "is_stall": false
   },
   {
    "frame_index": 833,
    "frame_start_symtime": 10273389,
    "n_samples_in_frame": 8759,
    "longest_run_symbols": 5,
    "stall_start_tref": 9496,
    "stall_end_tref": 9500,
    "stall_start_data_relative": 9483,
    "run_value_IQ": [
     5736,
     5736
    ],
    "stall_end_coincides_with_frame_end": false,
    "is_stall": false
   },
   {
    "frame_index": 834,
    "frame_start_symtime": 10285722,
    "n_samples_in_frame": 9316,
    "longest_run_symbols": 5,
    "stall_start_tref": 997,
    "stall_end_tref": 1001,
    "stall_start_data_relative": 984,
    "run_value_IQ": [
     5736,
     -5737
    ],
    "stall_end_coincides_with_frame_end": false,
    "is_stall": false
   },
   {
    "frame_index": 835,
    "frame_start_symtime": 10298055,
    "n_samples_in_frame": 9479,
    "longest_run_symbols": 5,
    "stall_start_tref": 997,
    "stall_end_tref": 1001,
    "stall_start_data_relative": 984,
    "run_value_IQ": [
     5736,
     -5737
    ],
    "stall_end_coincides_with_frame_end": false,
    "is_stall": false
   },
   {
    "frame_index": 836,
    "frame_start_symtime": 10310388,
    "n_samples_in_frame": 9389,
    "longest_run_symbols": 5,
    "stall_start_tref": 9496,
    "stall_end_tref": 9500,
    "stall_start_data_relative": 9483,
    "run_value_IQ": [
     5736,
     5736
    ],
    "stall_end_coincides_with_frame_end": false,
    "is_stall": false
   },
   {
    "frame_index": 837,
    "frame_start_symtime": 10322721,
    "n_samples_in_frame": 9277,
    "longest_run_symbols": 5,
    "stall_start_tref": 997,
    "stall_end_tref": 1001,
    "stall_start_data_relative": 984,
    "run_value_IQ": [
     5736,
     -5737
    ],
    "stall_end_coincides_with_frame_end": false,
    "is_stall": false
   },
   {
    "frame_index": 838,
    "frame_start_symtime": 10335054,
    "n_samples_in_frame": 8360,
    "longest_run_symbols": 5,
    "stall_start_tref": 997,
    "stall_end_tref": 1001,
    "stall_start_data_relative": 984,
    "run_value_IQ": [
     5736,
     -5737
    ],
    "stall_end_coincides_with_frame_end": false,
    "is_stall": false
   },
   {
    "frame_index": 839,
    "frame_start_symtime": 10347387,
    "n_samples_in_frame": 9373,
    "longest_run_symbols": 5,
    "stall_start_tref": 9496,
    "stall_end_tref": 9500,
    "stall_start_data_relative": 9483,
    "run_value_IQ": [
     5736,
     5736
    ],
    "stall_end_coincides_with_frame_end": false,
    "is_stall": false
   },
   {
    "frame_index": 840,
    "frame_start_symtime": 10359720,
    "n_samples_in_frame": 13913,
    "longest_run_symbols": 9,
    "stall_start_tref": 9496,
    "stall_end_tref": 9500,
    "stall_start_data_relative": 9483,
    "run_value_IQ": [
     5736,
     5736
    ],
    "stall_end_coincides_with_frame_end": false,
    "is_stall": false
   },
   {
    "frame_index": 841,
    "frame_start_symtime": 10372053,
    "n_samples_in_frame": 9329,
    "longest_run_symbols": 5,
    "stall_start_tref": 997,
    "stall_end_tref": 1001,
    "stall_start_data_relative": 984,
    "run_value_IQ": [
     5736,
     -5737
    ],
    "stall_end_coincides_with_frame_end": false,
    "is_stall": false
   },
   {
    "frame_index": 842,
    "frame_start_symtime": 10384386,
    "n_samples_in_frame": 8704,
    "longest_run_symbols": 5,
    "stall_start_tref": 997,
    "stall_end_tref": 1001,
    "stall_start_data_relative": 984,
    "run_value_IQ": [
     5736,
     -5737
    ],
    "stall_end_coincides_with_frame_end": false,
    "is_stall": false
   },
   {
    "frame_index": 843,
    "frame_start_symtime": 10396719,
    "n_samples_in_frame": 9235,
    "longest_run_symbols": 5,
    "stall_start_tref": 997,
    "stall_end_tref": 1001,
    "stall_start_data_relative": 984,
    "run_value_IQ": [
     5736,
     -5737
    ],
    "stall_end_coincides_with_frame_end": false,
    "is_stall": false
   },
   {
    "frame_index": 844,
    "frame_start_symtime": 10409052,
    "n_samples_in_frame": 9197,
    "longest_run_symbols": 5,
    "stall_start_tref": 997,
    "stall_end_tref": 1001,
    "stall_start_data_relative": 984,
    "run_value_IQ": [
     5736,
     -5737
    ],
    "stall_end_coincides_with_frame_end": false,
    "is_stall": false
   },
   {
    "frame_index": 845,
    "frame_start_symtime": 10421385,
    "n_samples_in_frame": 9377,
    "longest_run_symbols": 5,
    "stall_start_tref": 997,
    "stall_end_tref": 1001,
    "stall_start_data_relative": 984,
    "run_value_IQ": [
     5736,
     -5737
    ],
    "stall_end_coincides_with_frame_end": false,
    "is_stall": false
   },
   {
    "frame_index": 846,
    "frame_start_symtime": 10433718,
    "n_samples_in_frame": 9379,
    "longest_run_symbols": 5,
    "stall_start_tref": 9496,
    "stall_end_tref": 9500,
    "stall_start_data_relative": 9483,
    "run_value_IQ": [
     5736,
     5736
    ],
    "stall_end_coincides_with_frame_end": false,
    "is_stall": false
   },
   {
    "frame_index": 847,
    "frame_start_symtime": 10446051,
    "n_samples_in_frame": 8536,
    "longest_run_symbols": 5,
    "stall_start_tref": 9496,
    "stall_end_tref": 9500,
    "stall_start_data_relative": 9483,
    "run_value_IQ": [
     5736,
     5736
    ],
    "stall_end_coincides_with_frame_end": false,
    "is_stall": false
   },
   {
    "frame_index": 848,
    "frame_start_symtime": 10458384,
    "n_samples_in_frame": 9405,
    "longest_run_symbols": 5,
    "stall_start_tref": 997,
    "stall_end_tref": 1001,
    "stall_start_data_relative": 984,
    "run_value_IQ": [
     5736,
     -5737
    ],
    "stall_end_coincides_with_frame_end": false,
    "is_stall": false
   },
   {
    "frame_index": 849,
    "frame_start_symtime": 10470717,
    "n_samples_in_frame": 9381,
    "longest_run_symbols": 5,
    "stall_start_tref": 9496,
    "stall_end_tref": 9500,
    "stall_start_data_relative": 9483,
    "run_value_IQ": [
     5736,
     5736
    ],
    "stall_end_coincides_with_frame_end": false,
    "is_stall": false
   },
   {
    "frame_index": 850,
    "frame_start_symtime": 10483050,
    "n_samples_in_frame": 9218,
    "longest_run_symbols": 5,
    "stall_start_tref": 997,
    "stall_end_tref": 1001,
    "stall_start_data_relative": 984,
    "run_value_IQ": [
     5736,
     -5737
    ],
    "stall_end_coincides_with_frame_end": false,
    "is_stall": false
   },
   {
    "frame_index": 851,
    "frame_start_symtime": 10495383,
    "n_samples_in_frame": 9319,
    "longest_run_symbols": 5,
    "stall_start_tref": 997,
    "stall_end_tref": 1001,
    "stall_start_data_relative": 984,
    "run_value_IQ": [
     5736,
     -5737
    ],
    "stall_end_coincides_with_frame_end": false,
    "is_stall": false
   },
   {
    "frame_index": 852,
    "frame_start_symtime": 10507716,
    "n_samples_in_frame": 8722,
    "longest_run_symbols": 5,
    "stall_start_tref": 997,
    "stall_end_tref": 1001,
    "stall_start_data_relative": 984,
    "run_value_IQ": [
     5736,
     -5737
    ],
    "stall_end_coincides_with_frame_end": false,
    "is_stall": false
   },
   {
    "frame_index": 853,
    "frame_start_symtime": 10520049,
    "n_samples_in_frame": 7559,
    "longest_run_symbols": 5,
    "stall_start_tref": 997,
    "stall_end_tref": 1001,
    "stall_start_data_relative": 984,
    "run_value_IQ": [
     5736,
     -5737
    ],
    "stall_end_coincides_with_frame_end": false,
    "is_stall": false
   },
   {
    "frame_index": 854,
    "frame_start_symtime": 10532382,
    "n_samples_in_frame": 8704,
    "longest_run_symbols": 5,
    "stall_start_tref": 997,
    "stall_end_tref": 1001,
    "stall_start_data_relative": 984,
    "run_value_IQ": [
     5736,
     -5737
    ],
    "stall_end_coincides_with_frame_end": false,
    "is_stall": false
   },
   {
    "frame_index": 855,
    "frame_start_symtime": 10544715,
    "n_samples_in_frame": 9371,
    "longest_run_symbols": 5,
    "stall_start_tref": 997,
    "stall_end_tref": 1001,
    "stall_start_data_relative": 984,
    "run_value_IQ": [
     5736,
     -5737
    ],
    "stall_end_coincides_with_frame_end": false,
    "is_stall": false
   },
   {
    "frame_index": 856,
    "frame_start_symtime": 10557048,
    "n_samples_in_frame": 9502,
    "longest_run_symbols": 5,
    "stall_start_tref": 997,
    "stall_end_tref": 1001,
    "stall_start_data_relative": 984,
    "run_value_IQ": [
     5736,
     -5737
    ],
    "stall_end_coincides_with_frame_end": false,
    "is_stall": false
   },
   {
    "frame_index": 857,
    "frame_start_symtime": 10569381,
    "n_samples_in_frame": 8748,
    "longest_run_symbols": 5,
    "stall_start_tref": 997,
    "stall_end_tref": 1001,
    "stall_start_data_relative": 984,
    "run_value_IQ": [
     5736,
     -5737
    ],
    "stall_end_coincides_with_frame_end": false,
    "is_stall": false
   },
   {
    "frame_index": 858,
    "frame_start_symtime": 10581714,
    "n_samples_in_frame": 9252,
    "longest_run_symbols": 5,
    "stall_start_tref": 997,
    "stall_end_tref": 1001,
    "stall_start_data_relative": 984,
    "run_value_IQ": [
     5736,
     -5737
    ],
    "stall_end_coincides_with_frame_end": false,
    "is_stall": false
   },
   {
    "frame_index": 859,
    "frame_start_symtime": 10594047,
    "n_samples_in_frame": 9378,
    "longest_run_symbols": 5,
    "stall_start_tref": 997,
    "stall_end_tref": 1001,
    "stall_start_data_relative": 984,
    "run_value_IQ": [
     5736,
     -5737
    ],
    "stall_end_coincides_with_frame_end": false,
    "is_stall": false
   },
   {
    "frame_index": 860,
    "frame_start_symtime": 10606380,
    "n_samples_in_frame": 9420,
    "longest_run_symbols": 5,
    "stall_start_tref": 9496,
    "stall_end_tref": 9500,
    "stall_start_data_relative": 9483,
    "run_value_IQ": [
     5736,
     5736
    ],
    "stall_end_coincides_with_frame_end": false,
    "is_stall": false
   },
   {
    "frame_index": 861,
    "frame_start_symtime": 10618713,
    "n_samples_in_frame": 9243,
    "longest_run_symbols": 5,
    "stall_start_tref": 9496,
    "stall_end_tref": 9500,
    "stall_start_data_relative": 9483,
    "run_value_IQ": [
     5736,
     5736
    ],
    "stall_end_coincides_with_frame_end": false,
    "is_stall": false
   },
   {
    "frame_index": 862,
    "frame_start_symtime": 10631046,
    "n_samples_in_frame": 7691,
    "longest_run_symbols": 5,
    "stall_start_tref": 997,
    "stall_end_tref": 1001,
    "stall_start_data_relative": 984,
    "run_value_IQ": [
     5736,
     -5737
    ],
    "stall_end_coincides_with_frame_end": false,
    "is_stall": false
   },
   {
    "frame_index": 863,
    "frame_start_symtime": 10643379,
    "n_samples_in_frame": 9327,
    "longest_run_symbols": 5,
    "stall_start_tref": 997,
    "stall_end_tref": 1001,
    "stall_start_data_relative": 984,
    "run_value_IQ": [
     5736,
     -5737
    ],
    "stall_end_coincides_with_frame_end": false,
    "is_stall": false
   },
   {
    "frame_index": 864,
    "frame_start_symtime": 10655712,
    "n_samples_in_frame": 9374,
    "longest_run_symbols": 5,
    "stall_start_tref": 997,
    "stall_end_tref": 1001,
    "stall_start_data_relative": 984,
    "run_value_IQ": [
     5736,
     -5737
    ],
    "stall_end_coincides_with_frame_end": false,
    "is_stall": false
   },
   {
    "frame_index": 865,
    "frame_start_symtime": 10668045,
    "n_samples_in_frame": 9343,
    "longest_run_symbols": 5,
    "stall_start_tref": 997,
    "stall_end_tref": 1001,
    "stall_start_data_relative": 984,
    "run_value_IQ": [
     5736,
     -5737
    ],
    "stall_end_coincides_with_frame_end": false,
    "is_stall": false
   },
   {
    "frame_index": 866,
    "frame_start_symtime": 10680378,
    "n_samples_in_frame": 9403,
    "longest_run_symbols": 5,
    "stall_start_tref": 9496,
    "stall_end_tref": 9500,
    "stall_start_data_relative": 9483,
    "run_value_IQ": [
     5736,
     5736
    ],
    "stall_end_coincides_with_frame_end": false,
    "is_stall": false
   },
   {
    "frame_index": 867,
    "frame_start_symtime": 10692711,
    "n_samples_in_frame": 8661,
    "longest_run_symbols": 5,
    "stall_start_tref": 997,
    "stall_end_tref": 1001,
    "stall_start_data_relative": 984,
    "run_value_IQ": [
     5736,
     -5737
    ],
    "stall_end_coincides_with_frame_end": false,
    "is_stall": false
   },
   {
    "frame_index": 868,
    "frame_start_symtime": 10705044,
    "n_samples_in_frame": 13788,
    "longest_run_symbols": 9,
    "stall_start_tref": 9496,
    "stall_end_tref": 9500,
    "stall_start_data_relative": 9483,
    "run_value_IQ": [
     5736,
     5736
    ],
    "stall_end_coincides_with_frame_end": false,
    "is_stall": false
   },
   {
    "frame_index": 869,
    "frame_start_symtime": 10717377,
    "n_samples_in_frame": 9323,
    "longest_run_symbols": 5,
    "stall_start_tref": 997,
    "stall_end_tref": 1001,
    "stall_start_data_relative": 984,
    "run_value_IQ": [
     5736,
     -5737
    ],
    "stall_end_coincides_with_frame_end": false,
    "is_stall": false
   },
   {
    "frame_index": 870,
    "frame_start_symtime": 10729710,
    "n_samples_in_frame": 9392,
    "longest_run_symbols": 5,
    "stall_start_tref": 997,
    "stall_end_tref": 1001,
    "stall_start_data_relative": 984,
    "run_value_IQ": [
     5736,
     -5737
    ],
    "stall_end_coincides_with_frame_end": false,
    "is_stall": false
   },
   {
    "frame_index": 871,
    "frame_start_symtime": 10742043,
    "n_samples_in_frame": 8528,
    "longest_run_symbols": 5,
    "stall_start_tref": 997,
    "stall_end_tref": 1001,
    "stall_start_data_relative": 984,
    "run_value_IQ": [
     5736,
     -5737
    ],
    "stall_end_coincides_with_frame_end": false,
    "is_stall": false
   },
   {
    "frame_index": 872,
    "frame_start_symtime": 10754376,
    "n_samples_in_frame": 9295,
    "longest_run_symbols": 5,
    "stall_start_tref": 997,
    "stall_end_tref": 1001,
    "stall_start_data_relative": 984,
    "run_value_IQ": [
     5736,
     -5737
    ],
    "stall_end_coincides_with_frame_end": false,
    "is_stall": false
   },
   {
    "frame_index": 873,
    "frame_start_symtime": 10766709,
    "n_samples_in_frame": 9518,
    "longest_run_symbols": 5,
    "stall_start_tref": 997,
    "stall_end_tref": 1001,
    "stall_start_data_relative": 984,
    "run_value_IQ": [
     5736,
     -5737
    ],
    "stall_end_coincides_with_frame_end": false,
    "is_stall": false
   },
   {
    "frame_index": 874,
    "frame_start_symtime": 10779042,
    "n_samples_in_frame": 9347,
    "longest_run_symbols": 5,
    "stall_start_tref": 9496,
    "stall_end_tref": 9500,
    "stall_start_data_relative": 9483,
    "run_value_IQ": [
     5736,
     5736
    ],
    "stall_end_coincides_with_frame_end": false,
    "is_stall": false
   },
   {
    "frame_index": 875,
    "frame_start_symtime": 10791375,
    "n_samples_in_frame": 9312,
    "longest_run_symbols": 5,
    "stall_start_tref": 997,
    "stall_end_tref": 1001,
    "stall_start_data_relative": 984,
    "run_value_IQ": [
     5736,
     -5737
    ],
    "stall_end_coincides_with_frame_end": false,
    "is_stall": false
   },
   {
    "frame_index": 876,
    "frame_start_symtime": 10803708,
    "n_samples_in_frame": 8617,
    "longest_run_symbols": 5,
    "stall_start_tref": 997,
    "stall_end_tref": 1001,
    "stall_start_data_relative": 984,
    "run_value_IQ": [
     5736,
     -5737
    ],
    "stall_end_coincides_with_frame_end": false,
    "is_stall": false
   },
   {
    "frame_index": 877,
    "frame_start_symtime": 10816041,
    "n_samples_in_frame": 9290,
    "longest_run_symbols": 5,
    "stall_start_tref": 997,
    "stall_end_tref": 1001,
    "stall_start_data_relative": 984,
    "run_value_IQ": [
     5736,
     -5737
    ],
    "stall_end_coincides_with_frame_end": false,
    "is_stall": false
   },
   {
    "frame_index": 878,
    "frame_start_symtime": 10828374,
    "n_samples_in_frame": 9412,
    "longest_run_symbols": 5,
    "stall_start_tref": 997,
    "stall_end_tref": 1001,
    "stall_start_data_relative": 984,
    "run_value_IQ": [
     5736,
     -5737
    ],
    "stall_end_coincides_with_frame_end": false,
    "is_stall": false
   },
   {
    "frame_index": 879,
    "frame_start_symtime": 10840707,
    "n_samples_in_frame": 9422,
    "longest_run_symbols": 5,
    "stall_start_tref": 9496,
    "stall_end_tref": 9500,
    "stall_start_data_relative": 9483,
    "run_value_IQ": [
     5736,
     5736
    ],
    "stall_end_coincides_with_frame_end": false,
    "is_stall": false
   },
   {
    "frame_index": 880,
    "frame_start_symtime": 10853040,
    "n_samples_in_frame": 9243,
    "longest_run_symbols": 5,
    "stall_start_tref": 997,
    "stall_end_tref": 1001,
    "stall_start_data_relative": 984,
    "run_value_IQ": [
     5736,
     -5737
    ],
    "stall_end_coincides_with_frame_end": false,
    "is_stall": false
   },
   {
    "frame_index": 881,
    "frame_start_symtime": 10865373,
    "n_samples_in_frame": 8727,
    "longest_run_symbols": 5,
    "stall_start_tref": 997,
    "stall_end_tref": 1001,
    "stall_start_data_relative": 984,
    "run_value_IQ": [
     5736,
     -5737
    ],
    "stall_end_coincides_with_frame_end": false,
    "is_stall": false
   },
   {
    "frame_index": 882,
    "frame_start_symtime": 10877706,
    "n_samples_in_frame": 9362,
    "longest_run_symbols": 5,
    "stall_start_tref": 997,
    "stall_end_tref": 1001,
    "stall_start_data_relative": 984,
    "run_value_IQ": [
     5736,
     -5737
    ],
    "stall_end_coincides_with_frame_end": false,
    "is_stall": false
   },
   {
    "frame_index": 883,
    "frame_start_symtime": 10890039,
    "n_samples_in_frame": 9345,
    "longest_run_symbols": 5,
    "stall_start_tref": 997,
    "stall_end_tref": 1001,
    "stall_start_data_relative": 984,
    "run_value_IQ": [
     5736,
     -5737
    ],
    "stall_end_coincides_with_frame_end": false,
    "is_stall": false
   },
   {
    "frame_index": 884,
    "frame_start_symtime": 10902372,
    "n_samples_in_frame": 9354,
    "longest_run_symbols": 5,
    "stall_start_tref": 9496,
    "stall_end_tref": 9500,
    "stall_start_data_relative": 9483,
    "run_value_IQ": [
     5736,
     5736
    ],
    "stall_end_coincides_with_frame_end": false,
    "is_stall": false
   },
   {
    "frame_index": 885,
    "frame_start_symtime": 10914705,
    "n_samples_in_frame": 9292,
    "longest_run_symbols": 5,
    "stall_start_tref": 997,
    "stall_end_tref": 1001,
    "stall_start_data_relative": 984,
    "run_value_IQ": [
     5736,
     -5737
    ],
    "stall_end_coincides_with_frame_end": false,
    "is_stall": false
   },
   {
    "frame_index": 886,
    "frame_start_symtime": 10927038,
    "n_samples_in_frame": 8275,
    "longest_run_symbols": 5,
    "stall_start_tref": 997,
    "stall_end_tref": 1001,
    "stall_start_data_relative": 984,
    "run_value_IQ": [
     5736,
     -5737
    ],
    "stall_end_coincides_with_frame_end": false,
    "is_stall": false
   },
   {
    "frame_index": 887,
    "frame_start_symtime": 10939371,
    "n_samples_in_frame": 9257,
    "longest_run_symbols": 5,
    "stall_start_tref": 997,
    "stall_end_tref": 1001,
    "stall_start_data_relative": 984,
    "run_value_IQ": [
     5736,
     -5737
    ],
    "stall_end_coincides_with_frame_end": false,
    "is_stall": false
   },
   {
    "frame_index": 888,
    "frame_start_symtime": 10951704,
    "n_samples_in_frame": 9495,
    "longest_run_symbols": 5,
    "stall_start_tref": 997,
    "stall_end_tref": 1001,
    "stall_start_data_relative": 984,
    "run_value_IQ": [
     5736,
     -5737
    ],
    "stall_end_coincides_with_frame_end": false,
    "is_stall": false
   },
   {
    "frame_index": 889,
    "frame_start_symtime": 10964037,
    "n_samples_in_frame": 9336,
    "longest_run_symbols": 5,
    "stall_start_tref": 997,
    "stall_end_tref": 1001,
    "stall_start_data_relative": 984,
    "run_value_IQ": [
     5736,
     -5737
    ],
    "stall_end_coincides_with_frame_end": false,
    "is_stall": false
   },
   {
    "frame_index": 890,
    "frame_start_symtime": 10976370,
    "n_samples_in_frame": 9289,
    "longest_run_symbols": 5,
    "stall_start_tref": 997,
    "stall_end_tref": 1001,
    "stall_start_data_relative": 984,
    "run_value_IQ": [
     5736,
     -5737
    ],
    "stall_end_coincides_with_frame_end": false,
    "is_stall": false
   },
   {
    "frame_index": 891,
    "frame_start_symtime": 10988703,
    "n_samples_in_frame": 8660,
    "longest_run_symbols": 5,
    "stall_start_tref": 997,
    "stall_end_tref": 1001,
    "stall_start_data_relative": 984,
    "run_value_IQ": [
     5736,
     -5737
    ],
    "stall_end_coincides_with_frame_end": false,
    "is_stall": false
   },
   {
    "frame_index": 892,
    "frame_start_symtime": 11001036,
    "n_samples_in_frame": 9377,
    "longest_run_symbols": 5,
    "stall_start_tref": 997,
    "stall_end_tref": 1001,
    "stall_start_data_relative": 984,
    "run_value_IQ": [
     5736,
     -5737
    ],
    "stall_end_coincides_with_frame_end": false,
    "is_stall": false
   },
   {
    "frame_index": 893,
    "frame_start_symtime": 11013369,
    "n_samples_in_frame": 9015,
    "longest_run_symbols": 5,
    "stall_start_tref": 11920,
    "stall_end_tref": 11924,
    "stall_start_data_relative": 11907,
    "run_value_IQ": [
     5736,
     -5737
    ],
    "stall_end_coincides_with_frame_end": false,
    "is_stall": false
   },
   {
    "frame_index": 894,
    "frame_start_symtime": 11025702,
    "n_samples_in_frame": 9442,
    "longest_run_symbols": 5,
    "stall_start_tref": 997,
    "stall_end_tref": 1001,
    "stall_start_data_relative": 984,
    "run_value_IQ": [
     5736,
     -5737
    ],
    "stall_end_coincides_with_frame_end": false,
    "is_stall": false
   },
   {
    "frame_index": 895,
    "frame_start_symtime": 11038035,
    "n_samples_in_frame": 9385,
    "longest_run_symbols": 5,
    "stall_start_tref": 9496,
    "stall_end_tref": 9500,
    "stall_start_data_relative": 9483,
    "run_value_IQ": [
     5736,
     5736
    ],
    "stall_end_coincides_with_frame_end": false,
    "is_stall": false
   },
   {
    "frame_index": 896,
    "frame_start_symtime": 11050368,
    "n_samples_in_frame": 3911,
    "longest_run_symbols": 4,
    "stall_start_tref": 627,
    "stall_end_tref": 630,
    "stall_start_data_relative": 614,
    "run_value_IQ": [
     5736,
     -5737
    ],
    "stall_end_coincides_with_frame_end": false,
    "is_stall": false
   },
   {
    "frame_index": 897,
    "frame_start_symtime": 11062701,
    "n_samples_in_frame": 9286,
    "longest_run_symbols": 5,
    "stall_start_tref": 9496,
    "stall_end_tref": 9500,
    "stall_start_data_relative": 9483,
    "run_value_IQ": [
     5736,
     5736
    ],
    "stall_end_coincides_with_frame_end": false,
    "is_stall": false
   },
   {
    "frame_index": 898,
    "frame_start_symtime": 11075034,
    "n_samples_in_frame": 9448,
    "longest_run_symbols": 5,
    "stall_start_tref": 9496,
    "stall_end_tref": 9500,
    "stall_start_data_relative": 9483,
    "run_value_IQ": [
     5736,
     5736
    ],
    "stall_end_coincides_with_frame_end": false,
    "is_stall": false
   },
   {
    "frame_index": 899,
    "frame_start_symtime": 11087367,
    "n_samples_in_frame": 9389,
    "longest_run_symbols": 5,
    "stall_start_tref": 997,
    "stall_end_tref": 1001,
    "stall_start_data_relative": 984,
    "run_value_IQ": [
     5736,
     -5737
    ],
    "stall_end_coincides_with_frame_end": false,
    "is_stall": false
   },
   {
    "frame_index": 900,
    "frame_start_symtime": 11099700,
    "n_samples_in_frame": 9242,
    "longest_run_symbols": 5,
    "stall_start_tref": 997,
    "stall_end_tref": 1001,
    "stall_start_data_relative": 984,
    "run_value_IQ": [
     5736,
     -5737
    ],
    "stall_end_coincides_with_frame_end": false,
    "is_stall": false
   },
   {
    "frame_index": 901,
    "frame_start_symtime": 11112033,
    "n_samples_in_frame": 8721,
    "longest_run_symbols": 5,
    "stall_start_tref": 9496,
    "stall_end_tref": 9500,
    "stall_start_data_relative": 9483,
    "run_value_IQ": [
     5736,
     5736
    ],
    "stall_end_coincides_with_frame_end": false,
    "is_stall": false
   },
   {
    "frame_index": 902,
    "frame_start_symtime": 11124366,
    "n_samples_in_frame": 9342,
    "longest_run_symbols": 5,
    "stall_start_tref": 9496,
    "stall_end_tref": 9500,
    "stall_start_data_relative": 9483,
    "run_value_IQ": [
     5736,
     5736
    ],
    "stall_end_coincides_with_frame_end": false,
    "is_stall": false
   },
   {
    "frame_index": 903,
    "frame_start_symtime": 11136699,
    "n_samples_in_frame": 9315,
    "longest_run_symbols": 5,
    "stall_start_tref": 9496,
    "stall_end_tref": 9500,
    "stall_start_data_relative": 9483,
    "run_value_IQ": [
     5736,
     5736
    ],
    "stall_end_coincides_with_frame_end": false,
    "is_stall": false
   },
   {
    "frame_index": 904,
    "frame_start_symtime": 11149032,
    "n_samples_in_frame": 9287,
    "longest_run_symbols": 5,
    "stall_start_tref": 997,
    "stall_end_tref": 1001,
    "stall_start_data_relative": 984,
    "run_value_IQ": [
     5736,
     -5737
    ],
    "stall_end_coincides_with_frame_end": false,
    "is_stall": false
   },
   {
    "frame_index": 905,
    "frame_start_symtime": 11161365,
    "n_samples_in_frame": 9216,
    "longest_run_symbols": 5,
    "stall_start_tref": 997,
    "stall_end_tref": 1001,
    "stall_start_data_relative": 984,
    "run_value_IQ": [
     5736,
     -5737
    ],
    "stall_end_coincides_with_frame_end": false,
    "is_stall": false
   },
   {
    "frame_index": 906,
    "frame_start_symtime": 11173698,
    "n_samples_in_frame": 8704,
    "longest_run_symbols": 5,
    "stall_start_tref": 997,
    "stall_end_tref": 1001,
    "stall_start_data_relative": 984,
    "run_value_IQ": [
     5736,
     -5737
    ],
    "stall_end_coincides_with_frame_end": false,
    "is_stall": false
   },
   {
    "frame_index": 907,
    "frame_start_symtime": 11186031,
    "n_samples_in_frame": 9217,
    "longest_run_symbols": 5,
    "stall_start_tref": 997,
    "stall_end_tref": 1001,
    "stall_start_data_relative": 984,
    "run_value_IQ": [
     5736,
     -5737
    ],
    "stall_end_coincides_with_frame_end": false,
    "is_stall": false
   },
   {
    "frame_index": 908,
    "frame_start_symtime": 11198364,
    "n_samples_in_frame": 9410,
    "longest_run_symbols": 5,
    "stall_start_tref": 997,
    "stall_end_tref": 1001,
    "stall_start_data_relative": 984,
    "run_value_IQ": [
     5736,
     -5737
    ],
    "stall_end_coincides_with_frame_end": false,
    "is_stall": false
   },
   {
    "frame_index": 909,
    "frame_start_symtime": 11210697,
    "n_samples_in_frame": 4807,
    "longest_run_symbols": 5,
    "stall_start_tref": 9496,
    "stall_end_tref": 9500,
    "stall_start_data_relative": 9483,
    "run_value_IQ": [
     5736,
     5736
    ],
    "stall_end_coincides_with_frame_end": false,
    "is_stall": false
   },
   {
    "frame_index": 910,
    "frame_start_symtime": 11223030,
    "n_samples_in_frame": 9197,
    "longest_run_symbols": 5,
    "stall_start_tref": 9496,
    "stall_end_tref": 9500,
    "stall_start_data_relative": 9483,
    "run_value_IQ": [
     5736,
     5736
    ],
    "stall_end_coincides_with_frame_end": false,
    "is_stall": false
   },
   {
    "frame_index": 911,
    "frame_start_symtime": 11235363,
    "n_samples_in_frame": 8385,
    "longest_run_symbols": 5,
    "stall_start_tref": 997,
    "stall_end_tref": 1001,
    "stall_start_data_relative": 984,
    "run_value_IQ": [
     5736,
     -5737
    ],
    "stall_end_coincides_with_frame_end": false,
    "is_stall": false
   },
   {
    "frame_index": 912,
    "frame_start_symtime": 11247696,
    "n_samples_in_frame": 9436,
    "longest_run_symbols": 5,
    "stall_start_tref": 997,
    "stall_end_tref": 1001,
    "stall_start_data_relative": 984,
    "run_value_IQ": [
     5736,
     -5737
    ],
    "stall_end_coincides_with_frame_end": false,
    "is_stall": false
   },
   {
    "frame_index": 913,
    "frame_start_symtime": 11260029,
    "n_samples_in_frame": 9287,
    "longest_run_symbols": 5,
    "stall_start_tref": 9496,
    "stall_end_tref": 9500,
    "stall_start_data_relative": 9483,
    "run_value_IQ": [
     5736,
     5736
    ],
    "stall_end_coincides_with_frame_end": false,
    "is_stall": false
   },
   {
    "frame_index": 914,
    "frame_start_symtime": 11272362,
    "n_samples_in_frame": 9340,
    "longest_run_symbols": 5,
    "stall_start_tref": 997,
    "stall_end_tref": 1001,
    "stall_start_data_relative": 984,
    "run_value_IQ": [
     5736,
     -5737
    ],
    "stall_end_coincides_with_frame_end": false,
    "is_stall": false
   },
   {
    "frame_index": 915,
    "frame_start_symtime": 11284695,
    "n_samples_in_frame": 9298,
    "longest_run_symbols": 5,
    "stall_start_tref": 997,
    "stall_end_tref": 1001,
    "stall_start_data_relative": 984,
    "run_value_IQ": [
     5736,
     -5737
    ],
    "stall_end_coincides_with_frame_end": false,
    "is_stall": false
   },
   {
    "frame_index": 916,
    "frame_start_symtime": 11297028,
    "n_samples_in_frame": 8663,
    "longest_run_symbols": 5,
    "stall_start_tref": 997,
    "stall_end_tref": 1001,
    "stall_start_data_relative": 984,
    "run_value_IQ": [
     5736,
     -5737
    ],
    "stall_end_coincides_with_frame_end": false,
    "is_stall": false
   },
   {
    "frame_index": 917,
    "frame_start_symtime": 11309361,
    "n_samples_in_frame": 9216,
    "longest_run_symbols": 5,
    "stall_start_tref": 997,
    "stall_end_tref": 1001,
    "stall_start_data_relative": 984,
    "run_value_IQ": [
     5736,
     -5737
    ],
    "stall_end_coincides_with_frame_end": false,
    "is_stall": false
   },
   {
    "frame_index": 918,
    "frame_start_symtime": 11321694,
    "n_samples_in_frame": 9316,
    "longest_run_symbols": 5,
    "stall_start_tref": 997,
    "stall_end_tref": 1001,
    "stall_start_data_relative": 984,
    "run_value_IQ": [
     5736,
     -5737
    ],
    "stall_end_coincides_with_frame_end": false,
    "is_stall": false
   },
   {
    "frame_index": 919,
    "frame_start_symtime": 11334027,
    "n_samples_in_frame": 9075,
    "longest_run_symbols": 5,
    "stall_start_tref": 997,
    "stall_end_tref": 1001,
    "stall_start_data_relative": 984,
    "run_value_IQ": [
     5736,
     -5737
    ],
    "stall_end_coincides_with_frame_end": false,
    "is_stall": false
   },
   {
    "frame_index": 920,
    "frame_start_symtime": 11346360,
    "n_samples_in_frame": 8233,
    "longest_run_symbols": 5,
    "stall_start_tref": 9496,
    "stall_end_tref": 9500,
    "stall_start_data_relative": 9483,
    "run_value_IQ": [
     5736,
     5736
    ],
    "stall_end_coincides_with_frame_end": false,
    "is_stall": false
   },
   {
    "frame_index": 921,
    "frame_start_symtime": 11358693,
    "n_samples_in_frame": 8192,
    "longest_run_symbols": 5,
    "stall_start_tref": 997,
    "stall_end_tref": 1001,
    "stall_start_data_relative": 984,
    "run_value_IQ": [
     5736,
     -5737
    ],
    "stall_end_coincides_with_frame_end": false,
    "is_stall": false
   },
   {
    "frame_index": 922,
    "frame_start_symtime": 11371026,
    "n_samples_in_frame": 8704,
    "longest_run_symbols": 5,
    "stall_start_tref": 997,
    "stall_end_tref": 1001,
    "stall_start_data_relative": 984,
    "run_value_IQ": [
     5736,
     -5737
    ],
    "stall_end_coincides_with_frame_end": false,
    "is_stall": false
   },
   {
    "frame_index": 923,
    "frame_start_symtime": 11383359,
    "n_samples_in_frame": 8673,
    "longest_run_symbols": 5,
    "stall_start_tref": 997,
    "stall_end_tref": 1001,
    "stall_start_data_relative": 984,
    "run_value_IQ": [
     5736,
     -5737
    ],
    "stall_end_coincides_with_frame_end": false,
    "is_stall": false
   },
   {
    "frame_index": 924,
    "frame_start_symtime": 11395692,
    "n_samples_in_frame": 8780,
    "longest_run_symbols": 5,
    "stall_start_tref": 997,
    "stall_end_tref": 1001,
    "stall_start_data_relative": 984,
    "run_value_IQ": [
     5736,
     -5737
    ],
    "stall_end_coincides_with_frame_end": false,
    "is_stall": false
   },
   {
    "frame_index": 925,
    "frame_start_symtime": 11408025,
    "n_samples_in_frame": 12533,
    "longest_run_symbols": 9,
    "stall_start_tref": 9496,
    "stall_end_tref": 9500,
    "stall_start_data_relative": 9483,
    "run_value_IQ": [
     5736,
     5736
    ],
    "stall_end_coincides_with_frame_end": false,
    "is_stall": false
   },
   {
    "frame_index": 926,
    "frame_start_symtime": 11420358,
    "n_samples_in_frame": 8926,
    "longest_run_symbols": 5,
    "stall_start_tref": 11920,
    "stall_end_tref": 11924,
    "stall_start_data_relative": 11907,
    "run_value_IQ": [
     5736,
     -5737
    ],
    "stall_end_coincides_with_frame_end": false,
    "is_stall": false
   },
   {
    "frame_index": 927,
    "frame_start_symtime": 11432691,
    "n_samples_in_frame": 9018,
    "longest_run_symbols": 5,
    "stall_start_tref": 997,
    "stall_end_tref": 1001,
    "stall_start_data_relative": 984,
    "run_value_IQ": [
     5736,
     -5737
    ],
    "stall_end_coincides_with_frame_end": false,
    "is_stall": false
   },
   {
    "frame_index": 928,
    "frame_start_symtime": 11445024,
    "n_samples_in_frame": 8902,
    "longest_run_symbols": 5,
    "stall_start_tref": 11920,
    "stall_end_tref": 11924,
    "stall_start_data_relative": 11907,
    "run_value_IQ": [
     5736,
     -5737
    ],
    "stall_end_coincides_with_frame_end": false,
    "is_stall": false
   },
   {
    "frame_index": 929,
    "frame_start_symtime": 11457357,
    "n_samples_in_frame": 8806,
    "longest_run_symbols": 5,
    "stall_start_tref": 997,
    "stall_end_tref": 1001,
    "stall_start_data_relative": 984,
    "run_value_IQ": [
     5736,
     -5737
    ],
    "stall_end_coincides_with_frame_end": false,
    "is_stall": false
   },
   {
    "frame_index": 930,
    "frame_start_symtime": 11469690,
    "n_samples_in_frame": 8434,
    "longest_run_symbols": 5,
    "stall_start_tref": 997,
    "stall_end_tref": 1001,
    "stall_start_data_relative": 984,
    "run_value_IQ": [
     5736,
     -5737
    ],
    "stall_end_coincides_with_frame_end": false,
    "is_stall": false
   },
   {
    "frame_index": 931,
    "frame_start_symtime": 11482023,
    "n_samples_in_frame": 8762,
    "longest_run_symbols": 5,
    "stall_start_tref": 9496,
    "stall_end_tref": 9500,
    "stall_start_data_relative": 9483,
    "run_value_IQ": [
     5736,
     5736
    ],
    "stall_end_coincides_with_frame_end": false,
    "is_stall": false
   },
   {
    "frame_index": 932,
    "frame_start_symtime": 11494356,
    "n_samples_in_frame": 8664,
    "longest_run_symbols": 4,
    "stall_start_tref": 627,
    "stall_end_tref": 630,
    "stall_start_data_relative": 614,
    "run_value_IQ": [
     5736,
     -5737
    ],
    "stall_end_coincides_with_frame_end": false,
    "is_stall": false
   },
   {
    "frame_index": 933,
    "frame_start_symtime": 11506689,
    "n_samples_in_frame": 8927,
    "longest_run_symbols": 5,
    "stall_start_tref": 9496,
    "stall_end_tref": 9500,
    "stall_start_data_relative": 9483,
    "run_value_IQ": [
     5736,
     5736
    ],
    "stall_end_coincides_with_frame_end": false,
    "is_stall": false
   },
   {
    "frame_index": 934,
    "frame_start_symtime": 11519022,
    "n_samples_in_frame": 8631,
    "longest_run_symbols": 5,
    "stall_start_tref": 997,
    "stall_end_tref": 1001,
    "stall_start_data_relative": 984,
    "run_value_IQ": [
     5736,
     -5737
    ],
    "stall_end_coincides_with_frame_end": false,
    "is_stall": false
   },
   {
    "frame_index": 935,
    "frame_start_symtime": 11531355,
    "n_samples_in_frame": 8269,
    "longest_run_symbols": 5,
    "stall_start_tref": 997,
    "stall_end_tref": 1001,
    "stall_start_data_relative": 984,
    "run_value_IQ": [
     5736,
     -5737
    ],
    "stall_end_coincides_with_frame_end": false,
    "is_stall": false
   },
   {
    "frame_index": 936,
    "frame_start_symtime": 11543688,
    "n_samples_in_frame": 9000,
    "longest_run_symbols": 5,
    "stall_start_tref": 997,
    "stall_end_tref": 1001,
    "stall_start_data_relative": 984,
    "run_value_IQ": [
     5736,
     -5737
    ],
    "stall_end_coincides_with_frame_end": false,
    "is_stall": false
   },
   {
    "frame_index": 937,
    "frame_start_symtime": 11556021,
    "n_samples_in_frame": 8942,
    "longest_run_symbols": 5,
    "stall_start_tref": 997,
    "stall_end_tref": 1001,
    "stall_start_data_relative": 984,
    "run_value_IQ": [
     5736,
     -5737
    ],
    "stall_end_coincides_with_frame_end": false,
    "is_stall": false
   },
   {
    "frame_index": 938,
    "frame_start_symtime": 11568354,
    "n_samples_in_frame": 8790,
    "longest_run_symbols": 5,
    "stall_start_tref": 997,
    "stall_end_tref": 1001,
    "stall_start_data_relative": 984,
    "run_value_IQ": [
     5736,
     -5737
    ],
    "stall_end_coincides_with_frame_end": false,
    "is_stall": false
   },
   {
    "frame_index": 939,
    "frame_start_symtime": 11580687,
    "n_samples_in_frame": 8714,
    "longest_run_symbols": 5,
    "stall_start_tref": 997,
    "stall_end_tref": 1001,
    "stall_start_data_relative": 984,
    "run_value_IQ": [
     5736,
     -5737
    ],
    "stall_end_coincides_with_frame_end": false,
    "is_stall": false
   },
   {
    "frame_index": 940,
    "frame_start_symtime": 11593020,
    "n_samples_in_frame": 8209,
    "longest_run_symbols": 5,
    "stall_start_tref": 997,
    "stall_end_tref": 1001,
    "stall_start_data_relative": 984,
    "run_value_IQ": [
     5736,
     -5737
    ],
    "stall_end_coincides_with_frame_end": false,
    "is_stall": false
   },
   {
    "frame_index": 941,
    "frame_start_symtime": 11605353,
    "n_samples_in_frame": 8950,
    "longest_run_symbols": 5,
    "stall_start_tref": 997,
    "stall_end_tref": 1001,
    "stall_start_data_relative": 984,
    "run_value_IQ": [
     5736,
     -5737
    ],
    "stall_end_coincides_with_frame_end": false,
    "is_stall": false
   },
   {
    "frame_index": 942,
    "frame_start_symtime": 11617686,
    "n_samples_in_frame": 8758,
    "longest_run_symbols": 5,
    "stall_start_tref": 11920,
    "stall_end_tref": 11924,
    "stall_start_data_relative": 11907,
    "run_value_IQ": [
     5736,
     -5737
    ],
    "stall_end_coincides_with_frame_end": false,
    "is_stall": false
   },
   {
    "frame_index": 943,
    "frame_start_symtime": 11630019,
    "n_samples_in_frame": 8830,
    "longest_run_symbols": 5,
    "stall_start_tref": 997,
    "stall_end_tref": 1001,
    "stall_start_data_relative": 984,
    "run_value_IQ": [
     5736,
     -5737
    ],
    "stall_end_coincides_with_frame_end": false,
    "is_stall": false
   },
   {
    "frame_index": 944,
    "frame_start_symtime": 11642352,
    "n_samples_in_frame": 9004,
    "longest_run_symbols": 5,
    "stall_start_tref": 997,
    "stall_end_tref": 1001,
    "stall_start_data_relative": 984,
    "run_value_IQ": [
     5736,
     -5737
    ],
    "stall_end_coincides_with_frame_end": false,
    "is_stall": false
   },
   {
    "frame_index": 945,
    "frame_start_symtime": 11654685,
    "n_samples_in_frame": 8278,
    "longest_run_symbols": 5,
    "stall_start_tref": 997,
    "stall_end_tref": 1001,
    "stall_start_data_relative": 984,
    "run_value_IQ": [
     5736,
     -5737
    ],
    "stall_end_coincides_with_frame_end": false,
    "is_stall": false
   },
   {
    "frame_index": 946,
    "frame_start_symtime": 11667018,
    "n_samples_in_frame": 8795,
    "longest_run_symbols": 5,
    "stall_start_tref": 997,
    "stall_end_tref": 1001,
    "stall_start_data_relative": 984,
    "run_value_IQ": [
     5736,
     -5737
    ],
    "stall_end_coincides_with_frame_end": false,
    "is_stall": false
   },
   {
    "frame_index": 947,
    "frame_start_symtime": 11679351,
    "n_samples_in_frame": 9125,
    "longest_run_symbols": 5,
    "stall_start_tref": 997,
    "stall_end_tref": 1001,
    "stall_start_data_relative": 984,
    "run_value_IQ": [
     5736,
     -5737
    ],
    "stall_end_coincides_with_frame_end": false,
    "is_stall": false
   },
   {
    "frame_index": 948,
    "frame_start_symtime": 11691684,
    "n_samples_in_frame": 8783,
    "longest_run_symbols": 5,
    "stall_start_tref": 997,
    "stall_end_tref": 1001,
    "stall_start_data_relative": 984,
    "run_value_IQ": [
     5736,
     -5737
    ],
    "stall_end_coincides_with_frame_end": false,
    "is_stall": false
   },
   {
    "frame_index": 949,
    "frame_start_symtime": 11704017,
    "n_samples_in_frame": 9137,
    "longest_run_symbols": 5,
    "stall_start_tref": 997,
    "stall_end_tref": 1001,
    "stall_start_data_relative": 984,
    "run_value_IQ": [
     5736,
     -5737
    ],
    "stall_end_coincides_with_frame_end": false,
    "is_stall": false
   },
   {
    "frame_index": 950,
    "frame_start_symtime": 11716350,
    "n_samples_in_frame": 8192,
    "longest_run_symbols": 5,
    "stall_start_tref": 997,
    "stall_end_tref": 1001,
    "stall_start_data_relative": 984,
    "run_value_IQ": [
     5736,
     -5737
    ],
    "stall_end_coincides_with_frame_end": false,
    "is_stall": false
   },
   {
    "frame_index": 951,
    "frame_start_symtime": 11728683,
    "n_samples_in_frame": 9139,
    "longest_run_symbols": 5,
    "stall_start_tref": 997,
    "stall_end_tref": 1001,
    "stall_start_data_relative": 984,
    "run_value_IQ": [
     5736,
     -5737
    ],
    "stall_end_coincides_with_frame_end": false,
    "is_stall": false
   },
   {
    "frame_index": 952,
    "frame_start_symtime": 11741016,
    "n_samples_in_frame": 8790,
    "longest_run_symbols": 5,
    "stall_start_tref": 997,
    "stall_end_tref": 1001,
    "stall_start_data_relative": 984,
    "run_value_IQ": [
     5736,
     -5737
    ],
    "stall_end_coincides_with_frame_end": false,
    "is_stall": false
   },
   {
    "frame_index": 953,
    "frame_start_symtime": 11753349,
    "n_samples_in_frame": 9301,
    "longest_run_symbols": 5,
    "stall_start_tref": 997,
    "stall_end_tref": 1001,
    "stall_start_data_relative": 984,
    "run_value_IQ": [
     5736,
     -5737
    ],
    "stall_end_coincides_with_frame_end": false,
    "is_stall": false
   },
   {
    "frame_index": 954,
    "frame_start_symtime": 11765682,
    "n_samples_in_frame": 12836,
    "longest_run_symbols": 7,
    "stall_start_tref": 4959,
    "stall_end_tref": 4962,
    "stall_start_data_relative": 4946,
    "run_value_IQ": [
     -5737,
     -5737
    ],
    "stall_end_coincides_with_frame_end": false,
    "is_stall": false
   },
   {
    "frame_index": 955,
    "frame_start_symtime": 11778015,
    "n_samples_in_frame": 9197,
    "longest_run_symbols": 5,
    "stall_start_tref": 997,
    "stall_end_tref": 1001,
    "stall_start_data_relative": 984,
    "run_value_IQ": [
     5736,
     -5737
    ],
    "stall_end_coincides_with_frame_end": false,
    "is_stall": false
   },
   {
    "frame_index": 956,
    "frame_start_symtime": 11790348,
    "n_samples_in_frame": 9180,
    "longest_run_symbols": 5,
    "stall_start_tref": 997,
    "stall_end_tref": 1001,
    "stall_start_data_relative": 984,
    "run_value_IQ": [
     5736,
     -5737
    ],
    "stall_end_coincides_with_frame_end": false,
    "is_stall": false
   },
   {
    "frame_index": 957,
    "frame_start_symtime": 11802681,
    "n_samples_in_frame": 9191,
    "longest_run_symbols": 5,
    "stall_start_tref": 997,
    "stall_end_tref": 1001,
    "stall_start_data_relative": 984,
    "run_value_IQ": [
     5736,
     -5737
    ],
    "stall_end_coincides_with_frame_end": false,
    "is_stall": false
   },
   {
    "frame_index": 958,
    "frame_start_symtime": 11815014,
    "n_samples_in_frame": 9335,
    "longest_run_symbols": 5,
    "stall_start_tref": 997,
    "stall_end_tref": 1001,
    "stall_start_data_relative": 984,
    "run_value_IQ": [
     5736,
     -5737
    ],
    "stall_end_coincides_with_frame_end": false,
    "is_stall": false
   },
   {
    "frame_index": 959,
    "frame_start_symtime": 11827347,
    "n_samples_in_frame": 8357,
    "longest_run_symbols": 5,
    "stall_start_tref": 997,
    "stall_end_tref": 1001,
    "stall_start_data_relative": 984,
    "run_value_IQ": [
     5736,
     -5737
    ],
    "stall_end_coincides_with_frame_end": false,
    "is_stall": false
   },
   {
    "frame_index": 960,
    "frame_start_symtime": 11839680,
    "n_samples_in_frame": 9236,
    "longest_run_symbols": 5,
    "stall_start_tref": 9496,
    "stall_end_tref": 9500,
    "stall_start_data_relative": 9483,
    "run_value_IQ": [
     5736,
     5736
    ],
    "stall_end_coincides_with_frame_end": false,
    "is_stall": false
   },
   {
    "frame_index": 961,
    "frame_start_symtime": 11852013,
    "n_samples_in_frame": 9243,
    "longest_run_symbols": 5,
    "stall_start_tref": 997,
    "stall_end_tref": 1001,
    "stall_start_data_relative": 984,
    "run_value_IQ": [
     5736,
     -5737
    ],
    "stall_end_coincides_with_frame_end": false,
    "is_stall": false
   },
   {
    "frame_index": 962,
    "frame_start_symtime": 11864346,
    "n_samples_in_frame": 9216,
    "longest_run_symbols": 5,
    "stall_start_tref": 997,
    "stall_end_tref": 1001,
    "stall_start_data_relative": 984,
    "run_value_IQ": [
     5736,
     -5737
    ],
    "stall_end_coincides_with_frame_end": false,
    "is_stall": false
   },
   {
    "frame_index": 963,
    "frame_start_symtime": 11876679,
    "n_samples_in_frame": 7299,
    "longest_run_symbols": 5,
    "stall_start_tref": 11920,
    "stall_end_tref": 11924,
    "stall_start_data_relative": 11907,
    "run_value_IQ": [
     5736,
     -5737
    ],
    "stall_end_coincides_with_frame_end": false,
    "is_stall": false
   },
   {
    "frame_index": 964,
    "frame_start_symtime": 11889012,
    "n_samples_in_frame": 8704,
    "longest_run_symbols": 5,
    "stall_start_tref": 997,
    "stall_end_tref": 1001,
    "stall_start_data_relative": 984,
    "run_value_IQ": [
     5736,
     -5737
    ],
    "stall_end_coincides_with_frame_end": false,
    "is_stall": false
   },
   {
    "frame_index": 965,
    "frame_start_symtime": 11901345,
    "n_samples_in_frame": 9268,
    "longest_run_symbols": 5,
    "stall_start_tref": 997,
    "stall_end_tref": 1001,
    "stall_start_data_relative": 984,
    "run_value_IQ": [
     5736,
     -5737
    ],
    "stall_end_coincides_with_frame_end": false,
    "is_stall": false
   },
   {
    "frame_index": 966,
    "frame_start_symtime": 11913678,
    "n_samples_in_frame": 9164,
    "longest_run_symbols": 5,
    "stall_start_tref": 997,
    "stall_end_tref": 1001,
    "stall_start_data_relative": 984,
    "run_value_IQ": [
     5736,
     -5737
    ],
    "stall_end_coincides_with_frame_end": false,
    "is_stall": false
   },
   {
    "frame_index": 967,
    "frame_start_symtime": 11926011,
    "n_samples_in_frame": 9216,
    "longest_run_symbols": 5,
    "stall_start_tref": 997,
    "stall_end_tref": 1001,
    "stall_start_data_relative": 984,
    "run_value_IQ": [
     5736,
     -5737
    ],
    "stall_end_coincides_with_frame_end": false,
    "is_stall": false
   },
   {
    "frame_index": 968,
    "frame_start_symtime": 11938344,
    "n_samples_in_frame": 9151,
    "longest_run_symbols": 5,
    "stall_start_tref": 997,
    "stall_end_tref": 1001,
    "stall_start_data_relative": 984,
    "run_value_IQ": [
     5736,
     -5737
    ],
    "stall_end_coincides_with_frame_end": false,
    "is_stall": false
   },
   {
    "frame_index": 969,
    "frame_start_symtime": 11950677,
    "n_samples_in_frame": 8117,
    "longest_run_symbols": 5,
    "stall_start_tref": 9496,
    "stall_end_tref": 9500,
    "stall_start_data_relative": 9483,
    "run_value_IQ": [
     5736,
     5736
    ],
    "stall_end_coincides_with_frame_end": false,
    "is_stall": false
   },
   {
    "frame_index": 970,
    "frame_start_symtime": 11963010,
    "n_samples_in_frame": 9001,
    "longest_run_symbols": 5,
    "stall_start_tref": 997,
    "stall_end_tref": 1001,
    "stall_start_data_relative": 984,
    "run_value_IQ": [
     5736,
     -5737
    ],
    "stall_end_coincides_with_frame_end": false,
    "is_stall": false
   },
   {
    "frame_index": 971,
    "frame_start_symtime": 11975343,
    "n_samples_in_frame": 9175,
    "longest_run_symbols": 5,
    "stall_start_tref": 997,
    "stall_end_tref": 1001,
    "stall_start_data_relative": 984,
    "run_value_IQ": [
     5736,
     -5737
    ],
    "stall_end_coincides_with_frame_end": false,
    "is_stall": false
   },
   {
    "frame_index": 972,
    "frame_start_symtime": 11987676,
    "n_samples_in_frame": 9100,
    "longest_run_symbols": 5,
    "stall_start_tref": 997,
    "stall_end_tref": 1001,
    "stall_start_data_relative": 984,
    "run_value_IQ": [
     5736,
     -5737
    ],
    "stall_end_coincides_with_frame_end": false,
    "is_stall": false
   },
   {
    "frame_index": 973,
    "frame_start_symtime": 12000009,
    "n_samples_in_frame": 8928,
    "longest_run_symbols": 5,
    "stall_start_tref": 997,
    "stall_end_tref": 1001,
    "stall_start_data_relative": 984,
    "run_value_IQ": [
     5736,
     -5737
    ],
    "stall_end_coincides_with_frame_end": false,
    "is_stall": false
   },
   {
    "frame_index": 974,
    "frame_start_symtime": 12012342,
    "n_samples_in_frame": 8583,
    "longest_run_symbols": 5,
    "stall_start_tref": 9496,
    "stall_end_tref": 9500,
    "stall_start_data_relative": 9483,
    "run_value_IQ": [
     5736,
     5736
    ],
    "stall_end_coincides_with_frame_end": false,
    "is_stall": false
   },
   {
    "frame_index": 975,
    "frame_start_symtime": 12024675,
    "n_samples_in_frame": 7065,
    "longest_run_symbols": 5,
    "stall_start_tref": 997,
    "stall_end_tref": 1001,
    "stall_start_data_relative": 984,
    "run_value_IQ": [
     5736,
     -5737
    ],
    "stall_end_coincides_with_frame_end": false,
    "is_stall": false
   },
   {
    "frame_index": 976,
    "frame_start_symtime": 12037008,
    "n_samples_in_frame": 9216,
    "longest_run_symbols": 5,
    "stall_start_tref": 997,
    "stall_end_tref": 1001,
    "stall_start_data_relative": 984,
    "run_value_IQ": [
     5736,
     -5737
    ],
    "stall_end_coincides_with_frame_end": false,
    "is_stall": false
   },
   {
    "frame_index": 977,
    "frame_start_symtime": 12049341,
    "n_samples_in_frame": 9271,
    "longest_run_symbols": 5,
    "stall_start_tref": 997,
    "stall_end_tref": 1001,
    "stall_start_data_relative": 984,
    "run_value_IQ": [
     5736,
     -5737
    ],
    "stall_end_coincides_with_frame_end": false,
    "is_stall": false
   },
   {
    "frame_index": 978,
    "frame_start_symtime": 12061674,
    "n_samples_in_frame": 9112,
    "longest_run_symbols": 5,
    "stall_start_tref": 997,
    "stall_end_tref": 1001,
    "stall_start_data_relative": 984,
    "run_value_IQ": [
     5736,
     -5737
    ],
    "stall_end_coincides_with_frame_end": false,
    "is_stall": false
   },
   {
    "frame_index": 979,
    "frame_start_symtime": 12074007,
    "n_samples_in_frame": 8445,
    "longest_run_symbols": 5,
    "stall_start_tref": 997,
    "stall_end_tref": 1001,
    "stall_start_data_relative": 984,
    "run_value_IQ": [
     5736,
     -5737
    ],
    "stall_end_coincides_with_frame_end": false,
    "is_stall": false
   },
   {
    "frame_index": 980,
    "frame_start_symtime": 12086340,
    "n_samples_in_frame": 9114,
    "longest_run_symbols": 5,
    "stall_start_tref": 997,
    "stall_end_tref": 1001,
    "stall_start_data_relative": 984,
    "run_value_IQ": [
     5736,
     -5737
    ],
    "stall_end_coincides_with_frame_end": false,
    "is_stall": false
   },
   {
    "frame_index": 981,
    "frame_start_symtime": 12098673,
    "n_samples_in_frame": 9474,
    "longest_run_symbols": 5,
    "stall_start_tref": 997,
    "stall_end_tref": 1001,
    "stall_start_data_relative": 984,
    "run_value_IQ": [
     5736,
     -5737
    ],
    "stall_end_coincides_with_frame_end": false,
    "is_stall": false
   },
   {
    "frame_index": 982,
    "frame_start_symtime": 12111006,
    "n_samples_in_frame": 9368,
    "longest_run_symbols": 5,
    "stall_start_tref": 997,
    "stall_end_tref": 1001,
    "stall_start_data_relative": 984,
    "run_value_IQ": [
     5736,
     -5737
    ],
    "stall_end_coincides_with_frame_end": false,
    "is_stall": false
   },
   {
    "frame_index": 983,
    "frame_start_symtime": 12123339,
    "n_samples_in_frame": 4608,
    "longest_run_symbols": 5,
    "stall_start_tref": 997,
    "stall_end_tref": 1001,
    "stall_start_data_relative": 984,
    "run_value_IQ": [
     5736,
     -5737
    ],
    "stall_end_coincides_with_frame_end": false,
    "is_stall": false
   },
   {
    "frame_index": 984,
    "frame_start_symtime": 12135672,
    "n_samples_in_frame": 8454,
    "longest_run_symbols": 5,
    "stall_start_tref": 997,
    "stall_end_tref": 1001,
    "stall_start_data_relative": 984,
    "run_value_IQ": [
     5736,
     -5737
    ],
    "stall_end_coincides_with_frame_end": false,
    "is_stall": false
   },
   {
    "frame_index": 985,
    "frame_start_symtime": 12148005,
    "n_samples_in_frame": 9364,
    "longest_run_symbols": 5,
    "stall_start_tref": 9496,
    "stall_end_tref": 9500,
    "stall_start_data_relative": 9483,
    "run_value_IQ": [
     5736,
     5736
    ],
    "stall_end_coincides_with_frame_end": false,
    "is_stall": false
   },
   {
    "frame_index": 986,
    "frame_start_symtime": 12160338,
    "n_samples_in_frame": 9318,
    "longest_run_symbols": 5,
    "stall_start_tref": 997,
    "stall_end_tref": 1001,
    "stall_start_data_relative": 984,
    "run_value_IQ": [
     5736,
     -5737
    ],
    "stall_end_coincides_with_frame_end": false,
    "is_stall": false
   },
   {
    "frame_index": 987,
    "frame_start_symtime": 12172671,
    "n_samples_in_frame": 9221,
    "longest_run_symbols": 5,
    "stall_start_tref": 997,
    "stall_end_tref": 1001,
    "stall_start_data_relative": 984,
    "run_value_IQ": [
     5736,
     -5737
    ],
    "stall_end_coincides_with_frame_end": false,
    "is_stall": false
   },
   {
    "frame_index": 988,
    "frame_start_symtime": 12185004,
    "n_samples_in_frame": 9211,
    "longest_run_symbols": 5,
    "stall_start_tref": 997,
    "stall_end_tref": 1001,
    "stall_start_data_relative": 984,
    "run_value_IQ": [
     5736,
     -5737
    ],
    "stall_end_coincides_with_frame_end": false,
    "is_stall": false
   },
   {
    "frame_index": 989,
    "frame_start_symtime": 12197337,
    "n_samples_in_frame": 7680,
    "longest_run_symbols": 5,
    "stall_start_tref": 9496,
    "stall_end_tref": 9500,
    "stall_start_data_relative": 9483,
    "run_value_IQ": [
     5736,
     5736
    ],
    "stall_end_coincides_with_frame_end": false,
    "is_stall": false
   },
   {
    "frame_index": 990,
    "frame_start_symtime": 12209670,
    "n_samples_in_frame": 8894,
    "longest_run_symbols": 5,
    "stall_start_tref": 997,
    "stall_end_tref": 1001,
    "stall_start_data_relative": 984,
    "run_value_IQ": [
     5736,
     -5737
    ],
    "stall_end_coincides_with_frame_end": false,
    "is_stall": false
   },
   {
    "frame_index": 991,
    "frame_start_symtime": 12222003,
    "n_samples_in_frame": 9026,
    "longest_run_symbols": 5,
    "stall_start_tref": 11920,
    "stall_end_tref": 11924,
    "stall_start_data_relative": 11907,
    "run_value_IQ": [
     5736,
     -5737
    ],
    "stall_end_coincides_with_frame_end": false,
    "is_stall": false
   },
   {
    "frame_index": 992,
    "frame_start_symtime": 12234336,
    "n_samples_in_frame": 8704,
    "longest_run_symbols": 5,
    "stall_start_tref": 997,
    "stall_end_tref": 1001,
    "stall_start_data_relative": 984,
    "run_value_IQ": [
     5736,
     -5737
    ],
    "stall_end_coincides_with_frame_end": false,
    "is_stall": false
   },
   {
    "frame_index": 993,
    "frame_start_symtime": 12246669,
    "n_samples_in_frame": 8704,
    "longest_run_symbols": 5,
    "stall_start_tref": 997,
    "stall_end_tref": 1001,
    "stall_start_data_relative": 984,
    "run_value_IQ": [
     5736,
     -5737
    ],
    "stall_end_coincides_with_frame_end": false,
    "is_stall": false
   },
   {
    "frame_index": 994,
    "frame_start_symtime": 12259002,
    "n_samples_in_frame": 8247,
    "longest_run_symbols": 5,
    "stall_start_tref": 997,
    "stall_end_tref": 1001,
    "stall_start_data_relative": 984,
    "run_value_IQ": [
     5736,
     -5737
    ],
    "stall_end_coincides_with_frame_end": false,
    "is_stall": false
   },
   {
    "frame_index": 995,
    "frame_start_symtime": 12271335,
    "n_samples_in_frame": 4995,
    "longest_run_symbols": 5,
    "stall_start_tref": 997,
    "stall_end_tref": 1001,
    "stall_start_data_relative": 984,
    "run_value_IQ": [
     5736,
     -5737
    ],
    "stall_end_coincides_with_frame_end": false,
    "is_stall": false
   },
   {
    "frame_index": 996,
    "frame_start_symtime": 12283668,
    "n_samples_in_frame": 8774,
    "longest_run_symbols": 5,
    "stall_start_tref": 11920,
    "stall_end_tref": 11924,
    "stall_start_data_relative": 11907,
    "run_value_IQ": [
     5736,
     -5737
    ],
    "stall_end_coincides_with_frame_end": false,
    "is_stall": false
   },
   {
    "frame_index": 997,
    "frame_start_symtime": 12296001,
    "n_samples_in_frame": 8900,
    "longest_run_symbols": 5,
    "stall_start_tref": 997,
    "stall_end_tref": 1001,
    "stall_start_data_relative": 984,
    "run_value_IQ": [
     5736,
     -5737
    ],
    "stall_end_coincides_with_frame_end": false,
    "is_stall": false
   },
   {
    "frame_index": 998,
    "frame_start_symtime": 12308334,
    "n_samples_in_frame": 8508,
    "longest_run_symbols": 5,
    "stall_start_tref": 997,
    "stall_end_tref": 1001,
    "stall_start_data_relative": 984,
    "run_value_IQ": [
     5736,
     -5737
    ],
    "stall_end_coincides_with_frame_end": false,
    "is_stall": false
   },
   {
    "frame_index": 999,
    "frame_start_symtime": 12320667,
    "n_samples_in_frame": 8775,
    "longest_run_symbols": 5,
    "stall_start_tref": 11920,
    "stall_end_tref": 11924,
    "stall_start_data_relative": 11907,
    "run_value_IQ": [
     5736,
     -5737
    ],
    "stall_end_coincides_with_frame_end": false,
    "is_stall": false
   },
   {
    "frame_index": 1000,
    "frame_start_symtime": 12333000,
    "n_samples_in_frame": 9145,
    "longest_run_symbols": 5,
    "stall_start_tref": 997,
    "stall_end_tref": 1001,
    "stall_start_data_relative": 984,
    "run_value_IQ": [
     5736,
     -5737
    ],
    "stall_end_coincides_with_frame_end": false,
    "is_stall": false
   },
   {
    "frame_index": 1001,
    "frame_start_symtime": 12345333,
    "n_samples_in_frame": 8704,
    "longest_run_symbols": 5,
    "stall_start_tref": 997,
    "stall_end_tref": 1001,
    "stall_start_data_relative": 984,
    "run_value_IQ": [
     5736,
     -5737
    ],
    "stall_end_coincides_with_frame_end": false,
    "is_stall": false
   },
   {
    "frame_index": 1002,
    "frame_start_symtime": 12357666,
    "n_samples_in_frame": 8704,
    "longest_run_symbols": 5,
    "stall_start_tref": 997,
    "stall_end_tref": 1001,
    "stall_start_data_relative": 984,
    "run_value_IQ": [
     5736,
     -5737
    ],
    "stall_end_coincides_with_frame_end": false,
    "is_stall": false
   },
   {
    "frame_index": 1003,
    "frame_start_symtime": 12369999,
    "n_samples_in_frame": 8414,
    "longest_run_symbols": 5,
    "stall_start_tref": 997,
    "stall_end_tref": 1001,
    "stall_start_data_relative": 984,
    "run_value_IQ": [
     5736,
     -5737
    ],
    "stall_end_coincides_with_frame_end": false,
    "is_stall": false
   },
   {
    "frame_index": 1004,
    "frame_start_symtime": 12382332,
    "n_samples_in_frame": 8642,
    "longest_run_symbols": 5,
    "stall_start_tref": 997,
    "stall_end_tref": 1001,
    "stall_start_data_relative": 984,
    "run_value_IQ": [
     5736,
     -5737
    ],
    "stall_end_coincides_with_frame_end": false,
    "is_stall": false
   },
   {
    "frame_index": 1005,
    "frame_start_symtime": 12394665,
    "n_samples_in_frame": 9056,
    "longest_run_symbols": 5,
    "stall_start_tref": 997,
    "stall_end_tref": 1001,
    "stall_start_data_relative": 984,
    "run_value_IQ": [
     5736,
     -5737
    ],
    "stall_end_coincides_with_frame_end": false,
    "is_stall": false
   },
   {
    "frame_index": 1006,
    "frame_start_symtime": 12406998,
    "n_samples_in_frame": 9130,
    "longest_run_symbols": 5,
    "stall_start_tref": 997,
    "stall_end_tref": 1001,
    "stall_start_data_relative": 984,
    "run_value_IQ": [
     5736,
     -5737
    ],
    "stall_end_coincides_with_frame_end": false,
    "is_stall": false
   },
   {
    "frame_index": 1007,
    "frame_start_symtime": 12419331,
    "n_samples_in_frame": 8790,
    "longest_run_symbols": 5,
    "stall_start_tref": 997,
    "stall_end_tref": 1001,
    "stall_start_data_relative": 984,
    "run_value_IQ": [
     5736,
     -5737
    ],
    "stall_end_coincides_with_frame_end": false,
    "is_stall": false
   },
   {
    "frame_index": 1008,
    "frame_start_symtime": 12431664,
    "n_samples_in_frame": 8192,
    "longest_run_symbols": 5,
    "stall_start_tref": 997,
    "stall_end_tref": 1001,
    "stall_start_data_relative": 984,
    "run_value_IQ": [
     5736,
     -5737
    ],
    "stall_end_coincides_with_frame_end": false,
    "is_stall": false
   },
   {
    "frame_index": 1009,
    "frame_start_symtime": 12443997,
    "n_samples_in_frame": 8942,
    "longest_run_symbols": 5,
    "stall_start_tref": 997,
    "stall_end_tref": 1001,
    "stall_start_data_relative": 984,
    "run_value_IQ": [
     5736,
     -5737
    ],
    "stall_end_coincides_with_frame_end": false,
    "is_stall": false
   },
   {
    "frame_index": 1010,
    "frame_start_symtime": 12456330,
    "n_samples_in_frame": 8978,
    "longest_run_symbols": 5,
    "stall_start_tref": 9496,
    "stall_end_tref": 9500,
    "stall_start_data_relative": 9483,
    "run_value_IQ": [
     5736,
     5736
    ],
    "stall_end_coincides_with_frame_end": false,
    "is_stall": false
   },
   {
    "frame_index": 1011,
    "frame_start_symtime": 12468663,
    "n_samples_in_frame": 9332,
    "longest_run_symbols": 5,
    "stall_start_tref": 997,
    "stall_end_tref": 1001,
    "stall_start_data_relative": 984,
    "run_value_IQ": [
     5736,
     -5737
    ],
    "stall_end_coincides_with_frame_end": false,
    "is_stall": false
   },
   {
    "frame_index": 1012,
    "frame_start_symtime": 12480996,
    "n_samples_in_frame": 9594,
    "longest_run_symbols": 5,
    "stall_start_tref": 997,
    "stall_end_tref": 1001,
    "stall_start_data_relative": 984,
    "run_value_IQ": [
     5736,
     -5737
    ],
    "stall_end_coincides_with_frame_end": false,
    "is_stall": false
   },
   {
    "frame_index": 1013,
    "frame_start_symtime": 12493329,
    "n_samples_in_frame": 4227,
    "longest_run_symbols": 5,
    "stall_start_tref": 997,
    "stall_end_tref": 1001,
    "stall_start_data_relative": 984,
    "run_value_IQ": [
     5736,
     -5737
    ],
    "stall_end_coincides_with_frame_end": false,
    "is_stall": false
   },
   {
    "frame_index": 1014,
    "frame_start_symtime": 12505662,
    "n_samples_in_frame": 9301,
    "longest_run_symbols": 5,
    "stall_start_tref": 997,
    "stall_end_tref": 1001,
    "stall_start_data_relative": 984,
    "run_value_IQ": [
     5736,
     -5737
    ],
    "stall_end_coincides_with_frame_end": false,
    "is_stall": false
   },
   {
    "frame_index": 1015,
    "frame_start_symtime": 12517995,
    "n_samples_in_frame": 9372,
    "longest_run_symbols": 5,
    "stall_start_tref": 9496,
    "stall_end_tref": 9500,
    "stall_start_data_relative": 9483,
    "run_value_IQ": [
     5736,
     5736
    ],
    "stall_end_coincides_with_frame_end": false,
    "is_stall": false
   },
   {
    "frame_index": 1016,
    "frame_start_symtime": 12530328,
    "n_samples_in_frame": 9374,
    "longest_run_symbols": 5,
    "stall_start_tref": 997,
    "stall_end_tref": 1001,
    "stall_start_data_relative": 984,
    "run_value_IQ": [
     5736,
     -5737
    ],
    "stall_end_coincides_with_frame_end": false,
    "is_stall": false
   },
   {
    "frame_index": 1017,
    "frame_start_symtime": 12542661,
    "n_samples_in_frame": 9216,
    "longest_run_symbols": 5,
    "stall_start_tref": 997,
    "stall_end_tref": 1001,
    "stall_start_data_relative": 984,
    "run_value_IQ": [
     5736,
     -5737
    ],
    "stall_end_coincides_with_frame_end": false,
    "is_stall": false
   },
   {
    "frame_index": 1018,
    "frame_start_symtime": 12554994,
    "n_samples_in_frame": 8682,
    "longest_run_symbols": 5,
    "stall_start_tref": 997,
    "stall_end_tref": 1001,
    "stall_start_data_relative": 984,
    "run_value_IQ": [
     5736,
     -5737
    ],
    "stall_end_coincides_with_frame_end": false,
    "is_stall": false
   },
   {
    "frame_index": 1019,
    "frame_start_symtime": 12567327,
    "n_samples_in_frame": 9179,
    "longest_run_symbols": 5,
    "stall_start_tref": 9496,
    "stall_end_tref": 9500,
    "stall_start_data_relative": 9483,
    "run_value_IQ": [
     5736,
     5736
    ],
    "stall_end_coincides_with_frame_end": false,
    "is_stall": false
   },
   {
    "frame_index": 1020,
    "frame_start_symtime": 12579660,
    "n_samples_in_frame": 9275,
    "longest_run_symbols": 5,
    "stall_start_tref": 997,
    "stall_end_tref": 1001,
    "stall_start_data_relative": 984,
    "run_value_IQ": [
     5736,
     -5737
    ],
    "stall_end_coincides_with_frame_end": false,
    "is_stall": false
   },
   {
    "frame_index": 1021,
    "frame_start_symtime": 12591993,
    "n_samples_in_frame": 9060,
    "longest_run_symbols": 5,
    "stall_start_tref": 997,
    "stall_end_tref": 1001,
    "stall_start_data_relative": 984,
    "run_value_IQ": [
     5736,
     -5737
    ],
    "stall_end_coincides_with_frame_end": false,
    "is_stall": false
   },
   {
    "frame_index": 1022,
    "frame_start_symtime": 12604326,
    "n_samples_in_frame": 9372,
    "longest_run_symbols": 5,
    "stall_start_tref": 997,
    "stall_end_tref": 1001,
    "stall_start_data_relative": 984,
    "run_value_IQ": [
     5736,
     -5737
    ],
    "stall_end_coincides_with_frame_end": false,
    "is_stall": false
   },
   {
    "frame_index": 1023,
    "frame_start_symtime": 12616659,
    "n_samples_in_frame": 8647,
    "longest_run_symbols": 5,
    "stall_start_tref": 997,
    "stall_end_tref": 1001,
    "stall_start_data_relative": 984,
    "run_value_IQ": [
     5736,
     -5737
    ],
    "stall_end_coincides_with_frame_end": false,
    "is_stall": false
   },
   {
    "frame_index": 1024,
    "frame_start_symtime": 12628992,
    "n_samples_in_frame": 9154,
    "longest_run_symbols": 5,
    "stall_start_tref": 9496,
    "stall_end_tref": 9500,
    "stall_start_data_relative": 9483,
    "run_value_IQ": [
     5736,
     5736
    ],
    "stall_end_coincides_with_frame_end": false,
    "is_stall": false
   },
   {
    "frame_index": 1025,
    "frame_start_symtime": 12641325,
    "n_samples_in_frame": 9308,
    "longest_run_symbols": 5,
    "stall_start_tref": 997,
    "stall_end_tref": 1001,
    "stall_start_data_relative": 984,
    "run_value_IQ": [
     5736,
     -5737
    ],
    "stall_end_coincides_with_frame_end": false,
    "is_stall": false
   },
   {
    "frame_index": 1026,
    "frame_start_symtime": 12653658,
    "n_samples_in_frame": 4164,
    "longest_run_symbols": 5,
    "stall_start_tref": 997,
    "stall_end_tref": 1001,
    "stall_start_data_relative": 984,
    "run_value_IQ": [
     5736,
     -5737
    ],
    "stall_end_coincides_with_frame_end": false,
    "is_stall": false
   },
   {
    "frame_index": 1027,
    "frame_start_symtime": 12665991,
    "n_samples_in_frame": 9352,
    "longest_run_symbols": 5,
    "stall_start_tref": 997,
    "stall_end_tref": 1001,
    "stall_start_data_relative": 984,
    "run_value_IQ": [
     5736,
     -5737
    ],
    "stall_end_coincides_with_frame_end": false,
    "is_stall": false
   },
   {
    "frame_index": 1028,
    "frame_start_symtime": 12678324,
    "n_samples_in_frame": 8527,
    "longest_run_symbols": 5,
    "stall_start_tref": 997,
    "stall_end_tref": 1001,
    "stall_start_data_relative": 984,
    "run_value_IQ": [
     5736,
     -5737
    ],
    "stall_end_coincides_with_frame_end": false,
    "is_stall": false
   },
   {
    "frame_index": 1029,
    "frame_start_symtime": 12690657,
    "n_samples_in_frame": 9216,
    "longest_run_symbols": 5,
    "stall_start_tref": 997,
    "stall_end_tref": 1001,
    "stall_start_data_relative": 984,
    "run_value_IQ": [
     5736,
     -5737
    ],
    "stall_end_coincides_with_frame_end": false,
    "is_stall": false
   },
   {
    "frame_index": 1030,
    "frame_start_symtime": 12702990,
    "n_samples_in_frame": 9339,
    "longest_run_symbols": 5,
    "stall_start_tref": 997,
    "stall_end_tref": 1001,
    "stall_start_data_relative": 984,
    "run_value_IQ": [
     5736,
     -5737
    ],
    "stall_end_coincides_with_frame_end": false,
    "is_stall": false
   },
   {
    "frame_index": 1031,
    "frame_start_symtime": 12715323,
    "n_samples_in_frame": 9242,
    "longest_run_symbols": 5,
    "stall_start_tref": 997,
    "stall_end_tref": 1001,
    "stall_start_data_relative": 984,
    "run_value_IQ": [
     5736,
     -5737
    ],
    "stall_end_coincides_with_frame_end": false,
    "is_stall": false
   },
   {
    "frame_index": 1032,
    "frame_start_symtime": 12727656,
    "n_samples_in_frame": 9311,
    "longest_run_symbols": 5,
    "stall_start_tref": 997,
    "stall_end_tref": 1001,
    "stall_start_data_relative": 984,
    "run_value_IQ": [
     5736,
     -5737
    ],
    "stall_end_coincides_with_frame_end": false,
    "is_stall": false
   },
   {
    "frame_index": 1033,
    "frame_start_symtime": 12739989,
    "n_samples_in_frame": 8618,
    "longest_run_symbols": 5,
    "stall_start_tref": 9496,
    "stall_end_tref": 9500,
    "stall_start_data_relative": 9483,
    "run_value_IQ": [
     5736,
     5736
    ],
    "stall_end_coincides_with_frame_end": false,
    "is_stall": false
   },
   {
    "frame_index": 1034,
    "frame_start_symtime": 12752322,
    "n_samples_in_frame": 9270,
    "longest_run_symbols": 5,
    "stall_start_tref": 997,
    "stall_end_tref": 1001,
    "stall_start_data_relative": 984,
    "run_value_IQ": [
     5736,
     -5737
    ],
    "stall_end_coincides_with_frame_end": false,
    "is_stall": false
   },
   {
    "frame_index": 1035,
    "frame_start_symtime": 12764655,
    "n_samples_in_frame": 9249,
    "longest_run_symbols": 5,
    "stall_start_tref": 997,
    "stall_end_tref": 1001,
    "stall_start_data_relative": 984,
    "run_value_IQ": [
     5736,
     -5737
    ],
    "stall_end_coincides_with_frame_end": false,
    "is_stall": false
   },
   {
    "frame_index": 1036,
    "frame_start_symtime": 12776988,
    "n_samples_in_frame": 9348,
    "longest_run_symbols": 5,
    "stall_start_tref": 9496,
    "stall_end_tref": 9500,
    "stall_start_data_relative": 9483,
    "run_value_IQ": [
     5736,
     5736
    ],
    "stall_end_coincides_with_frame_end": false,
    "is_stall": false
   },
   {
    "frame_index": 1037,
    "frame_start_symtime": 12789321,
    "n_samples_in_frame": 9345,
    "longest_run_symbols": 5,
    "stall_start_tref": 997,
    "stall_end_tref": 1001,
    "stall_start_data_relative": 984,
    "run_value_IQ": [
     5736,
     -5737
    ],
    "stall_end_coincides_with_frame_end": false,
    "is_stall": false
   },
   {
    "frame_index": 1038,
    "frame_start_symtime": 12801654,
    "n_samples_in_frame": 8593,
    "longest_run_symbols": 5,
    "stall_start_tref": 997,
    "stall_end_tref": 1001,
    "stall_start_data_relative": 984,
    "run_value_IQ": [
     5736,
     -5737
    ],
    "stall_end_coincides_with_frame_end": false,
    "is_stall": false
   },
   {
    "frame_index": 1039,
    "frame_start_symtime": 12813987,
    "n_samples_in_frame": 9333,
    "longest_run_symbols": 5,
    "stall_start_tref": 997,
    "stall_end_tref": 1001,
    "stall_start_data_relative": 984,
    "run_value_IQ": [
     5736,
     -5737
    ],
    "stall_end_coincides_with_frame_end": false,
    "is_stall": false
   },
   {
    "frame_index": 1040,
    "frame_start_symtime": 12826320,
    "n_samples_in_frame": 9216,
    "longest_run_symbols": 5,
    "stall_start_tref": 997,
    "stall_end_tref": 1001,
    "stall_start_data_relative": 984,
    "run_value_IQ": [
     5736,
     -5737
    ],
    "stall_end_coincides_with_frame_end": false,
    "is_stall": false
   },
   {
    "frame_index": 1041,
    "frame_start_symtime": 12838653,
    "n_samples_in_frame": 9216,
    "longest_run_symbols": 5,
    "stall_start_tref": 997,
    "stall_end_tref": 1001,
    "stall_start_data_relative": 984,
    "run_value_IQ": [
     5736,
     -5737
    ],
    "stall_end_coincides_with_frame_end": false,
    "is_stall": false
   },
   {
    "frame_index": 1042,
    "frame_start_symtime": 12850986,
    "n_samples_in_frame": 13275,
    "longest_run_symbols": 7,
    "stall_start_tref": 4959,
    "stall_end_tref": 4962,
    "stall_start_data_relative": 4946,
    "run_value_IQ": [
     -5737,
     -5737
    ],
    "stall_end_coincides_with_frame_end": false,
    "is_stall": false
   },
   {
    "frame_index": 1043,
    "frame_start_symtime": 12863319,
    "n_samples_in_frame": 9253,
    "longest_run_symbols": 5,
    "stall_start_tref": 997,
    "stall_end_tref": 1001,
    "stall_start_data_relative": 984,
    "run_value_IQ": [
     5736,
     -5737
    ],
    "stall_end_coincides_with_frame_end": false,
    "is_stall": false
   },
   {
    "frame_index": 1044,
    "frame_start_symtime": 12875652,
    "n_samples_in_frame": 9216,
    "longest_run_symbols": 5,
    "stall_start_tref": 997,
    "stall_end_tref": 1001,
    "stall_start_data_relative": 984,
    "run_value_IQ": [
     5736,
     -5737
    ],
    "stall_end_coincides_with_frame_end": false,
    "is_stall": false
   },
   {
    "frame_index": 1045,
    "frame_start_symtime": 12887985,
    "n_samples_in_frame": 9216,
    "longest_run_symbols": 5,
    "stall_start_tref": 997,
    "stall_end_tref": 1001,
    "stall_start_data_relative": 984,
    "run_value_IQ": [
     5736,
     -5737
    ],
    "stall_end_coincides_with_frame_end": false,
    "is_stall": false
   },
   {
    "frame_index": 1046,
    "frame_start_symtime": 12900318,
    "n_samples_in_frame": 9216,
    "longest_run_symbols": 5,
    "stall_start_tref": 997,
    "stall_end_tref": 1001,
    "stall_start_data_relative": 984,
    "run_value_IQ": [
     5736,
     -5737
    ],
    "stall_end_coincides_with_frame_end": false,
    "is_stall": false
   },
   {
    "frame_index": 1047,
    "frame_start_symtime": 12912651,
    "n_samples_in_frame": 8652,
    "longest_run_symbols": 5,
    "stall_start_tref": 997,
    "stall_end_tref": 1001,
    "stall_start_data_relative": 984,
    "run_value_IQ": [
     5736,
     -5737
    ],
    "stall_end_coincides_with_frame_end": false,
    "is_stall": false
   },
   {
    "frame_index": 1048,
    "frame_start_symtime": 12924984,
    "n_samples_in_frame": 9242,
    "longest_run_symbols": 5,
    "stall_start_tref": 9496,
    "stall_end_tref": 9500,
    "stall_start_data_relative": 9483,
    "run_value_IQ": [
     5736,
     5736
    ],
    "stall_end_coincides_with_frame_end": false,
    "is_stall": false
   },
   {
    "frame_index": 1049,
    "frame_start_symtime": 12937317,
    "n_samples_in_frame": 9242,
    "longest_run_symbols": 5,
    "stall_start_tref": 997,
    "stall_end_tref": 1001,
    "stall_start_data_relative": 984,
    "run_value_IQ": [
     5736,
     -5737
    ],
    "stall_end_coincides_with_frame_end": false,
    "is_stall": false
   },
   {
    "frame_index": 1050,
    "frame_start_symtime": 12949650,
    "n_samples_in_frame": 9448,
    "longest_run_symbols": 5,
    "stall_start_tref": 997,
    "stall_end_tref": 1001,
    "stall_start_data_relative": 984,
    "run_value_IQ": [
     5736,
     -5737
    ],
    "stall_end_coincides_with_frame_end": false,
    "is_stall": false
   },
   {
    "frame_index": 1051,
    "frame_start_symtime": 12961983,
    "n_samples_in_frame": 9156,
    "longest_run_symbols": 5,
    "stall_start_tref": 997,
    "stall_end_tref": 1001,
    "stall_start_data_relative": 984,
    "run_value_IQ": [
     5736,
     -5737
    ],
    "stall_end_coincides_with_frame_end": false,
    "is_stall": false
   },
   {
    "frame_index": 1052,
    "frame_start_symtime": 12974316,
    "n_samples_in_frame": 8568,
    "longest_run_symbols": 5,
    "stall_start_tref": 997,
    "stall_end_tref": 1001,
    "stall_start_data_relative": 984,
    "run_value_IQ": [
     5736,
     -5737
    ],
    "stall_end_coincides_with_frame_end": false,
    "is_stall": false
   },
   {
    "frame_index": 1053,
    "frame_start_symtime": 12986649,
    "n_samples_in_frame": 9312,
    "longest_run_symbols": 5,
    "stall_start_tref": 997,
    "stall_end_tref": 1001,
    "stall_start_data_relative": 984,
    "run_value_IQ": [
     5736,
     -5737
    ],
    "stall_end_coincides_with_frame_end": false,
    "is_stall": false
   },
   {
    "frame_index": 1054,
    "frame_start_symtime": 12998982,
    "n_samples_in_frame": 9364,
    "longest_run_symbols": 5,
    "stall_start_tref": 997,
    "stall_end_tref": 1001,
    "stall_start_data_relative": 984,
    "run_value_IQ": [
     5736,
     -5737
    ],
    "stall_end_coincides_with_frame_end": false,
    "is_stall": false
   },
   {
    "frame_index": 1055,
    "frame_start_symtime": 13011315,
    "n_samples_in_frame": 9380,
    "longest_run_symbols": 5,
    "stall_start_tref": 9496,
    "stall_end_tref": 9500,
    "stall_start_data_relative": 9483,
    "run_value_IQ": [
     5736,
     5736
    ],
    "stall_end_coincides_with_frame_end": false,
    "is_stall": false
   },
   {
    "frame_index": 1056,
    "frame_start_symtime": 13023648,
    "n_samples_in_frame": 9284,
    "longest_run_symbols": 5,
    "stall_start_tref": 997,
    "stall_end_tref": 1001,
    "stall_start_data_relative": 984,
    "run_value_IQ": [
     5736,
     -5737
    ],
    "stall_end_coincides_with_frame_end": false,
    "is_stall": false
   },
   {
    "frame_index": 1057,
    "frame_start_symtime": 13035981,
    "n_samples_in_frame": 10256,
    "longest_run_symbols": 5,
    "stall_start_tref": 997,
    "stall_end_tref": 1001,
    "stall_start_data_relative": 984,
    "run_value_IQ": [
     5736,
     -5737
    ],
    "stall_end_coincides_with_frame_end": false,
    "is_stall": false
   },
   {
    "frame_index": 1058,
    "frame_start_symtime": 13048314,
    "n_samples_in_frame": 9342,
    "longest_run_symbols": 5,
    "stall_start_tref": 997,
    "stall_end_tref": 1001,
    "stall_start_data_relative": 984,
    "run_value_IQ": [
     5736,
     -5737
    ],
    "stall_end_coincides_with_frame_end": false,
    "is_stall": false
   },
   {
    "frame_index": 1059,
    "frame_start_symtime": 13060647,
    "n_samples_in_frame": 9121,
    "longest_run_symbols": 5,
    "stall_start_tref": 997,
    "stall_end_tref": 1001,
    "stall_start_data_relative": 984,
    "run_value_IQ": [
     5736,
     -5737
    ],
    "stall_end_coincides_with_frame_end": false,
    "is_stall": false
   },
   {
    "frame_index": 1060,
    "frame_start_symtime": 13072980,
    "n_samples_in_frame": 9432,
    "longest_run_symbols": 5,
    "stall_start_tref": 997,
    "stall_end_tref": 1001,
    "stall_start_data_relative": 984,
    "run_value_IQ": [
     5736,
     -5737
    ],
    "stall_end_coincides_with_frame_end": false,
    "is_stall": false
   },
   {
    "frame_index": 1061,
    "frame_start_symtime": 13085313,
    "n_samples_in_frame": 8556,
    "longest_run_symbols": 5,
    "stall_start_tref": 11920,
    "stall_end_tref": 11924,
    "stall_start_data_relative": 11907,
    "run_value_IQ": [
     5736,
     -5737
    ],
    "stall_end_coincides_with_frame_end": false,
    "is_stall": false
   },
   {
    "frame_index": 1062,
    "frame_start_symtime": 13097646,
    "n_samples_in_frame": 9381,
    "longest_run_symbols": 5,
    "stall_start_tref": 997,
    "stall_end_tref": 1001,
    "stall_start_data_relative": 984,
    "run_value_IQ": [
     5736,
     -5737
    ],
    "stall_end_coincides_with_frame_end": false,
    "is_stall": false
   },
   {
    "frame_index": 1063,
    "frame_start_symtime": 13109979,
    "n_samples_in_frame": 9312,
    "longest_run_symbols": 5,
    "stall_start_tref": 9496,
    "stall_end_tref": 9500,
    "stall_start_data_relative": 9483,
    "run_value_IQ": [
     5736,
     5736
    ],
    "stall_end_coincides_with_frame_end": false,
    "is_stall": false
   },
   {
    "frame_index": 1064,
    "frame_start_symtime": 13122312,
    "n_samples_in_frame": 9352,
    "longest_run_symbols": 5,
    "stall_start_tref": 997,
    "stall_end_tref": 1001,
    "stall_start_data_relative": 984,
    "run_value_IQ": [
     5736,
     -5737
    ],
    "stall_end_coincides_with_frame_end": false,
    "is_stall": false
   },
   {
    "frame_index": 1065,
    "frame_start_symtime": 13134645,
    "n_samples_in_frame": 9216,
    "longest_run_symbols": 5,
    "stall_start_tref": 997,
    "stall_end_tref": 1001,
    "stall_start_data_relative": 984,
    "run_value_IQ": [
     5736,
     -5737
    ],
    "stall_end_coincides_with_frame_end": false,
    "is_stall": false
   },
   {
    "frame_index": 1066,
    "frame_start_symtime": 13146978,
    "n_samples_in_frame": 8670,
    "longest_run_symbols": 5,
    "stall_start_tref": 997,
    "stall_end_tref": 1001,
    "stall_start_data_relative": 984,
    "run_value_IQ": [
     5736,
     -5737
    ],
    "stall_end_coincides_with_frame_end": false,
    "is_stall": false
   },
   {
    "frame_index": 1067,
    "frame_start_symtime": 13159311,
    "n_samples_in_frame": 9250,
    "longest_run_symbols": 5,
    "stall_start_tref": 997,
    "stall_end_tref": 1001,
    "stall_start_data_relative": 984,
    "run_value_IQ": [
     5736,
     -5737
    ],
    "stall_end_coincides_with_frame_end": false,
    "is_stall": false
   },
   {
    "frame_index": 1068,
    "frame_start_symtime": 13171644,
    "n_samples_in_frame": 9249,
    "longest_run_symbols": 5,
    "stall_start_tref": 997,
    "stall_end_tref": 1001,
    "stall_start_data_relative": 984,
    "run_value_IQ": [
     5736,
     -5737
    ],
    "stall_end_coincides_with_frame_end": false,
    "is_stall": false
   },
   {
    "frame_index": 1069,
    "frame_start_symtime": 13183977,
    "n_samples_in_frame": 9299,
    "longest_run_symbols": 5,
    "stall_start_tref": 997,
    "stall_end_tref": 1001,
    "stall_start_data_relative": 984,
    "run_value_IQ": [
     5736,
     -5737
    ],
    "stall_end_coincides_with_frame_end": false,
    "is_stall": false
   },
   {
    "frame_index": 1070,
    "frame_start_symtime": 13196310,
    "n_samples_in_frame": 4752,
    "longest_run_symbols": 5,
    "stall_start_tref": 997,
    "stall_end_tref": 1001,
    "stall_start_data_relative": 984,
    "run_value_IQ": [
     5736,
     -5737
    ],
    "stall_end_coincides_with_frame_end": false,
    "is_stall": false
   },
   {
    "frame_index": 1071,
    "frame_start_symtime": 13208643,
    "n_samples_in_frame": 8364,
    "longest_run_symbols": 5,
    "stall_start_tref": 11920,
    "stall_end_tref": 11924,
    "stall_start_data_relative": 11907,
    "run_value_IQ": [
     5736,
     -5737
    ],
    "stall_end_coincides_with_frame_end": false,
    "is_stall": false
   },
   {
    "frame_index": 1072,
    "frame_start_symtime": 13220976,
    "n_samples_in_frame": 9277,
    "longest_run_symbols": 5,
    "stall_start_tref": 9496,
    "stall_end_tref": 9500,
    "stall_start_data_relative": 9483,
    "run_value_IQ": [
     5736,
     5736
    ],
    "stall_end_coincides_with_frame_end": false,
    "is_stall": false
   },
   {
    "frame_index": 1073,
    "frame_start_symtime": 13233309,
    "n_samples_in_frame": 9280,
    "longest_run_symbols": 5,
    "stall_start_tref": 997,
    "stall_end_tref": 1001,
    "stall_start_data_relative": 984,
    "run_value_IQ": [
     5736,
     -5737
    ],
    "stall_end_coincides_with_frame_end": false,
    "is_stall": false
   },
   {
    "frame_index": 1074,
    "frame_start_symtime": 13245642,
    "n_samples_in_frame": 9506,
    "longest_run_symbols": 5,
    "stall_start_tref": 997,
    "stall_end_tref": 1001,
    "stall_start_data_relative": 984,
    "run_value_IQ": [
     5736,
     -5737
    ],
    "stall_end_coincides_with_frame_end": false,
    "is_stall": false
   },
   {
    "frame_index": 1075,
    "frame_start_symtime": 13257975,
    "n_samples_in_frame": 9388,
    "longest_run_symbols": 5,
    "stall_start_tref": 997,
    "stall_end_tref": 1001,
    "stall_start_data_relative": 984,
    "run_value_IQ": [
     5736,
     -5737
    ],
    "stall_end_coincides_with_frame_end": false,
    "is_stall": false
   },
   {
    "frame_index": 1076,
    "frame_start_symtime": 13270308,
    "n_samples_in_frame": 8437,
    "longest_run_symbols": 5,
    "stall_start_tref": 997,
    "stall_end_tref": 1001,
    "stall_start_data_relative": 984,
    "run_value_IQ": [
     5736,
     -5737
    ],
    "stall_end_coincides_with_frame_end": false,
    "is_stall": false
   },
   {
    "frame_index": 1077,
    "frame_start_symtime": 13282641,
    "n_samples_in_frame": 9364,
    "longest_run_symbols": 5,
    "stall_start_tref": 9496,
    "stall_end_tref": 9500,
    "stall_start_data_relative": 9483,
    "run_value_IQ": [
     5736,
     5736
    ],
    "stall_end_coincides_with_frame_end": false,
    "is_stall": false
   },
   {
    "frame_index": 1078,
    "frame_start_symtime": 13294974,
    "n_samples_in_frame": 9340,
    "longest_run_symbols": 5,
    "stall_start_tref": 997,
    "stall_end_tref": 1001,
    "stall_start_data_relative": 984,
    "run_value_IQ": [
     5736,
     -5737
    ],
    "stall_end_coincides_with_frame_end": false,
    "is_stall": false
   },
   {
    "frame_index": 1079,
    "frame_start_symtime": 13307307,
    "n_samples_in_frame": 9294,
    "longest_run_symbols": 5,
    "stall_start_tref": 997,
    "stall_end_tref": 1001,
    "stall_start_data_relative": 984,
    "run_value_IQ": [
     5736,
     -5737
    ],
    "stall_end_coincides_with_frame_end": false,
    "is_stall": false
   },
   {
    "frame_index": 1080,
    "frame_start_symtime": 13319640,
    "n_samples_in_frame": 9352,
    "longest_run_symbols": 5,
    "stall_start_tref": 997,
    "stall_end_tref": 1001,
    "stall_start_data_relative": 984,
    "run_value_IQ": [
     5736,
     -5737
    ],
    "stall_end_coincides_with_frame_end": false,
    "is_stall": false
   },
   {
    "frame_index": 1081,
    "frame_start_symtime": 13331973,
    "n_samples_in_frame": 8634,
    "longest_run_symbols": 5,
    "stall_start_tref": 9496,
    "stall_end_tref": 9500,
    "stall_start_data_relative": 9483,
    "run_value_IQ": [
     5736,
     5736
    ],
    "stall_end_coincides_with_frame_end": false,
    "is_stall": false
   },
   {
    "frame_index": 1082,
    "frame_start_symtime": 13344306,
    "n_samples_in_frame": 9295,
    "longest_run_symbols": 5,
    "stall_start_tref": 997,
    "stall_end_tref": 1001,
    "stall_start_data_relative": 984,
    "run_value_IQ": [
     5736,
     -5737
    ],
    "stall_end_coincides_with_frame_end": false,
    "is_stall": false
   },
   {
    "frame_index": 1083,
    "frame_start_symtime": 13356639,
    "n_samples_in_frame": 9408,
    "longest_run_symbols": 5,
    "stall_start_tref": 9496,
    "stall_end_tref": 9500,
    "stall_start_data_relative": 9483,
    "run_value_IQ": [
     5736,
     5736
    ],
    "stall_end_coincides_with_frame_end": false,
    "is_stall": false
   },
   {
    "frame_index": 1084,
    "frame_start_symtime": 13368972,
    "n_samples_in_frame": 9313,
    "longest_run_symbols": 5,
    "stall_start_tref": 997,
    "stall_end_tref": 1001,
    "stall_start_data_relative": 984,
    "run_value_IQ": [
     5736,
     -5737
    ],
    "stall_end_coincides_with_frame_end": false,
    "is_stall": false
   },
   {
    "frame_index": 1085,
    "frame_start_symtime": 13381305,
    "n_samples_in_frame": 9216,
    "longest_run_symbols": 5,
    "stall_start_tref": 997,
    "stall_end_tref": 1001,
    "stall_start_data_relative": 984,
    "run_value_IQ": [
     5736,
     -5737
    ],
    "stall_end_coincides_with_frame_end": false,
    "is_stall": false
   },
   {
    "frame_index": 1086,
    "frame_start_symtime": 13393638,
    "n_samples_in_frame": 8802,
    "longest_run_symbols": 5,
    "stall_start_tref": 997,
    "stall_end_tref": 1001,
    "stall_start_data_relative": 984,
    "run_value_IQ": [
     5736,
     -5737
    ],
    "stall_end_coincides_with_frame_end": false,
    "is_stall": false
   },
   {
    "frame_index": 1087,
    "frame_start_symtime": 13405971,
    "n_samples_in_frame": 9407,
    "longest_run_symbols": 5,
    "stall_start_tref": 997,
    "stall_end_tref": 1001,
    "stall_start_data_relative": 984,
    "run_value_IQ": [
     5736,
     -5737
    ],
    "stall_end_coincides_with_frame_end": false,
    "is_stall": false
   },
   {
    "frame_index": 1088,
    "frame_start_symtime": 13418304,
    "n_samples_in_frame": 9344,
    "longest_run_symbols": 5,
    "stall_start_tref": 9496,
    "stall_end_tref": 9500,
    "stall_start_data_relative": 9483,
    "run_value_IQ": [
     5736,
     5736
    ],
    "stall_end_coincides_with_frame_end": false,
    "is_stall": false
   },
   {
    "frame_index": 1089,
    "frame_start_symtime": 13430637,
    "n_samples_in_frame": 9311,
    "longest_run_symbols": 5,
    "stall_start_tref": 9496,
    "stall_end_tref": 9500,
    "stall_start_data_relative": 9483,
    "run_value_IQ": [
     5736,
     5736
    ],
    "stall_end_coincides_with_frame_end": false,
    "is_stall": false
   },
   {
    "frame_index": 1090,
    "frame_start_symtime": 13442970,
    "n_samples_in_frame": 9235,
    "longest_run_symbols": 5,
    "stall_start_tref": 997,
    "stall_end_tref": 1001,
    "stall_start_data_relative": 984,
    "run_value_IQ": [
     5736,
     -5737
    ],
    "stall_end_coincides_with_frame_end": false,
    "is_stall": false
   },
   {
    "frame_index": 1091,
    "frame_start_symtime": 13455303,
    "n_samples_in_frame": 8685,
    "longest_run_symbols": 5,
    "stall_start_tref": 997,
    "stall_end_tref": 1001,
    "stall_start_data_relative": 984,
    "run_value_IQ": [
     5736,
     -5737
    ],
    "stall_end_coincides_with_frame_end": false,
    "is_stall": false
   },
   {
    "frame_index": 1092,
    "frame_start_symtime": 13467636,
    "n_samples_in_frame": 9266,
    "longest_run_symbols": 5,
    "stall_start_tref": 997,
    "stall_end_tref": 1001,
    "stall_start_data_relative": 984,
    "run_value_IQ": [
     5736,
     -5737
    ],
    "stall_end_coincides_with_frame_end": false,
    "is_stall": false
   },
   {
    "frame_index": 1093,
    "frame_start_symtime": 13479969,
    "n_samples_in_frame": 9427,
    "longest_run_symbols": 5,
    "stall_start_tref": 997,
    "stall_end_tref": 1001,
    "stall_start_data_relative": 984,
    "run_value_IQ": [
     5736,
     -5737
    ],
    "stall_end_coincides_with_frame_end": false,
    "is_stall": false
   },
   {
    "frame_index": 1094,
    "frame_start_symtime": 13492302,
    "n_samples_in_frame": 9394,
    "longest_run_symbols": 5,
    "stall_start_tref": 9496,
    "stall_end_tref": 9500,
    "stall_start_data_relative": 9483,
    "run_value_IQ": [
     5736,
     5736
    ],
    "stall_end_coincides_with_frame_end": false,
    "is_stall": false
   },
   {
    "frame_index": 1095,
    "frame_start_symtime": 13504635,
    "n_samples_in_frame": 9265,
    "longest_run_symbols": 5,
    "stall_start_tref": 997,
    "stall_end_tref": 1001,
    "stall_start_data_relative": 984,
    "run_value_IQ": [
     5736,
     -5737
    ],
    "stall_end_coincides_with_frame_end": false,
    "is_stall": false
   },
   {
    "frame_index": 1096,
    "frame_start_symtime": 13516968,
    "n_samples_in_frame": 8544,
    "longest_run_symbols": 5,
    "stall_start_tref": 997,
    "stall_end_tref": 1001,
    "stall_start_data_relative": 984,
    "run_value_IQ": [
     5736,
     -5737
    ],
    "stall_end_coincides_with_frame_end": false,
    "is_stall": false
   },
   {
    "frame_index": 1097,
    "frame_start_symtime": 13529301,
    "n_samples_in_frame": 9352,
    "longest_run_symbols": 5,
    "stall_start_tref": 9496,
    "stall_end_tref": 9500,
    "stall_start_data_relative": 9483,
    "run_value_IQ": [
     5736,
     5736
    ],
    "stall_end_coincides_with_frame_end": false,
    "is_stall": false
   },
   {
    "frame_index": 1098,
    "frame_start_symtime": 13541634,
    "n_samples_in_frame": 6900,
    "longest_run_symbols": 5,
    "stall_start_tref": 997,
    "stall_end_tref": 1001,
    "stall_start_data_relative": 984,
    "run_value_IQ": [
     5736,
     -5737
    ],
    "stall_end_coincides_with_frame_end": false,
    "is_stall": false
   },
   {
    "frame_index": 1099,
    "frame_start_symtime": 13553967,
    "n_samples_in_frame": 4562,
    "longest_run_symbols": 5,
    "stall_start_tref": 11920,
    "stall_end_tref": 11924,
    "stall_start_data_relative": 11907,
    "run_value_IQ": [
     5736,
     -5737
    ],
    "stall_end_coincides_with_frame_end": false,
    "is_stall": false
   },
   {
    "frame_index": 1100,
    "frame_start_symtime": 13566300,
    "n_samples_in_frame": 9504,
    "longest_run_symbols": 5,
    "stall_start_tref": 997,
    "stall_end_tref": 1001,
    "stall_start_data_relative": 984,
    "run_value_IQ": [
     5736,
     -5737
    ],
    "stall_end_coincides_with_frame_end": false,
    "is_stall": false
   },
   {
    "frame_index": 1101,
    "frame_start_symtime": 13578633,
    "n_samples_in_frame": 8808,
    "longest_run_symbols": 5,
    "stall_start_tref": 997,
    "stall_end_tref": 1001,
    "stall_start_data_relative": 984,
    "run_value_IQ": [
     5736,
     -5737
    ],
    "stall_end_coincides_with_frame_end": false,
    "is_stall": false
   },
   {
    "frame_index": 1102,
    "frame_start_symtime": 13590966,
    "n_samples_in_frame": 9426,
    "longest_run_symbols": 5,
    "stall_start_tref": 997,
    "stall_end_tref": 1001,
    "stall_start_data_relative": 984,
    "run_value_IQ": [
     5736,
     -5737
    ],
    "stall_end_coincides_with_frame_end": false,
    "is_stall": false
   },
   {
    "frame_index": 1103,
    "frame_start_symtime": 13603299,
    "n_samples_in_frame": 9415,
    "longest_run_symbols": 5,
    "stall_start_tref": 9496,
    "stall_end_tref": 9500,
    "stall_start_data_relative": 9483,
    "run_value_IQ": [
     5736,
     5736
    ],
    "stall_end_coincides_with_frame_end": false,
    "is_stall": false
   },
   {
    "frame_index": 1104,
    "frame_start_symtime": 13615632,
    "n_samples_in_frame": 9289,
    "longest_run_symbols": 5,
    "stall_start_tref": 997,
    "stall_end_tref": 1001,
    "stall_start_data_relative": 984,
    "run_value_IQ": [
     5736,
     -5737
    ],
    "stall_end_coincides_with_frame_end": false,
    "is_stall": false
   },
   {
    "frame_index": 1105,
    "frame_start_symtime": 13627965,
    "n_samples_in_frame": 9217,
    "longest_run_symbols": 5,
    "stall_start_tref": 997,
    "stall_end_tref": 1001,
    "stall_start_data_relative": 984,
    "run_value_IQ": [
     5736,
     -5737
    ],
    "stall_end_coincides_with_frame_end": false,
    "is_stall": false
   },
   {
    "frame_index": 1106,
    "frame_start_symtime": 13640298,
    "n_samples_in_frame": 8703,
    "longest_run_symbols": 5,
    "stall_start_tref": 997,
    "stall_end_tref": 1001,
    "stall_start_data_relative": 984,
    "run_value_IQ": [
     5736,
     -5737
    ],
    "stall_end_coincides_with_frame_end": false,
    "is_stall": false
   },
   {
    "frame_index": 1107,
    "frame_start_symtime": 13652631,
    "n_samples_in_frame": 9260,
    "longest_run_symbols": 5,
    "stall_start_tref": 997,
    "stall_end_tref": 1001,
    "stall_start_data_relative": 984,
    "run_value_IQ": [
     5736,
     -5737
    ],
    "stall_end_coincides_with_frame_end": false,
    "is_stall": false
   },
   {
    "frame_index": 1108,
    "frame_start_symtime": 13664964,
    "n_samples_in_frame": 9381,
    "longest_run_symbols": 5,
    "stall_start_tref": 997,
    "stall_end_tref": 1001,
    "stall_start_data_relative": 984,
    "run_value_IQ": [
     5736,
     -5737
    ],
    "stall_end_coincides_with_frame_end": false,
    "is_stall": false
   },
   {
    "frame_index": 1109,
    "frame_start_symtime": 13677297,
    "n_samples_in_frame": 9336,
    "longest_run_symbols": 5,
    "stall_start_tref": 9496,
    "stall_end_tref": 9500,
    "stall_start_data_relative": 9483,
    "run_value_IQ": [
     5736,
     5736
    ],
    "stall_end_coincides_with_frame_end": false,
    "is_stall": false
   },
   {
    "frame_index": 1110,
    "frame_start_symtime": 13689630,
    "n_samples_in_frame": 9293,
    "longest_run_symbols": 5,
    "stall_start_tref": 9496,
    "stall_end_tref": 9500,
    "stall_start_data_relative": 9483,
    "run_value_IQ": [
     5736,
     5736
    ],
    "stall_end_coincides_with_frame_end": false,
    "is_stall": false
   },
   {
    "frame_index": 1111,
    "frame_start_symtime": 13701963,
    "n_samples_in_frame": 8618,
    "longest_run_symbols": 5,
    "stall_start_tref": 997,
    "stall_end_tref": 1001,
    "stall_start_data_relative": 984,
    "run_value_IQ": [
     5736,
     -5737
    ],
    "stall_end_coincides_with_frame_end": false,
    "is_stall": false
   },
   {
    "frame_index": 1112,
    "frame_start_symtime": 13714296,
    "n_samples_in_frame": 9384,
    "longest_run_symbols": 5,
    "stall_start_tref": 9496,
    "stall_end_tref": 9500,
    "stall_start_data_relative": 9483,
    "run_value_IQ": [
     5736,
     5736
    ],
    "stall_end_coincides_with_frame_end": false,
    "is_stall": false
   },
   {
    "frame_index": 1113,
    "frame_start_symtime": 13726629,
    "n_samples_in_frame": 9240,
    "longest_run_symbols": 5,
    "stall_start_tref": 997,
    "stall_end_tref": 1001,
    "stall_start_data_relative": 984,
    "run_value_IQ": [
     5736,
     -5737
    ],
    "stall_end_coincides_with_frame_end": false,
    "is_stall": false
   },
   {
    "frame_index": 1114,
    "frame_start_symtime": 13738962,
    "n_samples_in_frame": 9258,
    "longest_run_symbols": 5,
    "stall_start_tref": 997,
    "stall_end_tref": 1001,
    "stall_start_data_relative": 984,
    "run_value_IQ": [
     5736,
     -5737
    ],
    "stall_end_coincides_with_frame_end": false,
    "is_stall": false
   },
   {
    "frame_index": 1115,
    "frame_start_symtime": 13751295,
    "n_samples_in_frame": 9364,
    "longest_run_symbols": 5,
    "stall_start_tref": 997,
    "stall_end_tref": 1001,
    "stall_start_data_relative": 984,
    "run_value_IQ": [
     5736,
     -5737
    ],
    "stall_end_coincides_with_frame_end": false,
    "is_stall": false
   },
   {
    "frame_index": 1116,
    "frame_start_symtime": 13763628,
    "n_samples_in_frame": 7973,
    "longest_run_symbols": 5,
    "stall_start_tref": 9496,
    "stall_end_tref": 9500,
    "stall_start_data_relative": 9483,
    "run_value_IQ": [
     5736,
     5736
    ],
    "stall_end_coincides_with_frame_end": false,
    "is_stall": false
   },
   {
    "frame_index": 1117,
    "frame_start_symtime": 13775961,
    "n_samples_in_frame": 9245,
    "longest_run_symbols": 5,
    "stall_start_tref": 997,
    "stall_end_tref": 1001,
    "stall_start_data_relative": 984,
    "run_value_IQ": [
     5736,
     -5737
    ],
    "stall_end_coincides_with_frame_end": false,
    "is_stall": false
   },
   {
    "frame_index": 1118,
    "frame_start_symtime": 13788294,
    "n_samples_in_frame": 9275,
    "longest_run_symbols": 5,
    "stall_start_tref": 997,
    "stall_end_tref": 1001,
    "stall_start_data_relative": 984,
    "run_value_IQ": [
     5736,
     -5737
    ],
    "stall_end_coincides_with_frame_end": false,
    "is_stall": false
   },
   {
    "frame_index": 1119,
    "frame_start_symtime": 13800627,
    "n_samples_in_frame": 9413,
    "longest_run_symbols": 5,
    "stall_start_tref": 997,
    "stall_end_tref": 1001,
    "stall_start_data_relative": 984,
    "run_value_IQ": [
     5736,
     -5737
    ],
    "stall_end_coincides_with_frame_end": false,
    "is_stall": false
   },
   {
    "frame_index": 1120,
    "frame_start_symtime": 13812960,
    "n_samples_in_frame": 9283,
    "longest_run_symbols": 5,
    "stall_start_tref": 9496,
    "stall_end_tref": 9500,
    "stall_start_data_relative": 9483,
    "run_value_IQ": [
     5736,
     5736
    ],
    "stall_end_coincides_with_frame_end": false,
    "is_stall": false
   },
   {
    "frame_index": 1121,
    "frame_start_symtime": 13825293,
    "n_samples_in_frame": 8338,
    "longest_run_symbols": 5,
    "stall_start_tref": 9496,
    "stall_end_tref": 9500,
    "stall_start_data_relative": 9483,
    "run_value_IQ": [
     5736,
     5736
    ],
    "stall_end_coincides_with_frame_end": false,
    "is_stall": false
   },
   {
    "frame_index": 1122,
    "frame_start_symtime": 13837626,
    "n_samples_in_frame": 9259,
    "longest_run_symbols": 5,
    "stall_start_tref": 997,
    "stall_end_tref": 1001,
    "stall_start_data_relative": 984,
    "run_value_IQ": [
     5736,
     -5737
    ],
    "stall_end_coincides_with_frame_end": false,
    "is_stall": false
   },
   {
    "frame_index": 1123,
    "frame_start_symtime": 13849959,
    "n_samples_in_frame": 9216,
    "longest_run_symbols": 5,
    "stall_start_tref": 997,
    "stall_end_tref": 1001,
    "stall_start_data_relative": 984,
    "run_value_IQ": [
     5736,
     -5737
    ],
    "stall_end_coincides_with_frame_end": false,
    "is_stall": false
   },
   {
    "frame_index": 1124,
    "frame_start_symtime": 13862292,
    "n_samples_in_frame": 9330,
    "longest_run_symbols": 5,
    "stall_start_tref": 997,
    "stall_end_tref": 1001,
    "stall_start_data_relative": 984,
    "run_value_IQ": [
     5736,
     -5737
    ],
    "stall_end_coincides_with_frame_end": false,
    "is_stall": false
   },
   {
    "frame_index": 1125,
    "frame_start_symtime": 13874625,
    "n_samples_in_frame": 9302,
    "longest_run_symbols": 5,
    "stall_start_tref": 997,
    "stall_end_tref": 1001,
    "stall_start_data_relative": 984,
    "run_value_IQ": [
     5736,
     -5737
    ],
    "stall_end_coincides_with_frame_end": false,
    "is_stall": false
   },
   {
    "frame_index": 1126,
    "frame_start_symtime": 13886958,
    "n_samples_in_frame": 8595,
    "longest_run_symbols": 5,
    "stall_start_tref": 11920,
    "stall_end_tref": 11924,
    "stall_start_data_relative": 11907,
    "run_value_IQ": [
     5736,
     -5737
    ],
    "stall_end_coincides_with_frame_end": false,
    "is_stall": false
   },
   {
    "frame_index": 1127,
    "frame_start_symtime": 13899291,
    "n_samples_in_frame": 13973,
    "longest_run_symbols": 9,
    "stall_start_tref": 9496,
    "stall_end_tref": 9500,
    "stall_start_data_relative": 9483,
    "run_value_IQ": [
     5736,
     5736
    ],
    "stall_end_coincides_with_frame_end": false,
    "is_stall": false
   },
   {
    "frame_index": 1128,
    "frame_start_symtime": 13911624,
    "n_samples_in_frame": 9488,
    "longest_run_symbols": 5,
    "stall_start_tref": 9496,
    "stall_end_tref": 9500,
    "stall_start_data_relative": 9483,
    "run_value_IQ": [
     5736,
     5736
    ],
    "stall_end_coincides_with_frame_end": false,
    "is_stall": false
   },
   {
    "frame_index": 1129,
    "frame_start_symtime": 13923957,
    "n_samples_in_frame": 9216,
    "longest_run_symbols": 5,
    "stall_start_tref": 997,
    "stall_end_tref": 1001,
    "stall_start_data_relative": 984,
    "run_value_IQ": [
     5736,
     -5737
    ],
    "stall_end_coincides_with_frame_end": false,
    "is_stall": false
   },
   {
    "frame_index": 1130,
    "frame_start_symtime": 13936290,
    "n_samples_in_frame": 8704,
    "longest_run_symbols": 5,
    "stall_start_tref": 997,
    "stall_end_tref": 1001,
    "stall_start_data_relative": 984,
    "run_value_IQ": [
     5736,
     -5737
    ],
    "stall_end_coincides_with_frame_end": false,
    "is_stall": false
   },
   {
    "frame_index": 1131,
    "frame_start_symtime": 13948623,
    "n_samples_in_frame": 9336,
    "longest_run_symbols": 5,
    "stall_start_tref": 997,
    "stall_end_tref": 1001,
    "stall_start_data_relative": 984,
    "run_value_IQ": [
     5736,
     -5737
    ],
    "stall_end_coincides_with_frame_end": false,
    "is_stall": false
   },
   {
    "frame_index": 1132,
    "frame_start_symtime": 13960956,
    "n_samples_in_frame": 9355,
    "longest_run_symbols": 5,
    "stall_start_tref": 997,
    "stall_end_tref": 1001,
    "stall_start_data_relative": 984,
    "run_value_IQ": [
     5736,
     -5737
    ],
    "stall_end_coincides_with_frame_end": false,
    "is_stall": false
   },
   {
    "frame_index": 1133,
    "frame_start_symtime": 13973289,
    "n_samples_in_frame": 9277,
    "longest_run_symbols": 5,
    "stall_start_tref": 997,
    "stall_end_tref": 1001,
    "stall_start_data_relative": 984,
    "run_value_IQ": [
     5736,
     -5737
    ],
    "stall_end_coincides_with_frame_end": false,
    "is_stall": false
   },
   {
    "frame_index": 1134,
    "frame_start_symtime": 13985622,
    "n_samples_in_frame": 9273,
    "longest_run_symbols": 5,
    "stall_start_tref": 997,
    "stall_end_tref": 1001,
    "stall_start_data_relative": 984,
    "run_value_IQ": [
     5736,
     -5737
    ],
    "stall_end_coincides_with_frame_end": false,
    "is_stall": false
   },
   {
    "frame_index": 1135,
    "frame_start_symtime": 13997955,
    "n_samples_in_frame": 8403,
    "longest_run_symbols": 5,
    "stall_start_tref": 997,
    "stall_end_tref": 1001,
    "stall_start_data_relative": 984,
    "run_value_IQ": [
     5736,
     -5737
    ],
    "stall_end_coincides_with_frame_end": false,
    "is_stall": false
   },
   {
    "frame_index": 1136,
    "frame_start_symtime": 14010288,
    "n_samples_in_frame": 9210,
    "longest_run_symbols": 5,
    "stall_start_tref": 997,
    "stall_end_tref": 1001,
    "stall_start_data_relative": 984,
    "run_value_IQ": [
     5736,
     -5737
    ],
    "stall_end_coincides_with_frame_end": false,
    "is_stall": false
   },
   {
    "frame_index": 1137,
    "frame_start_symtime": 14022621,
    "n_samples_in_frame": 9442,
    "longest_run_symbols": 5,
    "stall_start_tref": 997,
    "stall_end_tref": 1001,
    "stall_start_data_relative": 984,
    "run_value_IQ": [
     5736,
     -5737
    ],
    "stall_end_coincides_with_frame_end": false,
    "is_stall": false
   },
   {
    "frame_index": 1138,
    "frame_start_symtime": 14034954,
    "n_samples_in_frame": 9432,
    "longest_run_symbols": 5,
    "stall_start_tref": 9496,
    "stall_end_tref": 9500,
    "stall_start_data_relative": 9483,
    "run_value_IQ": [
     5736,
     5736
    ],
    "stall_end_coincides_with_frame_end": false,
    "is_stall": false
   },
   {
    "frame_index": 1139,
    "frame_start_symtime": 14047287,
    "n_samples_in_frame": 12873,
    "longest_run_symbols": 7,
    "stall_start_tref": 4959,
    "stall_end_tref": 4962,
    "stall_start_data_relative": 4946,
    "run_value_IQ": [
     -5737,
     -5737
    ],
    "stall_end_coincides_with_frame_end": false,
    "is_stall": false
   },
   {
    "frame_index": 1140,
    "frame_start_symtime": 14059620,
    "n_samples_in_frame": 9323,
    "longest_run_symbols": 5,
    "stall_start_tref": 997,
    "stall_end_tref": 1001,
    "stall_start_data_relative": 984,
    "run_value_IQ": [
     5736,
     -5737
    ],
    "stall_end_coincides_with_frame_end": false,
    "is_stall": false
   },
   {
    "frame_index": 1141,
    "frame_start_symtime": 14071953,
    "n_samples_in_frame": 9398,
    "longest_run_symbols": 5,
    "stall_start_tref": 997,
    "stall_end_tref": 1001,
    "stall_start_data_relative": 984,
    "run_value_IQ": [
     5736,
     -5737
    ],
    "stall_end_coincides_with_frame_end": false,
    "is_stall": false
   },
   {
    "frame_index": 1142,
    "frame_start_symtime": 14084286,
    "n_samples_in_frame": 9351,
    "longest_run_symbols": 5,
    "stall_start_tref": 9496,
    "stall_end_tref": 9500,
    "stall_start_data_relative": 9483,
    "run_value_IQ": [
     5736,
     5736
    ],
    "stall_end_coincides_with_frame_end": false,
    "is_stall": false
   },
   {
    "frame_index": 1143,
    "frame_start_symtime": 14096619,
    "n_samples_in_frame": 9231,
    "longest_run_symbols": 5,
    "stall_start_tref": 997,
    "stall_end_tref": 1001,
    "stall_start_data_relative": 984,
    "run_value_IQ": [
     5736,
     -5737
    ],
    "stall_end_coincides_with_frame_end": false,
    "is_stall": false
   },
   {
    "frame_index": 1144,
    "frame_start_symtime": 14108952,
    "n_samples_in_frame": 8330,
    "longest_run_symbols": 5,
    "stall_start_tref": 997,
    "stall_end_tref": 1001,
    "stall_start_data_relative": 984,
    "run_value_IQ": [
     5736,
     -5737
    ],
    "stall_end_coincides_with_frame_end": false,
    "is_stall": false
   },
   {
    "frame_index": 1145,
    "frame_start_symtime": 14121285,
    "n_samples_in_frame": 9082,
    "longest_run_symbols": 5,
    "stall_start_tref": 997,
    "stall_end_tref": 1001,
    "stall_start_data_relative": 984,
    "run_value_IQ": [
     5736,
     -5737
    ],
    "stall_end_coincides_with_frame_end": false,
    "is_stall": false
   },
   {
    "frame_index": 1146,
    "frame_start_symtime": 14133618,
    "n_samples_in_frame": 9334,
    "longest_run_symbols": 5,
    "stall_start_tref": 997,
    "stall_end_tref": 1001,
    "stall_start_data_relative": 984,
    "run_value_IQ": [
     5736,
     -5737
    ],
    "stall_end_coincides_with_frame_end": false,
    "is_stall": false
   },
   {
    "frame_index": 1147,
    "frame_start_symtime": 14145951,
    "n_samples_in_frame": 9372,
    "longest_run_symbols": 5,
    "stall_start_tref": 997,
    "stall_end_tref": 1001,
    "stall_start_data_relative": 984,
    "run_value_IQ": [
     5736,
     -5737
    ],
    "stall_end_coincides_with_frame_end": false,
    "is_stall": false
   },
   {
    "frame_index": 1148,
    "frame_start_symtime": 14158284,
    "n_samples_in_frame": 9322,
    "longest_run_symbols": 5,
    "stall_start_tref": 9496,
    "stall_end_tref": 9500,
    "stall_start_data_relative": 9483,
    "run_value_IQ": [
     5736,
     5736
    ],
    "stall_end_coincides_with_frame_end": false,
    "is_stall": false
   },
   {
    "frame_index": 1149,
    "frame_start_symtime": 14170617,
    "n_samples_in_frame": 8589,
    "longest_run_symbols": 5,
    "stall_start_tref": 9496,
    "stall_end_tref": 9500,
    "stall_start_data_relative": 9483,
    "run_value_IQ": [
     5736,
     5736
    ],
    "stall_end_coincides_with_frame_end": false,
    "is_stall": false
   },
   {
    "frame_index": 1150,
    "frame_start_symtime": 14182950,
    "n_samples_in_frame": 9336,
    "longest_run_symbols": 5,
    "stall_start_tref": 9496,
    "stall_end_tref": 9500,
    "stall_start_data_relative": 9483,
    "run_value_IQ": [
     5736,
     5736
    ],
    "stall_end_coincides_with_frame_end": false,
    "is_stall": false
   },
   {
    "frame_index": 1151,
    "frame_start_symtime": 14195283,
    "n_samples_in_frame": 9339,
    "longest_run_symbols": 5,
    "stall_start_tref": 997,
    "stall_end_tref": 1001,
    "stall_start_data_relative": 984,
    "run_value_IQ": [
     5736,
     -5737
    ],
    "stall_end_coincides_with_frame_end": false,
    "is_stall": false
   },
   {
    "frame_index": 1152,
    "frame_start_symtime": 14207616,
    "n_samples_in_frame": 9216,
    "longest_run_symbols": 5,
    "stall_start_tref": 997,
    "stall_end_tref": 1001,
    "stall_start_data_relative": 984,
    "run_value_IQ": [
     5736,
     -5737
    ],
    "stall_end_coincides_with_frame_end": false,
    "is_stall": false
   },
   {
    "frame_index": 1153,
    "frame_start_symtime": 14219949,
    "n_samples_in_frame": 9216,
    "longest_run_symbols": 5,
    "stall_start_tref": 997,
    "stall_end_tref": 1001,
    "stall_start_data_relative": 984,
    "run_value_IQ": [
     5736,
     -5737
    ],
    "stall_end_coincides_with_frame_end": false,
    "is_stall": false
   },
   {
    "frame_index": 1154,
    "frame_start_symtime": 14232282,
    "n_samples_in_frame": 8704,
    "longest_run_symbols": 5,
    "stall_start_tref": 997,
    "stall_end_tref": 1001,
    "stall_start_data_relative": 984,
    "run_value_IQ": [
     5736,
     -5737
    ],
    "stall_end_coincides_with_frame_end": false,
    "is_stall": false
   },
   {
    "frame_index": 1155,
    "frame_start_symtime": 14244615,
    "n_samples_in_frame": 4608,
    "longest_run_symbols": 5,
    "stall_start_tref": 997,
    "stall_end_tref": 1001,
    "stall_start_data_relative": 984,
    "run_value_IQ": [
     5736,
     -5737
    ],
    "stall_end_coincides_with_frame_end": false,
    "is_stall": false
   },
   {
    "frame_index": 1156,
    "frame_start_symtime": 14256948,
    "n_samples_in_frame": 9294,
    "longest_run_symbols": 5,
    "stall_start_tref": 997,
    "stall_end_tref": 1001,
    "stall_start_data_relative": 984,
    "run_value_IQ": [
     5736,
     -5737
    ],
    "stall_end_coincides_with_frame_end": false,
    "is_stall": false
   },
   {
    "frame_index": 1157,
    "frame_start_symtime": 14269281,
    "n_samples_in_frame": 9440,
    "longest_run_symbols": 5,
    "stall_start_tref": 997,
    "stall_end_tref": 1001,
    "stall_start_data_relative": 984,
    "run_value_IQ": [
     5736,
     -5737
    ],
    "stall_end_coincides_with_frame_end": false,
    "is_stall": false
   },
   {
    "frame_index": 1158,
    "frame_start_symtime": 14281614,
    "n_samples_in_frame": 9365,
    "longest_run_symbols": 5,
    "stall_start_tref": 9496,
    "stall_end_tref": 9500,
    "stall_start_data_relative": 9483,
    "run_value_IQ": [
     5736,
     5736
    ],
    "stall_end_coincides_with_frame_end": false,
    "is_stall": false
   },
   {
    "frame_index": 1159,
    "frame_start_symtime": 14293947,
    "n_samples_in_frame": 8462,
    "longest_run_symbols": 5,
    "stall_start_tref": 997,
    "stall_end_tref": 1001,
    "stall_start_data_relative": 984,
    "run_value_IQ": [
     5736,
     -5737
    ],
    "stall_end_coincides_with_frame_end": false,
    "is_stall": false
   },
   {
    "frame_index": 1160,
    "frame_start_symtime": 14306280,
    "n_samples_in_frame": 9347,
    "longest_run_symbols": 5,
    "stall_start_tref": 9496,
    "stall_end_tref": 9500,
    "stall_start_data_relative": 9483,
    "run_value_IQ": [
     5736,
     5736
    ],
    "stall_end_coincides_with_frame_end": false,
    "is_stall": false
   },
   {
    "frame_index": 1161,
    "frame_start_symtime": 14318613,
    "n_samples_in_frame": 9308,
    "longest_run_symbols": 5,
    "stall_start_tref": 9496,
    "stall_end_tref": 9500,
    "stall_start_data_relative": 9483,
    "run_value_IQ": [
     5736,
     5736
    ],
    "stall_end_coincides_with_frame_end": false,
    "is_stall": false
   },
   {
    "frame_index": 1162,
    "frame_start_symtime": 14330946,
    "n_samples_in_frame": 9296,
    "longest_run_symbols": 5,
    "stall_start_tref": 997,
    "stall_end_tref": 1001,
    "stall_start_data_relative": 984,
    "run_value_IQ": [
     5736,
     -5737
    ],
    "stall_end_coincides_with_frame_end": false,
    "is_stall": false
   },
   {
    "frame_index": 1163,
    "frame_start_symtime": 14343279,
    "n_samples_in_frame": 9246,
    "longest_run_symbols": 5,
    "stall_start_tref": 997,
    "stall_end_tref": 1001,
    "stall_start_data_relative": 984,
    "run_value_IQ": [
     5736,
     -5737
    ],
    "stall_end_coincides_with_frame_end": false,
    "is_stall": false
   },
   {
    "frame_index": 1164,
    "frame_start_symtime": 14355612,
    "n_samples_in_frame": 8674,
    "longest_run_symbols": 5,
    "stall_start_tref": 997,
    "stall_end_tref": 1001,
    "stall_start_data_relative": 984,
    "run_value_IQ": [
     5736,
     -5737
    ],
    "stall_end_coincides_with_frame_end": false,
    "is_stall": false
   },
   {
    "frame_index": 1165,
    "frame_start_symtime": 14367945,
    "n_samples_in_frame": 9427,
    "longest_run_symbols": 5,
    "stall_start_tref": 997,
    "stall_end_tref": 1001,
    "stall_start_data_relative": 984,
    "run_value_IQ": [
     5736,
     -5737
    ],
    "stall_end_coincides_with_frame_end": false,
    "is_stall": false
   },
   {
    "frame_index": 1166,
    "frame_start_symtime": 14380278,
    "n_samples_in_frame": 9350,
    "longest_run_symbols": 5,
    "stall_start_tref": 997,
    "stall_end_tref": 1001,
    "stall_start_data_relative": 984,
    "run_value_IQ": [
     5736,
     -5737
    ],
    "stall_end_coincides_with_frame_end": false,
    "is_stall": false
   },
   {
    "frame_index": 1167,
    "frame_start_symtime": 14392611,
    "n_samples_in_frame": 9383,
    "longest_run_symbols": 5,
    "stall_start_tref": 9496,
    "stall_end_tref": 9500,
    "stall_start_data_relative": 9483,
    "run_value_IQ": [
     5736,
     5736
    ],
    "stall_end_coincides_with_frame_end": false,
    "is_stall": false
   },
   {
    "frame_index": 1168,
    "frame_start_symtime": 14404944,
    "n_samples_in_frame": 9216,
    "longest_run_symbols": 5,
    "stall_start_tref": 997,
    "stall_end_tref": 1001,
    "stall_start_data_relative": 984,
    "run_value_IQ": [
     5736,
     -5737
    ],
    "stall_end_coincides_with_frame_end": false,
    "is_stall": false
   },
   {
    "frame_index": 1169,
    "frame_start_symtime": 14417277,
    "n_samples_in_frame": 8458,
    "longest_run_symbols": 5,
    "stall_start_tref": 997,
    "stall_end_tref": 1001,
    "stall_start_data_relative": 984,
    "run_value_IQ": [
     5736,
     -5737
    ],
    "stall_end_coincides_with_frame_end": false,
    "is_stall": false
   },
   {
    "frame_index": 1170,
    "frame_start_symtime": 14429610,
    "n_samples_in_frame": 11348,
    "longest_run_symbols": 7,
    "stall_start_tref": 8834,
    "stall_end_tref": 8837,
    "stall_start_data_relative": 8821,
    "run_value_IQ": [
     5736,
     -5737
    ],
    "stall_end_coincides_with_frame_end": false,
    "is_stall": false
   },
   {
    "frame_index": 1171,
    "frame_start_symtime": 14441943,
    "n_samples_in_frame": 9346,
    "longest_run_symbols": 5,
    "stall_start_tref": 9496,
    "stall_end_tref": 9500,
    "stall_start_data_relative": 9483,
    "run_value_IQ": [
     5736,
     5736
    ],
    "stall_end_coincides_with_frame_end": false,
    "is_stall": false
   },
   {
    "frame_index": 1172,
    "frame_start_symtime": 14454276,
    "n_samples_in_frame": 9307,
    "longest_run_symbols": 5,
    "stall_start_tref": 997,
    "stall_end_tref": 1001,
    "stall_start_data_relative": 984,
    "run_value_IQ": [
     5736,
     -5737
    ],
    "stall_end_coincides_with_frame_end": false,
    "is_stall": false
   },
   {
    "frame_index": 1173,
    "frame_start_symtime": 14466609,
    "n_samples_in_frame": 8638,
    "longest_run_symbols": 5,
    "stall_start_tref": 997,
    "stall_end_tref": 1001,
    "stall_start_data_relative": 984,
    "run_value_IQ": [
     5736,
     -5737
    ],
    "stall_end_coincides_with_frame_end": false,
    "is_stall": false
   },
   {
    "frame_index": 1174,
    "frame_start_symtime": 14478942,
    "n_samples_in_frame": 9223,
    "longest_run_symbols": 5,
    "stall_start_tref": 997,
    "stall_end_tref": 1001,
    "stall_start_data_relative": 984,
    "run_value_IQ": [
     5736,
     -5737
    ],
    "stall_end_coincides_with_frame_end": false,
    "is_stall": false
   },
   {
    "frame_index": 1175,
    "frame_start_symtime": 14491275,
    "n_samples_in_frame": 9462,
    "longest_run_symbols": 5,
    "stall_start_tref": 997,
    "stall_end_tref": 1001,
    "stall_start_data_relative": 984,
    "run_value_IQ": [
     5736,
     -5737
    ],
    "stall_end_coincides_with_frame_end": false,
    "is_stall": false
   },
   {
    "frame_index": 1176,
    "frame_start_symtime": 14503608,
    "n_samples_in_frame": 9429,
    "longest_run_symbols": 5,
    "stall_start_tref": 9496,
    "stall_end_tref": 9500,
    "stall_start_data_relative": 9483,
    "run_value_IQ": [
     5736,
     5736
    ],
    "stall_end_coincides_with_frame_end": false,
    "is_stall": false
   },
   {
    "frame_index": 1177,
    "frame_start_symtime": 14515941,
    "n_samples_in_frame": 9265,
    "longest_run_symbols": 5,
    "stall_start_tref": 997,
    "stall_end_tref": 1001,
    "stall_start_data_relative": 984,
    "run_value_IQ": [
     5736,
     -5737
    ],
    "stall_end_coincides_with_frame_end": false,
    "is_stall": false
   },
   {
    "frame_index": 1178,
    "frame_start_symtime": 14528274,
    "n_samples_in_frame": 8565,
    "longest_run_symbols": 5,
    "stall_start_tref": 997,
    "stall_end_tref": 1001,
    "stall_start_data_relative": 984,
    "run_value_IQ": [
     5736,
     -5737
    ],
    "stall_end_coincides_with_frame_end": false,
    "is_stall": false
   },
   {
    "frame_index": 1179,
    "frame_start_symtime": 14540607,
    "n_samples_in_frame": 9359,
    "longest_run_symbols": 5,
    "stall_start_tref": 997,
    "stall_end_tref": 1001,
    "stall_start_data_relative": 984,
    "run_value_IQ": [
     5736,
     -5737
    ],
    "stall_end_coincides_with_frame_end": false,
    "is_stall": false
   },
   {
    "frame_index": 1180,
    "frame_start_symtime": 14552940,
    "n_samples_in_frame": 9216,
    "longest_run_symbols": 5,
    "stall_start_tref": 997,
    "stall_end_tref": 1001,
    "stall_start_data_relative": 984,
    "run_value_IQ": [
     5736,
     -5737
    ],
    "stall_end_coincides_with_frame_end": false,
    "is_stall": false
   },
   {
    "frame_index": 1181,
    "frame_start_symtime": 14565273,
    "n_samples_in_frame": 9350,
    "longest_run_symbols": 5,
    "stall_start_tref": 997,
    "stall_end_tref": 1001,
    "stall_start_data_relative": 984,
    "run_value_IQ": [
     5736,
     -5737
    ],
    "stall_end_coincides_with_frame_end": false,
    "is_stall": false
   },
   {
    "frame_index": 1182,
    "frame_start_symtime": 14577606,
    "n_samples_in_frame": 9345,
    "longest_run_symbols": 5,
    "stall_start_tref": 997,
    "stall_end_tref": 1001,
    "stall_start_data_relative": 984,
    "run_value_IQ": [
     5736,
     -5737
    ],
    "stall_end_coincides_with_frame_end": false,
    "is_stall": false
   },
   {
    "frame_index": 1183,
    "frame_start_symtime": 14589939,
    "n_samples_in_frame": 13330,
    "longest_run_symbols": 7,
    "stall_start_tref": 627,
    "stall_end_tref": 630,
    "stall_start_data_relative": 614,
    "run_value_IQ": [
     5736,
     -5737
    ],
    "stall_end_coincides_with_frame_end": false,
    "is_stall": false
   },
   {
    "frame_index": 1184,
    "frame_start_symtime": 14602272,
    "n_samples_in_frame": 9424,
    "longest_run_symbols": 5,
    "stall_start_tref": 9496,
    "stall_end_tref": 9500,
    "stall_start_data_relative": 9483,
    "run_value_IQ": [
     5736,
     5736
    ],
    "stall_end_coincides_with_frame_end": false,
    "is_stall": false
   },
   {
    "frame_index": 1185,
    "frame_start_symtime": 14614605,
    "n_samples_in_frame": 9260,
    "longest_run_symbols": 5,
    "stall_start_tref": 997,
    "stall_end_tref": 1001,
    "stall_start_data_relative": 984,
    "run_value_IQ": [
     5736,
     -5737
    ],
    "stall_end_coincides_with_frame_end": false,
    "is_stall": false
   },
   {
    "frame_index": 1186,
    "frame_start_symtime": 14626938,
    "n_samples_in_frame": 9323,
    "longest_run_symbols": 5,
    "stall_start_tref": 997,
    "stall_end_tref": 1001,
    "stall_start_data_relative": 984,
    "run_value_IQ": [
     5736,
     -5737
    ],
    "stall_end_coincides_with_frame_end": false,
    "is_stall": false
   },
   {
    "frame_index": 1187,
    "frame_start_symtime": 14639271,
    "n_samples_in_frame": 8685,
    "longest_run_symbols": 5,
    "stall_start_tref": 997,
    "stall_end_tref": 1001,
    "stall_start_data_relative": 984,
    "run_value_IQ": [
     5736,
     -5737
    ],
    "stall_end_coincides_with_frame_end": false,
    "is_stall": false
   },
   {
    "frame_index": 1188,
    "frame_start_symtime": 14651604,
    "n_samples_in_frame": 9349,
    "longest_run_symbols": 5,
    "stall_start_tref": 997,
    "stall_end_tref": 1001,
    "stall_start_data_relative": 984,
    "run_value_IQ": [
     5736,
     -5737
    ],
    "stall_end_coincides_with_frame_end": false,
    "is_stall": false
   },
   {
    "frame_index": 1189,
    "frame_start_symtime": 14663937,
    "n_samples_in_frame": 9307,
    "longest_run_symbols": 5,
    "stall_start_tref": 9496,
    "stall_end_tref": 9500,
    "stall_start_data_relative": 9483,
    "run_value_IQ": [
     5736,
     5736
    ],
    "stall_end_coincides_with_frame_end": false,
    "is_stall": false
   },
   {
    "frame_index": 1190,
    "frame_start_symtime": 14676270,
    "n_samples_in_frame": 9395,
    "longest_run_symbols": 5,
    "stall_start_tref": 9496,
    "stall_end_tref": 9500,
    "stall_start_data_relative": 9483,
    "run_value_IQ": [
     5736,
     5736
    ],
    "stall_end_coincides_with_frame_end": false,
    "is_stall": false
   },
   {
    "frame_index": 1191,
    "frame_start_symtime": 14688603,
    "n_samples_in_frame": 9216,
    "longest_run_symbols": 5,
    "stall_start_tref": 997,
    "stall_end_tref": 1001,
    "stall_start_data_relative": 984,
    "run_value_IQ": [
     5736,
     -5737
    ],
    "stall_end_coincides_with_frame_end": false,
    "is_stall": false
   },
   {
    "frame_index": 1192,
    "frame_start_symtime": 14700936,
    "n_samples_in_frame": 8704,
    "longest_run_symbols": 5,
    "stall_start_tref": 997,
    "stall_end_tref": 1001,
    "stall_start_data_relative": 984,
    "run_value_IQ": [
     5736,
     -5737
    ],
    "stall_end_coincides_with_frame_end": false,
    "is_stall": false
   },
   {
    "frame_index": 1193,
    "frame_start_symtime": 14713269,
    "n_samples_in_frame": 9216,
    "longest_run_symbols": 5,
    "stall_start_tref": 997,
    "stall_end_tref": 1001,
    "stall_start_data_relative": 984,
    "run_value_IQ": [
     5736,
     -5737
    ],
    "stall_end_coincides_with_frame_end": false,
    "is_stall": false
   },
   {
    "frame_index": 1194,
    "frame_start_symtime": 14725602,
    "n_samples_in_frame": 9131,
    "longest_run_symbols": 5,
    "stall_start_tref": 997,
    "stall_end_tref": 1001,
    "stall_start_data_relative": 984,
    "run_value_IQ": [
     5736,
     -5737
    ],
    "stall_end_coincides_with_frame_end": false,
    "is_stall": false
   },
   {
    "frame_index": 1195,
    "frame_start_symtime": 14737935,
    "n_samples_in_frame": 9301,
    "longest_run_symbols": 5,
    "stall_start_tref": 997,
    "stall_end_tref": 1001,
    "stall_start_data_relative": 984,
    "run_value_IQ": [
     5736,
     -5737
    ],
    "stall_end_coincides_with_frame_end": false,
    "is_stall": false
   },
   {
    "frame_index": 1196,
    "frame_start_symtime": 14750268,
    "n_samples_in_frame": 9216,
    "longest_run_symbols": 5,
    "stall_start_tref": 997,
    "stall_end_tref": 1001,
    "stall_start_data_relative": 984,
    "run_value_IQ": [
     5736,
     -5737
    ],
    "stall_end_coincides_with_frame_end": false,
    "is_stall": false
   },
   {
    "frame_index": 1197,
    "frame_start_symtime": 14762601,
    "n_samples_in_frame": 8735,
    "longest_run_symbols": 5,
    "stall_start_tref": 997,
    "stall_end_tref": 1001,
    "stall_start_data_relative": 984,
    "run_value_IQ": [
     5736,
     -5737
    ],
    "stall_end_coincides_with_frame_end": false,
    "is_stall": false
   },
   {
    "frame_index": 1198,
    "frame_start_symtime": 14774934,
    "n_samples_in_frame": 9341,
    "longest_run_symbols": 5,
    "stall_start_tref": 997,
    "stall_end_tref": 1001,
    "stall_start_data_relative": 984,
    "run_value_IQ": [
     5736,
     -5737
    ],
    "stall_end_coincides_with_frame_end": false,
    "is_stall": false
   },
   {
    "frame_index": 1199,
    "frame_start_symtime": 14787267,
    "n_samples_in_frame": 9374,
    "longest_run_symbols": 5,
    "stall_start_tref": 997,
    "stall_end_tref": 1001,
    "stall_start_data_relative": 984,
    "run_value_IQ": [
     5736,
     -5737
    ],
    "stall_end_coincides_with_frame_end": false,
    "is_stall": false
   },
   {
    "frame_index": 1200,
    "frame_start_symtime": 14799600,
    "n_samples_in_frame": 9373,
    "longest_run_symbols": 5,
    "stall_start_tref": 9496,
    "stall_end_tref": 9500,
    "stall_start_data_relative": 9483,
    "run_value_IQ": [
     5736,
     5736
    ],
    "stall_end_coincides_with_frame_end": false,
    "is_stall": false
   },
   {
    "frame_index": 1201,
    "frame_start_symtime": 14811933,
    "n_samples_in_frame": 9257,
    "longest_run_symbols": 5,
    "stall_start_tref": 997,
    "stall_end_tref": 1001,
    "stall_start_data_relative": 984,
    "run_value_IQ": [
     5736,
     -5737
    ],
    "stall_end_coincides_with_frame_end": false,
    "is_stall": false
   },
   {
    "frame_index": 1202,
    "frame_start_symtime": 14824266,
    "n_samples_in_frame": 8354,
    "longest_run_symbols": 5,
    "stall_start_tref": 997,
    "stall_end_tref": 1001,
    "stall_start_data_relative": 984,
    "run_value_IQ": [
     5736,
     -5737
    ],
    "stall_end_coincides_with_frame_end": false,
    "is_stall": false
   },
   {
    "frame_index": 1203,
    "frame_start_symtime": 14836599,
    "n_samples_in_frame": 9463,
    "longest_run_symbols": 5,
    "stall_start_tref": 997,
    "stall_end_tref": 1001,
    "stall_start_data_relative": 984,
    "run_value_IQ": [
     5736,
     -5737
    ],
    "stall_end_coincides_with_frame_end": false,
    "is_stall": false
   },
   {
    "frame_index": 1204,
    "frame_start_symtime": 14848932,
    "n_samples_in_frame": 9326,
    "longest_run_symbols": 5,
    "stall_start_tref": 997,
    "stall_end_tref": 1001,
    "stall_start_data_relative": 984,
    "run_value_IQ": [
     5736,
     -5737
    ],
    "stall_end_coincides_with_frame_end": false,
    "is_stall": false
   },
   {
    "frame_index": 1205,
    "frame_start_symtime": 14861265,
    "n_samples_in_frame": 9331,
    "longest_run_symbols": 5,
    "stall_start_tref": 997,
    "stall_end_tref": 1001,
    "stall_start_data_relative": 984,
    "run_value_IQ": [
     5736,
     -5737
    ],
    "stall_end_coincides_with_frame_end": false,
    "is_stall": false
   },
   {
    "frame_index": 1206,
    "frame_start_symtime": 14873598,
    "n_samples_in_frame": 9328,
    "longest_run_symbols": 5,
    "stall_start_tref": 997,
    "stall_end_tref": 1001,
    "stall_start_data_relative": 984,
    "run_value_IQ": [
     5736,
     -5737
    ],
    "stall_end_coincides_with_frame_end": false,
    "is_stall": false
   },
   {
    "frame_index": 1207,
    "frame_start_symtime": 14885931,
    "n_samples_in_frame": 8739,
    "longest_run_symbols": 5,
    "stall_start_tref": 9496,
    "stall_end_tref": 9500,
    "stall_start_data_relative": 9483,
    "run_value_IQ": [
     5736,
     5736
    ],
    "stall_end_coincides_with_frame_end": false,
    "is_stall": false
   },
   {
    "frame_index": 1208,
    "frame_start_symtime": 14898264,
    "n_samples_in_frame": 9366,
    "longest_run_symbols": 5,
    "stall_start_tref": 9496,
    "stall_end_tref": 9500,
    "stall_start_data_relative": 9483,
    "run_value_IQ": [
     5736,
     5736
    ],
    "stall_end_coincides_with_frame_end": false,
    "is_stall": false
   },
   {
    "frame_index": 1209,
    "frame_start_symtime": 14910597,
    "n_samples_in_frame": 9309,
    "longest_run_symbols": 5,
    "stall_start_tref": 997,
    "stall_end_tref": 1001,
    "stall_start_data_relative": 984,
    "run_value_IQ": [
     5736,
     -5737
    ],
    "stall_end_coincides_with_frame_end": false,
    "is_stall": false
   },
   {
    "frame_index": 1210,
    "frame_start_symtime": 14922930,
    "n_samples_in_frame": 9338,
    "longest_run_symbols": 5,
    "stall_start_tref": 997,
    "stall_end_tref": 1001,
    "stall_start_data_relative": 984,
    "run_value_IQ": [
     5736,
     -5737
    ],
    "stall_end_coincides_with_frame_end": false,
    "is_stall": false
   },
   {
    "frame_index": 1211,
    "frame_start_symtime": 14935263,
    "n_samples_in_frame": 4636,
    "longest_run_symbols": 5,
    "stall_start_tref": 997,
    "stall_end_tref": 1001,
    "stall_start_data_relative": 984,
    "run_value_IQ": [
     5736,
     -5737
    ],
    "stall_end_coincides_with_frame_end": false,
    "is_stall": false
   },
   {
    "frame_index": 1212,
    "frame_start_symtime": 14947596,
    "n_samples_in_frame": 8642,
    "longest_run_symbols": 5,
    "stall_start_tref": 997,
    "stall_end_tref": 1001,
    "stall_start_data_relative": 984,
    "run_value_IQ": [
     5736,
     -5737
    ],
    "stall_end_coincides_with_frame_end": false,
    "is_stall": false
   },
   {
    "frame_index": 1213,
    "frame_start_symtime": 14959929,
    "n_samples_in_frame": 9402,
    "longest_run_symbols": 5,
    "stall_start_tref": 997,
    "stall_end_tref": 1001,
    "stall_start_data_relative": 984,
    "run_value_IQ": [
     5736,
     -5737
    ],
    "stall_end_coincides_with_frame_end": false,
    "is_stall": false
   },
   {
    "frame_index": 1214,
    "frame_start_symtime": 14972262,
    "n_samples_in_frame": 9364,
    "longest_run_symbols": 5,
    "stall_start_tref": 9496,
    "stall_end_tref": 9500,
    "stall_start_data_relative": 9483,
    "run_value_IQ": [
     5736,
     5736
    ],
    "stall_end_coincides_with_frame_end": false,
    "is_stall": false
   },
   {
    "frame_index": 1215,
    "frame_start_symtime": 14984595,
    "n_samples_in_frame": 9306,
    "longest_run_symbols": 5,
    "stall_start_tref": 9496,
    "stall_end_tref": 9500,
    "stall_start_data_relative": 9483,
    "run_value_IQ": [
     5736,
     5736
    ],
    "stall_end_coincides_with_frame_end": false,
    "is_stall": false
   },
   {
    "frame_index": 1216,
    "frame_start_symtime": 14996928,
    "n_samples_in_frame": 9216,
    "longest_run_symbols": 5,
    "stall_start_tref": 997,
    "stall_end_tref": 1001,
    "stall_start_data_relative": 984,
    "run_value_IQ": [
     5736,
     -5737
    ],
    "stall_end_coincides_with_frame_end": false,
    "is_stall": false
   },
   {
    "frame_index": 1217,
    "frame_start_symtime": 15009261,
    "n_samples_in_frame": 8581,
    "longest_run_symbols": 5,
    "stall_start_tref": 997,
    "stall_end_tref": 1001,
    "stall_start_data_relative": 984,
    "run_value_IQ": [
     5736,
     -5737
    ],
    "stall_end_coincides_with_frame_end": false,
    "is_stall": false
   },
   {
    "frame_index": 1218,
    "frame_start_symtime": 15021594,
    "n_samples_in_frame": 9175,
    "longest_run_symbols": 5,
    "stall_start_tref": 997,
    "stall_end_tref": 1001,
    "stall_start_data_relative": 984,
    "run_value_IQ": [
     5736,
     -5737
    ],
    "stall_end_coincides_with_frame_end": false,
    "is_stall": false
   },
   {
    "frame_index": 1219,
    "frame_start_symtime": 15033927,
    "n_samples_in_frame": 6894,
    "longest_run_symbols": 5,
    "stall_start_tref": 11920,
    "stall_end_tref": 11924,
    "stall_start_data_relative": 11907,
    "run_value_IQ": [
     5736,
     -5737
    ],
    "stall_end_coincides_with_frame_end": false,
    "is_stall": false
   },
   {
    "frame_index": 1220,
    "frame_start_symtime": 15046260,
    "n_samples_in_frame": 9342,
    "longest_run_symbols": 5,
    "stall_start_tref": 997,
    "stall_end_tref": 1001,
    "stall_start_data_relative": 984,
    "run_value_IQ": [
     5736,
     -5737
    ],
    "stall_end_coincides_with_frame_end": false,
    "is_stall": false
   },
   {
    "frame_index": 1221,
    "frame_start_symtime": 15058593,
    "n_samples_in_frame": 9427,
    "longest_run_symbols": 5,
    "stall_start_tref": 9496,
    "stall_end_tref": 9500,
    "stall_start_data_relative": 9483,
    "run_value_IQ": [
     5736,
     5736
    ],
    "stall_end_coincides_with_frame_end": false,
    "is_stall": false
   },
   {
    "frame_index": 1222,
    "frame_start_symtime": 15070926,
    "n_samples_in_frame": 8808,
    "longest_run_symbols": 5,
    "stall_start_tref": 997,
    "stall_end_tref": 1001,
    "stall_start_data_relative": 984,
    "run_value_IQ": [
     5736,
     -5737
    ],
    "stall_end_coincides_with_frame_end": false,
    "is_stall": false
   },
   {
    "frame_index": 1223,
    "frame_start_symtime": 15083259,
    "n_samples_in_frame": 9335,
    "longest_run_symbols": 5,
    "stall_start_tref": 997,
    "stall_end_tref": 1001,
    "stall_start_data_relative": 984,
    "run_value_IQ": [
     5736,
     -5737
    ],
    "stall_end_coincides_with_frame_end": false,
    "is_stall": false
   },
   {
    "frame_index": 1224,
    "frame_start_symtime": 15095592,
    "n_samples_in_frame": 9118,
    "longest_run_symbols": 5,
    "stall_start_tref": 997,
    "stall_end_tref": 1001,
    "stall_start_data_relative": 984,
    "run_value_IQ": [
     5736,
     -5737
    ],
    "stall_end_coincides_with_frame_end": false,
    "is_stall": false
   },
   {
    "frame_index": 1225,
    "frame_start_symtime": 15107925,
    "n_samples_in_frame": 9507,
    "longest_run_symbols": 5,
    "stall_start_tref": 997,
    "stall_end_tref": 1001,
    "stall_start_data_relative": 984,
    "run_value_IQ": [
     5736,
     -5737
    ],
    "stall_end_coincides_with_frame_end": false,
    "is_stall": false
   },
   {
    "frame_index": 1226,
    "frame_start_symtime": 15120258,
    "n_samples_in_frame": 9343,
    "longest_run_symbols": 5,
    "stall_start_tref": 9496,
    "stall_end_tref": 9500,
    "stall_start_data_relative": 9483,
    "run_value_IQ": [
     5736,
     5736
    ],
    "stall_end_coincides_with_frame_end": false,
    "is_stall": false
   },
   {
    "frame_index": 1227,
    "frame_start_symtime": 15132591,
    "n_samples_in_frame": 8608,
    "longest_run_symbols": 5,
    "stall_start_tref": 997,
    "stall_end_tref": 1001,
    "stall_start_data_relative": 984,
    "run_value_IQ": [
     5736,
     -5737
    ],
    "stall_end_coincides_with_frame_end": false,
    "is_stall": false
   },
   {
    "frame_index": 1228,
    "frame_start_symtime": 15144924,
    "n_samples_in_frame": 9382,
    "longest_run_symbols": 5,
    "stall_start_tref": 9496,
    "stall_end_tref": 9500,
    "stall_start_data_relative": 9483,
    "run_value_IQ": [
     5736,
     5736
    ],
    "stall_end_coincides_with_frame_end": false,
    "is_stall": false
   },
   {
    "frame_index": 1229,
    "frame_start_symtime": 15157257,
    "n_samples_in_frame": 9273,
    "longest_run_symbols": 5,
    "stall_start_tref": 997,
    "stall_end_tref": 1001,
    "stall_start_data_relative": 984,
    "run_value_IQ": [
     5736,
     -5737
    ],
    "stall_end_coincides_with_frame_end": false,
    "is_stall": false
   },
   {
    "frame_index": 1230,
    "frame_start_symtime": 15169590,
    "n_samples_in_frame": 9338,
    "longest_run_symbols": 5,
    "stall_start_tref": 997,
    "stall_end_tref": 1001,
    "stall_start_data_relative": 984,
    "run_value_IQ": [
     5736,
     -5737
    ],
    "stall_end_coincides_with_frame_end": false,
    "is_stall": false
   },
   {
    "frame_index": 1231,
    "frame_start_symtime": 15181923,
    "n_samples_in_frame": 9373,
    "longest_run_symbols": 5,
    "stall_start_tref": 997,
    "stall_end_tref": 1001,
    "stall_start_data_relative": 984,
    "run_value_IQ": [
     5736,
     -5737
    ],
    "stall_end_coincides_with_frame_end": false,
    "is_stall": false
   },
   {
    "frame_index": 1232,
    "frame_start_symtime": 15194256,
    "n_samples_in_frame": 8452,
    "longest_run_symbols": 5,
    "stall_start_tref": 11920,
    "stall_end_tref": 11924,
    "stall_start_data_relative": 11907,
    "run_value_IQ": [
     5736,
     -5737
    ],
    "stall_end_coincides_with_frame_end": false,
    "is_stall": false
   },
   {
    "frame_index": 1233,
    "frame_start_symtime": 15206589,
    "n_samples_in_frame": 9281,
    "longest_run_symbols": 5,
    "stall_start_tref": 997,
    "stall_end_tref": 1001,
    "stall_start_data_relative": 984,
    "run_value_IQ": [
     5736,
     -5737
    ],
    "stall_end_coincides_with_frame_end": false,
    "is_stall": false
   },
   {
    "frame_index": 1234,
    "frame_start_symtime": 15218922,
    "n_samples_in_frame": 9415,
    "longest_run_symbols": 5,
    "stall_start_tref": 997,
    "stall_end_tref": 1001,
    "stall_start_data_relative": 984,
    "run_value_IQ": [
     5736,
     -5737
    ],
    "stall_end_coincides_with_frame_end": false,
    "is_stall": false
   },
   {
    "frame_index": 1235,
    "frame_start_symtime": 15231255,
    "n_samples_in_frame": 9380,
    "longest_run_symbols": 5,
    "stall_start_tref": 997,
    "stall_end_tref": 1001,
    "stall_start_data_relative": 984,
    "run_value_IQ": [
     5736,
     -5737
    ],
    "stall_end_coincides_with_frame_end": false,
    "is_stall": false
   },
   {
    "frame_index": 1236,
    "frame_start_symtime": 15243588,
    "n_samples_in_frame": 9216,
    "longest_run_symbols": 5,
    "stall_start_tref": 997,
    "stall_end_tref": 1001,
    "stall_start_data_relative": 984,
    "run_value_IQ": [
     5736,
     -5737
    ],
    "stall_end_coincides_with_frame_end": false,
    "is_stall": false
   },
   {
    "frame_index": 1237,
    "frame_start_symtime": 15255921,
    "n_samples_in_frame": 8704,
    "longest_run_symbols": 5,
    "stall_start_tref": 11920,
    "stall_end_tref": 11924,
    "stall_start_data_relative": 11907,
    "run_value_IQ": [
     5736,
     -5737
    ],
    "stall_end_coincides_with_frame_end": false,
    "is_stall": false
   },
   {
    "frame_index": 1238,
    "frame_start_symtime": 15268254,
    "n_samples_in_frame": 9308,
    "longest_run_symbols": 5,
    "stall_start_tref": 997,
    "stall_end_tref": 1001,
    "stall_start_data_relative": 984,
    "run_value_IQ": [
     5736,
     -5737
    ],
    "stall_end_coincides_with_frame_end": false,
    "is_stall": false
   },
   {
    "frame_index": 1239,
    "frame_start_symtime": 15280587,
    "n_samples_in_frame": 13955,
    "longest_run_symbols": 9,
    "stall_start_tref": 9496,
    "stall_end_tref": 9500,
    "stall_start_data_relative": 9483,
    "run_value_IQ": [
     5736,
     5736
    ],
    "stall_end_coincides_with_frame_end": false,
    "is_stall": false
   },
   {
    "frame_index": 1240,
    "frame_start_symtime": 15292920,
    "n_samples_in_frame": 9377,
    "longest_run_symbols": 5,
    "stall_start_tref": 9496,
    "stall_end_tref": 9500,
    "stall_start_data_relative": 9483,
    "run_value_IQ": [
     5736,
     5736
    ],
    "stall_end_coincides_with_frame_end": false,
    "is_stall": false
   },
   {
    "frame_index": 1241,
    "frame_start_symtime": 15305253,
    "n_samples_in_frame": 7804,
    "longest_run_symbols": 5,
    "stall_start_tref": 9496,
    "stall_end_tref": 9500,
    "stall_start_data_relative": 9483,
    "run_value_IQ": [
     5736,
     5736
    ],
    "stall_end_coincides_with_frame_end": false,
    "is_stall": false
   },
   {
    "frame_index": 1242,
    "frame_start_symtime": 15317586,
    "n_samples_in_frame": 9220,
    "longest_run_symbols": 5,
    "stall_start_tref": 997,
    "stall_end_tref": 1001,
    "stall_start_data_relative": 984,
    "run_value_IQ": [
     5736,
     -5737
    ],
    "stall_end_coincides_with_frame_end": false,
    "is_stall": false
   },
   {
    "frame_index": 1243,
    "frame_start_symtime": 15329919,
    "n_samples_in_frame": 9155,
    "longest_run_symbols": 5,
    "stall_start_tref": 997,
    "stall_end_tref": 1001,
    "stall_start_data_relative": 984,
    "run_value_IQ": [
     5736,
     -5737
    ],
    "stall_end_coincides_with_frame_end": false,
    "is_stall": false
   },
   {
    "frame_index": 1244,
    "frame_start_symtime": 15342252,
    "n_samples_in_frame": 9277,
    "longest_run_symbols": 5,
    "stall_start_tref": 997,
    "stall_end_tref": 1001,
    "stall_start_data_relative": 984,
    "run_value_IQ": [
     5736,
     -5737
    ],
    "stall_end_coincides_with_frame_end": false,
    "is_stall": false
   },
   {
    "frame_index": 1245,
    "frame_start_symtime": 15354585,
    "n_samples_in_frame": 9273,
    "longest_run_symbols": 5,
    "stall_start_tref": 997,
    "stall_end_tref": 1001,
    "stall_start_data_relative": 984,
    "run_value_IQ": [
     5736,
     -5737
    ],
    "stall_end_coincides_with_frame_end": false,
    "is_stall": false
   },
   {
    "frame_index": 1246,
    "frame_start_symtime": 15366918,
    "n_samples_in_frame": 8603,
    "longest_run_symbols": 5,
    "stall_start_tref": 9496,
    "stall_end_tref": 9500,
    "stall_start_data_relative": 9483,
    "run_value_IQ": [
     5736,
     5736
    ],
    "stall_end_coincides_with_frame_end": false,
    "is_stall": false
   },
   {
    "frame_index": 1247,
    "frame_start_symtime": 15379251,
    "n_samples_in_frame": 9260,
    "longest_run_symbols": 5,
    "stall_start_tref": 997,
    "stall_end_tref": 1001,
    "stall_start_data_relative": 984,
    "run_value_IQ": [
     5736,
     -5737
    ],
    "stall_end_coincides_with_frame_end": false,
    "is_stall": false
   },
   {
    "frame_index": 1248,
    "frame_start_symtime": 15391584,
    "n_samples_in_frame": 9216,
    "longest_run_symbols": 5,
    "stall_start_tref": 997,
    "stall_end_tref": 1001,
    "stall_start_data_relative": 984,
    "run_value_IQ": [
     5736,
     -5737
    ],
    "stall_end_coincides_with_frame_end": false,
    "is_stall": false
   },
   {
    "frame_index": 1249,
    "frame_start_symtime": 15403917,
    "n_samples_in_frame": 9274,
    "longest_run_symbols": 5,
    "stall_start_tref": 997,
    "stall_end_tref": 1001,
    "stall_start_data_relative": 984,
    "run_value_IQ": [
     5736,
     -5737
    ],
    "stall_end_coincides_with_frame_end": false,
    "is_stall": false
   },
   {
    "frame_index": 1250,
    "frame_start_symtime": 15416250,
    "n_samples_in_frame": 8134,
    "longest_run_symbols": 5,
    "stall_start_tref": 997,
    "stall_end_tref": 1001,
    "stall_start_data_relative": 984,
    "run_value_IQ": [
     5736,
     -5737
    ],
    "stall_end_coincides_with_frame_end": false,
    "is_stall": false
   },
   {
    "frame_index": 1251,
    "frame_start_symtime": 15428583,
    "n_samples_in_frame": 8978,
    "longest_run_symbols": 5,
    "stall_start_tref": 9496,
    "stall_end_tref": 9500,
    "stall_start_data_relative": 9483,
    "run_value_IQ": [
     5736,
     5736
    ],
    "stall_end_coincides_with_frame_end": false,
    "is_stall": false
   },
   {
    "frame_index": 1252,
    "frame_start_symtime": 15440916,
    "n_samples_in_frame": 4846,
    "longest_run_symbols": 5,
    "stall_start_tref": 11920,
    "stall_end_tref": 11924,
    "stall_start_data_relative": 11907,
    "run_value_IQ": [
     5736,
     -5737
    ],
    "stall_end_coincides_with_frame_end": false,
    "is_stall": false
   },
   {
    "frame_index": 1253,
    "frame_start_symtime": 15453249,
    "n_samples_in_frame": 9390,
    "longest_run_symbols": 5,
    "stall_start_tref": 997,
    "stall_end_tref": 1001,
    "stall_start_data_relative": 984,
    "run_value_IQ": [
     5736,
     -5737
    ],
    "stall_end_coincides_with_frame_end": false,
    "is_stall": false
   },
   {
    "frame_index": 1254,
    "frame_start_symtime": 15465582,
    "n_samples_in_frame": 9371,
    "longest_run_symbols": 5,
    "stall_start_tref": 997,
    "stall_end_tref": 1001,
    "stall_start_data_relative": 984,
    "run_value_IQ": [
     5736,
     -5737
    ],
    "stall_end_coincides_with_frame_end": false,
    "is_stall": false
   },
   {
    "frame_index": 1255,
    "frame_start_symtime": 15477915,
    "n_samples_in_frame": 9399,
    "longest_run_symbols": 5,
    "stall_start_tref": 997,
    "stall_end_tref": 1001,
    "stall_start_data_relative": 984,
    "run_value_IQ": [
     5736,
     -5737
    ],
    "stall_end_coincides_with_frame_end": false,
    "is_stall": false
   },
   {
    "frame_index": 1256,
    "frame_start_symtime": 15490248,
    "n_samples_in_frame": 8561,
    "longest_run_symbols": 5,
    "stall_start_tref": 997,
    "stall_end_tref": 1001,
    "stall_start_data_relative": 984,
    "run_value_IQ": [
     5736,
     -5737
    ],
    "stall_end_coincides_with_frame_end": false,
    "is_stall": false
   },
   {
    "frame_index": 1257,
    "frame_start_symtime": 15502581,
    "n_samples_in_frame": 9244,
    "longest_run_symbols": 5,
    "stall_start_tref": 9496,
    "stall_end_tref": 9500,
    "stall_start_data_relative": 9483,
    "run_value_IQ": [
     5736,
     5736
    ],
    "stall_end_coincides_with_frame_end": false,
    "is_stall": false
   },
   {
    "frame_index": 1258,
    "frame_start_symtime": 15514914,
    "n_samples_in_frame": 9320,
    "longest_run_symbols": 5,
    "stall_start_tref": 997,
    "stall_end_tref": 1001,
    "stall_start_data_relative": 984,
    "run_value_IQ": [
     5736,
     -5737
    ],
    "stall_end_coincides_with_frame_end": false,
    "is_stall": false
   },
   {
    "frame_index": 1259,
    "frame_start_symtime": 15527247,
    "n_samples_in_frame": 9227,
    "longest_run_symbols": 5,
    "stall_start_tref": 997,
    "stall_end_tref": 1001,
    "stall_start_data_relative": 984,
    "run_value_IQ": [
     5736,
     -5737
    ],
    "stall_end_coincides_with_frame_end": false,
    "is_stall": false
   },
   {
    "frame_index": 1260,
    "frame_start_symtime": 15539580,
    "n_samples_in_frame": 8894,
    "longest_run_symbols": 5,
    "stall_start_tref": 997,
    "stall_end_tref": 1001,
    "stall_start_data_relative": 984,
    "run_value_IQ": [
     5736,
     -5737
    ],
    "stall_end_coincides_with_frame_end": false,
    "is_stall": false
   },
   {
    "frame_index": 1261,
    "frame_start_symtime": 15551913,
    "n_samples_in_frame": 9026,
    "longest_run_symbols": 5,
    "stall_start_tref": 997,
    "stall_end_tref": 1001,
    "stall_start_data_relative": 984,
    "run_value_IQ": [
     5736,
     -5737
    ],
    "stall_end_coincides_with_frame_end": false,
    "is_stall": false
   },
   {
    "frame_index": 1262,
    "frame_start_symtime": 15564246,
    "n_samples_in_frame": 9357,
    "longest_run_symbols": 5,
    "stall_start_tref": 997,
    "stall_end_tref": 1001,
    "stall_start_data_relative": 984,
    "run_value_IQ": [
     5736,
     -5737
    ],
    "stall_end_coincides_with_frame_end": false,
    "is_stall": false
   },
   {
    "frame_index": 1263,
    "frame_start_symtime": 15576579,
    "n_samples_in_frame": 9317,
    "longest_run_symbols": 5,
    "stall_start_tref": 997,
    "stall_end_tref": 1001,
    "stall_start_data_relative": 984,
    "run_value_IQ": [
     5736,
     -5737
    ],
    "stall_end_coincides_with_frame_end": false,
    "is_stall": false
   },
   {
    "frame_index": 1264,
    "frame_start_symtime": 15588912,
    "n_samples_in_frame": 9344,
    "longest_run_symbols": 5,
    "stall_start_tref": 9496,
    "stall_end_tref": 9500,
    "stall_start_data_relative": 9483,
    "run_value_IQ": [
     5736,
     5736
    ],
    "stall_end_coincides_with_frame_end": false,
    "is_stall": false
   },
   {
    "frame_index": 1265,
    "frame_start_symtime": 15601245,
    "n_samples_in_frame": 8846,
    "longest_run_symbols": 5,
    "stall_start_tref": 997,
    "stall_end_tref": 1001,
    "stall_start_data_relative": 984,
    "run_value_IQ": [
     5736,
     -5737
    ],
    "stall_end_coincides_with_frame_end": false,
    "is_stall": false
   },
   {
    "frame_index": 1266,
    "frame_start_symtime": 15613578,
    "n_samples_in_frame": 9216,
    "longest_run_symbols": 5,
    "stall_start_tref": 997,
    "stall_end_tref": 1001,
    "stall_start_data_relative": 984,
    "run_value_IQ": [
     5736,
     -5737
    ],
    "stall_end_coincides_with_frame_end": false,
    "is_stall": false
   },
   {
    "frame_index": 1267,
    "frame_start_symtime": 15625911,
    "n_samples_in_frame": 8767,
    "longest_run_symbols": 5,
    "stall_start_tref": 997,
    "stall_end_tref": 1001,
    "stall_start_data_relative": 984,
    "run_value_IQ": [
     5736,
     -5737
    ],
    "stall_end_coincides_with_frame_end": false,
    "is_stall": false
   },
   {
    "frame_index": 1268,
    "frame_start_symtime": 15638244,
    "n_samples_in_frame": 4608,
    "longest_run_symbols": 5,
    "stall_start_tref": 997,
    "stall_end_tref": 1001,
    "stall_start_data_relative": 984,
    "run_value_IQ": [
     5736,
     -5737
    ],
    "stall_end_coincides_with_frame_end": false,
    "is_stall": false
   },
   {
    "frame_index": 1269,
    "frame_start_symtime": 15650577,
    "n_samples_in_frame": 9283,
    "longest_run_symbols": 5,
    "stall_start_tref": 997,
    "stall_end_tref": 1001,
    "stall_start_data_relative": 984,
    "run_value_IQ": [
     5736,
     -5737
    ],
    "stall_end_coincides_with_frame_end": false,
    "is_stall": false
   },
   {
    "frame_index": 1270,
    "frame_start_symtime": 15662910,
    "n_samples_in_frame": 8857,
    "longest_run_symbols": 5,
    "stall_start_tref": 997,
    "stall_end_tref": 1001,
    "stall_start_data_relative": 984,
    "run_value_IQ": [
     5736,
     -5737
    ],
    "stall_end_coincides_with_frame_end": false,
    "is_stall": false
   },
   {
    "frame_index": 1271,
    "frame_start_symtime": 15675243,
    "n_samples_in_frame": 9065,
    "longest_run_symbols": 5,
    "stall_start_tref": 997,
    "stall_end_tref": 1001,
    "stall_start_data_relative": 984,
    "run_value_IQ": [
     5736,
     -5737
    ],
    "stall_end_coincides_with_frame_end": false,
    "is_stall": false
   },
   {
    "frame_index": 1272,
    "frame_start_symtime": 15687576,
    "n_samples_in_frame": 9422,
    "longest_run_symbols": 5,
    "stall_start_tref": 997,
    "stall_end_tref": 1001,
    "stall_start_data_relative": 984,
    "run_value_IQ": [
     5736,
     -5737
    ],
    "stall_end_coincides_with_frame_end": false,
    "is_stall": false
   },
   {
    "frame_index": 1273,
    "frame_start_symtime": 15699909,
    "n_samples_in_frame": 9390,
    "longest_run_symbols": 5,
    "stall_start_tref": 997,
    "stall_end_tref": 1001,
    "stall_start_data_relative": 984,
    "run_value_IQ": [
     5736,
     -5737
    ],
    "stall_end_coincides_with_frame_end": false,
    "is_stall": false
   },
   {
    "frame_index": 1274,
    "frame_start_symtime": 15712242,
    "n_samples_in_frame": 9286,
    "longest_run_symbols": 5,
    "stall_start_tref": 997,
    "stall_end_tref": 1001,
    "stall_start_data_relative": 984,
    "run_value_IQ": [
     5736,
     -5737
    ],
    "stall_end_coincides_with_frame_end": false,
    "is_stall": false
   },
   {
    "frame_index": 1275,
    "frame_start_symtime": 15724575,
    "n_samples_in_frame": 8762,
    "longest_run_symbols": 5,
    "stall_start_tref": 997,
    "stall_end_tref": 1001,
    "stall_start_data_relative": 984,
    "run_value_IQ": [
     5736,
     -5737
    ],
    "stall_end_coincides_with_frame_end": false,
    "is_stall": false
   },
   {
    "frame_index": 1276,
    "frame_start_symtime": 15736908,
    "n_samples_in_frame": 9216,
    "longest_run_symbols": 5,
    "stall_start_tref": 997,
    "stall_end_tref": 1001,
    "stall_start_data_relative": 984,
    "run_value_IQ": [
     5736,
     -5737
    ],
    "stall_end_coincides_with_frame_end": false,
    "is_stall": false
   },
   {
    "frame_index": 1277,
    "frame_start_symtime": 15749241,
    "n_samples_in_frame": 9328,
    "longest_run_symbols": 5,
    "stall_start_tref": 997,
    "stall_end_tref": 1001,
    "stall_start_data_relative": 984,
    "run_value_IQ": [
     5736,
     -5737
    ],
    "stall_end_coincides_with_frame_end": false,
    "is_stall": false
   },
   {
    "frame_index": 1278,
    "frame_start_symtime": 15761574,
    "n_samples_in_frame": 9449,
    "longest_run_symbols": 5,
    "stall_start_tref": 9496,
    "stall_end_tref": 9500,
    "stall_start_data_relative": 9483,
    "run_value_IQ": [
     5736,
     5736
    ],
    "stall_end_coincides_with_frame_end": false,
    "is_stall": false
   },
   {
    "frame_index": 1279,
    "frame_start_symtime": 15773907,
    "n_samples_in_frame": 9266,
    "longest_run_symbols": 5,
    "stall_start_tref": 997,
    "stall_end_tref": 1001,
    "stall_start_data_relative": 984,
    "run_value_IQ": [
     5736,
     -5737
    ],
    "stall_end_coincides_with_frame_end": false,
    "is_stall": false
   },
   {
    "frame_index": 1280,
    "frame_start_symtime": 15786240,
    "n_samples_in_frame": 8696,
    "longest_run_symbols": 5,
    "stall_start_tref": 997,
    "stall_end_tref": 1001,
    "stall_start_data_relative": 984,
    "run_value_IQ": [
     5736,
     -5737
    ],
    "stall_end_coincides_with_frame_end": false,
    "is_stall": false
   },
   {
    "frame_index": 1281,
    "frame_start_symtime": 15798573,
    "n_samples_in_frame": 9415,
    "longest_run_symbols": 5,
    "stall_start_tref": 997,
    "stall_end_tref": 1001,
    "stall_start_data_relative": 984,
    "run_value_IQ": [
     5736,
     -5737
    ],
    "stall_end_coincides_with_frame_end": false,
    "is_stall": false
   },
   {
    "frame_index": 1282,
    "frame_start_symtime": 15810906,
    "n_samples_in_frame": 9372,
    "longest_run_symbols": 5,
    "stall_start_tref": 9496,
    "stall_end_tref": 9500,
    "stall_start_data_relative": 9483,
    "run_value_IQ": [
     5736,
     5736
    ],
    "stall_end_coincides_with_frame_end": false,
    "is_stall": false
   },
   {
    "frame_index": 1283,
    "frame_start_symtime": 15823239,
    "n_samples_in_frame": 9370,
    "longest_run_symbols": 5,
    "stall_start_tref": 9496,
    "stall_end_tref": 9500,
    "stall_start_data_relative": 9483,
    "run_value_IQ": [
     5736,
     5736
    ],
    "stall_end_coincides_with_frame_end": false,
    "is_stall": false
   },
   {
    "frame_index": 1284,
    "frame_start_symtime": 15835572,
    "n_samples_in_frame": 6656,
    "longest_run_symbols": 5,
    "stall_start_tref": 997,
    "stall_end_tref": 1001,
    "stall_start_data_relative": 984,
    "run_value_IQ": [
     5736,
     -5737
    ],
    "stall_end_coincides_with_frame_end": false,
    "is_stall": false
   },
   {
    "frame_index": 1285,
    "frame_start_symtime": 15847905,
    "n_samples_in_frame": 8704,
    "longest_run_symbols": 5,
    "stall_start_tref": 997,
    "stall_end_tref": 1001,
    "stall_start_data_relative": 984,
    "run_value_IQ": [
     5736,
     -5737
    ],
    "stall_end_coincides_with_frame_end": false,
    "is_stall": false
   },
   {
    "frame_index": 1286,
    "frame_start_symtime": 15860238,
    "n_samples_in_frame": 9216,
    "longest_run_symbols": 5,
    "stall_start_tref": 997,
    "stall_end_tref": 1001,
    "stall_start_data_relative": 984,
    "run_value_IQ": [
     5736,
     -5737
    ],
    "stall_end_coincides_with_frame_end": false,
    "is_stall": false
   },
   {
    "frame_index": 1287,
    "frame_start_symtime": 15872571,
    "n_samples_in_frame": 9422,
    "longest_run_symbols": 5,
    "stall_start_tref": 997,
    "stall_end_tref": 1001,
    "stall_start_data_relative": 984,
    "run_value_IQ": [
     5736,
     -5737
    ],
    "stall_end_coincides_with_frame_end": false,
    "is_stall": false
   },
   {
    "frame_index": 1288,
    "frame_start_symtime": 15884904,
    "n_samples_in_frame": 9410,
    "longest_run_symbols": 5,
    "stall_start_tref": 9496,
    "stall_end_tref": 9500,
    "stall_start_data_relative": 9483,
    "run_value_IQ": [
     5736,
     5736
    ],
    "stall_end_coincides_with_frame_end": false,
    "is_stall": false
   },
   {
    "frame_index": 1289,
    "frame_start_symtime": 15897237,
    "n_samples_in_frame": 9328,
    "longest_run_symbols": 5,
    "stall_start_tref": 997,
    "stall_end_tref": 1001,
    "stall_start_data_relative": 984,
    "run_value_IQ": [
     5736,
     -5737
    ],
    "stall_end_coincides_with_frame_end": false,
    "is_stall": false
   },
   {
    "frame_index": 1290,
    "frame_start_symtime": 15909570,
    "n_samples_in_frame": 8701,
    "longest_run_symbols": 5,
    "stall_start_tref": 997,
    "stall_end_tref": 1001,
    "stall_start_data_relative": 984,
    "run_value_IQ": [
     5736,
     -5737
    ],
    "stall_end_coincides_with_frame_end": false,
    "is_stall": false
   },
   {
    "frame_index": 1291,
    "frame_start_symtime": 15921903,
    "n_samples_in_frame": 9219,
    "longest_run_symbols": 5,
    "stall_start_tref": 997,
    "stall_end_tref": 1001,
    "stall_start_data_relative": 984,
    "run_value_IQ": [
     5736,
     -5737
    ],
    "stall_end_coincides_with_frame_end": false,
    "is_stall": false
   },
   {
    "frame_index": 1292,
    "frame_start_symtime": 15934236,
    "n_samples_in_frame": 9335,
    "longest_run_symbols": 5,
    "stall_start_tref": 997,
    "stall_end_tref": 1001,
    "stall_start_data_relative": 984,
    "run_value_IQ": [
     5736,
     -5737
    ],
    "stall_end_coincides_with_frame_end": false,
    "is_stall": false
   },
   {
    "frame_index": 1293,
    "frame_start_symtime": 15946569,
    "n_samples_in_frame": 9428,
    "longest_run_symbols": 5,
    "stall_start_tref": 997,
    "stall_end_tref": 1001,
    "stall_start_data_relative": 984,
    "run_value_IQ": [
     5736,
     -5737
    ],
    "stall_end_coincides_with_frame_end": false,
    "is_stall": false
   },
   {
    "frame_index": 1294,
    "frame_start_symtime": 15958902,
    "n_samples_in_frame": 9115,
    "longest_run_symbols": 5,
    "stall_start_tref": 9496,
    "stall_end_tref": 9500,
    "stall_start_data_relative": 9483,
    "run_value_IQ": [
     5736,
     5736
    ],
    "stall_end_coincides_with_frame_end": false,
    "is_stall": false
   },
   {
    "frame_index": 1295,
    "frame_start_symtime": 15971235,
    "n_samples_in_frame": 8474,
    "longest_run_symbols": 5,
    "stall_start_tref": 997,
    "stall_end_tref": 1001,
    "stall_start_data_relative": 984,
    "run_value_IQ": [
     5736,
     -5737
    ],
    "stall_end_coincides_with_frame_end": false,
    "is_stall": false
   },
   {
    "frame_index": 1296,
    "frame_start_symtime": 15983568,
    "n_samples_in_frame": 9305,
    "longest_run_symbols": 5,
    "stall_start_tref": 997,
    "stall_end_tref": 1001,
    "stall_start_data_relative": 984,
    "run_value_IQ": [
     5736,
     -5737
    ],
    "stall_end_coincides_with_frame_end": false,
    "is_stall": false
   },
   {
    "frame_index": 1297,
    "frame_start_symtime": 15995901,
    "n_samples_in_frame": 4695,
    "longest_run_symbols": 5,
    "stall_start_tref": 997,
    "stall_end_tref": 1001,
    "stall_start_data_relative": 984,
    "run_value_IQ": [
     5736,
     -5737
    ],
    "stall_end_coincides_with_frame_end": false,
    "is_stall": false
   },
   {
    "frame_index": 1298,
    "frame_start_symtime": 16008234,
    "n_samples_in_frame": 9473,
    "longest_run_symbols": 5,
    "stall_start_tref": 9496,
    "stall_end_tref": 9500,
    "stall_start_data_relative": 9483,
    "run_value_IQ": [
     5736,
     5736
    ],
    "stall_end_coincides_with_frame_end": false,
    "is_stall": false
   },
   {
    "frame_index": 1299,
    "frame_start_symtime": 16020567,
    "n_samples_in_frame": 9295,
    "longest_run_symbols": 5,
    "stall_start_tref": 997,
    "stall_end_tref": 1001,
    "stall_start_data_relative": 984,
    "run_value_IQ": [
     5736,
     -5737
    ],
    "stall_end_coincides_with_frame_end": false,
    "is_stall": false
   },
   {
    "frame_index": 1300,
    "frame_start_symtime": 16032900,
    "n_samples_in_frame": 8445,
    "longest_run_symbols": 5,
    "stall_start_tref": 997,
    "stall_end_tref": 1001,
    "stall_start_data_relative": 984,
    "run_value_IQ": [
     5736,
     -5737
    ],
    "stall_end_coincides_with_frame_end": false,
    "is_stall": false
   },
   {
    "frame_index": 1301,
    "frame_start_symtime": 16045233,
    "n_samples_in_frame": 9412,
    "longest_run_symbols": 5,
    "stall_start_tref": 9496,
    "stall_end_tref": 9500,
    "stall_start_data_relative": 9483,
    "run_value_IQ": [
     5736,
     5736
    ],
    "stall_end_coincides_with_frame_end": false,
    "is_stall": false
   },
   {
    "frame_index": 1302,
    "frame_start_symtime": 16057566,
    "n_samples_in_frame": 9279,
    "longest_run_symbols": 5,
    "stall_start_tref": 997,
    "stall_end_tref": 1001,
    "stall_start_data_relative": 984,
    "run_value_IQ": [
     5736,
     -5737
    ],
    "stall_end_coincides_with_frame_end": false,
    "is_stall": false
   },
   {
    "frame_index": 1303,
    "frame_start_symtime": 16069899,
    "n_samples_in_frame": 9301,
    "longest_run_symbols": 5,
    "stall_start_tref": 997,
    "stall_end_tref": 1001,
    "stall_start_data_relative": 984,
    "run_value_IQ": [
     5736,
     -5737
    ],
    "stall_end_coincides_with_frame_end": false,
    "is_stall": false
   },
   {
    "frame_index": 1304,
    "frame_start_symtime": 16082232,
    "n_samples_in_frame": 9373,
    "longest_run_symbols": 5,
    "stall_start_tref": 997,
    "stall_end_tref": 1001,
    "stall_start_data_relative": 984,
    "run_value_IQ": [
     5736,
     -5737
    ],
    "stall_end_coincides_with_frame_end": false,
    "is_stall": false
   },
   {
    "frame_index": 1305,
    "frame_start_symtime": 16094565,
    "n_samples_in_frame": 8462,
    "longest_run_symbols": 5,
    "stall_start_tref": 997,
    "stall_end_tref": 1001,
    "stall_start_data_relative": 984,
    "run_value_IQ": [
     5736,
     -5737
    ],
    "stall_end_coincides_with_frame_end": false,
    "is_stall": false
   },
   {
    "frame_index": 1306,
    "frame_start_symtime": 16106898,
    "n_samples_in_frame": 9337,
    "longest_run_symbols": 5,
    "stall_start_tref": 997,
    "stall_end_tref": 1001,
    "stall_start_data_relative": 984,
    "run_value_IQ": [
     5736,
     -5737
    ],
    "stall_end_coincides_with_frame_end": false,
    "is_stall": false
   },
   {
    "frame_index": 1307,
    "frame_start_symtime": 16119231,
    "n_samples_in_frame": 9387,
    "longest_run_symbols": 5,
    "stall_start_tref": 997,
    "stall_end_tref": 1001,
    "stall_start_data_relative": 984,
    "run_value_IQ": [
     5736,
     -5737
    ],
    "stall_end_coincides_with_frame_end": false,
    "is_stall": false
   },
   {
    "frame_index": 1308,
    "frame_start_symtime": 16131564,
    "n_samples_in_frame": 9356,
    "longest_run_symbols": 5,
    "stall_start_tref": 9496,
    "stall_end_tref": 9500,
    "stall_start_data_relative": 9483,
    "run_value_IQ": [
     5736,
     5736
    ],
    "stall_end_coincides_with_frame_end": false,
    "is_stall": false
   },
   {
    "frame_index": 1309,
    "frame_start_symtime": 16143897,
    "n_samples_in_frame": 9296,
    "longest_run_symbols": 5,
    "stall_start_tref": 997,
    "stall_end_tref": 1001,
    "stall_start_data_relative": 984,
    "run_value_IQ": [
     5736,
     -5737
    ],
    "stall_end_coincides_with_frame_end": false,
    "is_stall": false
   },
   {
    "frame_index": 1310,
    "frame_start_symtime": 16156230,
    "n_samples_in_frame": 8704,
    "longest_run_symbols": 5,
    "stall_start_tref": 997,
    "stall_end_tref": 1001,
    "stall_start_data_relative": 984,
    "run_value_IQ": [
     5736,
     -5737
    ],
    "stall_end_coincides_with_frame_end": false,
    "is_stall": false
   },
   {
    "frame_index": 1311,
    "frame_start_symtime": 16168563,
    "n_samples_in_frame": 9242,
    "longest_run_symbols": 5,
    "stall_start_tref": 997,
    "stall_end_tref": 1001,
    "stall_start_data_relative": 984,
    "run_value_IQ": [
     5736,
     -5737
    ],
    "stall_end_coincides_with_frame_end": false,
    "is_stall": false
   },
   {
    "frame_index": 1312,
    "frame_start_symtime": 16180896,
    "n_samples_in_frame": 9396,
    "longest_run_symbols": 5,
    "stall_start_tref": 997,
    "stall_end_tref": 1001,
    "stall_start_data_relative": 984,
    "run_value_IQ": [
     5736,
     -5737
    ],
    "stall_end_coincides_with_frame_end": false,
    "is_stall": false
   },
   {
    "frame_index": 1313,
    "frame_start_symtime": 16193229,
    "n_samples_in_frame": 9419,
    "longest_run_symbols": 5,
    "stall_start_tref": 9496,
    "stall_end_tref": 9500,
    "stall_start_data_relative": 9483,
    "run_value_IQ": [
     5736,
     5736
    ],
    "stall_end_coincides_with_frame_end": false,
    "is_stall": false
   },
   {
    "frame_index": 1314,
    "frame_start_symtime": 16205562,
    "n_samples_in_frame": 9319,
    "longest_run_symbols": 5,
    "stall_start_tref": 997,
    "stall_end_tref": 1001,
    "stall_start_data_relative": 984,
    "run_value_IQ": [
     5736,
     -5737
    ],
    "stall_end_coincides_with_frame_end": false,
    "is_stall": false
   },
   {
    "frame_index": 1315,
    "frame_start_symtime": 16217895,
    "n_samples_in_frame": 8704,
    "longest_run_symbols": 5,
    "stall_start_tref": 997,
    "stall_end_tref": 1001,
    "stall_start_data_relative": 984,
    "run_value_IQ": [
     5736,
     -5737
    ],
    "stall_end_coincides_with_frame_end": false,
    "is_stall": false
   },
   {
    "frame_index": 1316,
    "frame_start_symtime": 16230228,
    "n_samples_in_frame": 9216,
    "longest_run_symbols": 5,
    "stall_start_tref": 997,
    "stall_end_tref": 1001,
    "stall_start_data_relative": 984,
    "run_value_IQ": [
     5736,
     -5737
    ],
    "stall_end_coincides_with_frame_end": false,
    "is_stall": false
   },
   {
    "frame_index": 1317,
    "frame_start_symtime": 16242561,
    "n_samples_in_frame": 9313,
    "longest_run_symbols": 5,
    "stall_start_tref": 997,
    "stall_end_tref": 1001,
    "stall_start_data_relative": 984,
    "run_value_IQ": [
     5736,
     -5737
    ],
    "stall_end_coincides_with_frame_end": false,
    "is_stall": false
   },
   {
    "frame_index": 1318,
    "frame_start_symtime": 16254894,
    "n_samples_in_frame": 9455,
    "longest_run_symbols": 5,
    "stall_start_tref": 997,
    "stall_end_tref": 1001,
    "stall_start_data_relative": 984,
    "run_value_IQ": [
     5736,
     -5737
    ],
    "stall_end_coincides_with_frame_end": false,
    "is_stall": false
   },
   {
    "frame_index": 1319,
    "frame_start_symtime": 16267227,
    "n_samples_in_frame": 9055,
    "longest_run_symbols": 5,
    "stall_start_tref": 997,
    "stall_end_tref": 1001,
    "stall_start_data_relative": 984,
    "run_value_IQ": [
     5736,
     -5737
    ],
    "stall_end_coincides_with_frame_end": false,
    "is_stall": false
   },
   {
    "frame_index": 1320,
    "frame_start_symtime": 16279560,
    "n_samples_in_frame": 8680,
    "longest_run_symbols": 5,
    "stall_start_tref": 997,
    "stall_end_tref": 1001,
    "stall_start_data_relative": 984,
    "run_value_IQ": [
     5736,
     -5737
    ],
    "stall_end_coincides_with_frame_end": false,
    "is_stall": false
   },
   {
    "frame_index": 1321,
    "frame_start_symtime": 16291893,
    "n_samples_in_frame": 9272,
    "longest_run_symbols": 5,
    "stall_start_tref": 997,
    "stall_end_tref": 1001,
    "stall_start_data_relative": 984,
    "run_value_IQ": [
     5736,
     -5737
    ],
    "stall_end_coincides_with_frame_end": false,
    "is_stall": false
   },
   {
    "frame_index": 1322,
    "frame_start_symtime": 16304226,
    "n_samples_in_frame": 9460,
    "longest_run_symbols": 5,
    "stall_start_tref": 9496,
    "stall_end_tref": 9500,
    "stall_start_data_relative": 9483,
    "run_value_IQ": [
     5736,
     5736
    ],
    "stall_end_coincides_with_frame_end": false,
    "is_stall": false
   },
   {
    "frame_index": 1323,
    "frame_start_symtime": 16316559,
    "n_samples_in_frame": 9314,
    "longest_run_symbols": 5,
    "stall_start_tref": 997,
    "stall_end_tref": 1001,
    "stall_start_data_relative": 984,
    "run_value_IQ": [
     5736,
     -5737
    ],
    "stall_end_coincides_with_frame_end": false,
    "is_stall": false
   },
   {
    "frame_index": 1324,
    "frame_start_symtime": 16328892,
    "n_samples_in_frame": 9237,
    "longest_run_symbols": 5,
    "stall_start_tref": 997,
    "stall_end_tref": 1001,
    "stall_start_data_relative": 984,
    "run_value_IQ": [
     5736,
     -5737
    ],
    "stall_end_coincides_with_frame_end": false,
    "is_stall": false
   },
   {
    "frame_index": 1325,
    "frame_start_symtime": 16341225,
    "n_samples_in_frame": 13239,
    "longest_run_symbols": 7,
    "stall_start_tref": 8834,
    "stall_end_tref": 8837,
    "stall_start_data_relative": 8821,
    "run_value_IQ": [
     5736,
     -5737
    ],
    "stall_end_coincides_with_frame_end": false,
    "is_stall": false
   },
   {
    "frame_index": 1326,
    "frame_start_symtime": 16353558,
    "n_samples_in_frame": 9301,
    "longest_run_symbols": 5,
    "stall_start_tref": 997,
    "stall_end_tref": 1001,
    "stall_start_data_relative": 984,
    "run_value_IQ": [
     5736,
     -5737
    ],
    "stall_end_coincides_with_frame_end": false,
    "is_stall": false
   },
   {
    "frame_index": 1327,
    "frame_start_symtime": 16365891,
    "n_samples_in_frame": 9355,
    "longest_run_symbols": 5,
    "stall_start_tref": 997,
    "stall_end_tref": 1001,
    "stall_start_data_relative": 984,
    "run_value_IQ": [
     5736,
     -5737
    ],
    "stall_end_coincides_with_frame_end": false,
    "is_stall": false
   },
   {
    "frame_index": 1328,
    "frame_start_symtime": 16378224,
    "n_samples_in_frame": 9184,
    "longest_run_symbols": 5,
    "stall_start_tref": 11920,
    "stall_end_tref": 11924,
    "stall_start_data_relative": 11907,
    "run_value_IQ": [
     5736,
     -5737
    ],
    "stall_end_coincides_with_frame_end": false,
    "is_stall": false
   },
   {
    "frame_index": 1329,
    "frame_start_symtime": 16390557,
    "n_samples_in_frame": 12559,
    "longest_run_symbols": 7,
    "stall_start_tref": 3443,
    "stall_end_tref": 3446,
    "stall_start_data_relative": 3430,
    "run_value_IQ": [
     5736,
     5736
    ],
    "stall_end_coincides_with_frame_end": false,
    "is_stall": false
   },
   {
    "frame_index": 1330,
    "frame_start_symtime": 16402890,
    "n_samples_in_frame": 9358,
    "longest_run_symbols": 5,
    "stall_start_tref": 997,
    "stall_end_tref": 1001,
    "stall_start_data_relative": 984,
    "run_value_IQ": [
     5736,
     -5737
    ],
    "stall_end_coincides_with_frame_end": false,
    "is_stall": false
   },
   {
    "frame_index": 1331,
    "frame_start_symtime": 16415223,
    "n_samples_in_frame": 9435,
    "longest_run_symbols": 5,
    "stall_start_tref": 997,
    "stall_end_tref": 1001,
    "stall_start_data_relative": 984,
    "run_value_IQ": [
     5736,
     -5737
    ],
    "stall_end_coincides_with_frame_end": false,
    "is_stall": false
   },
   {
    "frame_index": 1332,
    "frame_start_symtime": 16427556,
    "n_samples_in_frame": 9407,
    "longest_run_symbols": 5,
    "stall_start_tref": 9496,
    "stall_end_tref": 9500,
    "stall_start_data_relative": 9483,
    "run_value_IQ": [
     5736,
     5736
    ],
    "stall_end_coincides_with_frame_end": false,
    "is_stall": false
   },
   {
    "frame_index": 1333,
    "frame_start_symtime": 16439889,
    "n_samples_in_frame": 8534,
    "longest_run_symbols": 5,
    "stall_start_tref": 997,
    "stall_end_tref": 1001,
    "stall_start_data_relative": 984,
    "run_value_IQ": [
     5736,
     -5737
    ],
    "stall_end_coincides_with_frame_end": false,
    "is_stall": false
   },
   {
    "frame_index": 1334,
    "frame_start_symtime": 16452222,
    "n_samples_in_frame": 9317,
    "longest_run_symbols": 5,
    "stall_start_tref": 9496,
    "stall_end_tref": 9500,
    "stall_start_data_relative": 9483,
    "run_value_IQ": [
     5736,
     5736
    ],
    "stall_end_coincides_with_frame_end": false,
    "is_stall": false
   },
   {
    "frame_index": 1335,
    "frame_start_symtime": 16464555,
    "n_samples_in_frame": 9309,
    "longest_run_symbols": 5,
    "stall_start_tref": 997,
    "stall_end_tref": 1001,
    "stall_start_data_relative": 984,
    "run_value_IQ": [
     5736,
     -5737
    ],
    "stall_end_coincides_with_frame_end": false,
    "is_stall": false
   },
   {
    "frame_index": 1336,
    "frame_start_symtime": 16476888,
    "n_samples_in_frame": 9356,
    "longest_run_symbols": 5,
    "stall_start_tref": 997,
    "stall_end_tref": 1001,
    "stall_start_data_relative": 984,
    "run_value_IQ": [
     5736,
     -5737
    ],
    "stall_end_coincides_with_frame_end": false,
    "is_stall": false
   },
   {
    "frame_index": 1337,
    "frame_start_symtime": 16489221,
    "n_samples_in_frame": 9467,
    "longest_run_symbols": 5,
    "stall_start_tref": 997,
    "stall_end_tref": 1001,
    "stall_start_data_relative": 984,
    "run_value_IQ": [
     5736,
     -5737
    ],
    "stall_end_coincides_with_frame_end": false,
    "is_stall": false
   },
   {
    "frame_index": 1338,
    "frame_start_symtime": 16501554,
    "n_samples_in_frame": 8699,
    "longest_run_symbols": 5,
    "stall_start_tref": 997,
    "stall_end_tref": 1001,
    "stall_start_data_relative": 984,
    "run_value_IQ": [
     5736,
     -5737
    ],
    "stall_end_coincides_with_frame_end": false,
    "is_stall": false
   },
   {
    "frame_index": 1339,
    "frame_start_symtime": 16513887,
    "n_samples_in_frame": 9342,
    "longest_run_symbols": 5,
    "stall_start_tref": 997,
    "stall_end_tref": 1001,
    "stall_start_data_relative": 984,
    "run_value_IQ": [
     5736,
     -5737
    ],
    "stall_end_coincides_with_frame_end": false,
    "is_stall": false
   },
   {
    "frame_index": 1340,
    "frame_start_symtime": 16526220,
    "n_samples_in_frame": 7680,
    "longest_run_symbols": 5,
    "stall_start_tref": 997,
    "stall_end_tref": 1001,
    "stall_start_data_relative": 984,
    "run_value_IQ": [
     5736,
     -5737
    ],
    "stall_end_coincides_with_frame_end": false,
    "is_stall": false
   },
   {
    "frame_index": 1341,
    "frame_start_symtime": 16538553,
    "n_samples_in_frame": 8420,
    "longest_run_symbols": 5,
    "stall_start_tref": 997,
    "stall_end_tref": 1001,
    "stall_start_data_relative": 984,
    "run_value_IQ": [
     5736,
     -5737
    ],
    "stall_end_coincides_with_frame_end": false,
    "is_stall": false
   },
   {
    "frame_index": 1342,
    "frame_start_symtime": 16550886,
    "n_samples_in_frame": 9459,
    "longest_run_symbols": 5,
    "stall_start_tref": 9496,
    "stall_end_tref": 9500,
    "stall_start_data_relative": 9483,
    "run_value_IQ": [
     5736,
     5736
    ],
    "stall_end_coincides_with_frame_end": false,
    "is_stall": false
   },
   {
    "frame_index": 1343,
    "frame_start_symtime": 16563219,
    "n_samples_in_frame": 8427,
    "longest_run_symbols": 5,
    "stall_start_tref": 9496,
    "stall_end_tref": 9500,
    "stall_start_data_relative": 9483,
    "run_value_IQ": [
     5736,
     5736
    ],
    "stall_end_coincides_with_frame_end": false,
    "is_stall": false
   },
   {
    "frame_index": 1344,
    "frame_start_symtime": 16575552,
    "n_samples_in_frame": 9445,
    "longest_run_symbols": 5,
    "stall_start_tref": 997,
    "stall_end_tref": 1001,
    "stall_start_data_relative": 984,
    "run_value_IQ": [
     5736,
     -5737
    ],
    "stall_end_coincides_with_frame_end": false,
    "is_stall": false
   },
   {
    "frame_index": 1345,
    "frame_start_symtime": 16587885,
    "n_samples_in_frame": 9305,
    "longest_run_symbols": 5,
    "stall_start_tref": 9496,
    "stall_end_tref": 9500,
    "stall_start_data_relative": 9483,
    "run_value_IQ": [
     5736,
     5736
    ],
    "stall_end_coincides_with_frame_end": false,
    "is_stall": false
   },
   {
    "frame_index": 1346,
    "frame_start_symtime": 16600218,
    "n_samples_in_frame": 9216,
    "longest_run_symbols": 5,
    "stall_start_tref": 997,
    "stall_end_tref": 1001,
    "stall_start_data_relative": 984,
    "run_value_IQ": [
     5736,
     -5737
    ],
    "stall_end_coincides_with_frame_end": false,
    "is_stall": false
   },
   {
    "frame_index": 1347,
    "frame_start_symtime": 16612551,
    "n_samples_in_frame": 9337,
    "longest_run_symbols": 5,
    "stall_start_tref": 997,
    "stall_end_tref": 1001,
    "stall_start_data_relative": 984,
    "run_value_IQ": [
     5736,
     -5737
    ],
    "stall_end_coincides_with_frame_end": false,
    "is_stall": false
   },
   {
    "frame_index": 1348,
    "frame_start_symtime": 16624884,
    "n_samples_in_frame": 8586,
    "longest_run_symbols": 5,
    "stall_start_tref": 997,
    "stall_end_tref": 1001,
    "stall_start_data_relative": 984,
    "run_value_IQ": [
     5736,
     -5737
    ],
    "stall_end_coincides_with_frame_end": false,
    "is_stall": false
   },
   {
    "frame_index": 1349,
    "frame_start_symtime": 16637217,
    "n_samples_in_frame": 9374,
    "longest_run_symbols": 5,
    "stall_start_tref": 997,
    "stall_end_tref": 1001,
    "stall_start_data_relative": 984,
    "run_value_IQ": [
     5736,
     -5737
    ],
    "stall_end_coincides_with_frame_end": false,
    "is_stall": false
   },
   {
    "frame_index": 1350,
    "frame_start_symtime": 16649550,
    "n_samples_in_frame": 9475,
    "longest_run_symbols": 5,
    "stall_start_tref": 9496,
    "stall_end_tref": 9500,
    "stall_start_data_relative": 9483,
    "run_value_IQ": [
     5736,
     5736
    ],
    "stall_end_coincides_with_frame_end": false,
    "is_stall": false
   },
   {
    "frame_index": 1351,
    "frame_start_symtime": 16661883,
    "n_samples_in_frame": 9308,
    "longest_run_symbols": 5,
    "stall_start_tref": 9496,
    "stall_end_tref": 9500,
    "stall_start_data_relative": 9483,
    "run_value_IQ": [
     5736,
     5736
    ],
    "stall_end_coincides_with_frame_end": false,
    "is_stall": false
   },
   {
    "frame_index": 1352,
    "frame_start_symtime": 16674216,
    "n_samples_in_frame": 9216,
    "longest_run_symbols": 5,
    "stall_start_tref": 997,
    "stall_end_tref": 1001,
    "stall_start_data_relative": 984,
    "run_value_IQ": [
     5736,
     -5737
    ],
    "stall_end_coincides_with_frame_end": false,
    "is_stall": false
   },
   {
    "frame_index": 1353,
    "frame_start_symtime": 16686549,
    "n_samples_in_frame": 3914,
    "longest_run_symbols": 5,
    "stall_start_tref": 997,
    "stall_end_tref": 1001,
    "stall_start_data_relative": 984,
    "run_value_IQ": [
     5736,
     -5737
    ],
    "stall_end_coincides_with_frame_end": false,
    "is_stall": false
   },
   {
    "frame_index": 1354,
    "frame_start_symtime": 16698882,
    "n_samples_in_frame": 9398,
    "longest_run_symbols": 5,
    "stall_start_tref": 997,
    "stall_end_tref": 1001,
    "stall_start_data_relative": 984,
    "run_value_IQ": [
     5736,
     -5737
    ],
    "stall_end_coincides_with_frame_end": false,
    "is_stall": false
   },
   {
    "frame_index": 1355,
    "frame_start_symtime": 16711215,
    "n_samples_in_frame": 9260,
    "longest_run_symbols": 5,
    "stall_start_tref": 997,
    "stall_end_tref": 1001,
    "stall_start_data_relative": 984,
    "run_value_IQ": [
     5736,
     -5737
    ],
    "stall_end_coincides_with_frame_end": false,
    "is_stall": false
   },
   {
    "frame_index": 1356,
    "frame_start_symtime": 16723548,
    "n_samples_in_frame": 9406,
    "longest_run_symbols": 5,
    "stall_start_tref": 997,
    "stall_end_tref": 1001,
    "stall_start_data_relative": 984,
    "run_value_IQ": [
     5736,
     -5737
    ],
    "stall_end_coincides_with_frame_end": false,
    "is_stall": false
   },
   {
    "frame_index": 1357,
    "frame_start_symtime": 16735881,
    "n_samples_in_frame": 9386,
    "longest_run_symbols": 5,
    "stall_start_tref": 9496,
    "stall_end_tref": 9500,
    "stall_start_data_relative": 9483,
    "run_value_IQ": [
     5736,
     5736
    ],
    "stall_end_coincides_with_frame_end": false,
    "is_stall": false
   },
   {
    "frame_index": 1358,
    "frame_start_symtime": 16748214,
    "n_samples_in_frame": 8566,
    "longest_run_symbols": 5,
    "stall_start_tref": 9496,
    "stall_end_tref": 9500,
    "stall_start_data_relative": 9483,
    "run_value_IQ": [
     5736,
     5736
    ],
    "stall_end_coincides_with_frame_end": false,
    "is_stall": false
   },
   {
    "frame_index": 1359,
    "frame_start_symtime": 16760547,
    "n_samples_in_frame": 9392,
    "longest_run_symbols": 5,
    "stall_start_tref": 9496,
    "stall_end_tref": 9500,
    "stall_start_data_relative": 9483,
    "run_value_IQ": [
     5736,
     5736
    ],
    "stall_end_coincides_with_frame_end": false,
    "is_stall": false
   },
   {
    "frame_index": 1360,
    "frame_start_symtime": 16772880,
    "n_samples_in_frame": 9286,
    "longest_run_symbols": 5,
    "stall_start_tref": 997,
    "stall_end_tref": 1001,
    "stall_start_data_relative": 984,
    "run_value_IQ": [
     5736,
     -5737
    ],
    "stall_end_coincides_with_frame_end": false,
    "is_stall": false
   },
   {
    "frame_index": 1361,
    "frame_start_symtime": 16785213,
    "n_samples_in_frame": 9279,
    "longest_run_symbols": 5,
    "stall_start_tref": 997,
    "stall_end_tref": 1001,
    "stall_start_data_relative": 984,
    "run_value_IQ": [
     5736,
     -5737
    ],
    "stall_end_coincides_with_frame_end": false,
    "is_stall": false
   },
   {
    "frame_index": 1362,
    "frame_start_symtime": 16797546,
    "n_samples_in_frame": 9419,
    "longest_run_symbols": 5,
    "stall_start_tref": 997,
    "stall_end_tref": 1001,
    "stall_start_data_relative": 984,
    "run_value_IQ": [
     5736,
     -5737
    ],
    "stall_end_coincides_with_frame_end": false,
    "is_stall": false
   },
   {
    "frame_index": 1363,
    "frame_start_symtime": 16809879,
    "n_samples_in_frame": 8555,
    "longest_run_symbols": 5,
    "stall_start_tref": 11920,
    "stall_end_tref": 11924,
    "stall_start_data_relative": 11907,
    "run_value_IQ": [
     5736,
     -5737
    ],
    "stall_end_coincides_with_frame_end": false,
    "is_stall": false
   },
   {
    "frame_index": 1364,
    "frame_start_symtime": 16822212,
    "n_samples_in_frame": 9251,
    "longest_run_symbols": 5,
    "stall_start_tref": 997,
    "stall_end_tref": 1001,
    "stall_start_data_relative": 984,
    "run_value_IQ": [
     5736,
     -5737
    ],
    "stall_end_coincides_with_frame_end": false,
    "is_stall": false
   },
   {
    "frame_index": 1365,
    "frame_start_symtime": 16834545,
    "n_samples_in_frame": 9429,
    "longest_run_symbols": 5,
    "stall_start_tref": 997,
    "stall_end_tref": 1001,
    "stall_start_data_relative": 984,
    "run_value_IQ": [
     5736,
     -5737
    ],
    "stall_end_coincides_with_frame_end": false,
    "is_stall": false
   },
   {
    "frame_index": 1366,
    "frame_start_symtime": 16846878,
    "n_samples_in_frame": 4243,
    "longest_run_symbols": 5,
    "stall_start_tref": 9496,
    "stall_end_tref": 9500,
    "stall_start_data_relative": 9483,
    "run_value_IQ": [
     5736,
     5736
    ],
    "stall_end_coincides_with_frame_end": false,
    "is_stall": false
   },
   {
    "frame_index": 1367,
    "frame_start_symtime": 16859211,
    "n_samples_in_frame": 9216,
    "longest_run_symbols": 5,
    "stall_start_tref": 997,
    "stall_end_tref": 1001,
    "stall_start_data_relative": 984,
    "run_value_IQ": [
     5736,
     -5737
    ],
    "stall_end_coincides_with_frame_end": false,
    "is_stall": false
   },
   {
    "frame_index": 1368,
    "frame_start_symtime": 16871544,
    "n_samples_in_frame": 7865,
    "longest_run_symbols": 5,
    "stall_start_tref": 997,
    "stall_end_tref": 1001,
    "stall_start_data_relative": 984,
    "run_value_IQ": [
     5736,
     -5737
    ],
    "stall_end_coincides_with_frame_end": false,
    "is_stall": false
   },
   {
    "frame_index": 1369,
    "frame_start_symtime": 16883877,
    "n_samples_in_frame": 9031,
    "longest_run_symbols": 5,
    "stall_start_tref": 997,
    "stall_end_tref": 1001,
    "stall_start_data_relative": 984,
    "run_value_IQ": [
     5736,
     -5737
    ],
    "stall_end_coincides_with_frame_end": false,
    "is_stall": false
   },
   {
    "frame_index": 1370,
    "frame_start_symtime": 16896210,
    "n_samples_in_frame": 9302,
    "longest_run_symbols": 5,
    "stall_start_tref": 997,
    "stall_end_tref": 1001,
    "stall_start_data_relative": 984,
    "run_value_IQ": [
     5736,
     -5737
    ],
    "stall_end_coincides_with_frame_end": false,
    "is_stall": false
   },
   {
    "frame_index": 1371,
    "frame_start_symtime": 16908543,
    "n_samples_in_frame": 9407,
    "longest_run_symbols": 5,
    "stall_start_tref": 997,
    "stall_end_tref": 1001,
    "stall_start_data_relative": 984,
    "run_value_IQ": [
     5736,
     -5737
    ],
    "stall_end_coincides_with_frame_end": false,
    "is_stall": false
   },
   {
    "frame_index": 1372,
    "frame_start_symtime": 16920876,
    "n_samples_in_frame": 9319,
    "longest_run_symbols": 5,
    "stall_start_tref": 9496,
    "stall_end_tref": 9500,
    "stall_start_data_relative": 9483,
    "run_value_IQ": [
     5736,
     5736
    ],
    "stall_end_coincides_with_frame_end": false,
    "is_stall": false
   },
   {
    "frame_index": 1373,
    "frame_start_symtime": 16933209,
    "n_samples_in_frame": 8634,
    "longest_run_symbols": 5,
    "stall_start_tref": 997,
    "stall_end_tref": 1001,
    "stall_start_data_relative": 984,
    "run_value_IQ": [
     5736,
     -5737
    ],
    "stall_end_coincides_with_frame_end": false,
    "is_stall": false
   },
   {
    "frame_index": 1374,
    "frame_start_symtime": 16945542,
    "n_samples_in_frame": 9362,
    "longest_run_symbols": 5,
    "stall_start_tref": 9496,
    "stall_end_tref": 9500,
    "stall_start_data_relative": 9483,
    "run_value_IQ": [
     5736,
     5736
    ],
    "stall_end_coincides_with_frame_end": false,
    "is_stall": false
   },
   {
    "frame_index": 1375,
    "frame_start_symtime": 16957875,
    "n_samples_in_frame": 9272,
    "longest_run_symbols": 5,
    "stall_start_tref": 997,
    "stall_end_tref": 1001,
    "stall_start_data_relative": 984,
    "run_value_IQ": [
     5736,
     -5737
    ],
    "stall_end_coincides_with_frame_end": false,
    "is_stall": false
   },
   {
    "frame_index": 1376,
    "frame_start_symtime": 16970208,
    "n_samples_in_frame": 9216,
    "longest_run_symbols": 5,
    "stall_start_tref": 997,
    "stall_end_tref": 1001,
    "stall_start_data_relative": 984,
    "run_value_IQ": [
     5736,
     -5737
    ],
    "stall_end_coincides_with_frame_end": false,
    "is_stall": false
   },
   {
    "frame_index": 1377,
    "frame_start_symtime": 16982541,
    "n_samples_in_frame": 9251,
    "longest_run_symbols": 5,
    "stall_start_tref": 997,
    "stall_end_tref": 1001,
    "stall_start_data_relative": 984,
    "run_value_IQ": [
     5736,
     -5737
    ],
    "stall_end_coincides_with_frame_end": false,
    "is_stall": false
   },
   {
    "frame_index": 1378,
    "frame_start_symtime": 16994874,
    "n_samples_in_frame": 8669,
    "longest_run_symbols": 5,
    "stall_start_tref": 997,
    "stall_end_tref": 1001,
    "stall_start_data_relative": 984,
    "run_value_IQ": [
     5736,
     -5737
    ],
    "stall_end_coincides_with_frame_end": false,
    "is_stall": false
   },
   {
    "frame_index": 1379,
    "frame_start_symtime": 17007207,
    "n_samples_in_frame": 9216,
    "longest_run_symbols": 5,
    "stall_start_tref": 997,
    "stall_end_tref": 1001,
    "stall_start_data_relative": 984,
    "run_value_IQ": [
     5736,
     -5737
    ],
    "stall_end_coincides_with_frame_end": false,
    "is_stall": false
   },
   {
    "frame_index": 1380,
    "frame_start_symtime": 17019540,
    "n_samples_in_frame": 9269,
    "longest_run_symbols": 5,
    "stall_start_tref": 997,
    "stall_end_tref": 1001,
    "stall_start_data_relative": 984,
    "run_value_IQ": [
     5736,
     -5737
    ],
    "stall_end_coincides_with_frame_end": false,
    "is_stall": false
   },
   {
    "frame_index": 1381,
    "frame_start_symtime": 17031873,
    "n_samples_in_frame": 9346,
    "longest_run_symbols": 5,
    "stall_start_tref": 997,
    "stall_end_tref": 1001,
    "stall_start_data_relative": 984,
    "run_value_IQ": [
     5736,
     -5737
    ],
    "stall_end_coincides_with_frame_end": false,
    "is_stall": false
   },
   {
    "frame_index": 1382,
    "frame_start_symtime": 17044206,
    "n_samples_in_frame": 13129,
    "longest_run_symbols": 7,
    "stall_start_tref": 4959,
    "stall_end_tref": 4962,
    "stall_start_data_relative": 4946,
    "run_value_IQ": [
     -5737,
     -5737
    ],
    "stall_end_coincides_with_frame_end": false,
    "is_stall": false
   },
   {
    "frame_index": 1383,
    "frame_start_symtime": 17056539,
    "n_samples_in_frame": 9292,
    "longest_run_symbols": 5,
    "stall_start_tref": 997,
    "stall_end_tref": 1001,
    "stall_start_data_relative": 984,
    "run_value_IQ": [
     5736,
     -5737
    ],
    "stall_end_coincides_with_frame_end": false,
    "is_stall": false
   },
   {
    "frame_index": 1384,
    "frame_start_symtime": 17068872,
    "n_samples_in_frame": 9416,
    "longest_run_symbols": 5,
    "stall_start_tref": 997,
    "stall_end_tref": 1001,
    "stall_start_data_relative": 984,
    "run_value_IQ": [
     5736,
     -5737
    ],
    "stall_end_coincides_with_frame_end": false,
    "is_stall": false
   },
   {
    "frame_index": 1385,
    "frame_start_symtime": 17081205,
    "n_samples_in_frame": 9269,
    "longest_run_symbols": 5,
    "stall_start_tref": 9496,
    "stall_end_tref": 9500,
    "stall_start_data_relative": 9483,
    "run_value_IQ": [
     5736,
     5736
    ],
    "stall_end_coincides_with_frame_end": false,
    "is_stall": false
   },
   {
    "frame_index": 1386,
    "frame_start_symtime": 17093538,
    "n_samples_in_frame": 9326,
    "longest_run_symbols": 5,
    "stall_start_tref": 9496,
    "stall_end_tref": 9500,
    "stall_start_data_relative": 9483,
    "run_value_IQ": [
     5736,
     5736
    ],
    "stall_end_coincides_with_frame_end": false,
    "is_stall": false
   },
   {
    "frame_index": 1387,
    "frame_start_symtime": 17105871,
    "n_samples_in_frame": 8736,
    "longest_run_symbols": 5,
    "stall_start_tref": 997,
    "stall_end_tref": 1001,
    "stall_start_data_relative": 984,
    "run_value_IQ": [
     5736,
     -5737
    ],
    "stall_end_coincides_with_frame_end": false,
    "is_stall": false
   },
   {
    "frame_index": 1388,
    "frame_start_symtime": 17118204,
    "n_samples_in_frame": 9257,
    "longest_run_symbols": 5,
    "stall_start_tref": 997,
    "stall_end_tref": 1001,
    "stall_start_data_relative": 984,
    "run_value_IQ": [
     5736,
     -5737
    ],
    "stall_end_coincides_with_frame_end": false,
    "is_stall": false
   },
   {
    "frame_index": 1389,
    "frame_start_symtime": 17130537,
    "n_samples_in_frame": 9282,
    "longest_run_symbols": 5,
    "stall_start_tref": 997,
    "stall_end_tref": 1001,
    "stall_start_data_relative": 984,
    "run_value_IQ": [
     5736,
     -5737
    ],
    "stall_end_coincides_with_frame_end": false,
    "is_stall": false
   },
   {
    "frame_index": 1390,
    "frame_start_symtime": 17142870,
    "n_samples_in_frame": 9374,
    "longest_run_symbols": 5,
    "stall_start_tref": 997,
    "stall_end_tref": 1001,
    "stall_start_data_relative": 984,
    "run_value_IQ": [
     5736,
     -5737
    ],
    "stall_end_coincides_with_frame_end": false,
    "is_stall": false
   },
   {
    "frame_index": 1391,
    "frame_start_symtime": 17155203,
    "n_samples_in_frame": 9313,
    "longest_run_symbols": 5,
    "stall_start_tref": 9496,
    "stall_end_tref": 9500,
    "stall_start_data_relative": 9483,
    "run_value_IQ": [
     5736,
     5736
    ],
    "stall_end_coincides_with_frame_end": false,
    "is_stall": false
   },
   {
    "frame_index": 1392,
    "frame_start_symtime": 17167536,
    "n_samples_in_frame": 8412,
    "longest_run_symbols": 5,
    "stall_start_tref": 997,
    "stall_end_tref": 1001,
    "stall_start_data_relative": 984,
    "run_value_IQ": [
     5736,
     -5737
    ],
    "stall_end_coincides_with_frame_end": false,
    "is_stall": false
   },
   {
    "frame_index": 1393,
    "frame_start_symtime": 17179869,
    "n_samples_in_frame": 9389,
    "longest_run_symbols": 5,
    "stall_start_tref": 997,
    "stall_end_tref": 1001,
    "stall_start_data_relative": 984,
    "run_value_IQ": [
     5736,
     -5737
    ],
    "stall_end_coincides_with_frame_end": false,
    "is_stall": false
   },
   {
    "frame_index": 1394,
    "frame_start_symtime": 17192202,
    "n_samples_in_frame": 9416,
    "longest_run_symbols": 5,
    "stall_start_tref": 9496,
    "stall_end_tref": 9500,
    "stall_start_data_relative": 9483,
    "run_value_IQ": [
     5736,
     5736
    ],
    "stall_end_coincides_with_frame_end": false,
    "is_stall": false
   },
   {
    "frame_index": 1395,
    "frame_start_symtime": 17204535,
    "n_samples_in_frame": 9296,
    "longest_run_symbols": 5,
    "stall_start_tref": 9496,
    "stall_end_tref": 9500,
    "stall_start_data_relative": 9483,
    "run_value_IQ": [
     5736,
     5736
    ],
    "stall_end_coincides_with_frame_end": false,
    "is_stall": false
   },
   {
    "frame_index": 1396,
    "frame_start_symtime": 17216868,
    "n_samples_in_frame": 9246,
    "longest_run_symbols": 5,
    "stall_start_tref": 997,
    "stall_end_tref": 1001,
    "stall_start_data_relative": 984,
    "run_value_IQ": [
     5736,
     -5737
    ],
    "stall_end_coincides_with_frame_end": false,
    "is_stall": false
   },
   {
    "frame_index": 1397,
    "frame_start_symtime": 17229201,
    "n_samples_in_frame": 8620,
    "longest_run_symbols": 5,
    "stall_start_tref": 997,
    "stall_end_tref": 1001,
    "stall_start_data_relative": 984,
    "run_value_IQ": [
     5736,
     -5737
    ],
    "stall_end_coincides_with_frame_end": false,
    "is_stall": false
   },
   {
    "frame_index": 1398,
    "frame_start_symtime": 17241534,
    "n_samples_in_frame": 9230,
    "longest_run_symbols": 5,
    "stall_start_tref": 9496,
    "stall_end_tref": 9500,
    "stall_start_data_relative": 9483,
    "run_value_IQ": [
     5736,
     5736
    ],
    "stall_end_coincides_with_frame_end": false,
    "is_stall": false
   },
   {
    "frame_index": 1399,
    "frame_start_symtime": 17253867,
    "n_samples_in_frame": 9299,
    "longest_run_symbols": 5,
    "stall_start_tref": 997,
    "stall_end_tref": 1001,
    "stall_start_data_relative": 984,
    "run_value_IQ": [
     5736,
     -5737
    ],
    "stall_end_coincides_with_frame_end": false,
    "is_stall": false
   },
   {
    "frame_index": 1400,
    "frame_start_symtime": 17266200,
    "n_samples_in_frame": 9406,
    "longest_run_symbols": 5,
    "stall_start_tref": 997,
    "stall_end_tref": 1001,
    "stall_start_data_relative": 984,
    "run_value_IQ": [
     5736,
     -5737
    ],
    "stall_end_coincides_with_frame_end": false,
    "is_stall": false
   },
   {
    "frame_index": 1401,
    "frame_start_symtime": 17278533,
    "n_samples_in_frame": 9221,
    "longest_run_symbols": 5,
    "stall_start_tref": 9496,
    "stall_end_tref": 9500,
    "stall_start_data_relative": 9483,
    "run_value_IQ": [
     5736,
     5736
    ],
    "stall_end_coincides_with_frame_end": false,
    "is_stall": false
   },
   {
    "frame_index": 1402,
    "frame_start_symtime": 17290866,
    "n_samples_in_frame": 8733,
    "longest_run_symbols": 5,
    "stall_start_tref": 9496,
    "stall_end_tref": 9500,
    "stall_start_data_relative": 9483,
    "run_value_IQ": [
     5736,
     5736
    ],
    "stall_end_coincides_with_frame_end": false,
    "is_stall": false
   },
   {
    "frame_index": 1403,
    "frame_start_symtime": 17303199,
    "n_samples_in_frame": 9397,
    "longest_run_symbols": 5,
    "stall_start_tref": 9496,
    "stall_end_tref": 9500,
    "stall_start_data_relative": 9483,
    "run_value_IQ": [
     5736,
     5736
    ],
    "stall_end_coincides_with_frame_end": false,
    "is_stall": false
   },
   {
    "frame_index": 1404,
    "frame_start_symtime": 17315532,
    "n_samples_in_frame": 9297,
    "longest_run_symbols": 5,
    "stall_start_tref": 997,
    "stall_end_tref": 1001,
    "stall_start_data_relative": 984,
    "run_value_IQ": [
     5736,
     -5737
    ],
    "stall_end_coincides_with_frame_end": false,
    "is_stall": false
   },
   {
    "frame_index": 1405,
    "frame_start_symtime": 17327865,
    "n_samples_in_frame": 9229,
    "longest_run_symbols": 5,
    "stall_start_tref": 997,
    "stall_end_tref": 1001,
    "stall_start_data_relative": 984,
    "run_value_IQ": [
     5736,
     -5737
    ],
    "stall_end_coincides_with_frame_end": false,
    "is_stall": false
   },
   {
    "frame_index": 1406,
    "frame_start_symtime": 17340198,
    "n_samples_in_frame": 9372,
    "longest_run_symbols": 5,
    "stall_start_tref": 997,
    "stall_end_tref": 1001,
    "stall_start_data_relative": 984,
    "run_value_IQ": [
     5736,
     -5737
    ],
    "stall_end_coincides_with_frame_end": false,
    "is_stall": false
   },
   {
    "frame_index": 1407,
    "frame_start_symtime": 17352531,
    "n_samples_in_frame": 8548,
    "longest_run_symbols": 5,
    "stall_start_tref": 9496,
    "stall_end_tref": 9500,
    "stall_start_data_relative": 9483,
    "run_value_IQ": [
     5736,
     5736
    ],
    "stall_end_coincides_with_frame_end": false,
    "is_stall": false
   },
   {
    "frame_index": 1408,
    "frame_start_symtime": 17364864,
    "n_samples_in_frame": 9216,
    "longest_run_symbols": 5,
    "stall_start_tref": 997,
    "stall_end_tref": 1001,
    "stall_start_data_relative": 984,
    "run_value_IQ": [
     5736,
     -5737
    ],
    "stall_end_coincides_with_frame_end": false,
    "is_stall": false
   },
   {
    "frame_index": 1409,
    "frame_start_symtime": 17377197,
    "n_samples_in_frame": 9411,
    "longest_run_symbols": 5,
    "stall_start_tref": 997,
    "stall_end_tref": 1001,
    "stall_start_data_relative": 984,
    "run_value_IQ": [
     5736,
     -5737
    ],
    "stall_end_coincides_with_frame_end": false,
    "is_stall": false
   },
   {
    "frame_index": 1410,
    "frame_start_symtime": 17389530,
    "n_samples_in_frame": 4761,
    "longest_run_symbols": 5,
    "stall_start_tref": 9496,
    "stall_end_tref": 9500,
    "stall_start_data_relative": 9483,
    "run_value_IQ": [
     5736,
     5736
    ],
    "stall_end_coincides_with_frame_end": false,
    "is_stall": false
   },
   {
    "frame_index": 1411,
    "frame_start_symtime": 17401863,
    "n_samples_in_frame": 9371,
    "longest_run_symbols": 5,
    "stall_start_tref": 9496,
    "stall_end_tref": 9500,
    "stall_start_data_relative": 9483,
    "run_value_IQ": [
     5736,
     5736
    ],
    "stall_end_coincides_with_frame_end": false,
    "is_stall": false
   },
   {
    "frame_index": 1412,
    "frame_start_symtime": 17414196,
    "n_samples_in_frame": 8712,
    "longest_run_symbols": 5,
    "stall_start_tref": 997,
    "stall_end_tref": 1001,
    "stall_start_data_relative": 984,
    "run_value_IQ": [
     5736,
     -5737
    ],
    "stall_end_coincides_with_frame_end": false,
    "is_stall": false
   },
   {
    "frame_index": 1413,
    "frame_start_symtime": 17426529,
    "n_samples_in_frame": 9303,
    "longest_run_symbols": 5,
    "stall_start_tref": 997,
    "stall_end_tref": 1001,
    "stall_start_data_relative": 984,
    "run_value_IQ": [
     5736,
     -5737
    ],
    "stall_end_coincides_with_frame_end": false,
    "is_stall": false
   },
   {
    "frame_index": 1414,
    "frame_start_symtime": 17438862,
    "n_samples_in_frame": 9293,
    "longest_run_symbols": 5,
    "stall_start_tref": 997,
    "stall_end_tref": 1001,
    "stall_start_data_relative": 984,
    "run_value_IQ": [
     5736,
     -5737
    ],
    "stall_end_coincides_with_frame_end": false,
    "is_stall": false
   },
   {
    "frame_index": 1415,
    "frame_start_symtime": 17451195,
    "n_samples_in_frame": 9390,
    "longest_run_symbols": 5,
    "stall_start_tref": 997,
    "stall_end_tref": 1001,
    "stall_start_data_relative": 984,
    "run_value_IQ": [
     5736,
     -5737
    ],
    "stall_end_coincides_with_frame_end": false,
    "is_stall": false
   },
   {
    "frame_index": 1416,
    "frame_start_symtime": 17463528,
    "n_samples_in_frame": 9266,
    "longest_run_symbols": 5,
    "stall_start_tref": 9496,
    "stall_end_tref": 9500,
    "stall_start_data_relative": 9483,
    "run_value_IQ": [
     5736,
     5736
    ],
    "stall_end_coincides_with_frame_end": false,
    "is_stall": false
   },
   {
    "frame_index": 1417,
    "frame_start_symtime": 17475861,
    "n_samples_in_frame": 8441,
    "longest_run_symbols": 5,
    "stall_start_tref": 997,
    "stall_end_tref": 1001,
    "stall_start_data_relative": 984,
    "run_value_IQ": [
     5736,
     -5737
    ],
    "stall_end_coincides_with_frame_end": false,
    "is_stall": false
   },
   {
    "frame_index": 1418,
    "frame_start_symtime": 17488194,
    "n_samples_in_frame": 9092,
    "longest_run_symbols": 5,
    "stall_start_tref": 997,
    "stall_end_tref": 1001,
    "stall_start_data_relative": 984,
    "run_value_IQ": [
     5736,
     -5737
    ],
    "stall_end_coincides_with_frame_end": false,
    "is_stall": false
   },
   {
    "frame_index": 1419,
    "frame_start_symtime": 17500527,
    "n_samples_in_frame": 9368,
    "longest_run_symbols": 5,
    "stall_start_tref": 997,
    "stall_end_tref": 1001,
    "stall_start_data_relative": 984,
    "run_value_IQ": [
     5736,
     -5737
    ],
    "stall_end_coincides_with_frame_end": false,
    "is_stall": false
   },
   {
    "frame_index": 1420,
    "frame_start_symtime": 17512860,
    "n_samples_in_frame": 11632,
    "longest_run_symbols": 5,
    "stall_start_tref": 997,
    "stall_end_tref": 1001,
    "stall_start_data_relative": 984,
    "run_value_IQ": [
     5736,
     -5737
    ],
    "stall_end_coincides_with_frame_end": false,
    "is_stall": false
   },
   {
    "frame_index": 1421,
    "frame_start_symtime": 17525193,
    "n_samples_in_frame": 9007,
    "longest_run_symbols": 5,
    "stall_start_tref": 997,
    "stall_end_tref": 1001,
    "stall_start_data_relative": 984,
    "run_value_IQ": [
     5736,
     -5737
    ],
    "stall_end_coincides_with_frame_end": false,
    "is_stall": false
   },
   {
    "frame_index": 1422,
    "frame_start_symtime": 17537526,
    "n_samples_in_frame": 9324,
    "longest_run_symbols": 5,
    "stall_start_tref": 9496,
    "stall_end_tref": 9500,
    "stall_start_data_relative": 9483,
    "run_value_IQ": [
     5736,
     5736
    ],
    "stall_end_coincides_with_frame_end": false,
    "is_stall": false
   },
   {
    "frame_index": 1423,
    "frame_start_symtime": 17549859,
    "n_samples_in_frame": 9309,
    "longest_run_symbols": 5,
    "stall_start_tref": 997,
    "stall_end_tref": 1001,
    "stall_start_data_relative": 984,
    "run_value_IQ": [
     5736,
     -5737
    ],
    "stall_end_coincides_with_frame_end": false,
    "is_stall": false
   },
   {
    "frame_index": 1424,
    "frame_start_symtime": 17562192,
    "n_samples_in_frame": 9349,
    "longest_run_symbols": 5,
    "stall_start_tref": 997,
    "stall_end_tref": 1001,
    "stall_start_data_relative": 984,
    "run_value_IQ": [
     5736,
     -5737
    ],
    "stall_end_coincides_with_frame_end": false,
    "is_stall": false
   },
   {
    "frame_index": 1425,
    "frame_start_symtime": 17574525,
    "n_samples_in_frame": 9308,
    "longest_run_symbols": 5,
    "stall_start_tref": 997,
    "stall_end_tref": 1001,
    "stall_start_data_relative": 984,
    "run_value_IQ": [
     5736,
     -5737
    ],
    "stall_end_coincides_with_frame_end": false,
    "is_stall": false
   },
   {
    "frame_index": 1426,
    "frame_start_symtime": 17586858,
    "n_samples_in_frame": 8736,
    "longest_run_symbols": 5,
    "stall_start_tref": 9496,
    "stall_end_tref": 9500,
    "stall_start_data_relative": 9483,
    "run_value_IQ": [
     5736,
     5736
    ],
    "stall_end_coincides_with_frame_end": false,
    "is_stall": false
   },
   {
    "frame_index": 1427,
    "frame_start_symtime": 17599191,
    "n_samples_in_frame": 9354,
    "longest_run_symbols": 5,
    "stall_start_tref": 9496,
    "stall_end_tref": 9500,
    "stall_start_data_relative": 9483,
    "run_value_IQ": [
     5736,
     5736
    ],
    "stall_end_coincides_with_frame_end": false,
    "is_stall": false
   },
   {
    "frame_index": 1428,
    "frame_start_symtime": 17611524,
    "n_samples_in_frame": 9333,
    "longest_run_symbols": 5,
    "stall_start_tref": 997,
    "stall_end_tref": 1001,
    "stall_start_data_relative": 984,
    "run_value_IQ": [
     5736,
     -5737
    ],
    "stall_end_coincides_with_frame_end": false,
    "is_stall": false
   },
   {
    "frame_index": 1429,
    "frame_start_symtime": 17623857,
    "n_samples_in_frame": 9350,
    "longest_run_symbols": 5,
    "stall_start_tref": 997,
    "stall_end_tref": 1001,
    "stall_start_data_relative": 984,
    "run_value_IQ": [
     5736,
     -5737
    ],
    "stall_end_coincides_with_frame_end": false,
    "is_stall": false
   },
   {
    "frame_index": 1430,
    "frame_start_symtime": 17636190,
    "n_samples_in_frame": 9406,
    "longest_run_symbols": 5,
    "stall_start_tref": 997,
    "stall_end_tref": 1001,
    "stall_start_data_relative": 984,
    "run_value_IQ": [
     5736,
     -5737
    ],
    "stall_end_coincides_with_frame_end": false,
    "is_stall": false
   },
   {
    "frame_index": 1431,
    "frame_start_symtime": 17648523,
    "n_samples_in_frame": 8468,
    "longest_run_symbols": 5,
    "stall_start_tref": 11920,
    "stall_end_tref": 11924,
    "stall_start_data_relative": 11907,
    "run_value_IQ": [
     5736,
     -5737
    ],
    "stall_end_coincides_with_frame_end": false,
    "is_stall": false
   },
   {
    "frame_index": 1432,
    "frame_start_symtime": 17660856,
    "n_samples_in_frame": 9409,
    "longest_run_symbols": 5,
    "stall_start_tref": 997,
    "stall_end_tref": 1001,
    "stall_start_data_relative": 984,
    "run_value_IQ": [
     5736,
     -5737
    ],
    "stall_end_coincides_with_frame_end": false,
    "is_stall": false
   },
   {
    "frame_index": 1433,
    "frame_start_symtime": 17673189,
    "n_samples_in_frame": 9447,
    "longest_run_symbols": 5,
    "stall_start_tref": 9496,
    "stall_end_tref": 9500,
    "stall_start_data_relative": 9483,
    "run_value_IQ": [
     5736,
     5736
    ],
    "stall_end_coincides_with_frame_end": false,
    "is_stall": false
   },
   {
    "frame_index": 1434,
    "frame_start_symtime": 17685522,
    "n_samples_in_frame": 9216,
    "longest_run_symbols": 5,
    "stall_start_tref": 997,
    "stall_end_tref": 1001,
    "stall_start_data_relative": 984,
    "run_value_IQ": [
     5736,
     -5737
    ],
    "stall_end_coincides_with_frame_end": false,
    "is_stall": false
   },
   {
    "frame_index": 1435,
    "frame_start_symtime": 17697855,
    "n_samples_in_frame": 9308,
    "longest_run_symbols": 5,
    "stall_start_tref": 997,
    "stall_end_tref": 1001,
    "stall_start_data_relative": 984,
    "run_value_IQ": [
     5736,
     -5737
    ],
    "stall_end_coincides_with_frame_end": false,
    "is_stall": false
   },
   {
    "frame_index": 1436,
    "frame_start_symtime": 17710188,
    "n_samples_in_frame": 8429,
    "longest_run_symbols": 5,
    "stall_start_tref": 997,
    "stall_end_tref": 1001,
    "stall_start_data_relative": 984,
    "run_value_IQ": [
     5736,
     -5737
    ],
    "stall_end_coincides_with_frame_end": false,
    "is_stall": false
   },
   {
    "frame_index": 1437,
    "frame_start_symtime": 17722521,
    "n_samples_in_frame": 9341,
    "longest_run_symbols": 5,
    "stall_start_tref": 997,
    "stall_end_tref": 1001,
    "stall_start_data_relative": 984,
    "run_value_IQ": [
     5736,
     -5737
    ],
    "stall_end_coincides_with_frame_end": false,
    "is_stall": false
   },
   {
    "frame_index": 1438,
    "frame_start_symtime": 17734854,
    "n_samples_in_frame": 13882,
    "longest_run_symbols": 5,
    "stall_start_tref": 997,
    "stall_end_tref": 1001,
    "stall_start_data_relative": 984,
    "run_value_IQ": [
     5736,
     -5737
    ],
    "stall_end_coincides_with_frame_end": false,
    "is_stall": false
   },
   {
    "frame_index": 1439,
    "frame_start_symtime": 17747187,
    "n_samples_in_frame": 9246,
    "longest_run_symbols": 5,
    "stall_start_tref": 997,
    "stall_end_tref": 1001,
    "stall_start_data_relative": 984,
    "run_value_IQ": [
     5736,
     -5737
    ],
    "stall_end_coincides_with_frame_end": false,
    "is_stall": false
   },
   {
    "frame_index": 1440,
    "frame_start_symtime": 17759520,
    "n_samples_in_frame": 8758,
    "longest_run_symbols": 5,
    "stall_start_tref": 997,
    "stall_end_tref": 1001,
    "stall_start_data_relative": 984,
    "run_value_IQ": [
     5736,
     -5737
    ],
    "stall_end_coincides_with_frame_end": false,
    "is_stall": false
   },
   {
    "frame_index": 1441,
    "frame_start_symtime": 17771853,
    "n_samples_in_frame": 9334,
    "longest_run_symbols": 5,
    "stall_start_tref": 997,
    "stall_end_tref": 1001,
    "stall_start_data_relative": 984,
    "run_value_IQ": [
     5736,
     -5737
    ],
    "stall_end_coincides_with_frame_end": false,
    "is_stall": false
   },
   {
    "frame_index": 1442,
    "frame_start_symtime": 17784186,
    "n_samples_in_frame": 9037,
    "longest_run_symbols": 5,
    "stall_start_tref": 11920,
    "stall_end_tref": 11924,
    "stall_start_data_relative": 11907,
    "run_value_IQ": [
     5736,
     -5737
    ],
    "stall_end_coincides_with_frame_end": false,
    "is_stall": false
   },
   {
    "frame_index": 1443,
    "frame_start_symtime": 17796519,
    "n_samples_in_frame": 9355,
    "longest_run_symbols": 5,
    "stall_start_tref": 997,
    "stall_end_tref": 1001,
    "stall_start_data_relative": 984,
    "run_value_IQ": [
     5736,
     -5737
    ],
    "stall_end_coincides_with_frame_end": false,
    "is_stall": false
   },
   {
    "frame_index": 1444,
    "frame_start_symtime": 17808852,
    "n_samples_in_frame": 9331,
    "longest_run_symbols": 5,
    "stall_start_tref": 997,
    "stall_end_tref": 1001,
    "stall_start_data_relative": 984,
    "run_value_IQ": [
     5736,
     -5737
    ],
    "stall_end_coincides_with_frame_end": false,
    "is_stall": false
   },
   {
    "frame_index": 1445,
    "frame_start_symtime": 17821185,
    "n_samples_in_frame": 7917,
    "longest_run_symbols": 5,
    "stall_start_tref": 11920,
    "stall_end_tref": 11924,
    "stall_start_data_relative": 11907,
    "run_value_IQ": [
     5736,
     -5737
    ],
    "stall_end_coincides_with_frame_end": false,
    "is_stall": false
   },
   {
    "frame_index": 1446,
    "frame_start_symtime": 17833518,
    "n_samples_in_frame": 9368,
    "longest_run_symbols": 5,
    "stall_start_tref": 997,
    "stall_end_tref": 1001,
    "stall_start_data_relative": 984,
    "run_value_IQ": [
     5736,
     -5737
    ],
    "stall_end_coincides_with_frame_end": false,
    "is_stall": false
   },
   {
    "frame_index": 1447,
    "frame_start_symtime": 17845851,
    "n_samples_in_frame": 9428,
    "longest_run_symbols": 5,
    "stall_start_tref": 997,
    "stall_end_tref": 1001,
    "stall_start_data_relative": 984,
    "run_value_IQ": [
     5736,
     -5737
    ],
    "stall_end_coincides_with_frame_end": false,
    "is_stall": false
   },
   {
    "frame_index": 1448,
    "frame_start_symtime": 17858184,
    "n_samples_in_frame": 9362,
    "longest_run_symbols": 5,
    "stall_start_tref": 9496,
    "stall_end_tref": 9500,
    "stall_start_data_relative": 9483,
    "run_value_IQ": [
     5736,
     5736
    ],
    "stall_end_coincides_with_frame_end": false,
    "is_stall": false
   },
   {
    "frame_index": 1449,
    "frame_start_symtime": 17870517,
    "n_samples_in_frame": 9221,
    "longest_run_symbols": 5,
    "stall_start_tref": 997,
    "stall_end_tref": 1001,
    "stall_start_data_relative": 984,
    "run_value_IQ": [
     5736,
     -5737
    ],
    "stall_end_coincides_with_frame_end": false,
    "is_stall": false
   },
   {
    "frame_index": 1450,
    "frame_start_symtime": 17882850,
    "n_samples_in_frame": 8699,
    "longest_run_symbols": 5,
    "stall_start_tref": 997,
    "stall_end_tref": 1001,
    "stall_start_data_relative": 984,
    "run_value_IQ": [
     5736,
     -5737
    ],
    "stall_end_coincides_with_frame_end": false,
    "is_stall": false
   },
   {
    "frame_index": 1451,
    "frame_start_symtime": 17895183,
    "n_samples_in_frame": 9216,
    "longest_run_symbols": 5,
    "stall_start_tref": 997,
    "stall_end_tref": 1001,
    "stall_start_data_relative": 984,
    "run_value_IQ": [
     5736,
     -5737
    ],
    "stall_end_coincides_with_frame_end": false,
    "is_stall": false
   },
   {
    "frame_index": 1452,
    "frame_start_symtime": 17907516,
    "n_samples_in_frame": 9406,
    "longest_run_symbols": 5,
    "stall_start_tref": 997,
    "stall_end_tref": 1001,
    "stall_start_data_relative": 984,
    "run_value_IQ": [
     5736,
     -5737
    ],
    "stall_end_coincides_with_frame_end": false,
    "is_stall": false
   },
   {
    "frame_index": 1453,
    "frame_start_symtime": 17919849,
    "n_samples_in_frame": 9390,
    "longest_run_symbols": 5,
    "stall_start_tref": 9496,
    "stall_end_tref": 9500,
    "stall_start_data_relative": 9483,
    "run_value_IQ": [
     5736,
     5736
    ],
    "stall_end_coincides_with_frame_end": false,
    "is_stall": false
   },
   {
    "frame_index": 1454,
    "frame_start_symtime": 17932182,
    "n_samples_in_frame": 9302,
    "longest_run_symbols": 5,
    "stall_start_tref": 9496,
    "stall_end_tref": 9500,
    "stall_start_data_relative": 9483,
    "run_value_IQ": [
     5736,
     5736
    ],
    "stall_end_coincides_with_frame_end": false,
    "is_stall": false
   },
   {
    "frame_index": 1455,
    "frame_start_symtime": 17944515,
    "n_samples_in_frame": 8254,
    "longest_run_symbols": 5,
    "stall_start_tref": 997,
    "stall_end_tref": 1001,
    "stall_start_data_relative": 984,
    "run_value_IQ": [
     5736,
     -5737
    ],
    "stall_end_coincides_with_frame_end": false,
    "is_stall": false
   },
   {
    "frame_index": 1456,
    "frame_start_symtime": 17956848,
    "n_samples_in_frame": 9309,
    "longest_run_symbols": 5,
    "stall_start_tref": 997,
    "stall_end_tref": 1001,
    "stall_start_data_relative": 984,
    "run_value_IQ": [
     5736,
     -5737
    ],
    "stall_end_coincides_with_frame_end": false,
    "is_stall": false
   },
   {
    "frame_index": 1457,
    "frame_start_symtime": 17969181,
    "n_samples_in_frame": 9432,
    "longest_run_symbols": 5,
    "stall_start_tref": 997,
    "stall_end_tref": 1001,
    "stall_start_data_relative": 984,
    "run_value_IQ": [
     5736,
     -5737
    ],
    "stall_end_coincides_with_frame_end": false,
    "is_stall": false
   },
   {
    "frame_index": 1458,
    "frame_start_symtime": 17981514,
    "n_samples_in_frame": 9334,
    "longest_run_symbols": 5,
    "stall_start_tref": 9496,
    "stall_end_tref": 9500,
    "stall_start_data_relative": 9483,
    "run_value_IQ": [
     5736,
     5736
    ],
    "stall_end_coincides_with_frame_end": false,
    "is_stall": false
   },
   {
    "frame_index": 1459,
    "frame_start_symtime": 17993847,
    "n_samples_in_frame": 9301,
    "longest_run_symbols": 5,
    "stall_start_tref": 997,
    "stall_end_tref": 1001,
    "stall_start_data_relative": 984,
    "run_value_IQ": [
     5736,
     -5737
    ],
    "stall_end_coincides_with_frame_end": false,
    "is_stall": false
   },
   {
    "frame_index": 1460,
    "frame_start_symtime": 18006180,
    "n_samples_in_frame": 8704,
    "longest_run_symbols": 5,
    "stall_start_tref": 997,
    "stall_end_tref": 1001,
    "stall_start_data_relative": 984,
    "run_value_IQ": [
     5736,
     -5737
    ],
    "stall_end_coincides_with_frame_end": false,
    "is_stall": false
   },
   {
    "frame_index": 1461,
    "frame_start_symtime": 18018513,
    "n_samples_in_frame": 9219,
    "longest_run_symbols": 5,
    "stall_start_tref": 997,
    "stall_end_tref": 1001,
    "stall_start_data_relative": 984,
    "run_value_IQ": [
     5736,
     -5737
    ],
    "stall_end_coincides_with_frame_end": false,
    "is_stall": false
   },
   {
    "frame_index": 1462,
    "frame_start_symtime": 18030846,
    "n_samples_in_frame": 6963,
    "longest_run_symbols": 5,
    "stall_start_tref": 997,
    "stall_end_tref": 1001,
    "stall_start_data_relative": 984,
    "run_value_IQ": [
     5736,
     -5737
    ],
    "stall_end_coincides_with_frame_end": false,
    "is_stall": false
   },
   {
    "frame_index": 1463,
    "frame_start_symtime": 18043179,
    "n_samples_in_frame": 9397,
    "longest_run_symbols": 5,
    "stall_start_tref": 9496,
    "stall_end_tref": 9500,
    "stall_start_data_relative": 9483,
    "run_value_IQ": [
     5736,
     5736
    ],
    "stall_end_coincides_with_frame_end": false,
    "is_stall": false
   },
   {
    "frame_index": 1464,
    "frame_start_symtime": 18055512,
    "n_samples_in_frame": 9358,
    "longest_run_symbols": 5,
    "stall_start_tref": 997,
    "stall_end_tref": 1001,
    "stall_start_data_relative": 984,
    "run_value_IQ": [
     5736,
     -5737
    ],
    "stall_end_coincides_with_frame_end": false,
    "is_stall": false
   },
   {
    "frame_index": 1465,
    "frame_start_symtime": 18067845,
    "n_samples_in_frame": 8846,
    "longest_run_symbols": 5,
    "stall_start_tref": 997,
    "stall_end_tref": 1001,
    "stall_start_data_relative": 984,
    "run_value_IQ": [
     5736,
     -5737
    ],
    "stall_end_coincides_with_frame_end": false,
    "is_stall": false
   },
   {
    "frame_index": 1466,
    "frame_start_symtime": 18080178,
    "n_samples_in_frame": 13629,
    "longest_run_symbols": 7,
    "stall_start_tref": 3443,
    "stall_end_tref": 3446,
    "stall_start_data_relative": 3430,
    "run_value_IQ": [
     5736,
     5736
    ],
    "stall_end_coincides_with_frame_end": false,
    "is_stall": false
   },
   {
    "frame_index": 1467,
    "frame_start_symtime": 18092511,
    "n_samples_in_frame": 9379,
    "longest_run_symbols": 5,
    "stall_start_tref": 997,
    "stall_end_tref": 1001,
    "stall_start_data_relative": 984,
    "run_value_IQ": [
     5736,
     -5737
    ],
    "stall_end_coincides_with_frame_end": false,
    "is_stall": false
   },
   {
    "frame_index": 1468,
    "frame_start_symtime": 18104844,
    "n_samples_in_frame": 9260,
    "longest_run_symbols": 5,
    "stall_start_tref": 9496,
    "stall_end_tref": 9500,
    "stall_start_data_relative": 9483,
    "run_value_IQ": [
     5736,
     5736
    ],
    "stall_end_coincides_with_frame_end": false,
    "is_stall": false
   },
   {
    "frame_index": 1469,
    "frame_start_symtime": 18117177,
    "n_samples_in_frame": 8429,
    "longest_run_symbols": 5,
    "stall_start_tref": 9496,
    "stall_end_tref": 9500,
    "stall_start_data_relative": 9483,
    "run_value_IQ": [
     5736,
     5736
    ],
    "stall_end_coincides_with_frame_end": false,
    "is_stall": false
   },
   {
    "frame_index": 1470,
    "frame_start_symtime": 18129510,
    "n_samples_in_frame": 9302,
    "longest_run_symbols": 4410,
    "stall_start_tref": 6374,
    "stall_end_tref": 12259,
    "stall_start_data_relative": 6361,
    "run_value_IQ": [
     5736,
     5736
    ],
    "stall_end_coincides_with_frame_end": false,
    "is_stall": true,
    "rung_geometry": {
     "rows": [
      {
       "k": 0,
       "rung": 6176,
       "predicted_start_12320basis": 6144,
       "length_delta": -1766,
       "raw_start_delta": 230,
       "data_relative_start_delta": 217,
       "length_fits": false,
       "raw_start_fits": false,
       "data_relative_start_fits": false
      },
      {
       "k": 1,
       "rung": 6240,
       "predicted_start_12320basis": 6080,
       "length_delta": -1830,
       "raw_start_delta": 294,
       "data_relative_start_delta": 281,
       "length_fits": false,
       "raw_start_fits": false,
       "data_relative_start_fits": false
      },
      {
       "k": 2,
       "rung": 6299,
       "predicted_start_12320basis": 6021,
       "length_delta": -1889,
       "raw_start_delta": 353,
       "data_relative_start_delta": 340,
       "length_fits": false,
       "raw_start_fits": false,
       "data_relative_start_fits": false
      },
      {
       "k": 3,
       "rung": 6363,
       "predicted_start_12320basis": 5957,
       "length_delta": -1953,
       "raw_start_delta": 417,
       "data_relative_start_delta": 404,
       "length_fits": false,
       "raw_start_fits": false,
       "data_relative_start_fits": false
      },
      {
       "k": 4,
       "rung": 6432,
       "predicted_start_12320basis": 5888,
       "length_delta": -2022,
       "raw_start_delta": 486,
       "data_relative_start_delta": 473,
       "length_fits": false,
       "raw_start_fits": false,
       "data_relative_start_fits": false
      },
      {
       "k": 5,
       "rung": 6489,
       "predicted_start_12320basis": 5831,
       "length_delta": -2079,
       "raw_start_delta": 543,
       "data_relative_start_delta": 530,
       "length_fits": false,
       "raw_start_fits": false,
       "data_relative_start_fits": false
      },
      {
       "k": 6,
       "rung": 6548,
       "predicted_start_12320basis": 5772,
       "length_delta": -2138,
       "raw_start_delta": 602,
       "data_relative_start_delta": 589,
       "length_fits": false,
       "raw_start_fits": false,
       "data_relative_start_fits": false
      }
     ],
     "best_length_match": {
      "k": 0,
      "rung": 6176,
      "predicted_start_12320basis": 6144,
      "length_delta": -1766,
      "raw_start_delta": 230,
      "data_relative_start_delta": 217,
      "length_fits": false,
      "raw_start_fits": false,
      "data_relative_start_fits": false
     },
     "any_length_fits": false,
     "any_raw_start_fits": false,
     "any_data_relative_start_fits": false
    },
    "marker_found_near_frame_boundary": true,
    "extra_mark_fec_in_same_frame": false,
    "continuation_check": {
     "stall_frame": 1470,
     "next_frame": 1471,
     "reference_frame": 1466,
     "stall_start_tref": 6374,
     "L": 512,
     "n_compared_shift_hypothesis": 320,
     "n_match_shift_hypothesis": 4,
     "frac_match_shift_hypothesis": 0.0125,
     "n_compared_noshift_hypothesis": 249,
     "n_match_noshift_hypothesis": 2,
     "frac_match_noshift_hypothesis": 0.008,
     "pass": false
    },
    "constellation": {
     "I": 5736,
     "Q": 5736,
     "magnitude": 8111.9,
     "phase_deg": 45.0,
     "quadrant_measured": "I+,Q+ (~45 deg)"
    }
   },
   {
    "frame_index": 1471,
    "frame_start_symtime": 18141843,
    "n_samples_in_frame": 9429,
    "longest_run_symbols": 9356,
    "stall_start_tref": 0,
    "stall_end_tref": 12259,
    "stall_start_data_relative": -13,
    "run_value_IQ": [
     5736,
     5736
    ],
    "stall_end_coincides_with_frame_end": false,
    "is_stall": true,
    "rung_geometry": {
     "rows": [
      {
       "k": 0,
       "rung": 6176,
       "predicted_start_12320basis": 6144,
       "length_delta": 3180,
       "raw_start_delta": -6144,
       "data_relative_start_delta": -6157,
       "length_fits": false,
       "raw_start_fits": false,
       "data_relative_start_fits": false
      },
      {
       "k": 1,
       "rung": 6240,
       "predicted_start_12320basis": 6080,
       "length_delta": 3116,
       "raw_start_delta": -6080,
       "data_relative_start_delta": -6093,
       "length_fits": false,
       "raw_start_fits": false,
       "data_relative_start_fits": false
      },
      {
       "k": 2,
       "rung": 6299,
       "predicted_start_12320basis": 6021,
       "length_delta": 3057,
       "raw_start_delta": -6021,
       "data_relative_start_delta": -6034,
       "length_fits": false,
       "raw_start_fits": false,
       "data_relative_start_fits": false
      },
      {
       "k": 3,
       "rung": 6363,
       "predicted_start_12320basis": 5957,
       "length_delta": 2993,
       "raw_start_delta": -5957,
       "data_relative_start_delta": -5970,
       "length_fits": false,
       "raw_start_fits": false,
       "data_relative_start_fits": false
      },
      {
       "k": 4,
       "rung": 6432,
       "predicted_start_12320basis": 5888,
       "length_delta": 2924,
       "raw_start_delta": -5888,
       "data_relative_start_delta": -5901,
       "length_fits": false,
       "raw_start_fits": false,
       "data_relative_start_fits": false
      },
      {
       "k": 5,
       "rung": 6489,
       "predicted_start_12320basis": 5831,
       "length_delta": 2867,
       "raw_start_delta": -5831,
       "data_relative_start_delta": -5844,
       "length_fits": false,
       "raw_start_fits": false,
       "data_relative_start_fits": false
      },
      {
       "k": 6,
       "rung": 6548,
       "predicted_start_12320basis": 5772,
       "length_delta": 2808,
       "raw_start_delta": -5772,
       "data_relative_start_delta": -5785,
       "length_fits": false,
       "raw_start_fits": false,
       "data_relative_start_fits": false
      }
     ],
     "best_length_match": {
      "k": 6,
      "rung": 6548,
      "predicted_start_12320basis": 5772,
      "length_delta": 2808,
      "raw_start_delta": -5772,
      "data_relative_start_delta": -5785,
      "length_fits": false,
      "raw_start_fits": false,
      "data_relative_start_fits": false
     },
     "any_length_fits": false,
     "any_raw_start_fits": false,
     "any_data_relative_start_fits": false
    },
    "marker_found_near_frame_boundary": true,
    "extra_mark_fec_in_same_frame": false,
    "continuation_check": {
     "stall_frame": 1471,
     "next_frame": 1472,
     "reference_frame": 1466,
     "stall_start_tref": 0,
     "L": 512,
     "n_compared_shift_hypothesis": 242,
     "n_match_shift_hypothesis": 3,
     "frac_match_shift_hypothesis": 0.0124,
     "n_compared_noshift_hypothesis": 242,
     "n_match_noshift_hypothesis": 3,
     "frac_match_noshift_hypothesis": 0.0124,
     "pass": false
    },
    "constellation": {
     "I": 5736,
     "Q": 5736,
     "magnitude": 8111.9,
     "phase_deg": 45.0,
     "quadrant_measured": "I+,Q+ (~45 deg)"
    }
   },
   {
    "frame_index": 1472,
    "frame_start_symtime": 18154176,
    "n_samples_in_frame": 9276,
    "longest_run_symbols": 5,
    "stall_start_tref": 5488,
    "stall_end_tref": 5492,
    "stall_start_data_relative": 5475,
    "run_value_IQ": [
     5736,
     -5737
    ],
    "stall_end_coincides_with_frame_end": false,
    "is_stall": false
   },
   {
    "frame_index": 1473,
    "frame_start_symtime": 18166509,
    "n_samples_in_frame": 9347,
    "longest_run_symbols": 5,
    "stall_start_tref": 3064,
    "stall_end_tref": 3068,
    "stall_start_data_relative": 3051,
    "run_value_IQ": [
     5736,
     5736
    ],
    "stall_end_coincides_with_frame_end": false,
    "is_stall": false
   },
   {
    "frame_index": 1474,
    "frame_start_symtime": 18178842,
    "n_samples_in_frame": 8652,
    "longest_run_symbols": 5,
    "stall_start_tref": 3064,
    "stall_end_tref": 3068,
    "stall_start_data_relative": 3051,
    "run_value_IQ": [
     5736,
     5736
    ],
    "stall_end_coincides_with_frame_end": false,
    "is_stall": false
   },
   {
    "frame_index": 1475,
    "frame_start_symtime": 18191175,
    "n_samples_in_frame": 9290,
    "longest_run_symbols": 5,
    "stall_start_tref": 3064,
    "stall_end_tref": 3068,
    "stall_start_data_relative": 3051,
    "run_value_IQ": [
     5736,
     5736
    ],
    "stall_end_coincides_with_frame_end": false,
    "is_stall": false
   },
   {
    "frame_index": 1476,
    "frame_start_symtime": 18203508,
    "n_samples_in_frame": 9317,
    "longest_run_symbols": 5,
    "stall_start_tref": 3064,
    "stall_end_tref": 3068,
    "stall_start_data_relative": 3051,
    "run_value_IQ": [
     5736,
     5736
    ],
    "stall_end_coincides_with_frame_end": false,
    "is_stall": false
   },
   {
    "frame_index": 1477,
    "frame_start_symtime": 18215841,
    "n_samples_in_frame": 9402,
    "longest_run_symbols": 5,
    "stall_start_tref": 3064,
    "stall_end_tref": 3068,
    "stall_start_data_relative": 3051,
    "run_value_IQ": [
     5736,
     5736
    ],
    "stall_end_coincides_with_frame_end": false,
    "is_stall": false
   },
   {
    "frame_index": 1478,
    "frame_start_symtime": 18228174,
    "n_samples_in_frame": 4385,
    "longest_run_symbols": 4,
    "stall_start_tref": 1362,
    "stall_end_tref": 1365,
    "stall_start_data_relative": 1349,
    "run_value_IQ": [
     5736,
     -5737
    ],
    "stall_end_coincides_with_frame_end": false,
    "is_stall": false
   },
   {
    "frame_index": 1479,
    "frame_start_symtime": 18240507,
    "n_samples_in_frame": 8640,
    "longest_run_symbols": 5,
    "stall_start_tref": 3064,
    "stall_end_tref": 3068,
    "stall_start_data_relative": 3051,
    "run_value_IQ": [
     5736,
     5736
    ],
    "stall_end_coincides_with_frame_end": false,
    "is_stall": false
   },
   {
    "frame_index": 1480,
    "frame_start_symtime": 18252840,
    "n_samples_in_frame": 9343,
    "longest_run_symbols": 5,
    "stall_start_tref": 3064,
    "stall_end_tref": 3068,
    "stall_start_data_relative": 3051,
    "run_value_IQ": [
     5736,
     5736
    ],
    "stall_end_coincides_with_frame_end": false,
    "is_stall": false
   },
   {
    "frame_index": 1481,
    "frame_start_symtime": 18265173,
    "n_samples_in_frame": 9359,
    "longest_run_symbols": 5,
    "stall_start_tref": 3064,
    "stall_end_tref": 3068,
    "stall_start_data_relative": 3051,
    "run_value_IQ": [
     5736,
     5736
    ],
    "stall_end_coincides_with_frame_end": false,
    "is_stall": false
   },
   {
    "frame_index": 1482,
    "frame_start_symtime": 18277506,
    "n_samples_in_frame": 9252,
    "longest_run_symbols": 5,
    "stall_start_tref": 5488,
    "stall_end_tref": 5492,
    "stall_start_data_relative": 5475,
    "run_value_IQ": [
     5736,
     -5737
    ],
    "stall_end_coincides_with_frame_end": false,
    "is_stall": false
   },
   {
    "frame_index": 1483,
    "frame_start_symtime": 18289839,
    "n_samples_in_frame": 9320,
    "longest_run_symbols": 5,
    "stall_start_tref": 3064,
    "stall_end_tref": 3068,
    "stall_start_data_relative": 3051,
    "run_value_IQ": [
     5736,
     5736
    ],
    "stall_end_coincides_with_frame_end": false,
    "is_stall": false
   },
   {
    "frame_index": 1484,
    "frame_start_symtime": 18302172,
    "n_samples_in_frame": 8639,
    "longest_run_symbols": 5,
    "stall_start_tref": 5488,
    "stall_end_tref": 5492,
    "stall_start_data_relative": 5475,
    "run_value_IQ": [
     5736,
     -5737
    ],
    "stall_end_coincides_with_frame_end": false,
    "is_stall": false
   },
   {
    "frame_index": 1485,
    "frame_start_symtime": 18314505,
    "n_samples_in_frame": 9278,
    "longest_run_symbols": 5,
    "stall_start_tref": 5488,
    "stall_end_tref": 5492,
    "stall_start_data_relative": 5475,
    "run_value_IQ": [
     5736,
     -5737
    ],
    "stall_end_coincides_with_frame_end": false,
    "is_stall": false
   },
   {
    "frame_index": 1486,
    "frame_start_symtime": 18326838,
    "n_samples_in_frame": 9274,
    "longest_run_symbols": 5,
    "stall_start_tref": 3064,
    "stall_end_tref": 3068,
    "stall_start_data_relative": 3051,
    "run_value_IQ": [
     5736,
     5736
    ],
    "stall_end_coincides_with_frame_end": false,
    "is_stall": false
   },
   {
    "frame_index": 1487,
    "frame_start_symtime": 18339171,
    "n_samples_in_frame": 9263,
    "longest_run_symbols": 5,
    "stall_start_tref": 3064,
    "stall_end_tref": 3068,
    "stall_start_data_relative": 3051,
    "run_value_IQ": [
     5736,
     5736
    ],
    "stall_end_coincides_with_frame_end": false,
    "is_stall": false
   },
   {
    "frame_index": 1488,
    "frame_start_symtime": 18351504,
    "n_samples_in_frame": 9279,
    "longest_run_symbols": 5,
    "stall_start_tref": 3064,
    "stall_end_tref": 3068,
    "stall_start_data_relative": 3051,
    "run_value_IQ": [
     5736,
     5736
    ],
    "stall_end_coincides_with_frame_end": false,
    "is_stall": false
   },
   {
    "frame_index": 1489,
    "frame_start_symtime": 18363837,
    "n_samples_in_frame": 8641,
    "longest_run_symbols": 5,
    "stall_start_tref": 3064,
    "stall_end_tref": 3068,
    "stall_start_data_relative": 3051,
    "run_value_IQ": [
     5736,
     5736
    ],
    "stall_end_coincides_with_frame_end": false,
    "is_stall": false
   },
   {
    "frame_index": 1490,
    "frame_start_symtime": 18376170,
    "n_samples_in_frame": 9341,
    "longest_run_symbols": 5,
    "stall_start_tref": 3064,
    "stall_end_tref": 3068,
    "stall_start_data_relative": 3051,
    "run_value_IQ": [
     5736,
     5736
    ],
    "stall_end_coincides_with_frame_end": false,
    "is_stall": false
   },
   {
    "frame_index": 1491,
    "frame_start_symtime": 18388503,
    "n_samples_in_frame": 9404,
    "longest_run_symbols": 5,
    "stall_start_tref": 3064,
    "stall_end_tref": 3068,
    "stall_start_data_relative": 3051,
    "run_value_IQ": [
     5736,
     5736
    ],
    "stall_end_coincides_with_frame_end": false,
    "is_stall": false
   },
   {
    "frame_index": 1492,
    "frame_start_symtime": 18400836,
    "n_samples_in_frame": 9010,
    "longest_run_symbols": 5,
    "stall_start_tref": 3064,
    "stall_end_tref": 3068,
    "stall_start_data_relative": 3051,
    "run_value_IQ": [
     5736,
     5736
    ],
    "stall_end_coincides_with_frame_end": false,
    "is_stall": false
   },
   {
    "frame_index": 1493,
    "frame_start_symtime": 18413169,
    "n_samples_in_frame": 9230,
    "longest_run_symbols": 5,
    "stall_start_tref": 3064,
    "stall_end_tref": 3068,
    "stall_start_data_relative": 3051,
    "run_value_IQ": [
     5736,
     5736
    ],
    "stall_end_coincides_with_frame_end": false,
    "is_stall": false
   },
   {
    "frame_index": 1494,
    "frame_start_symtime": 18425502,
    "n_samples_in_frame": 12388,
    "longest_run_symbols": 9,
    "stall_start_tref": 5488,
    "stall_end_tref": 5492,
    "stall_start_data_relative": 5475,
    "run_value_IQ": [
     5736,
     -5737
    ],
    "stall_end_coincides_with_frame_end": false,
    "is_stall": false
   },
   {
    "frame_index": 1495,
    "frame_start_symtime": 18437835,
    "n_samples_in_frame": 9407,
    "longest_run_symbols": 5,
    "stall_start_tref": 5488,
    "stall_end_tref": 5492,
    "stall_start_data_relative": 5475,
    "run_value_IQ": [
     5736,
     -5737
    ],
    "stall_end_coincides_with_frame_end": false,
    "is_stall": false
   },
   {
    "frame_index": 1496,
    "frame_start_symtime": 18450168,
    "n_samples_in_frame": 9316,
    "longest_run_symbols": 5,
    "stall_start_tref": 3064,
    "stall_end_tref": 3068,
    "stall_start_data_relative": 3051,
    "run_value_IQ": [
     5736,
     5736
    ],
    "stall_end_coincides_with_frame_end": false,
    "is_stall": false
   },
   {
    "frame_index": 1497,
    "frame_start_symtime": 18462501,
    "n_samples_in_frame": 9216,
    "longest_run_symbols": 5,
    "stall_start_tref": 3064,
    "stall_end_tref": 3068,
    "stall_start_data_relative": 3051,
    "run_value_IQ": [
     5736,
     5736
    ],
    "stall_end_coincides_with_frame_end": false,
    "is_stall": false
   },
   {
    "frame_index": 1498,
    "frame_start_symtime": 18474834,
    "n_samples_in_frame": 8704,
    "longest_run_symbols": 5,
    "stall_start_tref": 3064,
    "stall_end_tref": 3068,
    "stall_start_data_relative": 3051,
    "run_value_IQ": [
     5736,
     5736
    ],
    "stall_end_coincides_with_frame_end": false,
    "is_stall": false
   },
   {
    "frame_index": 1499,
    "frame_start_symtime": 18487167,
    "n_samples_in_frame": 9250,
    "longest_run_symbols": 5,
    "stall_start_tref": 3064,
    "stall_end_tref": 3068,
    "stall_start_data_relative": 3051,
    "run_value_IQ": [
     5736,
     5736
    ],
    "stall_end_coincides_with_frame_end": false,
    "is_stall": false
   },
   {
    "frame_index": 1500,
    "frame_start_symtime": 18499500,
    "n_samples_in_frame": 11103,
    "longest_run_symbols": 5,
    "stall_start_tref": 3064,
    "stall_end_tref": 3068,
    "stall_start_data_relative": 3051,
    "run_value_IQ": [
     5736,
     5736
    ],
    "stall_end_coincides_with_frame_end": false,
    "is_stall": false
   },
   {
    "frame_index": 1501,
    "frame_start_symtime": 18511833,
    "n_samples_in_frame": 9343,
    "longest_run_symbols": 5,
    "stall_start_tref": 3064,
    "stall_end_tref": 3068,
    "stall_start_data_relative": 3051,
    "run_value_IQ": [
     5736,
     5736
    ],
    "stall_end_coincides_with_frame_end": false,
    "is_stall": false
   },
   {
    "frame_index": 1502,
    "frame_start_symtime": 18524166,
    "n_samples_in_frame": 8764,
    "longest_run_symbols": 5,
    "stall_start_tref": 3064,
    "stall_end_tref": 3068,
    "stall_start_data_relative": 3051,
    "run_value_IQ": [
     5736,
     5736
    ],
    "stall_end_coincides_with_frame_end": false,
    "is_stall": false
   },
   {
    "frame_index": 1503,
    "frame_start_symtime": 18536499,
    "n_samples_in_frame": 9366,
    "longest_run_symbols": 5,
    "stall_start_tref": 3064,
    "stall_end_tref": 3068,
    "stall_start_data_relative": 3051,
    "run_value_IQ": [
     5736,
     5736
    ],
    "stall_end_coincides_with_frame_end": false,
    "is_stall": false
   },
   {
    "frame_index": 1504,
    "frame_start_symtime": 18548832,
    "n_samples_in_frame": 9413,
    "longest_run_symbols": 5,
    "stall_start_tref": 5488,
    "stall_end_tref": 5492,
    "stall_start_data_relative": 5475,
    "run_value_IQ": [
     5736,
     -5737
    ],
    "stall_end_coincides_with_frame_end": false,
    "is_stall": false
   },
   {
    "frame_index": 1505,
    "frame_start_symtime": 18561165,
    "n_samples_in_frame": 9321,
    "longest_run_symbols": 5,
    "stall_start_tref": 3064,
    "stall_end_tref": 3068,
    "stall_start_data_relative": 3051,
    "run_value_IQ": [
     5736,
     5736
    ],
    "stall_end_coincides_with_frame_end": false,
    "is_stall": false
   },
   {
    "frame_index": 1506,
    "frame_start_symtime": 18573498,
    "n_samples_in_frame": 9216,
    "longest_run_symbols": 5,
    "stall_start_tref": 3064,
    "stall_end_tref": 3068,
    "stall_start_data_relative": 3051,
    "run_value_IQ": [
     5736,
     5736
    ],
    "stall_end_coincides_with_frame_end": false,
    "is_stall": false
   },
   {
    "frame_index": 1507,
    "frame_start_symtime": 18585831,
    "n_samples_in_frame": 8704,
    "longest_run_symbols": 5,
    "stall_start_tref": 3064,
    "stall_end_tref": 3068,
    "stall_start_data_relative": 3051,
    "run_value_IQ": [
     5736,
     5736
    ],
    "stall_end_coincides_with_frame_end": false,
    "is_stall": false
   },
   {
    "frame_index": 1508,
    "frame_start_symtime": 18598164,
    "n_samples_in_frame": 9329,
    "longest_run_symbols": 5,
    "stall_start_tref": 3064,
    "stall_end_tref": 3068,
    "stall_start_data_relative": 3051,
    "run_value_IQ": [
     5736,
     5736
    ],
    "stall_end_coincides_with_frame_end": false,
    "is_stall": false
   },
   {
    "frame_index": 1509,
    "frame_start_symtime": 18610497,
    "n_samples_in_frame": 9478,
    "longest_run_symbols": 5,
    "stall_start_tref": 3064,
    "stall_end_tref": 3068,
    "stall_start_data_relative": 3051,
    "run_value_IQ": [
     5736,
     5736
    ],
    "stall_end_coincides_with_frame_end": false,
    "is_stall": false
   },
   {
    "frame_index": 1510,
    "frame_start_symtime": 18622830,
    "n_samples_in_frame": 9353,
    "longest_run_symbols": 5,
    "stall_start_tref": 3064,
    "stall_end_tref": 3068,
    "stall_start_data_relative": 3051,
    "run_value_IQ": [
     5736,
     5736
    ],
    "stall_end_coincides_with_frame_end": false,
    "is_stall": false
   },
   {
    "frame_index": 1511,
    "frame_start_symtime": 18635163,
    "n_samples_in_frame": 9216,
    "longest_run_symbols": 5,
    "stall_start_tref": 3064,
    "stall_end_tref": 3068,
    "stall_start_data_relative": 3051,
    "run_value_IQ": [
     5736,
     5736
    ],
    "stall_end_coincides_with_frame_end": false,
    "is_stall": false
   },
   {
    "frame_index": 1512,
    "frame_start_symtime": 18647496,
    "n_samples_in_frame": 8704,
    "longest_run_symbols": 5,
    "stall_start_tref": 3064,
    "stall_end_tref": 3068,
    "stall_start_data_relative": 3051,
    "run_value_IQ": [
     5736,
     5736
    ],
    "stall_end_coincides_with_frame_end": false,
    "is_stall": false
   },
   {
    "frame_index": 1513,
    "frame_start_symtime": 18659829,
    "n_samples_in_frame": 9216,
    "longest_run_symbols": 5,
    "stall_start_tref": 3064,
    "stall_end_tref": 3068,
    "stall_start_data_relative": 3051,
    "run_value_IQ": [
     5736,
     5736
    ],
    "stall_end_coincides_with_frame_end": false,
    "is_stall": false
   },
   {
    "frame_index": 1514,
    "frame_start_symtime": 18672162,
    "n_samples_in_frame": 9337,
    "longest_run_symbols": 5,
    "stall_start_tref": 3064,
    "stall_end_tref": 3068,
    "stall_start_data_relative": 3051,
    "run_value_IQ": [
     5736,
     5736
    ],
    "stall_end_coincides_with_frame_end": false,
    "is_stall": false
   },
   {
    "frame_index": 1515,
    "frame_start_symtime": 18684495,
    "n_samples_in_frame": 9145,
    "longest_run_symbols": 5,
    "stall_start_tref": 3064,
    "stall_end_tref": 3068,
    "stall_start_data_relative": 3051,
    "run_value_IQ": [
     5736,
     5736
    ],
    "stall_end_coincides_with_frame_end": false,
    "is_stall": false
   },
   {
    "frame_index": 1516,
    "frame_start_symtime": 18696828,
    "n_samples_in_frame": 9166,
    "longest_run_symbols": 5,
    "stall_start_tref": 3064,
    "stall_end_tref": 3068,
    "stall_start_data_relative": 3051,
    "run_value_IQ": [
     5736,
     5736
    ],
    "stall_end_coincides_with_frame_end": false,
    "is_stall": false
   },
   {
    "frame_index": 1517,
    "frame_start_symtime": 18709161,
    "n_samples_in_frame": 8939,
    "longest_run_symbols": 5,
    "stall_start_tref": 3064,
    "stall_end_tref": 3068,
    "stall_start_data_relative": 3051,
    "run_value_IQ": [
     5736,
     5736
    ],
    "stall_end_coincides_with_frame_end": false,
    "is_stall": false
   },
   {
    "frame_index": 1518,
    "frame_start_symtime": 18721494,
    "n_samples_in_frame": 9394,
    "longest_run_symbols": 5,
    "stall_start_tref": 5488,
    "stall_end_tref": 5492,
    "stall_start_data_relative": 5475,
    "run_value_IQ": [
     5736,
     -5737
    ],
    "stall_end_coincides_with_frame_end": false,
    "is_stall": false
   },
   {
    "frame_index": 1519,
    "frame_start_symtime": 18733827,
    "n_samples_in_frame": 9315,
    "longest_run_symbols": 5,
    "stall_start_tref": 3064,
    "stall_end_tref": 3068,
    "stall_start_data_relative": 3051,
    "run_value_IQ": [
     5736,
     5736
    ],
    "stall_end_coincides_with_frame_end": false,
    "is_stall": false
   },
   {
    "frame_index": 1520,
    "frame_start_symtime": 18746160,
    "n_samples_in_frame": 9324,
    "longest_run_symbols": 5,
    "stall_start_tref": 3064,
    "stall_end_tref": 3068,
    "stall_start_data_relative": 3051,
    "run_value_IQ": [
     5736,
     5736
    ],
    "stall_end_coincides_with_frame_end": false,
    "is_stall": false
   },
   {
    "frame_index": 1521,
    "frame_start_symtime": 18758493,
    "n_samples_in_frame": 9108,
    "longest_run_symbols": 5,
    "stall_start_tref": 5488,
    "stall_end_tref": 5492,
    "stall_start_data_relative": 5475,
    "run_value_IQ": [
     5736,
     -5737
    ],
    "stall_end_coincides_with_frame_end": false,
    "is_stall": false
   },
   {
    "frame_index": 1522,
    "frame_start_symtime": 18770826,
    "n_samples_in_frame": 3925,
    "longest_run_symbols": 4,
    "stall_start_tref": 4118,
    "stall_end_tref": 4121,
    "stall_start_data_relative": 4105,
    "run_value_IQ": [
     5736,
     5736
    ],
    "stall_end_coincides_with_frame_end": false,
    "is_stall": false
   },
   {
    "frame_index": 1523,
    "frame_start_symtime": 18783159,
    "n_samples_in_frame": 9387,
    "longest_run_symbols": 5,
    "stall_start_tref": 3064,
    "stall_end_tref": 3068,
    "stall_start_data_relative": 3051,
    "run_value_IQ": [
     5736,
     5736
    ],
    "stall_end_coincides_with_frame_end": false,
    "is_stall": false
   },
   {
    "frame_index": 1524,
    "frame_start_symtime": 18795492,
    "n_samples_in_frame": 9269,
    "longest_run_symbols": 5,
    "stall_start_tref": 3064,
    "stall_end_tref": 3068,
    "stall_start_data_relative": 3051,
    "run_value_IQ": [
     5736,
     5736
    ],
    "stall_end_coincides_with_frame_end": false,
    "is_stall": false
   },
   {
    "frame_index": 1525,
    "frame_start_symtime": 18807825,
    "n_samples_in_frame": 9424,
    "longest_run_symbols": 5,
    "stall_start_tref": 3064,
    "stall_end_tref": 3068,
    "stall_start_data_relative": 3051,
    "run_value_IQ": [
     5736,
     5736
    ],
    "stall_end_coincides_with_frame_end": false,
    "is_stall": false
   },
   {
    "frame_index": 1526,
    "frame_start_symtime": 18820158,
    "n_samples_in_frame": 8955,
    "longest_run_symbols": 5,
    "stall_start_tref": 5488,
    "stall_end_tref": 5492,
    "stall_start_data_relative": 5475,
    "run_value_IQ": [
     5736,
     -5737
    ],
    "stall_end_coincides_with_frame_end": false,
    "is_stall": false
   },
   {
    "frame_index": 1527,
    "frame_start_symtime": 18832491,
    "n_samples_in_frame": 8982,
    "longest_run_symbols": 5,
    "stall_start_tref": 3064,
    "stall_end_tref": 3068,
    "stall_start_data_relative": 3051,
    "run_value_IQ": [
     5736,
     5736
    ],
    "stall_end_coincides_with_frame_end": false,
    "is_stall": false
   },
   {
    "frame_index": 1528,
    "frame_start_symtime": 18844824,
    "n_samples_in_frame": 9425,
    "longest_run_symbols": 5,
    "stall_start_tref": 3064,
    "stall_end_tref": 3068,
    "stall_start_data_relative": 3051,
    "run_value_IQ": [
     5736,
     5736
    ],
    "stall_end_coincides_with_frame_end": false,
    "is_stall": false
   },
   {
    "frame_index": 1529,
    "frame_start_symtime": 18857157,
    "n_samples_in_frame": 9241,
    "longest_run_symbols": 5,
    "stall_start_tref": 3064,
    "stall_end_tref": 3068,
    "stall_start_data_relative": 3051,
    "run_value_IQ": [
     5736,
     5736
    ],
    "stall_end_coincides_with_frame_end": false,
    "is_stall": false
   },
   {
    "frame_index": 1530,
    "frame_start_symtime": 18869490,
    "n_samples_in_frame": 9271,
    "longest_run_symbols": 5,
    "stall_start_tref": 3064,
    "stall_end_tref": 3068,
    "stall_start_data_relative": 3051,
    "run_value_IQ": [
     5736,
     5736
    ],
    "stall_end_coincides_with_frame_end": false,
    "is_stall": false
   },
   {
    "frame_index": 1531,
    "frame_start_symtime": 18881823,
    "n_samples_in_frame": 8907,
    "longest_run_symbols": 5,
    "stall_start_tref": 3064,
    "stall_end_tref": 3068,
    "stall_start_data_relative": 3051,
    "run_value_IQ": [
     5736,
     5736
    ],
    "stall_end_coincides_with_frame_end": false,
    "is_stall": false
   },
   {
    "frame_index": 1532,
    "frame_start_symtime": 18894156,
    "n_samples_in_frame": 9139,
    "longest_run_symbols": 5,
    "stall_start_tref": 3064,
    "stall_end_tref": 3068,
    "stall_start_data_relative": 3051,
    "run_value_IQ": [
     5736,
     5736
    ],
    "stall_end_coincides_with_frame_end": false,
    "is_stall": false
   },
   {
    "frame_index": 1533,
    "frame_start_symtime": 18906489,
    "n_samples_in_frame": 9270,
    "longest_run_symbols": 5,
    "stall_start_tref": 3064,
    "stall_end_tref": 3068,
    "stall_start_data_relative": 3051,
    "run_value_IQ": [
     5736,
     5736
    ],
    "stall_end_coincides_with_frame_end": false,
    "is_stall": false
   },
   {
    "frame_index": 1534,
    "frame_start_symtime": 18918822,
    "n_samples_in_frame": 9410,
    "longest_run_symbols": 5,
    "stall_start_tref": 5488,
    "stall_end_tref": 5492,
    "stall_start_data_relative": 5475,
    "run_value_IQ": [
     5736,
     -5737
    ],
    "stall_end_coincides_with_frame_end": false,
    "is_stall": false
   },
   {
    "frame_index": 1535,
    "frame_start_symtime": 18931155,
    "n_samples_in_frame": 9299,
    "longest_run_symbols": 5,
    "stall_start_tref": 3064,
    "stall_end_tref": 3068,
    "stall_start_data_relative": 3051,
    "run_value_IQ": [
     5736,
     5736
    ],
    "stall_end_coincides_with_frame_end": false,
    "is_stall": false
   },
   {
    "frame_index": 1536,
    "frame_start_symtime": 18943488,
    "n_samples_in_frame": 8704,
    "longest_run_symbols": 5,
    "stall_start_tref": 3064,
    "stall_end_tref": 3068,
    "stall_start_data_relative": 3051,
    "run_value_IQ": [
     5736,
     5736
    ],
    "stall_end_coincides_with_frame_end": false,
    "is_stall": false
   },
   {
    "frame_index": 1537,
    "frame_start_symtime": 18955821,
    "n_samples_in_frame": 9216,
    "longest_run_symbols": 5,
    "stall_start_tref": 3064,
    "stall_end_tref": 3068,
    "stall_start_data_relative": 3051,
    "run_value_IQ": [
     5736,
     5736
    ],
    "stall_end_coincides_with_frame_end": false,
    "is_stall": false
   },
   {
    "frame_index": 1538,
    "frame_start_symtime": 18968154,
    "n_samples_in_frame": 9355,
    "longest_run_symbols": 5,
    "stall_start_tref": 3064,
    "stall_end_tref": 3068,
    "stall_start_data_relative": 3051,
    "run_value_IQ": [
     5736,
     5736
    ],
    "stall_end_coincides_with_frame_end": false,
    "is_stall": false
   },
   {
    "frame_index": 1539,
    "frame_start_symtime": 18980487,
    "n_samples_in_frame": 9283,
    "longest_run_symbols": 5,
    "stall_start_tref": 3064,
    "stall_end_tref": 3068,
    "stall_start_data_relative": 3051,
    "run_value_IQ": [
     5736,
     5736
    ],
    "stall_end_coincides_with_frame_end": false,
    "is_stall": false
   },
   {
    "frame_index": 1540,
    "frame_start_symtime": 18992820,
    "n_samples_in_frame": 9409,
    "longest_run_symbols": 5,
    "stall_start_tref": 5488,
    "stall_end_tref": 5492,
    "stall_start_data_relative": 5475,
    "run_value_IQ": [
     5736,
     -5737
    ],
    "stall_end_coincides_with_frame_end": false,
    "is_stall": false
   },
   {
    "frame_index": 1541,
    "frame_start_symtime": 19005153,
    "n_samples_in_frame": 8388,
    "longest_run_symbols": 5,
    "stall_start_tref": 3064,
    "stall_end_tref": 3068,
    "stall_start_data_relative": 3051,
    "run_value_IQ": [
     5736,
     5736
    ],
    "stall_end_coincides_with_frame_end": false,
    "is_stall": false
   },
   {
    "frame_index": 1542,
    "frame_start_symtime": 19017486,
    "n_samples_in_frame": 9307,
    "longest_run_symbols": 5,
    "stall_start_tref": 3064,
    "stall_end_tref": 3068,
    "stall_start_data_relative": 3051,
    "run_value_IQ": [
     5736,
     5736
    ],
    "stall_end_coincides_with_frame_end": false,
    "is_stall": false
   },
   {
    "frame_index": 1543,
    "frame_start_symtime": 19029819,
    "n_samples_in_frame": 9283,
    "longest_run_symbols": 5,
    "stall_start_tref": 3064,
    "stall_end_tref": 3068,
    "stall_start_data_relative": 3051,
    "run_value_IQ": [
     5736,
     5736
    ],
    "stall_end_coincides_with_frame_end": false,
    "is_stall": false
   },
   {
    "frame_index": 1544,
    "frame_start_symtime": 19042152,
    "n_samples_in_frame": 9480,
    "longest_run_symbols": 5,
    "stall_start_tref": 3064,
    "stall_end_tref": 3068,
    "stall_start_data_relative": 3051,
    "run_value_IQ": [
     5736,
     5736
    ],
    "stall_end_coincides_with_frame_end": false,
    "is_stall": false
   },
   {
    "frame_index": 1545,
    "frame_start_symtime": 19054485,
    "n_samples_in_frame": 9223,
    "longest_run_symbols": 5,
    "stall_start_tref": 3064,
    "stall_end_tref": 3068,
    "stall_start_data_relative": 3051,
    "run_value_IQ": [
     5736,
     5736
    ],
    "stall_end_coincides_with_frame_end": false,
    "is_stall": false
   },
   {
    "frame_index": 1546,
    "frame_start_symtime": 19066818,
    "n_samples_in_frame": 8704,
    "longest_run_symbols": 5,
    "stall_start_tref": 3064,
    "stall_end_tref": 3068,
    "stall_start_data_relative": 3051,
    "run_value_IQ": [
     5736,
     5736
    ],
    "stall_end_coincides_with_frame_end": false,
    "is_stall": false
   },
   {
    "frame_index": 1547,
    "frame_start_symtime": 19079151,
    "n_samples_in_frame": 9264,
    "longest_run_symbols": 5,
    "stall_start_tref": 3064,
    "stall_end_tref": 3068,
    "stall_start_data_relative": 3051,
    "run_value_IQ": [
     5736,
     5736
    ],
    "stall_end_coincides_with_frame_end": false,
    "is_stall": false
   },
   {
    "frame_index": 1548,
    "frame_start_symtime": 19091484,
    "n_samples_in_frame": 9393,
    "longest_run_symbols": 5,
    "stall_start_tref": 3064,
    "stall_end_tref": 3068,
    "stall_start_data_relative": 3051,
    "run_value_IQ": [
     5736,
     5736
    ],
    "stall_end_coincides_with_frame_end": false,
    "is_stall": false
   },
   {
    "frame_index": 1549,
    "frame_start_symtime": 19103817,
    "n_samples_in_frame": 9274,
    "longest_run_symbols": 5,
    "stall_start_tref": 5488,
    "stall_end_tref": 5492,
    "stall_start_data_relative": 5475,
    "run_value_IQ": [
     5736,
     -5737
    ],
    "stall_end_coincides_with_frame_end": false,
    "is_stall": false
   },
   {
    "frame_index": 1550,
    "frame_start_symtime": 19116150,
    "n_samples_in_frame": 13285,
    "longest_run_symbols": 9,
    "stall_start_tref": 5488,
    "stall_end_tref": 5492,
    "stall_start_data_relative": 5475,
    "run_value_IQ": [
     5736,
     -5737
    ],
    "stall_end_coincides_with_frame_end": false,
    "is_stall": false
   },
   {
    "frame_index": 1551,
    "frame_start_symtime": 19128483,
    "n_samples_in_frame": 9407,
    "longest_run_symbols": 5,
    "stall_start_tref": 5488,
    "stall_end_tref": 5492,
    "stall_start_data_relative": 5475,
    "run_value_IQ": [
     5736,
     -5737
    ],
    "stall_end_coincides_with_frame_end": false,
    "is_stall": false
   },
   {
    "frame_index": 1552,
    "frame_start_symtime": 19140816,
    "n_samples_in_frame": 9281,
    "longest_run_symbols": 5,
    "stall_start_tref": 3064,
    "stall_end_tref": 3068,
    "stall_start_data_relative": 3051,
    "run_value_IQ": [
     5736,
     5736
    ],
    "stall_end_coincides_with_frame_end": false,
    "is_stall": false
   },
   {
    "frame_index": 1553,
    "frame_start_symtime": 19153149,
    "n_samples_in_frame": 9313,
    "longest_run_symbols": 5,
    "stall_start_tref": 3064,
    "stall_end_tref": 3068,
    "stall_start_data_relative": 3051,
    "run_value_IQ": [
     5736,
     5736
    ],
    "stall_end_coincides_with_frame_end": false,
    "is_stall": false
   },
   {
    "frame_index": 1554,
    "frame_start_symtime": 19165482,
    "n_samples_in_frame": 9152,
    "longest_run_symbols": 5,
    "stall_start_tref": 3064,
    "stall_end_tref": 3068,
    "stall_start_data_relative": 3051,
    "run_value_IQ": [
     5736,
     5736
    ],
    "stall_end_coincides_with_frame_end": false,
    "is_stall": false
   },
   {
    "frame_index": 1555,
    "frame_start_symtime": 19177815,
    "n_samples_in_frame": 8692,
    "longest_run_symbols": 5,
    "stall_start_tref": 3064,
    "stall_end_tref": 3068,
    "stall_start_data_relative": 3051,
    "run_value_IQ": [
     5736,
     5736
    ],
    "stall_end_coincides_with_frame_end": false,
    "is_stall": false
   },
   {
    "frame_index": 1556,
    "frame_start_symtime": 19190148,
    "n_samples_in_frame": 9295,
    "longest_run_symbols": 5,
    "stall_start_tref": 3064,
    "stall_end_tref": 3068,
    "stall_start_data_relative": 3051,
    "run_value_IQ": [
     5736,
     5736
    ],
    "stall_end_coincides_with_frame_end": false,
    "is_stall": false
   },
   {
    "frame_index": 1557,
    "frame_start_symtime": 19202481,
    "n_samples_in_frame": 9416,
    "longest_run_symbols": 5,
    "stall_start_tref": 3064,
    "stall_end_tref": 3068,
    "stall_start_data_relative": 3051,
    "run_value_IQ": [
     5736,
     5736
    ],
    "stall_end_coincides_with_frame_end": false,
    "is_stall": false
   },
   {
    "frame_index": 1558,
    "frame_start_symtime": 19214814,
    "n_samples_in_frame": 9360,
    "longest_run_symbols": 5,
    "stall_start_tref": 5488,
    "stall_end_tref": 5492,
    "stall_start_data_relative": 5475,
    "run_value_IQ": [
     5736,
     -5737
    ],
    "stall_end_coincides_with_frame_end": false,
    "is_stall": false
   },
   {
    "frame_index": 1559,
    "frame_start_symtime": 19227147,
    "n_samples_in_frame": 9284,
    "longest_run_symbols": 5,
    "stall_start_tref": 3064,
    "stall_end_tref": 3068,
    "stall_start_data_relative": 3051,
    "run_value_IQ": [
     5736,
     5736
    ],
    "stall_end_coincides_with_frame_end": false,
    "is_stall": false
   },
   {
    "frame_index": 1560,
    "frame_start_symtime": 19239480,
    "n_samples_in_frame": 8627,
    "longest_run_symbols": 5,
    "stall_start_tref": 3064,
    "stall_end_tref": 3068,
    "stall_start_data_relative": 3051,
    "run_value_IQ": [
     5736,
     5736
    ],
    "stall_end_coincides_with_frame_end": false,
    "is_stall": false
   },
   {
    "frame_index": 1561,
    "frame_start_symtime": 19251813,
    "n_samples_in_frame": 9102,
    "longest_run_symbols": 5,
    "stall_start_tref": 5488,
    "stall_end_tref": 5492,
    "stall_start_data_relative": 5475,
    "run_value_IQ": [
     5736,
     -5737
    ],
    "stall_end_coincides_with_frame_end": false,
    "is_stall": false
   },
   {
    "frame_index": 1562,
    "frame_start_symtime": 19264146,
    "n_samples_in_frame": 9407,
    "longest_run_symbols": 5,
    "stall_start_tref": 3064,
    "stall_end_tref": 3068,
    "stall_start_data_relative": 3051,
    "run_value_IQ": [
     5736,
     5736
    ],
    "stall_end_coincides_with_frame_end": false,
    "is_stall": false
   },
   {
    "frame_index": 1563,
    "frame_start_symtime": 19276479,
    "n_samples_in_frame": 9322,
    "longest_run_symbols": 5,
    "stall_start_tref": 3064,
    "stall_end_tref": 3068,
    "stall_start_data_relative": 3051,
    "run_value_IQ": [
     5736,
     5736
    ],
    "stall_end_coincides_with_frame_end": false,
    "is_stall": false
   },
   {
    "frame_index": 1564,
    "frame_start_symtime": 19288812,
    "n_samples_in_frame": 9110,
    "longest_run_symbols": 5,
    "stall_start_tref": 3064,
    "stall_end_tref": 3068,
    "stall_start_data_relative": 3051,
    "run_value_IQ": [
     5736,
     5736
    ],
    "stall_end_coincides_with_frame_end": false,
    "is_stall": false
   },
   {
    "frame_index": 1565,
    "frame_start_symtime": 19301145,
    "n_samples_in_frame": 8704,
    "longest_run_symbols": 5,
    "stall_start_tref": 3064,
    "stall_end_tref": 3068,
    "stall_start_data_relative": 3051,
    "run_value_IQ": [
     5736,
     5736
    ],
    "stall_end_coincides_with_frame_end": false,
    "is_stall": false
   },
   {
    "frame_index": 1566,
    "frame_start_symtime": 19313478,
    "n_samples_in_frame": 9308,
    "longest_run_symbols": 5,
    "stall_start_tref": 3064,
    "stall_end_tref": 3068,
    "stall_start_data_relative": 3051,
    "run_value_IQ": [
     5736,
     5736
    ],
    "stall_end_coincides_with_frame_end": false,
    "is_stall": false
   },
   {
    "frame_index": 1567,
    "frame_start_symtime": 19325811,
    "n_samples_in_frame": 9469,
    "longest_run_symbols": 5,
    "stall_start_tref": 3064,
    "stall_end_tref": 3068,
    "stall_start_data_relative": 3051,
    "run_value_IQ": [
     5736,
     5736
    ],
    "stall_end_coincides_with_frame_end": false,
    "is_stall": false
   },
   {
    "frame_index": 1568,
    "frame_start_symtime": 19338144,
    "n_samples_in_frame": 9339,
    "longest_run_symbols": 5,
    "stall_start_tref": 3064,
    "stall_end_tref": 3068,
    "stall_start_data_relative": 3051,
    "run_value_IQ": [
     5736,
     5736
    ],
    "stall_end_coincides_with_frame_end": false,
    "is_stall": false
   },
   {
    "frame_index": 1569,
    "frame_start_symtime": 19350477,
    "n_samples_in_frame": 9205,
    "longest_run_symbols": 5,
    "stall_start_tref": 3064,
    "stall_end_tref": 3068,
    "stall_start_data_relative": 3051,
    "run_value_IQ": [
     5736,
     5736
    ],
    "stall_end_coincides_with_frame_end": false,
    "is_stall": false
   },
   {
    "frame_index": 1570,
    "frame_start_symtime": 19362810,
    "n_samples_in_frame": 8759,
    "longest_run_symbols": 5,
    "stall_start_tref": 3064,
    "stall_end_tref": 3068,
    "stall_start_data_relative": 3051,
    "run_value_IQ": [
     5736,
     5736
    ],
    "stall_end_coincides_with_frame_end": false,
    "is_stall": false
   },
   {
    "frame_index": 1571,
    "frame_start_symtime": 19375143,
    "n_samples_in_frame": 9276,
    "longest_run_symbols": 5,
    "stall_start_tref": 3064,
    "stall_end_tref": 3068,
    "stall_start_data_relative": 3051,
    "run_value_IQ": [
     5736,
     5736
    ],
    "stall_end_coincides_with_frame_end": false,
    "is_stall": false
   },
   {
    "frame_index": 1572,
    "frame_start_symtime": 19387476,
    "n_samples_in_frame": 9414,
    "longest_run_symbols": 5,
    "stall_start_tref": 3064,
    "stall_end_tref": 3068,
    "stall_start_data_relative": 3051,
    "run_value_IQ": [
     5736,
     5736
    ],
    "stall_end_coincides_with_frame_end": false,
    "is_stall": false
   },
   {
    "frame_index": 1573,
    "frame_start_symtime": 19399809,
    "n_samples_in_frame": 9405,
    "longest_run_symbols": 5,
    "stall_start_tref": 5488,
    "stall_end_tref": 5492,
    "stall_start_data_relative": 5475,
    "run_value_IQ": [
     5736,
     -5737
    ],
    "stall_end_coincides_with_frame_end": false,
    "is_stall": false
   },
   {
    "frame_index": 1574,
    "frame_start_symtime": 19412142,
    "n_samples_in_frame": 9281,
    "longest_run_symbols": 5,
    "stall_start_tref": 3064,
    "stall_end_tref": 3068,
    "stall_start_data_relative": 3051,
    "run_value_IQ": [
     5736,
     5736
    ],
    "stall_end_coincides_with_frame_end": false,
    "is_stall": false
   },
   {
    "frame_index": 1575,
    "frame_start_symtime": 19424475,
    "n_samples_in_frame": 8704,
    "longest_run_symbols": 5,
    "stall_start_tref": 3064,
    "stall_end_tref": 3068,
    "stall_start_data_relative": 3051,
    "run_value_IQ": [
     5736,
     5736
    ],
    "stall_end_coincides_with_frame_end": false,
    "is_stall": false
   },
   {
    "frame_index": 1576,
    "frame_start_symtime": 19436808,
    "n_samples_in_frame": 9296,
    "longest_run_symbols": 5,
    "stall_start_tref": 3064,
    "stall_end_tref": 3068,
    "stall_start_data_relative": 3051,
    "run_value_IQ": [
     5736,
     5736
    ],
    "stall_end_coincides_with_frame_end": false,
    "is_stall": false
   },
   {
    "frame_index": 1577,
    "frame_start_symtime": 19449141,
    "n_samples_in_frame": 9280,
    "longest_run_symbols": 5,
    "stall_start_tref": 3064,
    "stall_end_tref": 3068,
    "stall_start_data_relative": 3051,
    "run_value_IQ": [
     5736,
     5736
    ],
    "stall_end_coincides_with_frame_end": false,
    "is_stall": false
   },
   {
    "frame_index": 1578,
    "frame_start_symtime": 19461474,
    "n_samples_in_frame": 4976,
    "longest_run_symbols": 5,
    "stall_start_tref": 5488,
    "stall_end_tref": 5492,
    "stall_start_data_relative": 5475,
    "run_value_IQ": [
     5736,
     -5737
    ],
    "stall_end_coincides_with_frame_end": false,
    "is_stall": false
   },
   {
    "frame_index": 1579,
    "frame_start_symtime": 19473807,
    "n_samples_in_frame": 9216,
    "longest_run_symbols": 5,
    "stall_start_tref": 3064,
    "stall_end_tref": 3068,
    "stall_start_data_relative": 3051,
    "run_value_IQ": [
     5736,
     5736
    ],
    "stall_end_coincides_with_frame_end": false,
    "is_stall": false
   },
   {
    "frame_index": 1580,
    "frame_start_symtime": 19486140,
    "n_samples_in_frame": 8388,
    "longest_run_symbols": 5,
    "stall_start_tref": 3064,
    "stall_end_tref": 3068,
    "stall_start_data_relative": 3051,
    "run_value_IQ": [
     5736,
     5736
    ],
    "stall_end_coincides_with_frame_end": false,
    "is_stall": false
   },
   {
    "frame_index": 1581,
    "frame_start_symtime": 19498473,
    "n_samples_in_frame": 9302,
    "longest_run_symbols": 5,
    "stall_start_tref": 5488,
    "stall_end_tref": 5492,
    "stall_start_data_relative": 5475,
    "run_value_IQ": [
     5736,
     -5737
    ],
    "stall_end_coincides_with_frame_end": false,
    "is_stall": false
   },
   {
    "frame_index": 1582,
    "frame_start_symtime": 19510806,
    "n_samples_in_frame": 9176,
    "longest_run_symbols": 5,
    "stall_start_tref": 3064,
    "stall_end_tref": 3068,
    "stall_start_data_relative": 3051,
    "run_value_IQ": [
     5736,
     5736
    ],
    "stall_end_coincides_with_frame_end": false,
    "is_stall": false
   },
   {
    "frame_index": 1583,
    "frame_start_symtime": 19523139,
    "n_samples_in_frame": 7144,
    "longest_run_symbols": 4,
    "stall_start_tref": 1362,
    "stall_end_tref": 1365,
    "stall_start_data_relative": 1349,
    "run_value_IQ": [
     5736,
     -5737
    ],
    "stall_end_coincides_with_frame_end": false,
    "is_stall": false
   },
   {
    "frame_index": 1584,
    "frame_start_symtime": 19535472,
    "n_samples_in_frame": 9508,
    "longest_run_symbols": 5,
    "stall_start_tref": 5488,
    "stall_end_tref": 5492,
    "stall_start_data_relative": 5475,
    "run_value_IQ": [
     5736,
     -5737
    ],
    "stall_end_coincides_with_frame_end": false,
    "is_stall": false
   },
   {
    "frame_index": 1585,
    "frame_start_symtime": 19547805,
    "n_samples_in_frame": 8701,
    "longest_run_symbols": 5,
    "stall_start_tref": 3064,
    "stall_end_tref": 3068,
    "stall_start_data_relative": 3051,
    "run_value_IQ": [
     5736,
     5736
    ],
    "stall_end_coincides_with_frame_end": false,
    "is_stall": false
   },
   {
    "frame_index": 1586,
    "frame_start_symtime": 19560138,
    "n_samples_in_frame": 9234,
    "longest_run_symbols": 5,
    "stall_start_tref": 3064,
    "stall_end_tref": 3068,
    "stall_start_data_relative": 3051,
    "run_value_IQ": [
     5736,
     5736
    ],
    "stall_end_coincides_with_frame_end": false,
    "is_stall": false
   },
   {
    "frame_index": 1587,
    "frame_start_symtime": 19572471,
    "n_samples_in_frame": 9408,
    "longest_run_symbols": 5,
    "stall_start_tref": 3064,
    "stall_end_tref": 3068,
    "stall_start_data_relative": 3051,
    "run_value_IQ": [
     5736,
     5736
    ],
    "stall_end_coincides_with_frame_end": false,
    "is_stall": false
   },
   {
    "frame_index": 1588,
    "frame_start_symtime": 19584804,
    "n_samples_in_frame": 9414,
    "longest_run_symbols": 5,
    "stall_start_tref": 5488,
    "stall_end_tref": 5492,
    "stall_start_data_relative": 5475,
    "run_value_IQ": [
     5736,
     -5737
    ],
    "stall_end_coincides_with_frame_end": false,
    "is_stall": false
   },
   {
    "frame_index": 1589,
    "frame_start_symtime": 19597137,
    "n_samples_in_frame": 9325,
    "longest_run_symbols": 5,
    "stall_start_tref": 3064,
    "stall_end_tref": 3068,
    "stall_start_data_relative": 3051,
    "run_value_IQ": [
     5736,
     5736
    ],
    "stall_end_coincides_with_frame_end": false,
    "is_stall": false
   },
   {
    "frame_index": 1590,
    "frame_start_symtime": 19609470,
    "n_samples_in_frame": 8380,
    "longest_run_symbols": 5,
    "stall_start_tref": 3064,
    "stall_end_tref": 3068,
    "stall_start_data_relative": 3051,
    "run_value_IQ": [
     5736,
     5736
    ],
    "stall_end_coincides_with_frame_end": false,
    "is_stall": false
   },
   {
    "frame_index": 1591,
    "frame_start_symtime": 19621803,
    "n_samples_in_frame": 5444,
    "longest_run_symbols": 5,
    "stall_start_tref": 5488,
    "stall_end_tref": 5492,
    "stall_start_data_relative": 5475,
    "run_value_IQ": [
     5736,
     -5737
    ],
    "stall_end_coincides_with_frame_end": false,
    "is_stall": false
   },
   {
    "frame_index": 1592,
    "frame_start_symtime": 19634136,
    "n_samples_in_frame": 8927,
    "longest_run_symbols": 5,
    "stall_start_tref": 3064,
    "stall_end_tref": 3068,
    "stall_start_data_relative": 3051,
    "run_value_IQ": [
     5736,
     5736
    ],
    "stall_end_coincides_with_frame_end": false,
    "is_stall": false
   },
   {
    "frame_index": 1593,
    "frame_start_symtime": 19646469,
    "n_samples_in_frame": 9314,
    "longest_run_symbols": 5,
    "stall_start_tref": 5488,
    "stall_end_tref": 5492,
    "stall_start_data_relative": 5475,
    "run_value_IQ": [
     5736,
     -5737
    ],
    "stall_end_coincides_with_frame_end": false,
    "is_stall": false
   },
   {
    "frame_index": 1594,
    "frame_start_symtime": 19658802,
    "n_samples_in_frame": 9390,
    "longest_run_symbols": 5,
    "stall_start_tref": 5488,
    "stall_end_tref": 5492,
    "stall_start_data_relative": 5475,
    "run_value_IQ": [
     5736,
     -5737
    ],
    "stall_end_coincides_with_frame_end": false,
    "is_stall": false
   },
   {
    "frame_index": 1595,
    "frame_start_symtime": 19671135,
    "n_samples_in_frame": 8325,
    "longest_run_symbols": 5,
    "stall_start_tref": 3064,
    "stall_end_tref": 3068,
    "stall_start_data_relative": 3051,
    "run_value_IQ": [
     5736,
     5736
    ],
    "stall_end_coincides_with_frame_end": false,
    "is_stall": false
   },
   {
    "frame_index": 1596,
    "frame_start_symtime": 19683468,
    "n_samples_in_frame": 9219,
    "longest_run_symbols": 5,
    "stall_start_tref": 3064,
    "stall_end_tref": 3068,
    "stall_start_data_relative": 3051,
    "run_value_IQ": [
     5736,
     5736
    ],
    "stall_end_coincides_with_frame_end": false,
    "is_stall": false
   },
   {
    "frame_index": 1597,
    "frame_start_symtime": 19695801,
    "n_samples_in_frame": 9407,
    "longest_run_symbols": 5,
    "stall_start_tref": 5488,
    "stall_end_tref": 5492,
    "stall_start_data_relative": 5475,
    "run_value_IQ": [
     5736,
     -5737
    ],
    "stall_end_coincides_with_frame_end": false,
    "is_stall": false
   },
   {
    "frame_index": 1598,
    "frame_start_symtime": 19708134,
    "n_samples_in_frame": 9382,
    "longest_run_symbols": 5,
    "stall_start_tref": 5488,
    "stall_end_tref": 5492,
    "stall_start_data_relative": 5475,
    "run_value_IQ": [
     5736,
     -5737
    ],
    "stall_end_coincides_with_frame_end": false,
    "is_stall": false
   },
   {
    "frame_index": 1599,
    "frame_start_symtime": 19720467,
    "n_samples_in_frame": 9252,
    "longest_run_symbols": 5,
    "stall_start_tref": 3064,
    "stall_end_tref": 3068,
    "stall_start_data_relative": 3051,
    "run_value_IQ": [
     5736,
     5736
    ],
    "stall_end_coincides_with_frame_end": false,
    "is_stall": false
   },
   {
    "frame_index": 1600,
    "frame_start_symtime": 19732800,
    "n_samples_in_frame": 8602,
    "longest_run_symbols": 5,
    "stall_start_tref": 3064,
    "stall_end_tref": 3068,
    "stall_start_data_relative": 3051,
    "run_value_IQ": [
     5736,
     5736
    ],
    "stall_end_coincides_with_frame_end": false,
    "is_stall": false
   },
   {
    "frame_index": 1601,
    "frame_start_symtime": 19745133,
    "n_samples_in_frame": 9318,
    "longest_run_symbols": 5,
    "stall_start_tref": 3064,
    "stall_end_tref": 3068,
    "stall_start_data_relative": 3051,
    "run_value_IQ": [
     5736,
     5736
    ],
    "stall_end_coincides_with_frame_end": false,
    "is_stall": false
   },
   {
    "frame_index": 1602,
    "frame_start_symtime": 19757466,
    "n_samples_in_frame": 9216,
    "longest_run_symbols": 5,
    "stall_start_tref": 3064,
    "stall_end_tref": 3068,
    "stall_start_data_relative": 3051,
    "run_value_IQ": [
     5736,
     5736
    ],
    "stall_end_coincides_with_frame_end": false,
    "is_stall": false
   },
   {
    "frame_index": 1603,
    "frame_start_symtime": 19769799,
    "n_samples_in_frame": 9279,
    "longest_run_symbols": 5,
    "stall_start_tref": 3064,
    "stall_end_tref": 3068,
    "stall_start_data_relative": 3051,
    "run_value_IQ": [
     5736,
     5736
    ],
    "stall_end_coincides_with_frame_end": false,
    "is_stall": false
   },
   {
    "frame_index": 1604,
    "frame_start_symtime": 19782132,
    "n_samples_in_frame": 9324,
    "longest_run_symbols": 5,
    "stall_start_tref": 3064,
    "stall_end_tref": 3068,
    "stall_start_data_relative": 3051,
    "run_value_IQ": [
     5736,
     5736
    ],
    "stall_end_coincides_with_frame_end": false,
    "is_stall": false
   },
   {
    "frame_index": 1605,
    "frame_start_symtime": 19794465,
    "n_samples_in_frame": 8662,
    "longest_run_symbols": 5,
    "stall_start_tref": 3064,
    "stall_end_tref": 3068,
    "stall_start_data_relative": 3051,
    "run_value_IQ": [
     5736,
     5736
    ],
    "stall_end_coincides_with_frame_end": false,
    "is_stall": false
   },
   {
    "frame_index": 1606,
    "frame_start_symtime": 19806798,
    "n_samples_in_frame": 9325,
    "longest_run_symbols": 5,
    "stall_start_tref": 3064,
    "stall_end_tref": 3068,
    "stall_start_data_relative": 3051,
    "run_value_IQ": [
     5736,
     5736
    ],
    "stall_end_coincides_with_frame_end": false,
    "is_stall": false
   },
   {
    "frame_index": 1607,
    "frame_start_symtime": 19819131,
    "n_samples_in_frame": 14046,
    "longest_run_symbols": 9,
    "stall_start_tref": 5488,
    "stall_end_tref": 5492,
    "stall_start_data_relative": 5475,
    "run_value_IQ": [
     5736,
     -5737
    ],
    "stall_end_coincides_with_frame_end": false,
    "is_stall": false
   },
   {
    "frame_index": 1608,
    "frame_start_symtime": 19831464,
    "n_samples_in_frame": 9268,
    "longest_run_symbols": 5,
    "stall_start_tref": 3064,
    "stall_end_tref": 3068,
    "stall_start_data_relative": 3051,
    "run_value_IQ": [
     5736,
     5736
    ],
    "stall_end_coincides_with_frame_end": false,
    "is_stall": false
   },
   {
    "frame_index": 1609,
    "frame_start_symtime": 19843797,
    "n_samples_in_frame": 8685,
    "longest_run_symbols": 5,
    "stall_start_tref": 3064,
    "stall_end_tref": 3068,
    "stall_start_data_relative": 3051,
    "run_value_IQ": [
     5736,
     5736
    ],
    "stall_end_coincides_with_frame_end": false,
    "is_stall": false
   },
   {
    "frame_index": 1610,
    "frame_start_symtime": 19856130,
    "n_samples_in_frame": 9235,
    "longest_run_symbols": 5,
    "stall_start_tref": 3064,
    "stall_end_tref": 3068,
    "stall_start_data_relative": 3051,
    "run_value_IQ": [
     5736,
     5736
    ],
    "stall_end_coincides_with_frame_end": false,
    "is_stall": false
   },
   {
    "frame_index": 1611,
    "frame_start_symtime": 19868463,
    "n_samples_in_frame": 9283,
    "longest_run_symbols": 5,
    "stall_start_tref": 3064,
    "stall_end_tref": 3068,
    "stall_start_data_relative": 3051,
    "run_value_IQ": [
     5736,
     5736
    ],
    "stall_end_coincides_with_frame_end": false,
    "is_stall": false
   },
   {
    "frame_index": 1612,
    "frame_start_symtime": 19880796,
    "n_samples_in_frame": 9412,
    "longest_run_symbols": 5,
    "stall_start_tref": 3064,
    "stall_end_tref": 3068,
    "stall_start_data_relative": 3051,
    "run_value_IQ": [
     5736,
     5736
    ],
    "stall_end_coincides_with_frame_end": false,
    "is_stall": false
   },
   {
    "frame_index": 1613,
    "frame_start_symtime": 19893129,
    "n_samples_in_frame": 11001,
    "longest_run_symbols": 7,
    "stall_start_tref": 9331,
    "stall_end_tref": 9334,
    "stall_start_data_relative": 9318,
    "run_value_IQ": [
     5736,
     5736
    ],
    "stall_end_coincides_with_frame_end": false,
    "is_stall": false
   },
   {
    "frame_index": 1614,
    "frame_start_symtime": 19905462,
    "n_samples_in_frame": 9257,
    "longest_run_symbols": 5,
    "stall_start_tref": 3064,
    "stall_end_tref": 3068,
    "stall_start_data_relative": 3051,
    "run_value_IQ": [
     5736,
     5736
    ],
    "stall_end_coincides_with_frame_end": false,
    "is_stall": false
   },
   {
    "frame_index": 1615,
    "frame_start_symtime": 19917795,
    "n_samples_in_frame": 9175,
    "longest_run_symbols": 5,
    "stall_start_tref": 3064,
    "stall_end_tref": 3068,
    "stall_start_data_relative": 3051,
    "run_value_IQ": [
     5736,
     5736
    ],
    "stall_end_coincides_with_frame_end": false,
    "is_stall": false
   },
   {
    "frame_index": 1616,
    "frame_start_symtime": 19930128,
    "n_samples_in_frame": 9281,
    "longest_run_symbols": 5,
    "stall_start_tref": 3064,
    "stall_end_tref": 3068,
    "stall_start_data_relative": 3051,
    "run_value_IQ": [
     5736,
     5736
    ],
    "stall_end_coincides_with_frame_end": false,
    "is_stall": false
   },
   {
    "frame_index": 1617,
    "frame_start_symtime": 19942461,
    "n_samples_in_frame": 9350,
    "longest_run_symbols": 5,
    "stall_start_tref": 3064,
    "stall_end_tref": 3068,
    "stall_start_data_relative": 3051,
    "run_value_IQ": [
     5736,
     5736
    ],
    "stall_end_coincides_with_frame_end": false,
    "is_stall": false
   },
   {
    "frame_index": 1618,
    "frame_start_symtime": 19954794,
    "n_samples_in_frame": 7891,
    "longest_run_symbols": 5,
    "stall_start_tref": 3064,
    "stall_end_tref": 3068,
    "stall_start_data_relative": 3051,
    "run_value_IQ": [
     5736,
     5736
    ],
    "stall_end_coincides_with_frame_end": false,
    "is_stall": false
   },
   {
    "frame_index": 1619,
    "frame_start_symtime": 19967127,
    "n_samples_in_frame": 9293,
    "longest_run_symbols": 5,
    "stall_start_tref": 3064,
    "stall_end_tref": 3068,
    "stall_start_data_relative": 3051,
    "run_value_IQ": [
     5736,
     5736
    ],
    "stall_end_coincides_with_frame_end": false,
    "is_stall": false
   },
   {
    "frame_index": 1620,
    "frame_start_symtime": 19979460,
    "n_samples_in_frame": 9241,
    "longest_run_symbols": 5,
    "stall_start_tref": 3064,
    "stall_end_tref": 3068,
    "stall_start_data_relative": 3051,
    "run_value_IQ": [
     5736,
     5736
    ],
    "stall_end_coincides_with_frame_end": false,
    "is_stall": false
   },
   {
    "frame_index": 1621,
    "frame_start_symtime": 19991793,
    "n_samples_in_frame": 9361,
    "longest_run_symbols": 5,
    "stall_start_tref": 3064,
    "stall_end_tref": 3068,
    "stall_start_data_relative": 3051,
    "run_value_IQ": [
     5736,
     5736
    ],
    "stall_end_coincides_with_frame_end": false,
    "is_stall": false
   },
   {
    "frame_index": 1622,
    "frame_start_symtime": 20004126,
    "n_samples_in_frame": 9421,
    "longest_run_symbols": 5,
    "stall_start_tref": 3064,
    "stall_end_tref": 3068,
    "stall_start_data_relative": 3051,
    "run_value_IQ": [
     5736,
     5736
    ],
    "stall_end_coincides_with_frame_end": false,
    "is_stall": false
   },
   {
    "frame_index": 1623,
    "frame_start_symtime": 20016459,
    "n_samples_in_frame": 8651,
    "longest_run_symbols": 5,
    "stall_start_tref": 3064,
    "stall_end_tref": 3068,
    "stall_start_data_relative": 3051,
    "run_value_IQ": [
     5736,
     5736
    ],
    "stall_end_coincides_with_frame_end": false,
    "is_stall": false
   },
   {
    "frame_index": 1624,
    "frame_start_symtime": 20028792,
    "n_samples_in_frame": 9339,
    "longest_run_symbols": 5,
    "stall_start_tref": 3064,
    "stall_end_tref": 3068,
    "stall_start_data_relative": 3051,
    "run_value_IQ": [
     5736,
     5736
    ],
    "stall_end_coincides_with_frame_end": false,
    "is_stall": false
   },
   {
    "frame_index": 1625,
    "frame_start_symtime": 20041125,
    "n_samples_in_frame": 9308,
    "longest_run_symbols": 5,
    "stall_start_tref": 3064,
    "stall_end_tref": 3068,
    "stall_start_data_relative": 3051,
    "run_value_IQ": [
     5736,
     5736
    ],
    "stall_end_coincides_with_frame_end": false,
    "is_stall": false
   },
   {
    "frame_index": 1626,
    "frame_start_symtime": 20053458,
    "n_samples_in_frame": 9216,
    "longest_run_symbols": 5,
    "stall_start_tref": 3064,
    "stall_end_tref": 3068,
    "stall_start_data_relative": 3051,
    "run_value_IQ": [
     5736,
     5736
    ],
    "stall_end_coincides_with_frame_end": false,
    "is_stall": false
   },
   {
    "frame_index": 1627,
    "frame_start_symtime": 20065791,
    "n_samples_in_frame": 9392,
    "longest_run_symbols": 5,
    "stall_start_tref": 3064,
    "stall_end_tref": 3068,
    "stall_start_data_relative": 3051,
    "run_value_IQ": [
     5736,
     5736
    ],
    "stall_end_coincides_with_frame_end": false,
    "is_stall": false
   },
   {
    "frame_index": 1628,
    "frame_start_symtime": 20078124,
    "n_samples_in_frame": 8546,
    "longest_run_symbols": 5,
    "stall_start_tref": 5488,
    "stall_end_tref": 5492,
    "stall_start_data_relative": 5475,
    "run_value_IQ": [
     5736,
     -5737
    ],
    "stall_end_coincides_with_frame_end": false,
    "is_stall": false
   },
   {
    "frame_index": 1629,
    "frame_start_symtime": 20090457,
    "n_samples_in_frame": 9358,
    "longest_run_symbols": 5,
    "stall_start_tref": 3064,
    "stall_end_tref": 3068,
    "stall_start_data_relative": 3051,
    "run_value_IQ": [
     5736,
     5736
    ],
    "stall_end_coincides_with_frame_end": false,
    "is_stall": false
   },
   {
    "frame_index": 1630,
    "frame_start_symtime": 20102790,
    "n_samples_in_frame": 9406,
    "longest_run_symbols": 5,
    "stall_start_tref": 5488,
    "stall_end_tref": 5492,
    "stall_start_data_relative": 5475,
    "run_value_IQ": [
     5736,
     -5737
    ],
    "stall_end_coincides_with_frame_end": false,
    "is_stall": false
   },
   {
    "frame_index": 1631,
    "frame_start_symtime": 20115123,
    "n_samples_in_frame": 9378,
    "longest_run_symbols": 5,
    "stall_start_tref": 3064,
    "stall_end_tref": 3068,
    "stall_start_data_relative": 3051,
    "run_value_IQ": [
     5736,
     5736
    ],
    "stall_end_coincides_with_frame_end": false,
    "is_stall": false
   },
   {
    "frame_index": 1632,
    "frame_start_symtime": 20127456,
    "n_samples_in_frame": 9216,
    "longest_run_symbols": 5,
    "stall_start_tref": 3064,
    "stall_end_tref": 3068,
    "stall_start_data_relative": 3051,
    "run_value_IQ": [
     5736,
     5736
    ],
    "stall_end_coincides_with_frame_end": false,
    "is_stall": false
   },
   {
    "frame_index": 1633,
    "frame_start_symtime": 20139789,
    "n_samples_in_frame": 8704,
    "longest_run_symbols": 5,
    "stall_start_tref": 3064,
    "stall_end_tref": 3068,
    "stall_start_data_relative": 3051,
    "run_value_IQ": [
     5736,
     5736
    ],
    "stall_end_coincides_with_frame_end": false,
    "is_stall": false
   },
   {
    "frame_index": 1634,
    "frame_start_symtime": 20152122,
    "n_samples_in_frame": 9327,
    "longest_run_symbols": 5,
    "stall_start_tref": 3064,
    "stall_end_tref": 3068,
    "stall_start_data_relative": 3051,
    "run_value_IQ": [
     5736,
     5736
    ],
    "stall_end_coincides_with_frame_end": false,
    "is_stall": false
   },
   {
    "frame_index": 1635,
    "frame_start_symtime": 20164455,
    "n_samples_in_frame": 4653,
    "longest_run_symbols": 5,
    "stall_start_tref": 3064,
    "stall_end_tref": 3068,
    "stall_start_data_relative": 3051,
    "run_value_IQ": [
     5736,
     5736
    ],
    "stall_end_coincides_with_frame_end": false,
    "is_stall": false
   },
   {
    "frame_index": 1636,
    "frame_start_symtime": 20176788,
    "n_samples_in_frame": 9370,
    "longest_run_symbols": 5,
    "stall_start_tref": 3064,
    "stall_end_tref": 3068,
    "stall_start_data_relative": 3051,
    "run_value_IQ": [
     5736,
     5736
    ],
    "stall_end_coincides_with_frame_end": false,
    "is_stall": false
   },
   {
    "frame_index": 1637,
    "frame_start_symtime": 20189121,
    "n_samples_in_frame": 9359,
    "longest_run_symbols": 5,
    "stall_start_tref": 3064,
    "stall_end_tref": 3068,
    "stall_start_data_relative": 3051,
    "run_value_IQ": [
     5736,
     5736
    ],
    "stall_end_coincides_with_frame_end": false,
    "is_stall": false
   },
   {
    "frame_index": 1638,
    "frame_start_symtime": 20201454,
    "n_samples_in_frame": 8763,
    "longest_run_symbols": 5,
    "stall_start_tref": 3064,
    "stall_end_tref": 3068,
    "stall_start_data_relative": 3051,
    "run_value_IQ": [
     5736,
     5736
    ],
    "stall_end_coincides_with_frame_end": false,
    "is_stall": false
   },
   {
    "frame_index": 1639,
    "frame_start_symtime": 20213787,
    "n_samples_in_frame": 9205,
    "longest_run_symbols": 5,
    "stall_start_tref": 3064,
    "stall_end_tref": 3068,
    "stall_start_data_relative": 3051,
    "run_value_IQ": [
     5736,
     5736
    ],
    "stall_end_coincides_with_frame_end": false,
    "is_stall": false
   },
   {
    "frame_index": 1640,
    "frame_start_symtime": 20226120,
    "n_samples_in_frame": 9227,
    "longest_run_symbols": 5,
    "stall_start_tref": 3064,
    "stall_end_tref": 3068,
    "stall_start_data_relative": 3051,
    "run_value_IQ": [
     5736,
     5736
    ],
    "stall_end_coincides_with_frame_end": false,
    "is_stall": false
   },
   {
    "frame_index": 1641,
    "frame_start_symtime": 20238453,
    "n_samples_in_frame": 9337,
    "longest_run_symbols": 5,
    "stall_start_tref": 3064,
    "stall_end_tref": 3068,
    "stall_start_data_relative": 3051,
    "run_value_IQ": [
     5736,
     5736
    ],
    "stall_end_coincides_with_frame_end": false,
    "is_stall": false
   },
   {
    "frame_index": 1642,
    "frame_start_symtime": 20250786,
    "n_samples_in_frame": 9229,
    "longest_run_symbols": 5,
    "stall_start_tref": 3064,
    "stall_end_tref": 3068,
    "stall_start_data_relative": 3051,
    "run_value_IQ": [
     5736,
     5736
    ],
    "stall_end_coincides_with_frame_end": false,
    "is_stall": false
   },
   {
    "frame_index": 1643,
    "frame_start_symtime": 20263119,
    "n_samples_in_frame": 8671,
    "longest_run_symbols": 5,
    "stall_start_tref": 5488,
    "stall_end_tref": 5492,
    "stall_start_data_relative": 5475,
    "run_value_IQ": [
     5736,
     -5737
    ],
    "stall_end_coincides_with_frame_end": false,
    "is_stall": false
   },
   {
    "frame_index": 1644,
    "frame_start_symtime": 20275452,
    "n_samples_in_frame": 9343,
    "longest_run_symbols": 5,
    "stall_start_tref": 3064,
    "stall_end_tref": 3068,
    "stall_start_data_relative": 3051,
    "run_value_IQ": [
     5736,
     5736
    ],
    "stall_end_coincides_with_frame_end": false,
    "is_stall": false
   },
   {
    "frame_index": 1645,
    "frame_start_symtime": 20287785,
    "n_samples_in_frame": 9433,
    "longest_run_symbols": 5,
    "stall_start_tref": 5488,
    "stall_end_tref": 5492,
    "stall_start_data_relative": 5475,
    "run_value_IQ": [
     5736,
     -5737
    ],
    "stall_end_coincides_with_frame_end": false,
    "is_stall": false
   },
   {
    "frame_index": 1646,
    "frame_start_symtime": 20300118,
    "n_samples_in_frame": 9283,
    "longest_run_symbols": 5,
    "stall_start_tref": 3064,
    "stall_end_tref": 3068,
    "stall_start_data_relative": 3051,
    "run_value_IQ": [
     5736,
     5736
    ],
    "stall_end_coincides_with_frame_end": false,
    "is_stall": false
   },
   {
    "frame_index": 1647,
    "frame_start_symtime": 20312451,
    "n_samples_in_frame": 9281,
    "longest_run_symbols": 5,
    "stall_start_tref": 3064,
    "stall_end_tref": 3068,
    "stall_start_data_relative": 3051,
    "run_value_IQ": [
     5736,
     5736
    ],
    "stall_end_coincides_with_frame_end": false,
    "is_stall": false
   },
   {
    "frame_index": 1648,
    "frame_start_symtime": 20324784,
    "n_samples_in_frame": 8375,
    "longest_run_symbols": 5,
    "stall_start_tref": 3064,
    "stall_end_tref": 3068,
    "stall_start_data_relative": 3051,
    "run_value_IQ": [
     5736,
     5736
    ],
    "stall_end_coincides_with_frame_end": false,
    "is_stall": false
   },
   {
    "frame_index": 1649,
    "frame_start_symtime": 20337117,
    "n_samples_in_frame": 9321,
    "longest_run_symbols": 5,
    "stall_start_tref": 5488,
    "stall_end_tref": 5492,
    "stall_start_data_relative": 5475,
    "run_value_IQ": [
     5736,
     -5737
    ],
    "stall_end_coincides_with_frame_end": false,
    "is_stall": false
   },
   {
    "frame_index": 1650,
    "frame_start_symtime": 20349450,
    "n_samples_in_frame": 9375,
    "longest_run_symbols": 5,
    "stall_start_tref": 3064,
    "stall_end_tref": 3068,
    "stall_start_data_relative": 3051,
    "run_value_IQ": [
     5736,
     5736
    ],
    "stall_end_coincides_with_frame_end": false,
    "is_stall": false
   },
   {
    "frame_index": 1651,
    "frame_start_symtime": 20361783,
    "n_samples_in_frame": 9365,
    "longest_run_symbols": 5,
    "stall_start_tref": 3064,
    "stall_end_tref": 3068,
    "stall_start_data_relative": 3051,
    "run_value_IQ": [
     5736,
     5736
    ],
    "stall_end_coincides_with_frame_end": false,
    "is_stall": false
   },
   {
    "frame_index": 1652,
    "frame_start_symtime": 20374116,
    "n_samples_in_frame": 9304,
    "longest_run_symbols": 5,
    "stall_start_tref": 3064,
    "stall_end_tref": 3068,
    "stall_start_data_relative": 3051,
    "run_value_IQ": [
     5736,
     5736
    ],
    "stall_end_coincides_with_frame_end": false,
    "is_stall": false
   },
   {
    "frame_index": 1653,
    "frame_start_symtime": 20386449,
    "n_samples_in_frame": 8712,
    "longest_run_symbols": 5,
    "stall_start_tref": 5488,
    "stall_end_tref": 5492,
    "stall_start_data_relative": 5475,
    "run_value_IQ": [
     5736,
     -5737
    ],
    "stall_end_coincides_with_frame_end": false,
    "is_stall": false
   },
   {
    "frame_index": 1654,
    "frame_start_symtime": 20398782,
    "n_samples_in_frame": 9342,
    "longest_run_symbols": 5,
    "stall_start_tref": 5488,
    "stall_end_tref": 5492,
    "stall_start_data_relative": 5475,
    "run_value_IQ": [
     5736,
     -5737
    ],
    "stall_end_coincides_with_frame_end": false,
    "is_stall": false
   },
   {
    "frame_index": 1655,
    "frame_start_symtime": 20411115,
    "n_samples_in_frame": 9357,
    "longest_run_symbols": 5,
    "stall_start_tref": 3064,
    "stall_end_tref": 3068,
    "stall_start_data_relative": 3051,
    "run_value_IQ": [
     5736,
     5736
    ],
    "stall_end_coincides_with_frame_end": false,
    "is_stall": false
   },
   {
    "frame_index": 1656,
    "frame_start_symtime": 20423448,
    "n_samples_in_frame": 9216,
    "longest_run_symbols": 5,
    "stall_start_tref": 3064,
    "stall_end_tref": 3068,
    "stall_start_data_relative": 3051,
    "run_value_IQ": [
     5736,
     5736
    ],
    "stall_end_coincides_with_frame_end": false,
    "is_stall": false
   },
   {
    "frame_index": 1657,
    "frame_start_symtime": 20435781,
    "n_samples_in_frame": 9345,
    "longest_run_symbols": 5,
    "stall_start_tref": 3064,
    "stall_end_tref": 3068,
    "stall_start_data_relative": 3051,
    "run_value_IQ": [
     5736,
     5736
    ],
    "stall_end_coincides_with_frame_end": false,
    "is_stall": false
   },
   {
    "frame_index": 1658,
    "frame_start_symtime": 20448114,
    "n_samples_in_frame": 8589,
    "longest_run_symbols": 5,
    "stall_start_tref": 3064,
    "stall_end_tref": 3068,
    "stall_start_data_relative": 3051,
    "run_value_IQ": [
     5736,
     5736
    ],
    "stall_end_coincides_with_frame_end": false,
    "is_stall": false
   },
   {
    "frame_index": 1659,
    "frame_start_symtime": 20460447,
    "n_samples_in_frame": 9257,
    "longest_run_symbols": 5,
    "stall_start_tref": 3064,
    "stall_end_tref": 3068,
    "stall_start_data_relative": 3051,
    "run_value_IQ": [
     5736,
     5736
    ],
    "stall_end_coincides_with_frame_end": false,
    "is_stall": false
   },
   {
    "frame_index": 1660,
    "frame_start_symtime": 20472780,
    "n_samples_in_frame": 9437,
    "longest_run_symbols": 5,
    "stall_start_tref": 3064,
    "stall_end_tref": 3068,
    "stall_start_data_relative": 3051,
    "run_value_IQ": [
     5736,
     5736
    ],
    "stall_end_coincides_with_frame_end": false,
    "is_stall": false
   },
   {
    "frame_index": 1661,
    "frame_start_symtime": 20485113,
    "n_samples_in_frame": 9394,
    "longest_run_symbols": 5,
    "stall_start_tref": 5488,
    "stall_end_tref": 5492,
    "stall_start_data_relative": 5475,
    "run_value_IQ": [
     5736,
     -5737
    ],
    "stall_end_coincides_with_frame_end": false,
    "is_stall": false
   },
   {
    "frame_index": 1662,
    "frame_start_symtime": 20497446,
    "n_samples_in_frame": 9274,
    "longest_run_symbols": 5,
    "stall_start_tref": 3064,
    "stall_end_tref": 3068,
    "stall_start_data_relative": 3051,
    "run_value_IQ": [
     5736,
     5736
    ],
    "stall_end_coincides_with_frame_end": false,
    "is_stall": false
   },
   {
    "frame_index": 1663,
    "frame_start_symtime": 20509779,
    "n_samples_in_frame": 13312,
    "longest_run_symbols": 7,
    "stall_start_tref": 6515,
    "stall_end_tref": 6518,
    "stall_start_data_relative": 6502,
    "run_value_IQ": [
     5736,
     -5737
    ],
    "stall_end_coincides_with_frame_end": false,
    "is_stall": false
   },
   {
    "frame_index": 1664,
    "frame_start_symtime": 20522112,
    "n_samples_in_frame": 9216,
    "longest_run_symbols": 5,
    "stall_start_tref": 3064,
    "stall_end_tref": 3068,
    "stall_start_data_relative": 3051,
    "run_value_IQ": [
     5736,
     5736
    ],
    "stall_end_coincides_with_frame_end": false,
    "is_stall": false
   },
   {
    "frame_index": 1665,
    "frame_start_symtime": 20534445,
    "n_samples_in_frame": 9216,
    "longest_run_symbols": 5,
    "stall_start_tref": 3064,
    "stall_end_tref": 3068,
    "stall_start_data_relative": 3051,
    "run_value_IQ": [
     5736,
     5736
    ],
    "stall_end_coincides_with_frame_end": false,
    "is_stall": false
   },
   {
    "frame_index": 1666,
    "frame_start_symtime": 20546778,
    "n_samples_in_frame": 9356,
    "longest_run_symbols": 5,
    "stall_start_tref": 3064,
    "stall_end_tref": 3068,
    "stall_start_data_relative": 3051,
    "run_value_IQ": [
     5736,
     5736
    ],
    "stall_end_coincides_with_frame_end": false,
    "is_stall": false
   },
   {
    "frame_index": 1667,
    "frame_start_symtime": 20559111,
    "n_samples_in_frame": 8609,
    "longest_run_symbols": 5,
    "stall_start_tref": 3064,
    "stall_end_tref": 3068,
    "stall_start_data_relative": 3051,
    "run_value_IQ": [
     5736,
     5736
    ],
    "stall_end_coincides_with_frame_end": false,
    "is_stall": false
   },
   {
    "frame_index": 1668,
    "frame_start_symtime": 20571444,
    "n_samples_in_frame": 9370,
    "longest_run_symbols": 5,
    "stall_start_tref": 3064,
    "stall_end_tref": 3068,
    "stall_start_data_relative": 3051,
    "run_value_IQ": [
     5736,
     5736
    ],
    "stall_end_coincides_with_frame_end": false,
    "is_stall": false
   },
   {
    "frame_index": 1669,
    "frame_start_symtime": 20583777,
    "n_samples_in_frame": 9421,
    "longest_run_symbols": 5,
    "stall_start_tref": 5488,
    "stall_end_tref": 5492,
    "stall_start_data_relative": 5475,
    "run_value_IQ": [
     5736,
     -5737
    ],
    "stall_end_coincides_with_frame_end": false,
    "is_stall": false
   },
   {
    "frame_index": 1670,
    "frame_start_symtime": 20596110,
    "n_samples_in_frame": 9324,
    "longest_run_symbols": 5,
    "stall_start_tref": 3064,
    "stall_end_tref": 3068,
    "stall_start_data_relative": 3051,
    "run_value_IQ": [
     5736,
     5736
    ],
    "stall_end_coincides_with_frame_end": false,
    "is_stall": false
   },
   {
    "frame_index": 1671,
    "frame_start_symtime": 20608443,
    "n_samples_in_frame": 9228,
    "longest_run_symbols": 5,
    "stall_start_tref": 3064,
    "stall_end_tref": 3068,
    "stall_start_data_relative": 3051,
    "run_value_IQ": [
     5736,
     5736
    ],
    "stall_end_coincides_with_frame_end": false,
    "is_stall": false
   },
   {
    "frame_index": 1672,
    "frame_start_symtime": 20620776,
    "n_samples_in_frame": 8692,
    "longest_run_symbols": 5,
    "stall_start_tref": 3064,
    "stall_end_tref": 3068,
    "stall_start_data_relative": 3051,
    "run_value_IQ": [
     5736,
     5736
    ],
    "stall_end_coincides_with_frame_end": false,
    "is_stall": false
   },
   {
    "frame_index": 1673,
    "frame_start_symtime": 20633109,
    "n_samples_in_frame": 9370,
    "longest_run_symbols": 5,
    "stall_start_tref": 3064,
    "stall_end_tref": 3068,
    "stall_start_data_relative": 3051,
    "run_value_IQ": [
     5736,
     5736
    ],
    "stall_end_coincides_with_frame_end": false,
    "is_stall": false
   },
   {
    "frame_index": 1674,
    "frame_start_symtime": 20645442,
    "n_samples_in_frame": 9318,
    "longest_run_symbols": 5,
    "stall_start_tref": 3064,
    "stall_end_tref": 3068,
    "stall_start_data_relative": 3051,
    "run_value_IQ": [
     5736,
     5736
    ],
    "stall_end_coincides_with_frame_end": false,
    "is_stall": false
   },
   {
    "frame_index": 1675,
    "frame_start_symtime": 20657775,
    "n_samples_in_frame": 9422,
    "longest_run_symbols": 5,
    "stall_start_tref": 3064,
    "stall_end_tref": 3068,
    "stall_start_data_relative": 3051,
    "run_value_IQ": [
     5736,
     5736
    ],
    "stall_end_coincides_with_frame_end": false,
    "is_stall": false
   },
   {
    "frame_index": 1676,
    "frame_start_symtime": 20670108,
    "n_samples_in_frame": 9266,
    "longest_run_symbols": 5,
    "stall_start_tref": 3064,
    "stall_end_tref": 3068,
    "stall_start_data_relative": 3051,
    "run_value_IQ": [
     5736,
     5736
    ],
    "stall_end_coincides_with_frame_end": false,
    "is_stall": false
   },
   {
    "frame_index": 1677,
    "frame_start_symtime": 20682441,
    "n_samples_in_frame": 8704,
    "longest_run_symbols": 5,
    "stall_start_tref": 3064,
    "stall_end_tref": 3068,
    "stall_start_data_relative": 3051,
    "run_value_IQ": [
     5736,
     5736
    ],
    "stall_end_coincides_with_frame_end": false,
    "is_stall": false
   },
   {
    "frame_index": 1678,
    "frame_start_symtime": 20694774,
    "n_samples_in_frame": 9216,
    "longest_run_symbols": 5,
    "stall_start_tref": 3064,
    "stall_end_tref": 3068,
    "stall_start_data_relative": 3051,
    "run_value_IQ": [
     5736,
     5736
    ],
    "stall_end_coincides_with_frame_end": false,
    "is_stall": false
   },
   {
    "frame_index": 1679,
    "frame_start_symtime": 20707107,
    "n_samples_in_frame": 9302,
    "longest_run_symbols": 5,
    "stall_start_tref": 3064,
    "stall_end_tref": 3068,
    "stall_start_data_relative": 3051,
    "run_value_IQ": [
     5736,
     5736
    ],
    "stall_end_coincides_with_frame_end": false,
    "is_stall": false
   },
   {
    "frame_index": 1680,
    "frame_start_symtime": 20719440,
    "n_samples_in_frame": 9313,
    "longest_run_symbols": 5,
    "stall_start_tref": 3064,
    "stall_end_tref": 3068,
    "stall_start_data_relative": 3051,
    "run_value_IQ": [
     5736,
     5736
    ],
    "stall_end_coincides_with_frame_end": false,
    "is_stall": false
   },
   {
    "frame_index": 1681,
    "frame_start_symtime": 20731773,
    "n_samples_in_frame": 9392,
    "longest_run_symbols": 5,
    "stall_start_tref": 5488,
    "stall_end_tref": 5492,
    "stall_start_data_relative": 5475,
    "run_value_IQ": [
     5736,
     -5737
    ],
    "stall_end_coincides_with_frame_end": false,
    "is_stall": false
   },
   {
    "frame_index": 1682,
    "frame_start_symtime": 20744106,
    "n_samples_in_frame": 8674,
    "longest_run_symbols": 5,
    "stall_start_tref": 3064,
    "stall_end_tref": 3068,
    "stall_start_data_relative": 3051,
    "run_value_IQ": [
     5736,
     5736
    ],
    "stall_end_coincides_with_frame_end": false,
    "is_stall": false
   },
   {
    "frame_index": 1683,
    "frame_start_symtime": 20756439,
    "n_samples_in_frame": 9399,
    "longest_run_symbols": 5,
    "stall_start_tref": 5488,
    "stall_end_tref": 5492,
    "stall_start_data_relative": 5475,
    "run_value_IQ": [
     5736,
     -5737
    ],
    "stall_end_coincides_with_frame_end": false,
    "is_stall": false
   },
   {
    "frame_index": 1684,
    "frame_start_symtime": 20768772,
    "n_samples_in_frame": 9225,
    "longest_run_symbols": 5,
    "stall_start_tref": 3064,
    "stall_end_tref": 3068,
    "stall_start_data_relative": 3051,
    "run_value_IQ": [
     5736,
     5736
    ],
    "stall_end_coincides_with_frame_end": false,
    "is_stall": false
   },
   {
    "frame_index": 1685,
    "frame_start_symtime": 20781105,
    "n_samples_in_frame": 9470,
    "longest_run_symbols": 5,
    "stall_start_tref": 3064,
    "stall_end_tref": 3068,
    "stall_start_data_relative": 3051,
    "run_value_IQ": [
     5736,
     5736
    ],
    "stall_end_coincides_with_frame_end": false,
    "is_stall": false
   },
   {
    "frame_index": 1686,
    "frame_start_symtime": 20793438,
    "n_samples_in_frame": 9202,
    "longest_run_symbols": 5,
    "stall_start_tref": 5488,
    "stall_end_tref": 5492,
    "stall_start_data_relative": 5475,
    "run_value_IQ": [
     5736,
     -5737
    ],
    "stall_end_coincides_with_frame_end": false,
    "is_stall": false
   },
   {
    "frame_index": 1687,
    "frame_start_symtime": 20805771,
    "n_samples_in_frame": 8524,
    "longest_run_symbols": 5,
    "stall_start_tref": 3064,
    "stall_end_tref": 3068,
    "stall_start_data_relative": 3051,
    "run_value_IQ": [
     5736,
     5736
    ],
    "stall_end_coincides_with_frame_end": false,
    "is_stall": false
   },
   {
    "frame_index": 1688,
    "frame_start_symtime": 20818104,
    "n_samples_in_frame": 9147,
    "longest_run_symbols": 5,
    "stall_start_tref": 5488,
    "stall_end_tref": 5492,
    "stall_start_data_relative": 5475,
    "run_value_IQ": [
     5736,
     -5737
    ],
    "stall_end_coincides_with_frame_end": false,
    "is_stall": false
   },
   {
    "frame_index": 1689,
    "frame_start_symtime": 20830437,
    "n_samples_in_frame": 9395,
    "longest_run_symbols": 5,
    "stall_start_tref": 3064,
    "stall_end_tref": 3068,
    "stall_start_data_relative": 3051,
    "run_value_IQ": [
     5736,
     5736
    ],
    "stall_end_coincides_with_frame_end": false,
    "is_stall": false
   },
   {
    "frame_index": 1690,
    "frame_start_symtime": 20842770,
    "n_samples_in_frame": 9201,
    "longest_run_symbols": 5,
    "stall_start_tref": 3064,
    "stall_end_tref": 3068,
    "stall_start_data_relative": 3051,
    "run_value_IQ": [
     5736,
     5736
    ],
    "stall_end_coincides_with_frame_end": false,
    "is_stall": false
   },
   {
    "frame_index": 1691,
    "frame_start_symtime": 20855103,
    "n_samples_in_frame": 13451,
    "longest_run_symbols": 9,
    "stall_start_tref": 5488,
    "stall_end_tref": 5492,
    "stall_start_data_relative": 5475,
    "run_value_IQ": [
     5736,
     -5737
    ],
    "stall_end_coincides_with_frame_end": false,
    "is_stall": false
   },
   {
    "frame_index": 1692,
    "frame_start_symtime": 20867436,
    "n_samples_in_frame": 9425,
    "longest_run_symbols": 5,
    "stall_start_tref": 5488,
    "stall_end_tref": 5492,
    "stall_start_data_relative": 5475,
    "run_value_IQ": [
     5736,
     -5737
    ],
    "stall_end_coincides_with_frame_end": false,
    "is_stall": false
   },
   {
    "frame_index": 1693,
    "frame_start_symtime": 20879769,
    "n_samples_in_frame": 9216,
    "longest_run_symbols": 5,
    "stall_start_tref": 3064,
    "stall_end_tref": 3068,
    "stall_start_data_relative": 3051,
    "run_value_IQ": [
     5736,
     5736
    ],
    "stall_end_coincides_with_frame_end": false,
    "is_stall": false
   },
   {
    "frame_index": 1694,
    "frame_start_symtime": 20892102,
    "n_samples_in_frame": 9395,
    "longest_run_symbols": 5,
    "stall_start_tref": 3064,
    "stall_end_tref": 3068,
    "stall_start_data_relative": 3051,
    "run_value_IQ": [
     5736,
     5736
    ],
    "stall_end_coincides_with_frame_end": false,
    "is_stall": false
   },
   {
    "frame_index": 1695,
    "frame_start_symtime": 20904435,
    "n_samples_in_frame": 9305,
    "longest_run_symbols": 5,
    "stall_start_tref": 3064,
    "stall_end_tref": 3068,
    "stall_start_data_relative": 3051,
    "run_value_IQ": [
     5736,
     5736
    ],
    "stall_end_coincides_with_frame_end": false,
    "is_stall": false
   },
   {
    "frame_index": 1696,
    "frame_start_symtime": 20916768,
    "n_samples_in_frame": 8616,
    "longest_run_symbols": 5,
    "stall_start_tref": 5488,
    "stall_end_tref": 5492,
    "stall_start_data_relative": 5475,
    "run_value_IQ": [
     5736,
     -5737
    ],
    "stall_end_coincides_with_frame_end": false,
    "is_stall": false
   },
   {
    "frame_index": 1697,
    "frame_start_symtime": 20929101,
    "n_samples_in_frame": 9414,
    "longest_run_symbols": 5,
    "stall_start_tref": 5488,
    "stall_end_tref": 5492,
    "stall_start_data_relative": 5475,
    "run_value_IQ": [
     5736,
     -5737
    ],
    "stall_end_coincides_with_frame_end": false,
    "is_stall": false
   },
   {
    "frame_index": 1698,
    "frame_start_symtime": 20941434,
    "n_samples_in_frame": 9350,
    "longest_run_symbols": 5,
    "stall_start_tref": 3064,
    "stall_end_tref": 3068,
    "stall_start_data_relative": 3051,
    "run_value_IQ": [
     5736,
     5736
    ],
    "stall_end_coincides_with_frame_end": false,
    "is_stall": false
   },
   {
    "frame_index": 1699,
    "frame_start_symtime": 20953767,
    "n_samples_in_frame": 9216,
    "longest_run_symbols": 5,
    "stall_start_tref": 3064,
    "stall_end_tref": 3068,
    "stall_start_data_relative": 3051,
    "run_value_IQ": [
     5736,
     5736
    ],
    "stall_end_coincides_with_frame_end": false,
    "is_stall": false
   },
   {
    "frame_index": 1700,
    "frame_start_symtime": 20966100,
    "n_samples_in_frame": 9216,
    "longest_run_symbols": 5,
    "stall_start_tref": 3064,
    "stall_end_tref": 3068,
    "stall_start_data_relative": 3051,
    "run_value_IQ": [
     5736,
     5736
    ],
    "stall_end_coincides_with_frame_end": false,
    "is_stall": false
   },
   {
    "frame_index": 1701,
    "frame_start_symtime": 20978433,
    "n_samples_in_frame": 8725,
    "longest_run_symbols": 5,
    "stall_start_tref": 3064,
    "stall_end_tref": 3068,
    "stall_start_data_relative": 3051,
    "run_value_IQ": [
     5736,
     5736
    ],
    "stall_end_coincides_with_frame_end": false,
    "is_stall": false
   },
   {
    "frame_index": 1702,
    "frame_start_symtime": 20990766,
    "n_samples_in_frame": 9323,
    "longest_run_symbols": 5,
    "stall_start_tref": 3064,
    "stall_end_tref": 3068,
    "stall_start_data_relative": 3051,
    "run_value_IQ": [
     5736,
     5736
    ],
    "stall_end_coincides_with_frame_end": false,
    "is_stall": false
   },
   {
    "frame_index": 1703,
    "frame_start_symtime": 21003099,
    "n_samples_in_frame": 4188,
    "longest_run_symbols": 5,
    "stall_start_tref": 3064,
    "stall_end_tref": 3068,
    "stall_start_data_relative": 3051,
    "run_value_IQ": [
     5736,
     5736
    ],
    "stall_end_coincides_with_frame_end": false,
    "is_stall": false
   },
   {
    "frame_index": 1704,
    "frame_start_symtime": 21015432,
    "n_samples_in_frame": 6860,
    "longest_run_symbols": 5,
    "stall_start_tref": 5488,
    "stall_end_tref": 5492,
    "stall_start_data_relative": 5475,
    "run_value_IQ": [
     5736,
     -5737
    ],
    "stall_end_coincides_with_frame_end": false,
    "is_stall": false
   },
   {
    "frame_index": 1705,
    "frame_start_symtime": 21027765,
    "n_samples_in_frame": 9287,
    "longest_run_symbols": 5,
    "stall_start_tref": 3064,
    "stall_end_tref": 3068,
    "stall_start_data_relative": 3051,
    "run_value_IQ": [
     5736,
     5736
    ],
    "stall_end_coincides_with_frame_end": false,
    "is_stall": false
   },
   {
    "frame_index": 1706,
    "frame_start_symtime": 21040098,
    "n_samples_in_frame": 8606,
    "longest_run_symbols": 5,
    "stall_start_tref": 3064,
    "stall_end_tref": 3068,
    "stall_start_data_relative": 3051,
    "run_value_IQ": [
     5736,
     5736
    ],
    "stall_end_coincides_with_frame_end": false,
    "is_stall": false
   },
   {
    "frame_index": 1707,
    "frame_start_symtime": 21052431,
    "n_samples_in_frame": 9331,
    "longest_run_symbols": 5,
    "stall_start_tref": 3064,
    "stall_end_tref": 3068,
    "stall_start_data_relative": 3051,
    "run_value_IQ": [
     5736,
     5736
    ],
    "stall_end_coincides_with_frame_end": false,
    "is_stall": false
   },
   {
    "frame_index": 1708,
    "frame_start_symtime": 21064764,
    "n_samples_in_frame": 9216,
    "longest_run_symbols": 5,
    "stall_start_tref": 3064,
    "stall_end_tref": 3068,
    "stall_start_data_relative": 3051,
    "run_value_IQ": [
     5736,
     5736
    ],
    "stall_end_coincides_with_frame_end": false,
    "is_stall": false
   },
   {
    "frame_index": 1709,
    "frame_start_symtime": 21077097,
    "n_samples_in_frame": 9359,
    "longest_run_symbols": 5,
    "stall_start_tref": 3064,
    "stall_end_tref": 3068,
    "stall_start_data_relative": 3051,
    "run_value_IQ": [
     5736,
     5736
    ],
    "stall_end_coincides_with_frame_end": false,
    "is_stall": false
   },
   {
    "frame_index": 1710,
    "frame_start_symtime": 21089430,
    "n_samples_in_frame": 9281,
    "longest_run_symbols": 5,
    "stall_start_tref": 5488,
    "stall_end_tref": 5492,
    "stall_start_data_relative": 5475,
    "run_value_IQ": [
     5736,
     -5737
    ],
    "stall_end_coincides_with_frame_end": false,
    "is_stall": false
   },
   {
    "frame_index": 1711,
    "frame_start_symtime": 21101763,
    "n_samples_in_frame": 8662,
    "longest_run_symbols": 5,
    "stall_start_tref": 3064,
    "stall_end_tref": 3068,
    "stall_start_data_relative": 3051,
    "run_value_IQ": [
     5736,
     5736
    ],
    "stall_end_coincides_with_frame_end": false,
    "is_stall": false
   },
   {
    "frame_index": 1712,
    "frame_start_symtime": 21114096,
    "n_samples_in_frame": 9273,
    "longest_run_symbols": 5,
    "stall_start_tref": 3064,
    "stall_end_tref": 3068,
    "stall_start_data_relative": 3051,
    "run_value_IQ": [
     5736,
     5736
    ],
    "stall_end_coincides_with_frame_end": false,
    "is_stall": false
   },
   {
    "frame_index": 1713,
    "frame_start_symtime": 21126429,
    "n_samples_in_frame": 9057,
    "longest_run_symbols": 5,
    "stall_start_tref": 5488,
    "stall_end_tref": 5492,
    "stall_start_data_relative": 5475,
    "run_value_IQ": [
     5736,
     -5737
    ],
    "stall_end_coincides_with_frame_end": false,
    "is_stall": false
   },
   {
    "frame_index": 1714,
    "frame_start_symtime": 21138762,
    "n_samples_in_frame": 9351,
    "longest_run_symbols": 5,
    "stall_start_tref": 3064,
    "stall_end_tref": 3068,
    "stall_start_data_relative": 3051,
    "run_value_IQ": [
     5736,
     5736
    ],
    "stall_end_coincides_with_frame_end": false,
    "is_stall": false
   },
   {
    "frame_index": 1715,
    "frame_start_symtime": 21151095,
    "n_samples_in_frame": 9226,
    "longest_run_symbols": 5,
    "stall_start_tref": 3064,
    "stall_end_tref": 3068,
    "stall_start_data_relative": 3051,
    "run_value_IQ": [
     5736,
     5736
    ],
    "stall_end_coincides_with_frame_end": false,
    "is_stall": false
   },
   {
    "frame_index": 1716,
    "frame_start_symtime": 21163428,
    "n_samples_in_frame": 8615,
    "longest_run_symbols": 5,
    "stall_start_tref": 5488,
    "stall_end_tref": 5492,
    "stall_start_data_relative": 5475,
    "run_value_IQ": [
     5736,
     -5737
    ],
    "stall_end_coincides_with_frame_end": false,
    "is_stall": false
   },
   {
    "frame_index": 1717,
    "frame_start_symtime": 21175761,
    "n_samples_in_frame": 9413,
    "longest_run_symbols": 5,
    "stall_start_tref": 5488,
    "stall_end_tref": 5492,
    "stall_start_data_relative": 5475,
    "run_value_IQ": [
     5736,
     -5737
    ],
    "stall_end_coincides_with_frame_end": false,
    "is_stall": false
   },
   {
    "frame_index": 1718,
    "frame_start_symtime": 21188094,
    "n_samples_in_frame": 9277,
    "longest_run_symbols": 5,
    "stall_start_tref": 5488,
    "stall_end_tref": 5492,
    "stall_start_data_relative": 5475,
    "run_value_IQ": [
     5736,
     -5737
    ],
    "stall_end_coincides_with_frame_end": false,
    "is_stall": false
   },
   {
    "frame_index": 1719,
    "frame_start_symtime": 21200427,
    "n_samples_in_frame": 9338,
    "longest_run_symbols": 5,
    "stall_start_tref": 3064,
    "stall_end_tref": 3068,
    "stall_start_data_relative": 3051,
    "run_value_IQ": [
     5736,
     5736
    ],
    "stall_end_coincides_with_frame_end": false,
    "is_stall": false
   },
   {
    "frame_index": 1720,
    "frame_start_symtime": 21212760,
    "n_samples_in_frame": 4620,
    "longest_run_symbols": 5,
    "stall_start_tref": 6885,
    "stall_end_tref": 6889,
    "stall_start_data_relative": 6872,
    "run_value_IQ": [
     5736,
     -5737
    ],
    "stall_end_coincides_with_frame_end": false,
    "is_stall": false
   },
   {
    "frame_index": 1721,
    "frame_start_symtime": 21225093,
    "n_samples_in_frame": 8465,
    "longest_run_symbols": 5,
    "stall_start_tref": 5488,
    "stall_end_tref": 5492,
    "stall_start_data_relative": 5475,
    "run_value_IQ": [
     5736,
     -5737
    ],
    "stall_end_coincides_with_frame_end": false,
    "is_stall": false
   },
   {
    "frame_index": 1722,
    "frame_start_symtime": 21237426,
    "n_samples_in_frame": 9319,
    "longest_run_symbols": 5,
    "stall_start_tref": 5488,
    "stall_end_tref": 5492,
    "stall_start_data_relative": 5475,
    "run_value_IQ": [
     5736,
     -5737
    ],
    "stall_end_coincides_with_frame_end": false,
    "is_stall": false
   },
   {
    "frame_index": 1723,
    "frame_start_symtime": 21249759,
    "n_samples_in_frame": 9352,
    "longest_run_symbols": 5,
    "stall_start_tref": 3064,
    "stall_end_tref": 3068,
    "stall_start_data_relative": 3051,
    "run_value_IQ": [
     5736,
     5736
    ],
    "stall_end_coincides_with_frame_end": false,
    "is_stall": false
   },
   {
    "frame_index": 1724,
    "frame_start_symtime": 21262092,
    "n_samples_in_frame": 9338,
    "longest_run_symbols": 5,
    "stall_start_tref": 3064,
    "stall_end_tref": 3068,
    "stall_start_data_relative": 3051,
    "run_value_IQ": [
     5736,
     5736
    ],
    "stall_end_coincides_with_frame_end": false,
    "is_stall": false
   },
   {
    "frame_index": 1725,
    "frame_start_symtime": 21274425,
    "n_samples_in_frame": 9279,
    "longest_run_symbols": 5,
    "stall_start_tref": 3064,
    "stall_end_tref": 3068,
    "stall_start_data_relative": 3051,
    "run_value_IQ": [
     5736,
     5736
    ],
    "stall_end_coincides_with_frame_end": false,
    "is_stall": false
   },
   {
    "frame_index": 1726,
    "frame_start_symtime": 21286758,
    "n_samples_in_frame": 8827,
    "longest_run_symbols": 5,
    "stall_start_tref": 3064,
    "stall_end_tref": 3068,
    "stall_start_data_relative": 3051,
    "run_value_IQ": [
     5736,
     5736
    ],
    "stall_end_coincides_with_frame_end": false,
    "is_stall": false
   },
   {
    "frame_index": 1727,
    "frame_start_symtime": 21299091,
    "n_samples_in_frame": 1740,
    "longest_run_symbols": 4,
    "stall_start_tref": 1362,
    "stall_end_tref": 1365,
    "stall_start_data_relative": 1349,
    "run_value_IQ": [
     5736,
     -5737
    ],
    "stall_end_coincides_with_frame_end": false,
    "is_stall": false
   },
   {
    "frame_index": 1728,
    "frame_start_symtime": 21311424,
    "n_samples_in_frame": 9226,
    "longest_run_symbols": 5,
    "stall_start_tref": 3064,
    "stall_end_tref": 3068,
    "stall_start_data_relative": 3051,
    "run_value_IQ": [
     5736,
     5736
    ],
    "stall_end_coincides_with_frame_end": false,
    "is_stall": false
   },
   {
    "frame_index": 1729,
    "frame_start_symtime": 21323757,
    "n_samples_in_frame": 9449,
    "longest_run_symbols": 5,
    "stall_start_tref": 3064,
    "stall_end_tref": 3068,
    "stall_start_data_relative": 3051,
    "run_value_IQ": [
     5736,
     5736
    ],
    "stall_end_coincides_with_frame_end": false,
    "is_stall": false
   },
   {
    "frame_index": 1730,
    "frame_start_symtime": 21336090,
    "n_samples_in_frame": 9473,
    "longest_run_symbols": 5,
    "stall_start_tref": 5488,
    "stall_end_tref": 5492,
    "stall_start_data_relative": 5475,
    "run_value_IQ": [
     5736,
     -5737
    ],
    "stall_end_coincides_with_frame_end": false,
    "is_stall": false
   },
   {
    "frame_index": 1731,
    "frame_start_symtime": 21348423,
    "n_samples_in_frame": 8387,
    "longest_run_symbols": 5,
    "stall_start_tref": 3064,
    "stall_end_tref": 3068,
    "stall_start_data_relative": 3051,
    "run_value_IQ": [
     5736,
     5736
    ],
    "stall_end_coincides_with_frame_end": false,
    "is_stall": false
   },
   {
    "frame_index": 1732,
    "frame_start_symtime": 21360756,
    "n_samples_in_frame": 9320,
    "longest_run_symbols": 5,
    "stall_start_tref": 5488,
    "stall_end_tref": 5492,
    "stall_start_data_relative": 5475,
    "run_value_IQ": [
     5736,
     -5737
    ],
    "stall_end_coincides_with_frame_end": false,
    "is_stall": false
   },
   {
    "frame_index": 1733,
    "frame_start_symtime": 21373089,
    "n_samples_in_frame": 9343,
    "longest_run_symbols": 5,
    "stall_start_tref": 3064,
    "stall_end_tref": 3068,
    "stall_start_data_relative": 3051,
    "run_value_IQ": [
     5736,
     5736
    ],
    "stall_end_coincides_with_frame_end": false,
    "is_stall": false
   },
   {
    "frame_index": 1734,
    "frame_start_symtime": 21385422,
    "n_samples_in_frame": 9314,
    "longest_run_symbols": 5,
    "stall_start_tref": 3064,
    "stall_end_tref": 3068,
    "stall_start_data_relative": 3051,
    "run_value_IQ": [
     5736,
     5736
    ],
    "stall_end_coincides_with_frame_end": false,
    "is_stall": false
   },
   {
    "frame_index": 1735,
    "frame_start_symtime": 21397755,
    "n_samples_in_frame": 9216,
    "longest_run_symbols": 5,
    "stall_start_tref": 3064,
    "stall_end_tref": 3068,
    "stall_start_data_relative": 3051,
    "run_value_IQ": [
     5736,
     5736
    ],
    "stall_end_coincides_with_frame_end": false,
    "is_stall": false
   },
   {
    "frame_index": 1736,
    "frame_start_symtime": 21410088,
    "n_samples_in_frame": 8657,
    "longest_run_symbols": 5,
    "stall_start_tref": 3064,
    "stall_end_tref": 3068,
    "stall_start_data_relative": 3051,
    "run_value_IQ": [
     5736,
     5736
    ],
    "stall_end_coincides_with_frame_end": false,
    "is_stall": false
   },
   {
    "frame_index": 1737,
    "frame_start_symtime": 21422421,
    "n_samples_in_frame": 9263,
    "longest_run_symbols": 5,
    "stall_start_tref": 3064,
    "stall_end_tref": 3068,
    "stall_start_data_relative": 3051,
    "run_value_IQ": [
     5736,
     5736
    ],
    "stall_end_coincides_with_frame_end": false,
    "is_stall": false
   },
   {
    "frame_index": 1738,
    "frame_start_symtime": 21434754,
    "n_samples_in_frame": 9229,
    "longest_run_symbols": 5,
    "stall_start_tref": 3064,
    "stall_end_tref": 3068,
    "stall_start_data_relative": 3051,
    "run_value_IQ": [
     5736,
     5736
    ],
    "stall_end_coincides_with_frame_end": false,
    "is_stall": false
   },
   {
    "frame_index": 1739,
    "frame_start_symtime": 21447087,
    "n_samples_in_frame": 9203,
    "longest_run_symbols": 5,
    "stall_start_tref": 3064,
    "stall_end_tref": 3068,
    "stall_start_data_relative": 3051,
    "run_value_IQ": [
     5736,
     5736
    ],
    "stall_end_coincides_with_frame_end": false,
    "is_stall": false
   },
   {
    "frame_index": 1740,
    "frame_start_symtime": 21459420,
    "n_samples_in_frame": 9269,
    "longest_run_symbols": 5,
    "stall_start_tref": 3064,
    "stall_end_tref": 3068,
    "stall_start_data_relative": 3051,
    "run_value_IQ": [
     5736,
     5736
    ],
    "stall_end_coincides_with_frame_end": false,
    "is_stall": false
   },
   {
    "frame_index": 1741,
    "frame_start_symtime": 21471753,
    "n_samples_in_frame": 8689,
    "longest_run_symbols": 5,
    "stall_start_tref": 3064,
    "stall_end_tref": 3068,
    "stall_start_data_relative": 3051,
    "run_value_IQ": [
     5736,
     5736
    ],
    "stall_end_coincides_with_frame_end": false,
    "is_stall": false
   },
   {
    "frame_index": 1742,
    "frame_start_symtime": 21484086,
    "n_samples_in_frame": 9469,
    "longest_run_symbols": 5,
    "stall_start_tref": 3064,
    "stall_end_tref": 3068,
    "stall_start_data_relative": 3051,
    "run_value_IQ": [
     5736,
     5736
    ],
    "stall_end_coincides_with_frame_end": false,
    "is_stall": false
   },
   {
    "frame_index": 1743,
    "frame_start_symtime": 21496419,
    "n_samples_in_frame": 9361,
    "longest_run_symbols": 5,
    "stall_start_tref": 5488,
    "stall_end_tref": 5492,
    "stall_start_data_relative": 5475,
    "run_value_IQ": [
     5736,
     -5737
    ],
    "stall_end_coincides_with_frame_end": false,
    "is_stall": false
   },
   {
    "frame_index": 1744,
    "frame_start_symtime": 21508752,
    "n_samples_in_frame": 9240,
    "longest_run_symbols": 5,
    "stall_start_tref": 3064,
    "stall_end_tref": 3068,
    "stall_start_data_relative": 3051,
    "run_value_IQ": [
     5736,
     5736
    ],
    "stall_end_coincides_with_frame_end": false,
    "is_stall": false
   },
   {
    "frame_index": 1745,
    "frame_start_symtime": 21521085,
    "n_samples_in_frame": 9268,
    "longest_run_symbols": 5,
    "stall_start_tref": 3064,
    "stall_end_tref": 3068,
    "stall_start_data_relative": 3051,
    "run_value_IQ": [
     5736,
     5736
    ],
    "stall_end_coincides_with_frame_end": false,
    "is_stall": false
   },
   {
    "frame_index": 1746,
    "frame_start_symtime": 21533418,
    "n_samples_in_frame": 7816,
    "longest_run_symbols": 5,
    "stall_start_tref": 5488,
    "stall_end_tref": 5492,
    "stall_start_data_relative": 5475,
    "run_value_IQ": [
     5736,
     -5737
    ],
    "stall_end_coincides_with_frame_end": false,
    "is_stall": false
   },
   {
    "frame_index": 1747,
    "frame_start_symtime": 21545751,
    "n_samples_in_frame": 9424,
    "longest_run_symbols": 5,
    "stall_start_tref": 5488,
    "stall_end_tref": 5492,
    "stall_start_data_relative": 5475,
    "run_value_IQ": [
     5736,
     -5737
    ],
    "stall_end_coincides_with_frame_end": false,
    "is_stall": false
   },
   {
    "frame_index": 1748,
    "frame_start_symtime": 21558084,
    "n_samples_in_frame": 9367,
    "longest_run_symbols": 5,
    "stall_start_tref": 5488,
    "stall_end_tref": 5492,
    "stall_start_data_relative": 5475,
    "run_value_IQ": [
     5736,
     -5737
    ],
    "stall_end_coincides_with_frame_end": false,
    "is_stall": false
   },
   {
    "frame_index": 1749,
    "frame_start_symtime": 21570417,
    "n_samples_in_frame": 13758,
    "longest_run_symbols": 7,
    "stall_start_tref": 6515,
    "stall_end_tref": 6518,
    "stall_start_data_relative": 6502,
    "run_value_IQ": [
     5736,
     -5737
    ],
    "stall_end_coincides_with_frame_end": false,
    "is_stall": false
   },
   {
    "frame_index": 1750,
    "frame_start_symtime": 21582750,
    "n_samples_in_frame": 8553,
    "longest_run_symbols": 5,
    "stall_start_tref": 5488,
    "stall_end_tref": 5492,
    "stall_start_data_relative": 5475,
    "run_value_IQ": [
     5736,
     -5737
    ],
    "stall_end_coincides_with_frame_end": false,
    "is_stall": false
   },
   {
    "frame_index": 1751,
    "frame_start_symtime": 21595083,
    "n_samples_in_frame": 9370,
    "longest_run_symbols": 5,
    "stall_start_tref": 5488,
    "stall_end_tref": 5492,
    "stall_start_data_relative": 5475,
    "run_value_IQ": [
     5736,
     -5737
    ],
    "stall_end_coincides_with_frame_end": false,
    "is_stall": false
   },
   {
    "frame_index": 1752,
    "frame_start_symtime": 21607416,
    "n_samples_in_frame": 9296,
    "longest_run_symbols": 5,
    "stall_start_tref": 3064,
    "stall_end_tref": 3068,
    "stall_start_data_relative": 3051,
    "run_value_IQ": [
     5736,
     5736
    ],
    "stall_end_coincides_with_frame_end": false,
    "is_stall": false
   },
   {
    "frame_index": 1753,
    "frame_start_symtime": 21619749,
    "n_samples_in_frame": 9352,
    "longest_run_symbols": 5,
    "stall_start_tref": 3064,
    "stall_end_tref": 3068,
    "stall_start_data_relative": 3051,
    "run_value_IQ": [
     5736,
     5736
    ],
    "stall_end_coincides_with_frame_end": false,
    "is_stall": false
   },
   {
    "frame_index": 1754,
    "frame_start_symtime": 21632082,
    "n_samples_in_frame": 9276,
    "longest_run_symbols": 5,
    "stall_start_tref": 3064,
    "stall_end_tref": 3068,
    "stall_start_data_relative": 3051,
    "run_value_IQ": [
     5736,
     5736
    ],
    "stall_end_coincides_with_frame_end": false,
    "is_stall": false
   },
   {
    "frame_index": 1755,
    "frame_start_symtime": 21644415,
    "n_samples_in_frame": 8716,
    "longest_run_symbols": 5,
    "stall_start_tref": 3064,
    "stall_end_tref": 3068,
    "stall_start_data_relative": 3051,
    "run_value_IQ": [
     5736,
     5736
    ],
    "stall_end_coincides_with_frame_end": false,
    "is_stall": false
   },
   {
    "frame_index": 1756,
    "frame_start_symtime": 21656748,
    "n_samples_in_frame": 9371,
    "longest_run_symbols": 5,
    "stall_start_tref": 5488,
    "stall_end_tref": 5492,
    "stall_start_data_relative": 5475,
    "run_value_IQ": [
     5736,
     -5737
    ],
    "stall_end_coincides_with_frame_end": false,
    "is_stall": false
   },
   {
    "frame_index": 1757,
    "frame_start_symtime": 21669081,
    "n_samples_in_frame": 9334,
    "longest_run_symbols": 5,
    "stall_start_tref": 3064,
    "stall_end_tref": 3068,
    "stall_start_data_relative": 3051,
    "run_value_IQ": [
     5736,
     5736
    ],
    "stall_end_coincides_with_frame_end": false,
    "is_stall": false
   },
   {
    "frame_index": 1758,
    "frame_start_symtime": 21681414,
    "n_samples_in_frame": 9247,
    "longest_run_symbols": 5,
    "stall_start_tref": 3064,
    "stall_end_tref": 3068,
    "stall_start_data_relative": 3051,
    "run_value_IQ": [
     5736,
     5736
    ],
    "stall_end_coincides_with_frame_end": false,
    "is_stall": false
   },
   {
    "frame_index": 1759,
    "frame_start_symtime": 21693747,
    "n_samples_in_frame": 9382,
    "longest_run_symbols": 5,
    "stall_start_tref": 3064,
    "stall_end_tref": 3068,
    "stall_start_data_relative": 3051,
    "run_value_IQ": [
     5736,
     5736
    ],
    "stall_end_coincides_with_frame_end": false,
    "is_stall": false
   },
   {
    "frame_index": 1760,
    "frame_start_symtime": 21706080,
    "n_samples_in_frame": 8627,
    "longest_run_symbols": 5,
    "stall_start_tref": 3064,
    "stall_end_tref": 3068,
    "stall_start_data_relative": 3051,
    "run_value_IQ": [
     5736,
     5736
    ],
    "stall_end_coincides_with_frame_end": false,
    "is_stall": false
   },
   {
    "frame_index": 1761,
    "frame_start_symtime": 21718413,
    "n_samples_in_frame": 9410,
    "longest_run_symbols": 5,
    "stall_start_tref": 3064,
    "stall_end_tref": 3068,
    "stall_start_data_relative": 3051,
    "run_value_IQ": [
     5736,
     5736
    ],
    "stall_end_coincides_with_frame_end": false,
    "is_stall": false
   },
   {
    "frame_index": 1762,
    "frame_start_symtime": 21730746,
    "n_samples_in_frame": 9408,
    "longest_run_symbols": 5,
    "stall_start_tref": 3064,
    "stall_end_tref": 3068,
    "stall_start_data_relative": 3051,
    "run_value_IQ": [
     5736,
     5736
    ],
    "stall_end_coincides_with_frame_end": false,
    "is_stall": false
   },
   {
    "frame_index": 1763,
    "frame_start_symtime": 21743079,
    "n_samples_in_frame": 9028,
    "longest_run_symbols": 5,
    "stall_start_tref": 3064,
    "stall_end_tref": 3068,
    "stall_start_data_relative": 3051,
    "run_value_IQ": [
     5736,
     5736
    ],
    "stall_end_coincides_with_frame_end": false,
    "is_stall": false
   },
   {
    "frame_index": 1764,
    "frame_start_symtime": 21755412,
    "n_samples_in_frame": 9299,
    "longest_run_symbols": 5,
    "stall_start_tref": 5488,
    "stall_end_tref": 5492,
    "stall_start_data_relative": 5475,
    "run_value_IQ": [
     5736,
     -5737
    ],
    "stall_end_coincides_with_frame_end": false,
    "is_stall": false
   },
   {
    "frame_index": 1765,
    "frame_start_symtime": 21767745,
    "n_samples_in_frame": 8800,
    "longest_run_symbols": 5,
    "stall_start_tref": 3064,
    "stall_end_tref": 3068,
    "stall_start_data_relative": 3051,
    "run_value_IQ": [
     5736,
     5736
    ],
    "stall_end_coincides_with_frame_end": false,
    "is_stall": false
   },
   {
    "frame_index": 1766,
    "frame_start_symtime": 21780078,
    "n_samples_in_frame": 9293,
    "longest_run_symbols": 5,
    "stall_start_tref": 3064,
    "stall_end_tref": 3068,
    "stall_start_data_relative": 3051,
    "run_value_IQ": [
     5736,
     5736
    ],
    "stall_end_coincides_with_frame_end": false,
    "is_stall": false
   },
   {
    "frame_index": 1767,
    "frame_start_symtime": 21792411,
    "n_samples_in_frame": 9227,
    "longest_run_symbols": 5,
    "stall_start_tref": 3064,
    "stall_end_tref": 3068,
    "stall_start_data_relative": 3051,
    "run_value_IQ": [
     5736,
     5736
    ],
    "stall_end_coincides_with_frame_end": false,
    "is_stall": false
   },
   {
    "frame_index": 1768,
    "frame_start_symtime": 21804744,
    "n_samples_in_frame": 9400,
    "longest_run_symbols": 5,
    "stall_start_tref": 3064,
    "stall_end_tref": 3068,
    "stall_start_data_relative": 3051,
    "run_value_IQ": [
     5736,
     5736
    ],
    "stall_end_coincides_with_frame_end": false,
    "is_stall": false
   },
   {
    "frame_index": 1769,
    "frame_start_symtime": 21817077,
    "n_samples_in_frame": 9374,
    "longest_run_symbols": 5,
    "stall_start_tref": 5488,
    "stall_end_tref": 5492,
    "stall_start_data_relative": 5475,
    "run_value_IQ": [
     5736,
     -5737
    ],
    "stall_end_coincides_with_frame_end": false,
    "is_stall": false
   },
   {
    "frame_index": 1770,
    "frame_start_symtime": 21829410,
    "n_samples_in_frame": 8672,
    "longest_run_symbols": 5,
    "stall_start_tref": 5488,
    "stall_end_tref": 5492,
    "stall_start_data_relative": 5475,
    "run_value_IQ": [
     5736,
     -5737
    ],
    "stall_end_coincides_with_frame_end": false,
    "is_stall": false
   },
   {
    "frame_index": 1771,
    "frame_start_symtime": 21841743,
    "n_samples_in_frame": 9373,
    "longest_run_symbols": 5,
    "stall_start_tref": 3064,
    "stall_end_tref": 3068,
    "stall_start_data_relative": 3051,
    "run_value_IQ": [
     5736,
     5736
    ],
    "stall_end_coincides_with_frame_end": false,
    "is_stall": false
   },
   {
    "frame_index": 1772,
    "frame_start_symtime": 21854076,
    "n_samples_in_frame": 9227,
    "longest_run_symbols": 5,
    "stall_start_tref": 3064,
    "stall_end_tref": 3068,
    "stall_start_data_relative": 3051,
    "run_value_IQ": [
     5736,
     5736
    ],
    "stall_end_coincides_with_frame_end": false,
    "is_stall": false
   },
   {
    "frame_index": 1773,
    "frame_start_symtime": 21866409,
    "n_samples_in_frame": 9320,
    "longest_run_symbols": 5,
    "stall_start_tref": 3064,
    "stall_end_tref": 3068,
    "stall_start_data_relative": 3051,
    "run_value_IQ": [
     5736,
     5736
    ],
    "stall_end_coincides_with_frame_end": false,
    "is_stall": false
   },
   {
    "frame_index": 1774,
    "frame_start_symtime": 21878742,
    "n_samples_in_frame": 9251,
    "longest_run_symbols": 5,
    "stall_start_tref": 3064,
    "stall_end_tref": 3068,
    "stall_start_data_relative": 3051,
    "run_value_IQ": [
     5736,
     5736
    ],
    "stall_end_coincides_with_frame_end": false,
    "is_stall": false
   },
   {
    "frame_index": 1775,
    "frame_start_symtime": 21891075,
    "n_samples_in_frame": 8502,
    "longest_run_symbols": 5,
    "stall_start_tref": 5488,
    "stall_end_tref": 5492,
    "stall_start_data_relative": 5475,
    "run_value_IQ": [
     5736,
     -5737
    ],
    "stall_end_coincides_with_frame_end": false,
    "is_stall": false
   },
   {
    "frame_index": 1776,
    "frame_start_symtime": 21903408,
    "n_samples_in_frame": 9271,
    "longest_run_symbols": 5,
    "stall_start_tref": 3064,
    "stall_end_tref": 3068,
    "stall_start_data_relative": 3051,
    "run_value_IQ": [
     5736,
     5736
    ],
    "stall_end_coincides_with_frame_end": false,
    "is_stall": false
   },
   {
    "frame_index": 1777,
    "frame_start_symtime": 21915741,
    "n_samples_in_frame": 4637,
    "longest_run_symbols": 5,
    "stall_start_tref": 3064,
    "stall_end_tref": 3068,
    "stall_start_data_relative": 3051,
    "run_value_IQ": [
     5736,
     5736
    ],
    "stall_end_coincides_with_frame_end": false,
    "is_stall": false
   },
   {
    "frame_index": 1778,
    "frame_start_symtime": 21928074,
    "n_samples_in_frame": 9518,
    "longest_run_symbols": 5,
    "stall_start_tref": 3064,
    "stall_end_tref": 3068,
    "stall_start_data_relative": 3051,
    "run_value_IQ": [
     5736,
     5736
    ],
    "stall_end_coincides_with_frame_end": false,
    "is_stall": false
   },
   {
    "frame_index": 1779,
    "frame_start_symtime": 21940407,
    "n_samples_in_frame": 9397,
    "longest_run_symbols": 5,
    "stall_start_tref": 3064,
    "stall_end_tref": 3068,
    "stall_start_data_relative": 3051,
    "run_value_IQ": [
     5736,
     5736
    ],
    "stall_end_coincides_with_frame_end": false,
    "is_stall": false
   },
   {
    "frame_index": 1780,
    "frame_start_symtime": 21952740,
    "n_samples_in_frame": 8524,
    "longest_run_symbols": 5,
    "stall_start_tref": 5488,
    "stall_end_tref": 5492,
    "stall_start_data_relative": 5475,
    "run_value_IQ": [
     5736,
     -5737
    ],
    "stall_end_coincides_with_frame_end": false,
    "is_stall": false
   },
   {
    "frame_index": 1781,
    "frame_start_symtime": 21965073,
    "n_samples_in_frame": 9370,
    "longest_run_symbols": 5,
    "stall_start_tref": 3064,
    "stall_end_tref": 3068,
    "stall_start_data_relative": 3051,
    "run_value_IQ": [
     5736,
     5736
    ],
    "stall_end_coincides_with_frame_end": false,
    "is_stall": false
   },
   {
    "frame_index": 1782,
    "frame_start_symtime": 21977406,
    "n_samples_in_frame": 9242,
    "longest_run_symbols": 5,
    "stall_start_tref": 3064,
    "stall_end_tref": 3068,
    "stall_start_data_relative": 3051,
    "run_value_IQ": [
     5736,
     5736
    ],
    "stall_end_coincides_with_frame_end": false,
    "is_stall": false
   },
   {
    "frame_index": 1783,
    "frame_start_symtime": 21989739,
    "n_samples_in_frame": 9283,
    "longest_run_symbols": 5,
    "stall_start_tref": 3064,
    "stall_end_tref": 3068,
    "stall_start_data_relative": 3051,
    "run_value_IQ": [
     5736,
     5736
    ],
    "stall_end_coincides_with_frame_end": false,
    "is_stall": false
   },
   {
    "frame_index": 1784,
    "frame_start_symtime": 22002072,
    "n_samples_in_frame": 9149,
    "longest_run_symbols": 5,
    "stall_start_tref": 3064,
    "stall_end_tref": 3068,
    "stall_start_data_relative": 3051,
    "run_value_IQ": [
     5736,
     5736
    ],
    "stall_end_coincides_with_frame_end": false,
    "is_stall": false
   },
   {
    "frame_index": 1785,
    "frame_start_symtime": 22014405,
    "n_samples_in_frame": 8871,
    "longest_run_symbols": 5,
    "stall_start_tref": 3064,
    "stall_end_tref": 3068,
    "stall_start_data_relative": 3051,
    "run_value_IQ": [
     5736,
     5736
    ],
    "stall_end_coincides_with_frame_end": false,
    "is_stall": false
   },
   {
    "frame_index": 1786,
    "frame_start_symtime": 22026738,
    "n_samples_in_frame": 9407,
    "longest_run_symbols": 5,
    "stall_start_tref": 3064,
    "stall_end_tref": 3068,
    "stall_start_data_relative": 3051,
    "run_value_IQ": [
     5736,
     5736
    ],
    "stall_end_coincides_with_frame_end": false,
    "is_stall": false
   },
   {
    "frame_index": 1787,
    "frame_start_symtime": 22039071,
    "n_samples_in_frame": 9324,
    "longest_run_symbols": 5,
    "stall_start_tref": 3064,
    "stall_end_tref": 3068,
    "stall_start_data_relative": 3051,
    "run_value_IQ": [
     5736,
     5736
    ],
    "stall_end_coincides_with_frame_end": false,
    "is_stall": false
   },
   {
    "frame_index": 1788,
    "frame_start_symtime": 22051404,
    "n_samples_in_frame": 9309,
    "longest_run_symbols": 5,
    "stall_start_tref": 3064,
    "stall_end_tref": 3068,
    "stall_start_data_relative": 3051,
    "run_value_IQ": [
     5736,
     5736
    ],
    "stall_end_coincides_with_frame_end": false,
    "is_stall": false
   },
   {
    "frame_index": 1789,
    "frame_start_symtime": 22063737,
    "n_samples_in_frame": 9169,
    "longest_run_symbols": 5,
    "stall_start_tref": 3064,
    "stall_end_tref": 3068,
    "stall_start_data_relative": 3051,
    "run_value_IQ": [
     5736,
     5736
    ],
    "stall_end_coincides_with_frame_end": false,
    "is_stall": false
   },
   {
    "frame_index": 1790,
    "frame_start_symtime": 22076070,
    "n_samples_in_frame": 8704,
    "longest_run_symbols": 5,
    "stall_start_tref": 3064,
    "stall_end_tref": 3068,
    "stall_start_data_relative": 3051,
    "run_value_IQ": [
     5736,
     5736
    ],
    "stall_end_coincides_with_frame_end": false,
    "is_stall": false
   },
   {
    "frame_index": 1791,
    "frame_start_symtime": 22088403,
    "n_samples_in_frame": 9306,
    "longest_run_symbols": 5,
    "stall_start_tref": 3064,
    "stall_end_tref": 3068,
    "stall_start_data_relative": 3051,
    "run_value_IQ": [
     5736,
     5736
    ],
    "stall_end_coincides_with_frame_end": false,
    "is_stall": false
   },
   {
    "frame_index": 1792,
    "frame_start_symtime": 22100736,
    "n_samples_in_frame": 9400,
    "longest_run_symbols": 5,
    "stall_start_tref": 3064,
    "stall_end_tref": 3068,
    "stall_start_data_relative": 3051,
    "run_value_IQ": [
     5736,
     5736
    ],
    "stall_end_coincides_with_frame_end": false,
    "is_stall": false
   },
   {
    "frame_index": 1793,
    "frame_start_symtime": 22113069,
    "n_samples_in_frame": 9296,
    "longest_run_symbols": 5,
    "stall_start_tref": 5488,
    "stall_end_tref": 5492,
    "stall_start_data_relative": 5475,
    "run_value_IQ": [
     5736,
     -5737
    ],
    "stall_end_coincides_with_frame_end": false,
    "is_stall": false
   },
   {
    "frame_index": 1794,
    "frame_start_symtime": 22125402,
    "n_samples_in_frame": 8862,
    "longest_run_symbols": 5,
    "stall_start_tref": 3064,
    "stall_end_tref": 3068,
    "stall_start_data_relative": 3051,
    "run_value_IQ": [
     5736,
     5736
    ],
    "stall_end_coincides_with_frame_end": false,
    "is_stall": false
   },
   {
    "frame_index": 1795,
    "frame_start_symtime": 22137735,
    "n_samples_in_frame": 9216,
    "longest_run_symbols": 5,
    "stall_start_tref": 3064,
    "stall_end_tref": 3068,
    "stall_start_data_relative": 3051,
    "run_value_IQ": [
     5736,
     5736
    ],
    "stall_end_coincides_with_frame_end": false,
    "is_stall": false
   },
   {
    "frame_index": 1796,
    "frame_start_symtime": 22150068,
    "n_samples_in_frame": 9216,
    "longest_run_symbols": 5,
    "stall_start_tref": 3064,
    "stall_end_tref": 3068,
    "stall_start_data_relative": 3051,
    "run_value_IQ": [
     5736,
     5736
    ],
    "stall_end_coincides_with_frame_end": false,
    "is_stall": false
   },
   {
    "frame_index": 1797,
    "frame_start_symtime": 22162401,
    "n_samples_in_frame": 9411,
    "longest_run_symbols": 5,
    "stall_start_tref": 3064,
    "stall_end_tref": 3068,
    "stall_start_data_relative": 3051,
    "run_value_IQ": [
     5736,
     5736
    ],
    "stall_end_coincides_with_frame_end": false,
    "is_stall": false
   },
   {
    "frame_index": 1798,
    "frame_start_symtime": 22174734,
    "n_samples_in_frame": 9316,
    "longest_run_symbols": 5,
    "stall_start_tref": 3064,
    "stall_end_tref": 3068,
    "stall_start_data_relative": 3051,
    "run_value_IQ": [
     5736,
     5736
    ],
    "stall_end_coincides_with_frame_end": false,
    "is_stall": false
   },
   {
    "frame_index": 1799,
    "frame_start_symtime": 22187067,
    "n_samples_in_frame": 8799,
    "longest_run_symbols": 5,
    "stall_start_tref": 5488,
    "stall_end_tref": 5492,
    "stall_start_data_relative": 5475,
    "run_value_IQ": [
     5736,
     -5737
    ],
    "stall_end_coincides_with_frame_end": false,
    "is_stall": false
   },
   {
    "frame_index": 1800,
    "frame_start_symtime": 22199400,
    "n_samples_in_frame": 9136,
    "longest_run_symbols": 5,
    "stall_start_tref": 5488,
    "stall_end_tref": 5492,
    "stall_start_data_relative": 5475,
    "run_value_IQ": [
     5736,
     -5737
    ],
    "stall_end_coincides_with_frame_end": false,
    "is_stall": false
   },
   {
    "frame_index": 1801,
    "frame_start_symtime": 22211733,
    "n_samples_in_frame": 9407,
    "longest_run_symbols": 5,
    "stall_start_tref": 3064,
    "stall_end_tref": 3068,
    "stall_start_data_relative": 3051,
    "run_value_IQ": [
     5736,
     5736
    ],
    "stall_end_coincides_with_frame_end": false,
    "is_stall": false
   },
   {
    "frame_index": 1802,
    "frame_start_symtime": 22224066,
    "n_samples_in_frame": 9227,
    "longest_run_symbols": 5,
    "stall_start_tref": 3064,
    "stall_end_tref": 3068,
    "stall_start_data_relative": 3051,
    "run_value_IQ": [
     5736,
     5736
    ],
    "stall_end_coincides_with_frame_end": false,
    "is_stall": false
   },
   {
    "frame_index": 1803,
    "frame_start_symtime": 22236399,
    "n_samples_in_frame": 9277,
    "longest_run_symbols": 5,
    "stall_start_tref": 3064,
    "stall_end_tref": 3068,
    "stall_start_data_relative": 3051,
    "run_value_IQ": [
     5736,
     5736
    ],
    "stall_end_coincides_with_frame_end": false,
    "is_stall": false
   },
   {
    "frame_index": 1804,
    "frame_start_symtime": 22248732,
    "n_samples_in_frame": 8906,
    "longest_run_symbols": 5,
    "stall_start_tref": 3064,
    "stall_end_tref": 3068,
    "stall_start_data_relative": 3051,
    "run_value_IQ": [
     5736,
     5736
    ],
    "stall_end_coincides_with_frame_end": false,
    "is_stall": false
   },
   {
    "frame_index": 1805,
    "frame_start_symtime": 22261065,
    "n_samples_in_frame": 13849,
    "longest_run_symbols": 9,
    "stall_start_tref": 5488,
    "stall_end_tref": 5492,
    "stall_start_data_relative": 5475,
    "run_value_IQ": [
     5736,
     -5737
    ],
    "stall_end_coincides_with_frame_end": false,
    "is_stall": false
   },
   {
    "frame_index": 1806,
    "frame_start_symtime": 22273398,
    "n_samples_in_frame": 9440,
    "longest_run_symbols": 5,
    "stall_start_tref": 3064,
    "stall_end_tref": 3068,
    "stall_start_data_relative": 3051,
    "run_value_IQ": [
     5736,
     5736
    ],
    "stall_end_coincides_with_frame_end": false,
    "is_stall": false
   },
   {
    "frame_index": 1807,
    "frame_start_symtime": 22285731,
    "n_samples_in_frame": 8807,
    "longest_run_symbols": 5,
    "stall_start_tref": 3064,
    "stall_end_tref": 3068,
    "stall_start_data_relative": 3051,
    "run_value_IQ": [
     5736,
     5736
    ],
    "stall_end_coincides_with_frame_end": false,
    "is_stall": false
   },
   {
    "frame_index": 1808,
    "frame_start_symtime": 22298064,
    "n_samples_in_frame": 8919,
    "longest_run_symbols": 5,
    "stall_start_tref": 3064,
    "stall_end_tref": 3068,
    "stall_start_data_relative": 3051,
    "run_value_IQ": [
     5736,
     5736
    ],
    "stall_end_coincides_with_frame_end": false,
    "is_stall": false
   },
   {
    "frame_index": 1809,
    "frame_start_symtime": 22310397,
    "n_samples_in_frame": 9053,
    "longest_run_symbols": 5,
    "stall_start_tref": 3064,
    "stall_end_tref": 3068,
    "stall_start_data_relative": 3051,
    "run_value_IQ": [
     5736,
     5736
    ],
    "stall_end_coincides_with_frame_end": false,
    "is_stall": false
   },
   {
    "frame_index": 1810,
    "frame_start_symtime": 22322730,
    "n_samples_in_frame": 9479,
    "longest_run_symbols": 5,
    "stall_start_tref": 5488,
    "stall_end_tref": 5492,
    "stall_start_data_relative": 5475,
    "run_value_IQ": [
     5736,
     -5737
    ],
    "stall_end_coincides_with_frame_end": false,
    "is_stall": false
   },
   {
    "frame_index": 1811,
    "frame_start_symtime": 22335063,
    "n_samples_in_frame": 9330,
    "longest_run_symbols": 5,
    "stall_start_tref": 3064,
    "stall_end_tref": 3068,
    "stall_start_data_relative": 3051,
    "run_value_IQ": [
     5736,
     5736
    ],
    "stall_end_coincides_with_frame_end": false,
    "is_stall": false
   },
   {
    "frame_index": 1812,
    "frame_start_symtime": 22347396,
    "n_samples_in_frame": 9314,
    "longest_run_symbols": 5,
    "stall_start_tref": 3064,
    "stall_end_tref": 3068,
    "stall_start_data_relative": 3051,
    "run_value_IQ": [
     5736,
     5736
    ],
    "stall_end_coincides_with_frame_end": false,
    "is_stall": false
   },
   {
    "frame_index": 1813,
    "frame_start_symtime": 22359729,
    "n_samples_in_frame": 8586,
    "longest_run_symbols": 5,
    "stall_start_tref": 3064,
    "stall_end_tref": 3068,
    "stall_start_data_relative": 3051,
    "run_value_IQ": [
     5736,
     5736
    ],
    "stall_end_coincides_with_frame_end": false,
    "is_stall": false
   },
   {
    "frame_index": 1814,
    "frame_start_symtime": 22372062,
    "n_samples_in_frame": 9336,
    "longest_run_symbols": 5,
    "stall_start_tref": 3064,
    "stall_end_tref": 3068,
    "stall_start_data_relative": 3051,
    "run_value_IQ": [
     5736,
     5736
    ],
    "stall_end_coincides_with_frame_end": false,
    "is_stall": false
   },
   {
    "frame_index": 1815,
    "frame_start_symtime": 22384395,
    "n_samples_in_frame": 9274,
    "longest_run_symbols": 5,
    "stall_start_tref": 3064,
    "stall_end_tref": 3068,
    "stall_start_data_relative": 3051,
    "run_value_IQ": [
     5736,
     5736
    ],
    "stall_end_coincides_with_frame_end": false,
    "is_stall": false
   },
   {
    "frame_index": 1816,
    "frame_start_symtime": 22396728,
    "n_samples_in_frame": 9441,
    "longest_run_symbols": 5,
    "stall_start_tref": 5488,
    "stall_end_tref": 5492,
    "stall_start_data_relative": 5475,
    "run_value_IQ": [
     5736,
     -5737
    ],
    "stall_end_coincides_with_frame_end": false,
    "is_stall": false
   },
   {
    "frame_index": 1817,
    "frame_start_symtime": 22409061,
    "n_samples_in_frame": 13349,
    "longest_run_symbols": 9,
    "stall_start_tref": 3064,
    "stall_end_tref": 3068,
    "stall_start_data_relative": 3051,
    "run_value_IQ": [
     5736,
     5736
    ],
    "stall_end_coincides_with_frame_end": false,
    "is_stall": false
   },
   {
    "frame_index": 1818,
    "frame_start_symtime": 22421394,
    "n_samples_in_frame": 8784,
    "longest_run_symbols": 5,
    "stall_start_tref": 5488,
    "stall_end_tref": 5492,
    "stall_start_data_relative": 5475,
    "run_value_IQ": [
     5736,
     -5737
    ],
    "stall_end_coincides_with_frame_end": false,
    "is_stall": false
   },
   {
    "frame_index": 1819,
    "frame_start_symtime": 22433727,
    "n_samples_in_frame": 9353,
    "longest_run_symbols": 5,
    "stall_start_tref": 3064,
    "stall_end_tref": 3068,
    "stall_start_data_relative": 3051,
    "run_value_IQ": [
     5736,
     5736
    ],
    "stall_end_coincides_with_frame_end": false,
    "is_stall": false
   },
   {
    "frame_index": 1820,
    "frame_start_symtime": 22446060,
    "n_samples_in_frame": 9332,
    "longest_run_symbols": 5,
    "stall_start_tref": 5488,
    "stall_end_tref": 5492,
    "stall_start_data_relative": 5475,
    "run_value_IQ": [
     5736,
     -5737
    ],
    "stall_end_coincides_with_frame_end": false,
    "is_stall": false
   },
   {
    "frame_index": 1821,
    "frame_start_symtime": 22458393,
    "n_samples_in_frame": 9418,
    "longest_run_symbols": 5,
    "stall_start_tref": 5488,
    "stall_end_tref": 5492,
    "stall_start_data_relative": 5475,
    "run_value_IQ": [
     5736,
     -5737
    ],
    "stall_end_coincides_with_frame_end": false,
    "is_stall": false
   },
   {
    "frame_index": 1822,
    "frame_start_symtime": 22470726,
    "n_samples_in_frame": 8786,
    "longest_run_symbols": 5,
    "stall_start_tref": 3064,
    "stall_end_tref": 3068,
    "stall_start_data_relative": 3051,
    "run_value_IQ": [
     5736,
     5736
    ],
    "stall_end_coincides_with_frame_end": false,
    "is_stall": false
   },
   {
    "frame_index": 1823,
    "frame_start_symtime": 22483059,
    "n_samples_in_frame": 9482,
    "longest_run_symbols": 5,
    "stall_start_tref": 3064,
    "stall_end_tref": 3068,
    "stall_start_data_relative": 3051,
    "run_value_IQ": [
     5736,
     5736
    ],
    "stall_end_coincides_with_frame_end": false,
    "is_stall": false
   },
   {
    "frame_index": 1824,
    "frame_start_symtime": 22495392,
    "n_samples_in_frame": 9212,
    "longest_run_symbols": 5,
    "stall_start_tref": 5488,
    "stall_end_tref": 5492,
    "stall_start_data_relative": 5475,
    "run_value_IQ": [
     5736,
     -5737
    ],
    "stall_end_coincides_with_frame_end": false,
    "is_stall": false
   },
   {
    "frame_index": 1825,
    "frame_start_symtime": 22507725,
    "n_samples_in_frame": 8409,
    "longest_run_symbols": 5,
    "stall_start_tref": 3064,
    "stall_end_tref": 3068,
    "stall_start_data_relative": 3051,
    "run_value_IQ": [
     5736,
     5736
    ],
    "stall_end_coincides_with_frame_end": false,
    "is_stall": false
   },
   {
    "frame_index": 1826,
    "frame_start_symtime": 22520058,
    "n_samples_in_frame": 7785,
    "longest_run_symbols": 5,
    "stall_start_tref": 3064,
    "stall_end_tref": 3068,
    "stall_start_data_relative": 3051,
    "run_value_IQ": [
     5736,
     5736
    ],
    "stall_end_coincides_with_frame_end": false,
    "is_stall": false
   },
   {
    "frame_index": 1827,
    "frame_start_symtime": 22532391,
    "n_samples_in_frame": 8834,
    "longest_run_symbols": 5,
    "stall_start_tref": 5488,
    "stall_end_tref": 5492,
    "stall_start_data_relative": 5475,
    "run_value_IQ": [
     5736,
     -5737
    ],
    "stall_end_coincides_with_frame_end": false,
    "is_stall": false
   },
   {
    "frame_index": 1828,
    "frame_start_symtime": 22544724,
    "n_samples_in_frame": 9493,
    "longest_run_symbols": 5,
    "stall_start_tref": 5488,
    "stall_end_tref": 5492,
    "stall_start_data_relative": 5475,
    "run_value_IQ": [
     5736,
     -5737
    ],
    "stall_end_coincides_with_frame_end": false,
    "is_stall": false
   },
   {
    "frame_index": 1829,
    "frame_start_symtime": 22557057,
    "n_samples_in_frame": 9216,
    "longest_run_symbols": 5,
    "stall_start_tref": 3064,
    "stall_end_tref": 3068,
    "stall_start_data_relative": 3051,
    "run_value_IQ": [
     5736,
     5736
    ],
    "stall_end_coincides_with_frame_end": false,
    "is_stall": false
   },
   {
    "frame_index": 1830,
    "frame_start_symtime": 22569390,
    "n_samples_in_frame": 9299,
    "longest_run_symbols": 5,
    "stall_start_tref": 3064,
    "stall_end_tref": 3068,
    "stall_start_data_relative": 3051,
    "run_value_IQ": [
     5736,
     5736
    ],
    "stall_end_coincides_with_frame_end": false,
    "is_stall": false
   },
   {
    "frame_index": 1831,
    "frame_start_symtime": 22581723,
    "n_samples_in_frame": 8838,
    "longest_run_symbols": 5,
    "stall_start_tref": 3064,
    "stall_end_tref": 3068,
    "stall_start_data_relative": 3051,
    "run_value_IQ": [
     5736,
     5736
    ],
    "stall_end_coincides_with_frame_end": false,
    "is_stall": false
   },
   {
    "frame_index": 1832,
    "frame_start_symtime": 22594056,
    "n_samples_in_frame": 8487,
    "longest_run_symbols": 5,
    "stall_start_tref": 5488,
    "stall_end_tref": 5492,
    "stall_start_data_relative": 5475,
    "run_value_IQ": [
     5736,
     -5737
    ],
    "stall_end_coincides_with_frame_end": false,
    "is_stall": false
   },
   {
    "frame_index": 1833,
    "frame_start_symtime": 22606389,
    "n_samples_in_frame": 4653,
    "longest_run_symbols": 5,
    "stall_start_tref": 3064,
    "stall_end_tref": 3068,
    "stall_start_data_relative": 3051,
    "run_value_IQ": [
     5736,
     5736
    ],
    "stall_end_coincides_with_frame_end": false,
    "is_stall": false
   },
   {
    "frame_index": 1834,
    "frame_start_symtime": 22618722,
    "n_samples_in_frame": 9569,
    "longest_run_symbols": 5,
    "stall_start_tref": 3064,
    "stall_end_tref": 3068,
    "stall_start_data_relative": 3051,
    "run_value_IQ": [
     5736,
     5736
    ],
    "stall_end_coincides_with_frame_end": false,
    "is_stall": false
   },
   {
    "frame_index": 1835,
    "frame_start_symtime": 22631055,
    "n_samples_in_frame": 9368,
    "longest_run_symbols": 5,
    "stall_start_tref": 3064,
    "stall_end_tref": 3068,
    "stall_start_data_relative": 3051,
    "run_value_IQ": [
     5736,
     5736
    ],
    "stall_end_coincides_with_frame_end": false,
    "is_stall": false
   },
   {
    "frame_index": 1836,
    "frame_start_symtime": 22643388,
    "n_samples_in_frame": 9398,
    "longest_run_symbols": 5,
    "stall_start_tref": 3064,
    "stall_end_tref": 3068,
    "stall_start_data_relative": 3051,
    "run_value_IQ": [
     5736,
     5736
    ],
    "stall_end_coincides_with_frame_end": false,
    "is_stall": false
   },
   {
    "frame_index": 1837,
    "frame_start_symtime": 22655721,
    "n_samples_in_frame": 8307,
    "longest_run_symbols": 5,
    "stall_start_tref": 5488,
    "stall_end_tref": 5492,
    "stall_start_data_relative": 5475,
    "run_value_IQ": [
     5736,
     -5737
    ],
    "stall_end_coincides_with_frame_end": false,
    "is_stall": false
   },
   {
    "frame_index": 1838,
    "frame_start_symtime": 22668054,
    "n_samples_in_frame": 9016,
    "longest_run_symbols": 5,
    "stall_start_tref": 6885,
    "stall_end_tref": 6889,
    "stall_start_data_relative": 6872,
    "run_value_IQ": [
     5736,
     -5737
    ],
    "stall_end_coincides_with_frame_end": false,
    "is_stall": false
   },
   {
    "frame_index": 1839,
    "frame_start_symtime": 22680387,
    "n_samples_in_frame": 9517,
    "longest_run_symbols": 5,
    "stall_start_tref": 5488,
    "stall_end_tref": 5492,
    "stall_start_data_relative": 5475,
    "run_value_IQ": [
     5736,
     -5737
    ],
    "stall_end_coincides_with_frame_end": false,
    "is_stall": false
   },
   {
    "frame_index": 1840,
    "frame_start_symtime": 22692720,
    "n_samples_in_frame": 8780,
    "longest_run_symbols": 5,
    "stall_start_tref": 3064,
    "stall_end_tref": 3068,
    "stall_start_data_relative": 3051,
    "run_value_IQ": [
     5736,
     5736
    ],
    "stall_end_coincides_with_frame_end": false,
    "is_stall": false
   },
   {
    "frame_index": 1841,
    "frame_start_symtime": 22705053,
    "n_samples_in_frame": 9369,
    "longest_run_symbols": 5,
    "stall_start_tref": 3064,
    "stall_end_tref": 3068,
    "stall_start_data_relative": 3051,
    "run_value_IQ": [
     5736,
     5736
    ],
    "stall_end_coincides_with_frame_end": false,
    "is_stall": false
   },
   {
    "frame_index": 1842,
    "frame_start_symtime": 22717386,
    "n_samples_in_frame": 8551,
    "longest_run_symbols": 5,
    "stall_start_tref": 3064,
    "stall_end_tref": 3068,
    "stall_start_data_relative": 3051,
    "run_value_IQ": [
     5736,
     5736
    ],
    "stall_end_coincides_with_frame_end": false,
    "is_stall": false
   },
   {
    "frame_index": 1843,
    "frame_start_symtime": 22729719,
    "n_samples_in_frame": 9255,
    "longest_run_symbols": 5,
    "stall_start_tref": 3064,
    "stall_end_tref": 3068,
    "stall_start_data_relative": 3051,
    "run_value_IQ": [
     5736,
     5736
    ],
    "stall_end_coincides_with_frame_end": false,
    "is_stall": false
   },
   {
    "frame_index": 1844,
    "frame_start_symtime": 22742052,
    "n_samples_in_frame": 9412,
    "longest_run_symbols": 5,
    "stall_start_tref": 3064,
    "stall_end_tref": 3068,
    "stall_start_data_relative": 3051,
    "run_value_IQ": [
     5736,
     5736
    ],
    "stall_end_coincides_with_frame_end": false,
    "is_stall": false
   },
   {
    "frame_index": 1845,
    "frame_start_symtime": 22754385,
    "n_samples_in_frame": 9368,
    "longest_run_symbols": 5,
    "stall_start_tref": 5488,
    "stall_end_tref": 5492,
    "stall_start_data_relative": 5475,
    "run_value_IQ": [
     5736,
     -5737
    ],
    "stall_end_coincides_with_frame_end": false,
    "is_stall": false
   },
   {
    "frame_index": 1846,
    "frame_start_symtime": 22766718,
    "n_samples_in_frame": 9245,
    "longest_run_symbols": 5,
    "stall_start_tref": 3064,
    "stall_end_tref": 3068,
    "stall_start_data_relative": 3051,
    "run_value_IQ": [
     5736,
     5736
    ],
    "stall_end_coincides_with_frame_end": false,
    "is_stall": false
   },
   {
    "frame_index": 1847,
    "frame_start_symtime": 22779051,
    "n_samples_in_frame": 8288,
    "longest_run_symbols": 5,
    "stall_start_tref": 3064,
    "stall_end_tref": 3068,
    "stall_start_data_relative": 3051,
    "run_value_IQ": [
     5736,
     5736
    ],
    "stall_end_coincides_with_frame_end": false,
    "is_stall": false
   },
   {
    "frame_index": 1848,
    "frame_start_symtime": 22791384,
    "n_samples_in_frame": 8704,
    "longest_run_symbols": 5,
    "stall_start_tref": 3064,
    "stall_end_tref": 3068,
    "stall_start_data_relative": 3051,
    "run_value_IQ": [
     5736,
     5736
    ],
    "stall_end_coincides_with_frame_end": false,
    "is_stall": false
   }
  ],
  "stalls": [
   {
    "frame_index": 441,
    "frame_start_symtime": 5438853,
    "n_samples_in_frame": 9388,
    "longest_run_symbols": 4866,
    "stall_start_tref": 5951,
    "stall_end_tref": 12259,
    "stall_start_data_relative": 5938,
    "run_value_IQ": [
     5736,
     5736
    ],
    "stall_end_coincides_with_frame_end": false,
    "is_stall": true,
    "rung_geometry": {
     "rows": [
      {
       "k": 0,
       "rung": 6176,
       "predicted_start_12320basis": 6144,
       "length_delta": -1310,
       "raw_start_delta": -193,
       "data_relative_start_delta": -206,
       "length_fits": false,
       "raw_start_fits": false,
       "data_relative_start_fits": false
      },
      {
       "k": 1,
       "rung": 6240,
       "predicted_start_12320basis": 6080,
       "length_delta": -1374,
       "raw_start_delta": -129,
       "data_relative_start_delta": -142,
       "length_fits": false,
       "raw_start_fits": false,
       "data_relative_start_fits": false
      },
      {
       "k": 2,
       "rung": 6299,
       "predicted_start_12320basis": 6021,
       "length_delta": -1433,
       "raw_start_delta": -70,
       "data_relative_start_delta": -83,
       "length_fits": false,
       "raw_start_fits": false,
       "data_relative_start_fits": false
      },
      {
       "k": 3,
       "rung": 6363,
       "predicted_start_12320basis": 5957,
       "length_delta": -1497,
       "raw_start_delta": -6,
       "data_relative_start_delta": -19,
       "length_fits": false,
       "raw_start_fits": false,
       "data_relative_start_fits": false
      },
      {
       "k": 4,
       "rung": 6432,
       "predicted_start_12320basis": 5888,
       "length_delta": -1566,
       "raw_start_delta": 63,
       "data_relative_start_delta": 50,
       "length_fits": false,
       "raw_start_fits": false,
       "data_relative_start_fits": false
      },
      {
       "k": 5,
       "rung": 6489,
       "predicted_start_12320basis": 5831,
       "length_delta": -1623,
       "raw_start_delta": 120,
       "data_relative_start_delta": 107,
       "length_fits": false,
       "raw_start_fits": false,
       "data_relative_start_fits": false
      },
      {
       "k": 6,
       "rung": 6548,
       "predicted_start_12320basis": 5772,
       "length_delta": -1682,
       "raw_start_delta": 179,
       "data_relative_start_delta": 166,
       "length_fits": false,
       "raw_start_fits": false,
       "data_relative_start_fits": false
      }
     ],
     "best_length_match": {
      "k": 0,
      "rung": 6176,
      "predicted_start_12320basis": 6144,
      "length_delta": -1310,
      "raw_start_delta": -193,
      "data_relative_start_delta": -206,
      "length_fits": false,
      "raw_start_fits": false,
      "data_relative_start_fits": false
     },
     "any_length_fits": false,
     "any_raw_start_fits": false,
     "any_data_relative_start_fits": false
    },
    "marker_found_near_frame_boundary": true,
    "extra_mark_fec_in_same_frame": false,
    "continuation_check": {
     "stall_frame": 441,
     "next_frame": 442,
     "reference_frame": 415,
     "stall_start_tref": 5951,
     "L": 512,
     "n_compared_shift_hypothesis": 300,
     "n_match_shift_hypothesis": 3,
     "frac_match_shift_hypothesis": 0.01,
     "n_compared_noshift_hypothesis": 434,
     "n_match_noshift_hypothesis": 7,
     "frac_match_noshift_hypothesis": 0.0161,
     "pass": false
    },
    "constellation": {
     "I": 5736,
     "Q": 5736,
     "magnitude": 8111.9,
     "phase_deg": 45.0,
     "quadrant_measured": "I+,Q+ (~45 deg)"
    }
   },
   {
    "frame_index": 442,
    "frame_start_symtime": 5451186,
    "n_samples_in_frame": 9276,
    "longest_run_symbols": 9217,
    "stall_start_tref": 78,
    "stall_end_tref": 12273,
    "stall_start_data_relative": 65,
    "run_value_IQ": [
     5736,
     5736
    ],
    "stall_end_coincides_with_frame_end": false,
    "is_stall": true,
    "rung_geometry": {
     "rows": [
      {
       "k": 0,
       "rung": 6176,
       "predicted_start_12320basis": 6144,
       "length_delta": 3041,
       "raw_start_delta": -6066,
       "data_relative_start_delta": -6079,
       "length_fits": false,
       "raw_start_fits": false,
       "data_relative_start_fits": false
      },
      {
       "k": 1,
       "rung": 6240,
       "predicted_start_12320basis": 6080,
       "length_delta": 2977,
       "raw_start_delta": -6002,
       "data_relative_start_delta": -6015,
       "length_fits": false,
       "raw_start_fits": false,
       "data_relative_start_fits": false
      },
      {
       "k": 2,
       "rung": 6299,
       "predicted_start_12320basis": 6021,
       "length_delta": 2918,
       "raw_start_delta": -5943,
       "data_relative_start_delta": -5956,
       "length_fits": false,
       "raw_start_fits": false,
       "data_relative_start_fits": false
      },
      {
       "k": 3,
       "rung": 6363,
       "predicted_start_12320basis": 5957,
       "length_delta": 2854,
       "raw_start_delta": -5879,
       "data_relative_start_delta": -5892,
       "length_fits": false,
       "raw_start_fits": false,
       "data_relative_start_fits": false
      },
      {
       "k": 4,
       "rung": 6432,
       "predicted_start_12320basis": 5888,
       "length_delta": 2785,
       "raw_start_delta": -5810,
       "data_relative_start_delta": -5823,
       "length_fits": false,
       "raw_start_fits": false,
       "data_relative_start_fits": false
      },
      {
       "k": 5,
       "rung": 6489,
       "predicted_start_12320basis": 5831,
       "length_delta": 2728,
       "raw_start_delta": -5753,
       "data_relative_start_delta": -5766,
       "length_fits": false,
       "raw_start_fits": false,
       "data_relative_start_fits": false
      },
      {
       "k": 6,
       "rung": 6548,
       "predicted_start_12320basis": 5772,
       "length_delta": 2669,
       "raw_start_delta": -5694,
       "data_relative_start_delta": -5707,
       "length_fits": false,
       "raw_start_fits": false,
       "data_relative_start_fits": false
      }
     ],
     "best_length_match": {
      "k": 6,
      "rung": 6548,
      "predicted_start_12320basis": 5772,
      "length_delta": 2669,
      "raw_start_delta": -5694,
      "data_relative_start_delta": -5707,
      "length_fits": false,
      "raw_start_fits": false,
      "data_relative_start_fits": false
     },
     "any_length_fits": false,
     "any_raw_start_fits": false,
     "any_data_relative_start_fits": false
    },
    "marker_found_near_frame_boundary": true,
    "extra_mark_fec_in_same_frame": false,
    "continuation_check": {
     "stall_frame": 442,
     "next_frame": 443,
     "reference_frame": 415,
     "stall_start_tref": 78,
     "L": 512,
     "n_compared_shift_hypothesis": 452,
     "n_match_shift_hypothesis": 7,
     "frac_match_shift_hypothesis": 0.0155,
     "n_compared_noshift_hypothesis": 452,
     "n_match_noshift_hypothesis": 6,
     "frac_match_noshift_hypothesis": 0.0133,
     "pass": false
    },
    "constellation": {
     "I": 5736,
     "Q": 5736,
     "magnitude": 8111.9,
     "phase_deg": 45.0,
     "quadrant_measured": "I+,Q+ (~45 deg)"
    }
   },
   {
    "frame_index": 443,
    "frame_start_symtime": 5463519,
    "n_samples_in_frame": 4512,
    "longest_run_symbols": 4439,
    "stall_start_tref": 0,
    "stall_end_tref": 12259,
    "stall_start_data_relative": -13,
    "run_value_IQ": [
     5736,
     5736
    ],
    "stall_end_coincides_with_frame_end": false,
    "is_stall": true,
    "rung_geometry": {
     "rows": [
      {
       "k": 0,
       "rung": 6176,
       "predicted_start_12320basis": 6144,
       "length_delta": -1737,
       "raw_start_delta": -6144,
       "data_relative_start_delta": -6157,
       "length_fits": false,
       "raw_start_fits": false,
       "data_relative_start_fits": false
      },
      {
       "k": 1,
       "rung": 6240,
       "predicted_start_12320basis": 6080,
       "length_delta": -1801,
       "raw_start_delta": -6080,
       "data_relative_start_delta": -6093,
       "length_fits": false,
       "raw_start_fits": false,
       "data_relative_start_fits": false
      },
      {
       "k": 2,
       "rung": 6299,
       "predicted_start_12320basis": 6021,
       "length_delta": -1860,
       "raw_start_delta": -6021,
       "data_relative_start_delta": -6034,
       "length_fits": false,
       "raw_start_fits": false,
       "data_relative_start_fits": false
      },
      {
       "k": 3,
       "rung": 6363,
       "predicted_start_12320basis": 5957,
       "length_delta": -1924,
       "raw_start_delta": -5957,
       "data_relative_start_delta": -5970,
       "length_fits": false,
       "raw_start_fits": false,
       "data_relative_start_fits": false
      },
      {
       "k": 4,
       "rung": 6432,
       "predicted_start_12320basis": 5888,
       "length_delta": -1993,
       "raw_start_delta": -5888,
       "data_relative_start_delta": -5901,
       "length_fits": false,
       "raw_start_fits": false,
       "data_relative_start_fits": false
      },
      {
       "k": 5,
       "rung": 6489,
       "predicted_start_12320basis": 5831,
       "length_delta": -2050,
       "raw_start_delta": -5831,
       "data_relative_start_delta": -5844,
       "length_fits": false,
       "raw_start_fits": false,
       "data_relative_start_fits": false
      },
      {
       "k": 6,
       "rung": 6548,
       "predicted_start_12320basis": 5772,
       "length_delta": -2109,
       "raw_start_delta": -5772,
       "data_relative_start_delta": -5785,
       "length_fits": false,
       "raw_start_fits": false,
       "data_relative_start_fits": false
      }
     ],
     "best_length_match": {
      "k": 0,
      "rung": 6176,
      "predicted_start_12320basis": 6144,
      "length_delta": -1737,
      "raw_start_delta": -6144,
      "data_relative_start_delta": -6157,
      "length_fits": false,
      "raw_start_fits": false,
      "data_relative_start_fits": false
     },
     "any_length_fits": false,
     "any_raw_start_fits": false,
     "any_data_relative_start_fits": false
    },
    "marker_found_near_frame_boundary": false,
    "extra_mark_fec_in_same_frame": false,
    "continuation_check": {
     "stall_frame": 443,
     "next_frame": 444,
     "reference_frame": 415,
     "stall_start_tref": 0,
     "L": 512,
     "n_compared_shift_hypothesis": 377,
     "n_match_shift_hypothesis": 2,
     "frac_match_shift_hypothesis": 0.0053,
     "n_compared_noshift_hypothesis": 377,
     "n_match_noshift_hypothesis": 2,
     "frac_match_noshift_hypothesis": 0.0053,
     "pass": false
    },
    "constellation": {
     "I": 5736,
     "Q": 5736,
     "magnitude": 8111.9,
     "phase_deg": 45.0,
     "quadrant_measured": "I+,Q+ (~45 deg)"
    }
   },
   {
    "frame_index": 1470,
    "frame_start_symtime": 18129510,
    "n_samples_in_frame": 9302,
    "longest_run_symbols": 4410,
    "stall_start_tref": 6374,
    "stall_end_tref": 12259,
    "stall_start_data_relative": 6361,
    "run_value_IQ": [
     5736,
     5736
    ],
    "stall_end_coincides_with_frame_end": false,
    "is_stall": true,
    "rung_geometry": {
     "rows": [
      {
       "k": 0,
       "rung": 6176,
       "predicted_start_12320basis": 6144,
       "length_delta": -1766,
       "raw_start_delta": 230,
       "data_relative_start_delta": 217,
       "length_fits": false,
       "raw_start_fits": false,
       "data_relative_start_fits": false
      },
      {
       "k": 1,
       "rung": 6240,
       "predicted_start_12320basis": 6080,
       "length_delta": -1830,
       "raw_start_delta": 294,
       "data_relative_start_delta": 281,
       "length_fits": false,
       "raw_start_fits": false,
       "data_relative_start_fits": false
      },
      {
       "k": 2,
       "rung": 6299,
       "predicted_start_12320basis": 6021,
       "length_delta": -1889,
       "raw_start_delta": 353,
       "data_relative_start_delta": 340,
       "length_fits": false,
       "raw_start_fits": false,
       "data_relative_start_fits": false
      },
      {
       "k": 3,
       "rung": 6363,
       "predicted_start_12320basis": 5957,
       "length_delta": -1953,
       "raw_start_delta": 417,
       "data_relative_start_delta": 404,
       "length_fits": false,
       "raw_start_fits": false,
       "data_relative_start_fits": false
      },
      {
       "k": 4,
       "rung": 6432,
       "predicted_start_12320basis": 5888,
       "length_delta": -2022,
       "raw_start_delta": 486,
       "data_relative_start_delta": 473,
       "length_fits": false,
       "raw_start_fits": false,
       "data_relative_start_fits": false
      },
      {
       "k": 5,
       "rung": 6489,
       "predicted_start_12320basis": 5831,
       "length_delta": -2079,
       "raw_start_delta": 543,
       "data_relative_start_delta": 530,
       "length_fits": false,
       "raw_start_fits": false,
       "data_relative_start_fits": false
      },
      {
       "k": 6,
       "rung": 6548,
       "predicted_start_12320basis": 5772,
       "length_delta": -2138,
       "raw_start_delta": 602,
       "data_relative_start_delta": 589,
       "length_fits": false,
       "raw_start_fits": false,
       "data_relative_start_fits": false
      }
     ],
     "best_length_match": {
      "k": 0,
      "rung": 6176,
      "predicted_start_12320basis": 6144,
      "length_delta": -1766,
      "raw_start_delta": 230,
      "data_relative_start_delta": 217,
      "length_fits": false,
      "raw_start_fits": false,
      "data_relative_start_fits": false
     },
     "any_length_fits": false,
     "any_raw_start_fits": false,
     "any_data_relative_start_fits": false
    },
    "marker_found_near_frame_boundary": true,
    "extra_mark_fec_in_same_frame": false,
    "continuation_check": {
     "stall_frame": 1470,
     "next_frame": 1471,
     "reference_frame": 1466,
     "stall_start_tref": 6374,
     "L": 512,
     "n_compared_shift_hypothesis": 320,
     "n_match_shift_hypothesis": 4,
     "frac_match_shift_hypothesis": 0.0125,
     "n_compared_noshift_hypothesis": 249,
     "n_match_noshift_hypothesis": 2,
     "frac_match_noshift_hypothesis": 0.008,
     "pass": false
    },
    "constellation": {
     "I": 5736,
     "Q": 5736,
     "magnitude": 8111.9,
     "phase_deg": 45.0,
     "quadrant_measured": "I+,Q+ (~45 deg)"
    }
   },
   {
    "frame_index": 1471,
    "frame_start_symtime": 18141843,
    "n_samples_in_frame": 9429,
    "longest_run_symbols": 9356,
    "stall_start_tref": 0,
    "stall_end_tref": 12259,
    "stall_start_data_relative": -13,
    "run_value_IQ": [
     5736,
     5736
    ],
    "stall_end_coincides_with_frame_end": false,
    "is_stall": true,
    "rung_geometry": {
     "rows": [
      {
       "k": 0,
       "rung": 6176,
       "predicted_start_12320basis": 6144,
       "length_delta": 3180,
       "raw_start_delta": -6144,
       "data_relative_start_delta": -6157,
       "length_fits": false,
       "raw_start_fits": false,
       "data_relative_start_fits": false
      },
      {
       "k": 1,
       "rung": 6240,
       "predicted_start_12320basis": 6080,
       "length_delta": 3116,
       "raw_start_delta": -6080,
       "data_relative_start_delta": -6093,
       "length_fits": false,
       "raw_start_fits": false,
       "data_relative_start_fits": false
      },
      {
       "k": 2,
       "rung": 6299,
       "predicted_start_12320basis": 6021,
       "length_delta": 3057,
       "raw_start_delta": -6021,
       "data_relative_start_delta": -6034,
       "length_fits": false,
       "raw_start_fits": false,
       "data_relative_start_fits": false
      },
      {
       "k": 3,
       "rung": 6363,
       "predicted_start_12320basis": 5957,
       "length_delta": 2993,
       "raw_start_delta": -5957,
       "data_relative_start_delta": -5970,
       "length_fits": false,
       "raw_start_fits": false,
       "data_relative_start_fits": false
      },
      {
       "k": 4,
       "rung": 6432,
       "predicted_start_12320basis": 5888,
       "length_delta": 2924,
       "raw_start_delta": -5888,
       "data_relative_start_delta": -5901,
       "length_fits": false,
       "raw_start_fits": false,
       "data_relative_start_fits": false
      },
      {
       "k": 5,
       "rung": 6489,
       "predicted_start_12320basis": 5831,
       "length_delta": 2867,
       "raw_start_delta": -5831,
       "data_relative_start_delta": -5844,
       "length_fits": false,
       "raw_start_fits": false,
       "data_relative_start_fits": false
      },
      {
       "k": 6,
       "rung": 6548,
       "predicted_start_12320basis": 5772,
       "length_delta": 2808,
       "raw_start_delta": -5772,
       "data_relative_start_delta": -5785,
       "length_fits": false,
       "raw_start_fits": false,
       "data_relative_start_fits": false
      }
     ],
     "best_length_match": {
      "k": 6,
      "rung": 6548,
      "predicted_start_12320basis": 5772,
      "length_delta": 2808,
      "raw_start_delta": -5772,
      "data_relative_start_delta": -5785,
      "length_fits": false,
      "raw_start_fits": false,
      "data_relative_start_fits": false
     },
     "any_length_fits": false,
     "any_raw_start_fits": false,
     "any_data_relative_start_fits": false
    },
    "marker_found_near_frame_boundary": true,
    "extra_mark_fec_in_same_frame": false,
    "continuation_check": {
     "stall_frame": 1471,
     "next_frame": 1472,
     "reference_frame": 1466,
     "stall_start_tref": 0,
     "L": 512,
     "n_compared_shift_hypothesis": 242,
     "n_match_shift_hypothesis": 3,
     "frac_match_shift_hypothesis": 0.0124,
     "n_compared_noshift_hypothesis": 242,
     "n_match_noshift_hypothesis": 3,
     "frac_match_noshift_hypothesis": 0.0124,
     "pass": false
    },
    "constellation": {
     "I": 5736,
     "Q": 5736,
     "magnitude": 8111.9,
     "phase_deg": 45.0,
     "quadrant_measured": "I+,Q+ (~45 deg)"
    }
   }
  ],
  "verdict": "P-TX' PARTIAL",
  "verdict_reason": "geometry_ok=False continuation_ok=False"
 }
}
wrote beatcap/20260902_212830_sel8/mid_full2.json
