{
 "P-TX": {
  "file": "beatcap/20260902_212830_sel8/onset.bin",
  "n_records": 67108864,
  "n_mark_fec": 1363,
  "n_mark_demod": 1371,
  "modal_gap_tref_units": 12333,
  "n_regular": 1362,
  "n_extra": 0,
  "n_excessive_tref_steps": 0,
  "excessive_tref_steps_sample": [],
  "verdict": "UNINFORMATIVE",
  "reason": "no extra mark_fec pulse with known symbol-time located"
 },
 "P-TX'": {
  "file": "beatcap/20260902_212830_sel8/onset.bin",
  "n_regular_frames_scored": 1361,
  "controls": {
   "negative_control_pass": true,
   "negative_control_frame": {
    "frame_index": 0,
    "frame_start_symtime": 24597,
    "n_samples_in_frame": 9176,
    "longest_run_symbols": 5,
    "run_start_symbol_offset": 3325,
    "run_end_symbol_offset": 3329,
    "run_value_IQ": [
     5736,
     5736
    ],
    "is_stall": false
   },
   "positive_control_pass": true,
   "positive_control_frame": {
    "frame_index": 0,
    "frame_start_symtime": 24597,
    "n_samples_in_frame": 9176,
    "longest_run_symbols": 4805,
    "run_start_symbol_offset": 6000,
    "run_end_symbol_offset": 12176,
    "run_value_IQ": [
     7554,
     -5558
    ],
    "is_stall": true
   },
   "positive_control_injected_len": 4804,
   "pass": true
  },
  "frames": [
   {
    "frame_index": 0,
    "frame_start_symtime": 24597,
    "n_samples_in_frame": 9176,
    "longest_run_symbols": 5,
    "run_start_symbol_offset": 3325,
    "run_end_symbol_offset": 3329,
    "run_value_IQ": [
     5736,
     5736
    ],
    "is_stall": false
   },
   {
    "frame_index": 1,
    "frame_start_symtime": 36930,
    "n_samples_in_frame": 8367,
    "longest_run_symbols": 5,
    "run_start_symbol_offset": 5749,
    "run_end_symbol_offset": 5753,
    "run_value_IQ": [
     5736,
     -5737
    ],
    "is_stall": false
   },
   {
    "frame_index": 2,
    "frame_start_symtime": 49263,
    "n_samples_in_frame": 9293,
    "longest_run_symbols": 5,
    "run_start_symbol_offset": 3325,
    "run_end_symbol_offset": 3329,
    "run_value_IQ": [
     5736,
     5736
    ],
    "is_stall": false
   },
   {
    "frame_index": 3,
    "frame_start_symtime": 61596,
    "n_samples_in_frame": 7193,
    "longest_run_symbols": 5,
    "run_start_symbol_offset": 3325,
    "run_end_symbol_offset": 3329,
    "run_value_IQ": [
     5736,
     5736
    ],
    "is_stall": false
   },
   {
    "frame_index": 4,
    "frame_start_symtime": 73929,
    "n_samples_in_frame": 8543,
    "longest_run_symbols": 5,
    "run_start_symbol_offset": 5749,
    "run_end_symbol_offset": 5753,
    "run_value_IQ": [
     5736,
     -5737
    ],
    "is_stall": false
   },
   {
    "frame_index": 5,
    "frame_start_symtime": 86262,
    "n_samples_in_frame": 18322,
    "longest_run_symbols": 5,
    "run_start_symbol_offset": 5749,
    "run_end_symbol_offset": 5753,
    "run_value_IQ": [
     5736,
     -5737
    ],
    "is_stall": false
   },
   {
    "frame_index": 6,
    "frame_start_symtime": 110928,
    "n_samples_in_frame": 18335,
    "longest_run_symbols": 5,
    "run_start_symbol_offset": 3325,
    "run_end_symbol_offset": 3329,
    "run_value_IQ": [
     5736,
     5736
    ],
    "is_stall": false
   },
   {
    "frame_index": 7,
    "frame_start_symtime": 135594,
    "n_samples_in_frame": 8372,
    "longest_run_symbols": 5,
    "run_start_symbol_offset": 5749,
    "run_end_symbol_offset": 5753,
    "run_value_IQ": [
     5736,
     -5737
    ],
    "is_stall": false
   },
   {
    "frame_index": 8,
    "frame_start_symtime": 147927,
    "n_samples_in_frame": 27456,
    "longest_run_symbols": 5,
    "run_start_symbol_offset": 5749,
    "run_end_symbol_offset": 5753,
    "run_value_IQ": [
     5736,
     -5737
    ],
    "is_stall": false
   },
   {
    "frame_index": 9,
    "frame_start_symtime": 184926,
    "n_samples_in_frame": 9012,
    "longest_run_symbols": 5,
    "run_start_symbol_offset": 3325,
    "run_end_symbol_offset": 3329,
    "run_value_IQ": [
     5736,
     5736
    ],
    "is_stall": false
   },
   {
    "frame_index": 10,
    "frame_start_symtime": 197259,
    "n_samples_in_frame": 8393,
    "longest_run_symbols": 5,
    "run_start_symbol_offset": 3325,
    "run_end_symbol_offset": 3329,
    "run_value_IQ": [
     5736,
     5736
    ],
    "is_stall": false
   },
   {
    "frame_index": 11,
    "frame_start_symtime": 209592,
    "n_samples_in_frame": 9149,
    "longest_run_symbols": 5,
    "run_start_symbol_offset": 3325,
    "run_end_symbol_offset": 3329,
    "run_value_IQ": [
     5736,
     5736
    ],
    "is_stall": false
   },
   {
    "frame_index": 12,
    "frame_start_symtime": 221925,
    "n_samples_in_frame": 9139,
    "longest_run_symbols": 5,
    "run_start_symbol_offset": 3325,
    "run_end_symbol_offset": 3329,
    "run_value_IQ": [
     5736,
     5736
    ],
    "is_stall": false
   },
   {
    "frame_index": 13,
    "frame_start_symtime": 234258,
    "n_samples_in_frame": 9037,
    "longest_run_symbols": 5,
    "run_start_symbol_offset": 3325,
    "run_end_symbol_offset": 3329,
    "run_value_IQ": [
     5736,
     5736
    ],
    "is_stall": false
   },
   {
    "frame_index": 14,
    "frame_start_symtime": 246591,
    "n_samples_in_frame": 4931,
    "longest_run_symbols": 4,
    "run_start_symbol_offset": 1623,
    "run_end_symbol_offset": 1626,
    "run_value_IQ": [
     5736,
     -5737
    ],
    "is_stall": false
   },
   {
    "frame_index": 15,
    "frame_start_symtime": 258924,
    "n_samples_in_frame": 7770,
    "longest_run_symbols": 5,
    "run_start_symbol_offset": 3325,
    "run_end_symbol_offset": 3329,
    "run_value_IQ": [
     5736,
     5736
    ],
    "is_stall": false
   },
   {
    "frame_index": 16,
    "frame_start_symtime": 271257,
    "n_samples_in_frame": 9240,
    "longest_run_symbols": 5,
    "run_start_symbol_offset": 3325,
    "run_end_symbol_offset": 3329,
    "run_value_IQ": [
     5736,
     5736
    ],
    "is_stall": false
   },
   {
    "frame_index": 17,
    "frame_start_symtime": 283590,
    "n_samples_in_frame": 27582,
    "longest_run_symbols": 5,
    "run_start_symbol_offset": 3325,
    "run_end_symbol_offset": 3329,
    "run_value_IQ": [
     5736,
     5736
    ],
    "is_stall": false
   },
   {
    "frame_index": 18,
    "frame_start_symtime": 320589,
    "n_samples_in_frame": 8769,
    "longest_run_symbols": 5,
    "run_start_symbol_offset": 3325,
    "run_end_symbol_offset": 3329,
    "run_value_IQ": [
     5736,
     5736
    ],
    "is_stall": false
   },
   {
    "frame_index": 19,
    "frame_start_symtime": 332922,
    "n_samples_in_frame": 9067,
    "longest_run_symbols": 5,
    "run_start_symbol_offset": 3325,
    "run_end_symbol_offset": 3329,
    "run_value_IQ": [
     5736,
     5736
    ],
    "is_stall": false
   },
   {
    "frame_index": 20,
    "frame_start_symtime": 345255,
    "n_samples_in_frame": 9236,
    "longest_run_symbols": 5,
    "run_start_symbol_offset": 3325,
    "run_end_symbol_offset": 3329,
    "run_value_IQ": [
     5736,
     5736
    ],
    "is_stall": false
   },
   {
    "frame_index": 21,
    "frame_start_symtime": 357588,
    "n_samples_in_frame": 9229,
    "longest_run_symbols": 5,
    "run_start_symbol_offset": 3325,
    "run_end_symbol_offset": 3329,
    "run_value_IQ": [
     5736,
     5736
    ],
    "is_stall": false
   },
   {
    "frame_index": 22,
    "frame_start_symtime": 369921,
    "n_samples_in_frame": 9118,
    "longest_run_symbols": 5,
    "run_start_symbol_offset": 3325,
    "run_end_symbol_offset": 3329,
    "run_value_IQ": [
     5736,
     5736
    ],
    "is_stall": false
   },
   {
    "frame_index": 23,
    "frame_start_symtime": 382254,
    "n_samples_in_frame": 21805,
    "longest_run_symbols": 5,
    "run_start_symbol_offset": 3325,
    "run_end_symbol_offset": 3329,
    "run_value_IQ": [
     5736,
     5736
    ],
    "is_stall": false
   },
   {
    "frame_index": 24,
    "frame_start_symtime": 419253,
    "n_samples_in_frame": 9256,
    "longest_run_symbols": 5,
    "run_start_symbol_offset": 5749,
    "run_end_symbol_offset": 5753,
    "run_value_IQ": [
     5736,
     -5737
    ],
    "is_stall": false
   },
   {
    "frame_index": 25,
    "frame_start_symtime": 431586,
    "n_samples_in_frame": 9199,
    "longest_run_symbols": 5,
    "run_start_symbol_offset": 5749,
    "run_end_symbol_offset": 5753,
    "run_value_IQ": [
     5736,
     -5737
    ],
    "is_stall": false
   },
   {
    "frame_index": 26,
    "frame_start_symtime": 443919,
    "n_samples_in_frame": 17834,
    "longest_run_symbols": 5,
    "run_start_symbol_offset": 5749,
    "run_end_symbol_offset": 5753,
    "run_value_IQ": [
     5736,
     -5737
    ],
    "is_stall": false
   },
   {
    "frame_index": 27,
    "frame_start_symtime": 468585,
    "n_samples_in_frame": 9265,
    "longest_run_symbols": 5,
    "run_start_symbol_offset": 5749,
    "run_end_symbol_offset": 5753,
    "run_value_IQ": [
     5736,
     -5737
    ],
    "is_stall": false
   },
   {
    "frame_index": 28,
    "frame_start_symtime": 480918,
    "n_samples_in_frame": 9352,
    "longest_run_symbols": 5,
    "run_start_symbol_offset": 3325,
    "run_end_symbol_offset": 3329,
    "run_value_IQ": [
     5736,
     5736
    ],
    "is_stall": false
   },
   {
    "frame_index": 29,
    "frame_start_symtime": 493251,
    "n_samples_in_frame": 9307,
    "longest_run_symbols": 5,
    "run_start_symbol_offset": 3325,
    "run_end_symbol_offset": 3329,
    "run_value_IQ": [
     5736,
     5736
    ],
    "is_stall": false
   },
   {
    "frame_index": 30,
    "frame_start_symtime": 505584,
    "n_samples_in_frame": 8436,
    "longest_run_symbols": 5,
    "run_start_symbol_offset": 5749,
    "run_end_symbol_offset": 5753,
    "run_value_IQ": [
     5736,
     -5737
    ],
    "is_stall": false
   },
   {
    "frame_index": 31,
    "frame_start_symtime": 517917,
    "n_samples_in_frame": 9203,
    "longest_run_symbols": 5,
    "run_start_symbol_offset": 5749,
    "run_end_symbol_offset": 5753,
    "run_value_IQ": [
     5736,
     -5737
    ],
    "is_stall": false
   },
   {
    "frame_index": 32,
    "frame_start_symtime": 530250,
    "n_samples_in_frame": 9354,
    "longest_run_symbols": 5,
    "run_start_symbol_offset": 3325,
    "run_end_symbol_offset": 3329,
    "run_value_IQ": [
     5736,
     5736
    ],
    "is_stall": false
   },
   {
    "frame_index": 33,
    "frame_start_symtime": 542583,
    "n_samples_in_frame": 9288,
    "longest_run_symbols": 5,
    "run_start_symbol_offset": 3325,
    "run_end_symbol_offset": 3329,
    "run_value_IQ": [
     5736,
     5736
    ],
    "is_stall": false
   },
   {
    "frame_index": 34,
    "frame_start_symtime": 554916,
    "n_samples_in_frame": 9126,
    "longest_run_symbols": 5,
    "run_start_symbol_offset": 3325,
    "run_end_symbol_offset": 3329,
    "run_value_IQ": [
     5736,
     5736
    ],
    "is_stall": false
   },
   {
    "frame_index": 35,
    "frame_start_symtime": 567249,
    "n_samples_in_frame": 8604,
    "longest_run_symbols": 5,
    "run_start_symbol_offset": 3325,
    "run_end_symbol_offset": 3329,
    "run_value_IQ": [
     5736,
     5736
    ],
    "is_stall": false
   },
   {
    "frame_index": 36,
    "frame_start_symtime": 579582,
    "n_samples_in_frame": 9346,
    "longest_run_symbols": 5,
    "run_start_symbol_offset": 5749,
    "run_end_symbol_offset": 5753,
    "run_value_IQ": [
     5736,
     -5737
    ],
    "is_stall": false
   },
   {
    "frame_index": 37,
    "frame_start_symtime": 591915,
    "n_samples_in_frame": 9108,
    "longest_run_symbols": 5,
    "run_start_symbol_offset": 3325,
    "run_end_symbol_offset": 3329,
    "run_value_IQ": [
     5736,
     5736
    ],
    "is_stall": false
   },
   {
    "frame_index": 38,
    "frame_start_symtime": 604248,
    "n_samples_in_frame": 13332,
    "longest_run_symbols": 5,
    "run_start_symbol_offset": 3325,
    "run_end_symbol_offset": 3329,
    "run_value_IQ": [
     5736,
     5736
    ],
    "is_stall": false
   },
   {
    "frame_index": 39,
    "frame_start_symtime": 616581,
    "n_samples_in_frame": 8415,
    "longest_run_symbols": 5,
    "run_start_symbol_offset": 3325,
    "run_end_symbol_offset": 3329,
    "run_value_IQ": [
     5736,
     5736
    ],
    "is_stall": false
   },
   {
    "frame_index": 40,
    "frame_start_symtime": 628914,
    "n_samples_in_frame": 9204,
    "longest_run_symbols": 5,
    "run_start_symbol_offset": 3325,
    "run_end_symbol_offset": 3329,
    "run_value_IQ": [
     5736,
     5736
    ],
    "is_stall": false
   },
   {
    "frame_index": 41,
    "frame_start_symtime": 641247,
    "n_samples_in_frame": 9221,
    "longest_run_symbols": 5,
    "run_start_symbol_offset": 3325,
    "run_end_symbol_offset": 3329,
    "run_value_IQ": [
     5736,
     5736
    ],
    "is_stall": false
   },
   {
    "frame_index": 42,
    "frame_start_symtime": 653580,
    "n_samples_in_frame": 9235,
    "longest_run_symbols": 5,
    "run_start_symbol_offset": 3325,
    "run_end_symbol_offset": 3329,
    "run_value_IQ": [
     5736,
     5736
    ],
    "is_stall": false
   },
   {
    "frame_index": 43,
    "frame_start_symtime": 665913,
    "n_samples_in_frame": 9270,
    "longest_run_symbols": 5,
    "run_start_symbol_offset": 3325,
    "run_end_symbol_offset": 3329,
    "run_value_IQ": [
     5736,
     5736
    ],
    "is_stall": false
   },
   {
    "frame_index": 44,
    "frame_start_symtime": 678246,
    "n_samples_in_frame": 8570,
    "longest_run_symbols": 5,
    "run_start_symbol_offset": 3325,
    "run_end_symbol_offset": 3329,
    "run_value_IQ": [
     5736,
     5736
    ],
    "is_stall": false
   },
   {
    "frame_index": 45,
    "frame_start_symtime": 690579,
    "n_samples_in_frame": 9133,
    "longest_run_symbols": 5,
    "run_start_symbol_offset": 3325,
    "run_end_symbol_offset": 3329,
    "run_value_IQ": [
     5736,
     5736
    ],
    "is_stall": false
   },
   {
    "frame_index": 46,
    "frame_start_symtime": 702912,
    "n_samples_in_frame": 9365,
    "longest_run_symbols": 5,
    "run_start_symbol_offset": 3325,
    "run_end_symbol_offset": 3329,
    "run_value_IQ": [
     5736,
     5736
    ],
    "is_stall": false
   },
   {
    "frame_index": 47,
    "frame_start_symtime": 715245,
    "n_samples_in_frame": 9307,
    "longest_run_symbols": 5,
    "run_start_symbol_offset": 3325,
    "run_end_symbol_offset": 3329,
    "run_value_IQ": [
     5736,
     5736
    ],
    "is_stall": false
   },
   {
    "frame_index": 48,
    "frame_start_symtime": 727578,
    "n_samples_in_frame": 9094,
    "longest_run_symbols": 5,
    "run_start_symbol_offset": 3325,
    "run_end_symbol_offset": 3329,
    "run_value_IQ": [
     5736,
     5736
    ],
    "is_stall": false
   },
   {
    "frame_index": 49,
    "frame_start_symtime": 739911,
    "n_samples_in_frame": 53684,
    "longest_run_symbols": 5,
    "run_start_symbol_offset": 5749,
    "run_end_symbol_offset": 5753,
    "run_value_IQ": [
     5736,
     -5737
    ],
    "is_stall": false
   },
   {
    "frame_index": 50,
    "frame_start_symtime": 813909,
    "n_samples_in_frame": 9183,
    "longest_run_symbols": 5,
    "run_start_symbol_offset": 3325,
    "run_end_symbol_offset": 3329,
    "run_value_IQ": [
     5736,
     5736
    ],
    "is_stall": false
   },
   {
    "frame_index": 51,
    "frame_start_symtime": 826242,
    "n_samples_in_frame": 9329,
    "longest_run_symbols": 5,
    "run_start_symbol_offset": 3325,
    "run_end_symbol_offset": 3329,
    "run_value_IQ": [
     5736,
     5736
    ],
    "is_stall": false
   },
   {
    "frame_index": 52,
    "frame_start_symtime": 838575,
    "n_samples_in_frame": 9216,
    "longest_run_symbols": 5,
    "run_start_symbol_offset": 3325,
    "run_end_symbol_offset": 3329,
    "run_value_IQ": [
     5736,
     5736
    ],
    "is_stall": false
   },
   {
    "frame_index": 53,
    "frame_start_symtime": 850908,
    "n_samples_in_frame": 9131,
    "longest_run_symbols": 5,
    "run_start_symbol_offset": 3325,
    "run_end_symbol_offset": 3329,
    "run_value_IQ": [
     5736,
     5736
    ],
    "is_stall": false
   },
   {
    "frame_index": 54,
    "frame_start_symtime": 863241,
    "n_samples_in_frame": 8476,
    "longest_run_symbols": 5,
    "run_start_symbol_offset": 3325,
    "run_end_symbol_offset": 3329,
    "run_value_IQ": [
     5736,
     5736
    ],
    "is_stall": false
   },
   {
    "frame_index": 55,
    "frame_start_symtime": 875574,
    "n_samples_in_frame": 9160,
    "longest_run_symbols": 5,
    "run_start_symbol_offset": 3325,
    "run_end_symbol_offset": 3329,
    "run_value_IQ": [
     5736,
     5736
    ],
    "is_stall": false
   },
   {
    "frame_index": 56,
    "frame_start_symtime": 887907,
    "n_samples_in_frame": 9197,
    "longest_run_symbols": 5,
    "run_start_symbol_offset": 3325,
    "run_end_symbol_offset": 3329,
    "run_value_IQ": [
     5736,
     5736
    ],
    "is_stall": false
   },
   {
    "frame_index": 57,
    "frame_start_symtime": 900240,
    "n_samples_in_frame": 9175,
    "longest_run_symbols": 5,
    "run_start_symbol_offset": 3325,
    "run_end_symbol_offset": 3329,
    "run_value_IQ": [
     5736,
     5736
    ],
    "is_stall": false
   },
   {
    "frame_index": 58,
    "frame_start_symtime": 912573,
    "n_samples_in_frame": 9237,
    "longest_run_symbols": 5,
    "run_start_symbol_offset": 3325,
    "run_end_symbol_offset": 3329,
    "run_value_IQ": [
     5736,
     5736
    ],
    "is_stall": false
   },
   {
    "frame_index": 59,
    "frame_start_symtime": 924906,
    "n_samples_in_frame": 48200,
    "longest_run_symbols": 5,
    "run_start_symbol_offset": 5749,
    "run_end_symbol_offset": 5753,
    "run_value_IQ": [
     5736,
     -5737
    ],
    "is_stall": false
   },
   {
    "frame_index": 60,
    "frame_start_symtime": 986571,
    "n_samples_in_frame": 9212,
    "longest_run_symbols": 5,
    "run_start_symbol_offset": 3325,
    "run_end_symbol_offset": 3329,
    "run_value_IQ": [
     5736,
     5736
    ],
    "is_stall": false
   },
   {
    "frame_index": 61,
    "frame_start_symtime": 998904,
    "n_samples_in_frame": 9252,
    "longest_run_symbols": 5,
    "run_start_symbol_offset": 3325,
    "run_end_symbol_offset": 3329,
    "run_value_IQ": [
     5736,
     5736
    ],
    "is_stall": false
   },
   {
    "frame_index": 62,
    "frame_start_symtime": 1011237,
    "n_samples_in_frame": 9197,
    "longest_run_symbols": 5,
    "run_start_symbol_offset": 3325,
    "run_end_symbol_offset": 3329,
    "run_value_IQ": [
     5736,
     5736
    ],
    "is_stall": false
   },
   {
    "frame_index": 63,
    "frame_start_symtime": 1023570,
    "n_samples_in_frame": 17146,
    "longest_run_symbols": 5,
    "run_start_symbol_offset": 3325,
    "run_end_symbol_offset": 3329,
    "run_value_IQ": [
     5736,
     5736
    ],
    "is_stall": false
   },
   {
    "frame_index": 64,
    "frame_start_symtime": 1048236,
    "n_samples_in_frame": 9259,
    "longest_run_symbols": 5,
    "run_start_symbol_offset": 3325,
    "run_end_symbol_offset": 3329,
    "run_value_IQ": [
     5736,
     5736
    ],
    "is_stall": false
   },
   {
    "frame_index": 65,
    "frame_start_symtime": 1060569,
    "n_samples_in_frame": 9232,
    "longest_run_symbols": 5,
    "run_start_symbol_offset": 3325,
    "run_end_symbol_offset": 3329,
    "run_value_IQ": [
     5736,
     5736
    ],
    "is_stall": false
   },
   {
    "frame_index": 66,
    "frame_start_symtime": 1072902,
    "n_samples_in_frame": 9403,
    "longest_run_symbols": 5,
    "run_start_symbol_offset": 3325,
    "run_end_symbol_offset": 3329,
    "run_value_IQ": [
     5736,
     5736
    ],
    "is_stall": false
   },
   {
    "frame_index": 67,
    "frame_start_symtime": 1085235,
    "n_samples_in_frame": 17895,
    "longest_run_symbols": 5,
    "run_start_symbol_offset": 3325,
    "run_end_symbol_offset": 3329,
    "run_value_IQ": [
     5736,
     5736
    ],
    "is_stall": false
   },
   {
    "frame_index": 68,
    "frame_start_symtime": 1109901,
    "n_samples_in_frame": 27856,
    "longest_run_symbols": 5,
    "run_start_symbol_offset": 3325,
    "run_end_symbol_offset": 3329,
    "run_value_IQ": [
     5736,
     5736
    ],
    "is_stall": false
   },
   {
    "frame_index": 69,
    "frame_start_symtime": 1146900,
    "n_samples_in_frame": 8876,
    "longest_run_symbols": 5,
    "run_start_symbol_offset": 5749,
    "run_end_symbol_offset": 5753,
    "run_value_IQ": [
     5736,
     -5737
    ],
    "is_stall": false
   },
   {
    "frame_index": 70,
    "frame_start_symtime": 1159233,
    "n_samples_in_frame": 9096,
    "longest_run_symbols": 5,
    "run_start_symbol_offset": 5749,
    "run_end_symbol_offset": 5753,
    "run_value_IQ": [
     5736,
     -5737
    ],
    "is_stall": false
   },
   {
    "frame_index": 71,
    "frame_start_symtime": 1171566,
    "n_samples_in_frame": 9301,
    "longest_run_symbols": 5,
    "run_start_symbol_offset": 3325,
    "run_end_symbol_offset": 3329,
    "run_value_IQ": [
     5736,
     5736
    ],
    "is_stall": false
   },
   {
    "frame_index": 72,
    "frame_start_symtime": 1183899,
    "n_samples_in_frame": 9414,
    "longest_run_symbols": 5,
    "run_start_symbol_offset": 3325,
    "run_end_symbol_offset": 3329,
    "run_value_IQ": [
     5736,
     5736
    ],
    "is_stall": false
   },
   {
    "frame_index": 73,
    "frame_start_symtime": 1196232,
    "n_samples_in_frame": 17509,
    "longest_run_symbols": 5,
    "run_start_symbol_offset": 3325,
    "run_end_symbol_offset": 3329,
    "run_value_IQ": [
     5736,
     5736
    ],
    "is_stall": false
   },
   {
    "frame_index": 74,
    "frame_start_symtime": 1220898,
    "n_samples_in_frame": 9241,
    "longest_run_symbols": 5,
    "run_start_symbol_offset": 5749,
    "run_end_symbol_offset": 5753,
    "run_value_IQ": [
     5736,
     -5737
    ],
    "is_stall": false
   },
   {
    "frame_index": 75,
    "frame_start_symtime": 1233231,
    "n_samples_in_frame": 9502,
    "longest_run_symbols": 5,
    "run_start_symbol_offset": 3325,
    "run_end_symbol_offset": 3329,
    "run_value_IQ": [
     5736,
     5736
    ],
    "is_stall": false
   },
   {
    "frame_index": 76,
    "frame_start_symtime": 1245564,
    "n_samples_in_frame": 9309,
    "longest_run_symbols": 5,
    "run_start_symbol_offset": 3325,
    "run_end_symbol_offset": 3329,
    "run_value_IQ": [
     5736,
     5736
    ],
    "is_stall": false
   },
   {
    "frame_index": 77,
    "frame_start_symtime": 1257897,
    "n_samples_in_frame": 18061,
    "longest_run_symbols": 5,
    "run_start_symbol_offset": 3325,
    "run_end_symbol_offset": 3329,
    "run_value_IQ": [
     5736,
     5736
    ],
    "is_stall": false
   },
   {
    "frame_index": 78,
    "frame_start_symtime": 1282563,
    "n_samples_in_frame": 9256,
    "longest_run_symbols": 5,
    "run_start_symbol_offset": 5749,
    "run_end_symbol_offset": 5753,
    "run_value_IQ": [
     5736,
     -5737
    ],
    "is_stall": false
   },
   {
    "frame_index": 79,
    "frame_start_symtime": 1294896,
    "n_samples_in_frame": 12925,
    "longest_run_symbols": 5,
    "run_start_symbol_offset": 3325,
    "run_end_symbol_offset": 3329,
    "run_value_IQ": [
     5736,
     5736
    ],
    "is_stall": false
   },
   {
    "frame_index": 80,
    "frame_start_symtime": 1307229,
    "n_samples_in_frame": 9433,
    "longest_run_symbols": 5,
    "run_start_symbol_offset": 3325,
    "run_end_symbol_offset": 3329,
    "run_value_IQ": [
     5736,
     5736
    ],
    "is_stall": false
   },
   {
    "frame_index": 81,
    "frame_start_symtime": 1319562,
    "n_samples_in_frame": 27260,
    "longest_run_symbols": 5,
    "run_start_symbol_offset": 3325,
    "run_end_symbol_offset": 3329,
    "run_value_IQ": [
     5736,
     5736
    ],
    "is_stall": false
   },
   {
    "frame_index": 82,
    "frame_start_symtime": 1356561,
    "n_samples_in_frame": 9423,
    "longest_run_symbols": 5,
    "run_start_symbol_offset": 5749,
    "run_end_symbol_offset": 5753,
    "run_value_IQ": [
     5736,
     -5737
    ],
    "is_stall": false
   },
   {
    "frame_index": 83,
    "frame_start_symtime": 1368894,
    "n_samples_in_frame": 9330,
    "longest_run_symbols": 5,
    "run_start_symbol_offset": 3325,
    "run_end_symbol_offset": 3329,
    "run_value_IQ": [
     5736,
     5736
    ],
    "is_stall": false
   },
   {
    "frame_index": 84,
    "frame_start_symtime": 1381227,
    "n_samples_in_frame": 8645,
    "longest_run_symbols": 5,
    "run_start_symbol_offset": 3325,
    "run_end_symbol_offset": 3329,
    "run_value_IQ": [
     5736,
     5736
    ],
    "is_stall": false
   },
   {
    "frame_index": 85,
    "frame_start_symtime": 1393560,
    "n_samples_in_frame": 9286,
    "longest_run_symbols": 5,
    "run_start_symbol_offset": 3325,
    "run_end_symbol_offset": 3329,
    "run_value_IQ": [
     5736,
     5736
    ],
    "is_stall": false
   },
   {
    "frame_index": 86,
    "frame_start_symtime": 1405893,
    "n_samples_in_frame": 9277,
    "longest_run_symbols": 5,
    "run_start_symbol_offset": 3325,
    "run_end_symbol_offset": 3329,
    "run_value_IQ": [
     5736,
     5736
    ],
    "is_stall": false
   },
   {
    "frame_index": 87,
    "frame_start_symtime": 1418226,
    "n_samples_in_frame": 18521,
    "longest_run_symbols": 5,
    "run_start_symbol_offset": 3325,
    "run_end_symbol_offset": 3329,
    "run_value_IQ": [
     5736,
     5736
    ],
    "is_stall": false
   },
   {
    "frame_index": 88,
    "frame_start_symtime": 1442892,
    "n_samples_in_frame": 17896,
    "longest_run_symbols": 5,
    "run_start_symbol_offset": 5749,
    "run_end_symbol_offset": 5753,
    "run_value_IQ": [
     5736,
     -5737
    ],
    "is_stall": false
   },
   {
    "frame_index": 89,
    "frame_start_symtime": 1467558,
    "n_samples_in_frame": 9375,
    "longest_run_symbols": 5,
    "run_start_symbol_offset": 5749,
    "run_end_symbol_offset": 5753,
    "run_value_IQ": [
     5736,
     -5737
    ],
    "is_stall": false
   },
   {
    "frame_index": 90,
    "frame_start_symtime": 1479891,
    "n_samples_in_frame": 9212,
    "longest_run_symbols": 5,
    "run_start_symbol_offset": 3325,
    "run_end_symbol_offset": 3329,
    "run_value_IQ": [
     5736,
     5736
    ],
    "is_stall": false
   },
   {
    "frame_index": 91,
    "frame_start_symtime": 1492224,
    "n_samples_in_frame": 9320,
    "longest_run_symbols": 5,
    "run_start_symbol_offset": 3325,
    "run_end_symbol_offset": 3329,
    "run_value_IQ": [
     5736,
     5736
    ],
    "is_stall": false
   },
   {
    "frame_index": 92,
    "frame_start_symtime": 1504557,
    "n_samples_in_frame": 8677,
    "longest_run_symbols": 5,
    "run_start_symbol_offset": 3325,
    "run_end_symbol_offset": 3329,
    "run_value_IQ": [
     5736,
     5736
    ],
    "is_stall": false
   },
   {
    "frame_index": 93,
    "frame_start_symtime": 1516890,
    "n_samples_in_frame": 10598,
    "longest_run_symbols": 5,
    "run_start_symbol_offset": 3325,
    "run_end_symbol_offset": 3329,
    "run_value_IQ": [
     5736,
     5736
    ],
    "is_stall": false
   },
   {
    "frame_index": 94,
    "frame_start_symtime": 1529223,
    "n_samples_in_frame": 9481,
    "longest_run_symbols": 5,
    "run_start_symbol_offset": 3325,
    "run_end_symbol_offset": 3329,
    "run_value_IQ": [
     5736,
     5736
    ],
    "is_stall": false
   },
   {
    "frame_index": 95,
    "frame_start_symtime": 1541556,
    "n_samples_in_frame": 27229,
    "longest_run_symbols": 5,
    "run_start_symbol_offset": 3325,
    "run_end_symbol_offset": 3329,
    "run_value_IQ": [
     5736,
     5736
    ],
    "is_stall": false
   },
   {
    "frame_index": 96,
    "frame_start_symtime": 1578555,
    "n_samples_in_frame": 18599,
    "longest_run_symbols": 5,
    "run_start_symbol_offset": 3325,
    "run_end_symbol_offset": 3329,
    "run_value_IQ": [
     5736,
     5736
    ],
    "is_stall": false
   },
   {
    "frame_index": 97,
    "frame_start_symtime": 1603221,
    "n_samples_in_frame": 9441,
    "longest_run_symbols": 5,
    "run_start_symbol_offset": 3325,
    "run_end_symbol_offset": 3329,
    "run_value_IQ": [
     5736,
     5736
    ],
    "is_stall": false
   },
   {
    "frame_index": 98,
    "frame_start_symtime": 1615554,
    "n_samples_in_frame": 8573,
    "longest_run_symbols": 5,
    "run_start_symbol_offset": 3325,
    "run_end_symbol_offset": 3329,
    "run_value_IQ": [
     5736,
     5736
    ],
    "is_stall": false
   },
   {
    "frame_index": 99,
    "frame_start_symtime": 1627887,
    "n_samples_in_frame": 9246,
    "longest_run_symbols": 5,
    "run_start_symbol_offset": 3325,
    "run_end_symbol_offset": 3329,
    "run_value_IQ": [
     5736,
     5736
    ],
    "is_stall": false
   },
   {
    "frame_index": 100,
    "frame_start_symtime": 1640220,
    "n_samples_in_frame": 3673,
    "longest_run_symbols": 5,
    "run_start_symbol_offset": 3325,
    "run_end_symbol_offset": 3329,
    "run_value_IQ": [
     5736,
     5736
    ],
    "is_stall": false
   },
   {
    "frame_index": 101,
    "frame_start_symtime": 1652553,
    "n_samples_in_frame": 9313,
    "longest_run_symbols": 5,
    "run_start_symbol_offset": 3325,
    "run_end_symbol_offset": 3329,
    "run_value_IQ": [
     5736,
     5736
    ],
    "is_stall": false
   },
   {
    "frame_index": 102,
    "frame_start_symtime": 1664886,
    "n_samples_in_frame": 27385,
    "longest_run_symbols": 5,
    "run_start_symbol_offset": 3325,
    "run_end_symbol_offset": 3329,
    "run_value_IQ": [
     5736,
     5736
    ],
    "is_stall": false
   },
   {
    "frame_index": 103,
    "frame_start_symtime": 1701885,
    "n_samples_in_frame": 9349,
    "longest_run_symbols": 5,
    "run_start_symbol_offset": 3325,
    "run_end_symbol_offset": 3329,
    "run_value_IQ": [
     5736,
     5736
    ],
    "is_stall": false
   },
   {
    "frame_index": 104,
    "frame_start_symtime": 1714218,
    "n_samples_in_frame": 9342,
    "longest_run_symbols": 5,
    "run_start_symbol_offset": 3325,
    "run_end_symbol_offset": 3329,
    "run_value_IQ": [
     5736,
     5736
    ],
    "is_stall": false
   },
   {
    "frame_index": 105,
    "frame_start_symtime": 1726551,
    "n_samples_in_frame": 9304,
    "longest_run_symbols": 5,
    "run_start_symbol_offset": 3325,
    "run_end_symbol_offset": 3329,
    "run_value_IQ": [
     5736,
     5736
    ],
    "is_stall": false
   },
   {
    "frame_index": 106,
    "frame_start_symtime": 1738884,
    "n_samples_in_frame": 8413,
    "longest_run_symbols": 5,
    "run_start_symbol_offset": 3325,
    "run_end_symbol_offset": 3329,
    "run_value_IQ": [
     5736,
     5736
    ],
    "is_stall": false
   },
   {
    "frame_index": 107,
    "frame_start_symtime": 1751217,
    "n_samples_in_frame": 9336,
    "longest_run_symbols": 5,
    "run_start_symbol_offset": 3325,
    "run_end_symbol_offset": 3329,
    "run_value_IQ": [
     5736,
     5736
    ],
    "is_stall": false
   },
   {
    "frame_index": 108,
    "frame_start_symtime": 1763550,
    "n_samples_in_frame": 9347,
    "longest_run_symbols": 5,
    "run_start_symbol_offset": 3325,
    "run_end_symbol_offset": 3329,
    "run_value_IQ": [
     5736,
     5736
    ],
    "is_stall": false
   },
   {
    "frame_index": 109,
    "frame_start_symtime": 1775883,
    "n_samples_in_frame": 18600,
    "longest_run_symbols": 5,
    "run_start_symbol_offset": 3325,
    "run_end_symbol_offset": 3329,
    "run_value_IQ": [
     5736,
     5736
    ],
    "is_stall": false
   },
   {
    "frame_index": 110,
    "frame_start_symtime": 1800549,
    "n_samples_in_frame": 3060,
    "longest_run_symbols": 5,
    "run_start_symbol_offset": 7146,
    "run_end_symbol_offset": 7150,
    "run_value_IQ": [
     5736,
     -5737
    ],
    "is_stall": false
   },
   {
    "frame_index": 111,
    "frame_start_symtime": 1812882,
    "n_samples_in_frame": 9240,
    "longest_run_symbols": 5,
    "run_start_symbol_offset": 5749,
    "run_end_symbol_offset": 5753,
    "run_value_IQ": [
     5736,
     -5737
    ],
    "is_stall": false
   },
   {
    "frame_index": 112,
    "frame_start_symtime": 1825215,
    "n_samples_in_frame": 9007,
    "longest_run_symbols": 5,
    "run_start_symbol_offset": 3325,
    "run_end_symbol_offset": 3329,
    "run_value_IQ": [
     5736,
     5736
    ],
    "is_stall": false
   },
   {
    "frame_index": 113,
    "frame_start_symtime": 1837548,
    "n_samples_in_frame": 9379,
    "longest_run_symbols": 5,
    "run_start_symbol_offset": 3325,
    "run_end_symbol_offset": 3329,
    "run_value_IQ": [
     5736,
     5736
    ],
    "is_stall": false
   },
   {
    "frame_index": 114,
    "frame_start_symtime": 1849881,
    "n_samples_in_frame": 9471,
    "longest_run_symbols": 5,
    "run_start_symbol_offset": 5749,
    "run_end_symbol_offset": 5753,
    "run_value_IQ": [
     5736,
     -5737
    ],
    "is_stall": false
   },
   {
    "frame_index": 115,
    "frame_start_symtime": 1862214,
    "n_samples_in_frame": 8745,
    "longest_run_symbols": 5,
    "run_start_symbol_offset": 3325,
    "run_end_symbol_offset": 3329,
    "run_value_IQ": [
     5736,
     5736
    ],
    "is_stall": false
   },
   {
    "frame_index": 116,
    "frame_start_symtime": 1874547,
    "n_samples_in_frame": 18653,
    "longest_run_symbols": 5,
    "run_start_symbol_offset": 3325,
    "run_end_symbol_offset": 3329,
    "run_value_IQ": [
     5736,
     5736
    ],
    "is_stall": false
   },
   {
    "frame_index": 117,
    "frame_start_symtime": 1899213,
    "n_samples_in_frame": 9274,
    "longest_run_symbols": 5,
    "run_start_symbol_offset": 5749,
    "run_end_symbol_offset": 5753,
    "run_value_IQ": [
     5736,
     -5737
    ],
    "is_stall": false
   },
   {
    "frame_index": 118,
    "frame_start_symtime": 1911546,
    "n_samples_in_frame": 9339,
    "longest_run_symbols": 5,
    "run_start_symbol_offset": 3325,
    "run_end_symbol_offset": 3329,
    "run_value_IQ": [
     5736,
     5736
    ],
    "is_stall": false
   },
   {
    "frame_index": 119,
    "frame_start_symtime": 1923879,
    "n_samples_in_frame": 8568,
    "longest_run_symbols": 5,
    "run_start_symbol_offset": 3325,
    "run_end_symbol_offset": 3329,
    "run_value_IQ": [
     5736,
     5736
    ],
    "is_stall": false
   },
   {
    "frame_index": 120,
    "frame_start_symtime": 1936212,
    "n_samples_in_frame": 9311,
    "longest_run_symbols": 5,
    "run_start_symbol_offset": 5749,
    "run_end_symbol_offset": 5753,
    "run_value_IQ": [
     5736,
     -5737
    ],
    "is_stall": false
   },
   {
    "frame_index": 121,
    "frame_start_symtime": 1948545,
    "n_samples_in_frame": 9273,
    "longest_run_symbols": 5,
    "run_start_symbol_offset": 3325,
    "run_end_symbol_offset": 3329,
    "run_value_IQ": [
     5736,
     5736
    ],
    "is_stall": false
   },
   {
    "frame_index": 122,
    "frame_start_symtime": 1960878,
    "n_samples_in_frame": 9436,
    "longest_run_symbols": 5,
    "run_start_symbol_offset": 3325,
    "run_end_symbol_offset": 3329,
    "run_value_IQ": [
     5736,
     5736
    ],
    "is_stall": false
   },
   {
    "frame_index": 123,
    "frame_start_symtime": 1973211,
    "n_samples_in_frame": 31056,
    "longest_run_symbols": 5,
    "run_start_symbol_offset": 3325,
    "run_end_symbol_offset": 3329,
    "run_value_IQ": [
     5736,
     5736
    ],
    "is_stall": false
   },
   {
    "frame_index": 124,
    "frame_start_symtime": 2010210,
    "n_samples_in_frame": 27322,
    "longest_run_symbols": 5,
    "run_start_symbol_offset": 3325,
    "run_end_symbol_offset": 3329,
    "run_value_IQ": [
     5736,
     5736
    ],
    "is_stall": false
   },
   {
    "frame_index": 125,
    "frame_start_symtime": 2047209,
    "n_samples_in_frame": 9244,
    "longest_run_symbols": 5,
    "run_start_symbol_offset": 3325,
    "run_end_symbol_offset": 3329,
    "run_value_IQ": [
     5736,
     5736
    ],
    "is_stall": false
   },
   {
    "frame_index": 126,
    "frame_start_symtime": 2059542,
    "n_samples_in_frame": 9271,
    "longest_run_symbols": 5,
    "run_start_symbol_offset": 5749,
    "run_end_symbol_offset": 5753,
    "run_value_IQ": [
     5736,
     -5737
    ],
    "is_stall": false
   },
   {
    "frame_index": 127,
    "frame_start_symtime": 2071875,
    "n_samples_in_frame": 9341,
    "longest_run_symbols": 5,
    "run_start_symbol_offset": 3325,
    "run_end_symbol_offset": 3329,
    "run_value_IQ": [
     5736,
     5736
    ],
    "is_stall": false
   },
   {
    "frame_index": 128,
    "frame_start_symtime": 2084208,
    "n_samples_in_frame": 9428,
    "longest_run_symbols": 5,
    "run_start_symbol_offset": 3325,
    "run_end_symbol_offset": 3329,
    "run_value_IQ": [
     5736,
     5736
    ],
    "is_stall": false
   },
   {
    "frame_index": 129,
    "frame_start_symtime": 2096541,
    "n_samples_in_frame": 8684,
    "longest_run_symbols": 5,
    "run_start_symbol_offset": 3325,
    "run_end_symbol_offset": 3329,
    "run_value_IQ": [
     5736,
     5736
    ],
    "is_stall": false
   },
   {
    "frame_index": 130,
    "frame_start_symtime": 2108874,
    "n_samples_in_frame": 9262,
    "longest_run_symbols": 5,
    "run_start_symbol_offset": 3325,
    "run_end_symbol_offset": 3329,
    "run_value_IQ": [
     5736,
     5736
    ],
    "is_stall": false
   },
   {
    "frame_index": 131,
    "frame_start_symtime": 2121207,
    "n_samples_in_frame": 18510,
    "longest_run_symbols": 13936,
    "run_start_symbol_offset": 6081,
    "run_end_symbol_offset": 24661,
    "run_value_IQ": [
     5736,
     5736
    ],
    "is_stall": true,
    "rung_hits": [],
    "extra_mark_fec_in_same_frame": false
   },
   {
    "frame_index": 132,
    "frame_start_symtime": 2145873,
    "n_samples_in_frame": 9301,
    "longest_run_symbols": 9276,
    "run_start_symbol_offset": 21,
    "run_end_symbol_offset": 12328,
    "run_value_IQ": [
     5736,
     5736
    ],
    "is_stall": true,
    "rung_hits": [],
    "extra_mark_fec_in_same_frame": false
   },
   {
    "frame_index": 133,
    "frame_start_symtime": 2158206,
    "n_samples_in_frame": 8672,
    "longest_run_symbols": 5,
    "run_start_symbol_offset": 1066,
    "run_end_symbol_offset": 1070,
    "run_value_IQ": [
     5736,
     -5737
    ],
    "is_stall": false
   },
   {
    "frame_index": 134,
    "frame_start_symtime": 2170539,
    "n_samples_in_frame": 9281,
    "longest_run_symbols": 5,
    "run_start_symbol_offset": 1066,
    "run_end_symbol_offset": 1070,
    "run_value_IQ": [
     5736,
     -5737
    ],
    "is_stall": false
   },
   {
    "frame_index": 135,
    "frame_start_symtime": 2182872,
    "n_samples_in_frame": 9278,
    "longest_run_symbols": 5,
    "run_start_symbol_offset": 1066,
    "run_end_symbol_offset": 1070,
    "run_value_IQ": [
     5736,
     -5737
    ],
    "is_stall": false
   },
   {
    "frame_index": 136,
    "frame_start_symtime": 2195205,
    "n_samples_in_frame": 9381,
    "longest_run_symbols": 5,
    "run_start_symbol_offset": 9565,
    "run_end_symbol_offset": 9569,
    "run_value_IQ": [
     5736,
     5736
    ],
    "is_stall": false
   },
   {
    "frame_index": 137,
    "frame_start_symtime": 2207538,
    "n_samples_in_frame": 9331,
    "longest_run_symbols": 5,
    "run_start_symbol_offset": 1066,
    "run_end_symbol_offset": 1070,
    "run_value_IQ": [
     5736,
     -5737
    ],
    "is_stall": false
   },
   {
    "frame_index": 138,
    "frame_start_symtime": 2219871,
    "n_samples_in_frame": 15473,
    "longest_run_symbols": 5,
    "run_start_symbol_offset": 1066,
    "run_end_symbol_offset": 1070,
    "run_value_IQ": [
     5736,
     -5737
    ],
    "is_stall": false
   },
   {
    "frame_index": 139,
    "frame_start_symtime": 2244537,
    "n_samples_in_frame": 9330,
    "longest_run_symbols": 5,
    "run_start_symbol_offset": 1066,
    "run_end_symbol_offset": 1070,
    "run_value_IQ": [
     5736,
     -5737
    ],
    "is_stall": false
   },
   {
    "frame_index": 140,
    "frame_start_symtime": 2256870,
    "n_samples_in_frame": 9392,
    "longest_run_symbols": 5,
    "run_start_symbol_offset": 9565,
    "run_end_symbol_offset": 9569,
    "run_value_IQ": [
     5736,
     5736
    ],
    "is_stall": false
   },
   {
    "frame_index": 141,
    "frame_start_symtime": 2269203,
    "n_samples_in_frame": 27392,
    "longest_run_symbols": 5,
    "run_start_symbol_offset": 1066,
    "run_end_symbol_offset": 1070,
    "run_value_IQ": [
     5736,
     -5737
    ],
    "is_stall": false
   },
   {
    "frame_index": 142,
    "frame_start_symtime": 2306202,
    "n_samples_in_frame": 9359,
    "longest_run_symbols": 5,
    "run_start_symbol_offset": 1066,
    "run_end_symbol_offset": 1070,
    "run_value_IQ": [
     5736,
     -5737
    ],
    "is_stall": false
   },
   {
    "frame_index": 143,
    "frame_start_symtime": 2318535,
    "n_samples_in_frame": 9318,
    "longest_run_symbols": 5,
    "run_start_symbol_offset": 9565,
    "run_end_symbol_offset": 9569,
    "run_value_IQ": [
     5736,
     5736
    ],
    "is_stall": false
   },
   {
    "frame_index": 144,
    "frame_start_symtime": 2330868,
    "n_samples_in_frame": 9336,
    "longest_run_symbols": 5,
    "run_start_symbol_offset": 1066,
    "run_end_symbol_offset": 1070,
    "run_value_IQ": [
     5736,
     -5737
    ],
    "is_stall": false
   },
   {
    "frame_index": 145,
    "frame_start_symtime": 2343201,
    "n_samples_in_frame": 21751,
    "longest_run_symbols": 5,
    "run_start_symbol_offset": 1066,
    "run_end_symbol_offset": 1070,
    "run_value_IQ": [
     5736,
     -5737
    ],
    "is_stall": false
   },
   {
    "frame_index": 146,
    "frame_start_symtime": 2367867,
    "n_samples_in_frame": 9350,
    "longest_run_symbols": 5,
    "run_start_symbol_offset": 9565,
    "run_end_symbol_offset": 9569,
    "run_value_IQ": [
     5736,
     5736
    ],
    "is_stall": false
   },
   {
    "frame_index": 147,
    "frame_start_symtime": 2380200,
    "n_samples_in_frame": 36814,
    "longest_run_symbols": 5,
    "run_start_symbol_offset": 1066,
    "run_end_symbol_offset": 1070,
    "run_value_IQ": [
     5736,
     -5737
    ],
    "is_stall": false
   },
   {
    "frame_index": 148,
    "frame_start_symtime": 2429532,
    "n_samples_in_frame": 9394,
    "longest_run_symbols": 5,
    "run_start_symbol_offset": 1066,
    "run_end_symbol_offset": 1070,
    "run_value_IQ": [
     5736,
     -5737
    ],
    "is_stall": false
   },
   {
    "frame_index": 149,
    "frame_start_symtime": 2441865,
    "n_samples_in_frame": 9251,
    "longest_run_symbols": 5,
    "run_start_symbol_offset": 1066,
    "run_end_symbol_offset": 1070,
    "run_value_IQ": [
     5736,
     -5737
    ],
    "is_stall": false
   },
   {
    "frame_index": 150,
    "frame_start_symtime": 2454198,
    "n_samples_in_frame": 8324,
    "longest_run_symbols": 5,
    "run_start_symbol_offset": 1066,
    "run_end_symbol_offset": 1070,
    "run_value_IQ": [
     5736,
     -5737
    ],
    "is_stall": false
   },
   {
    "frame_index": 151,
    "frame_start_symtime": 2466531,
    "n_samples_in_frame": 9330,
    "longest_run_symbols": 5,
    "run_start_symbol_offset": 9565,
    "run_end_symbol_offset": 9569,
    "run_value_IQ": [
     5736,
     5736
    ],
    "is_stall": false
   },
   {
    "frame_index": 152,
    "frame_start_symtime": 2478864,
    "n_samples_in_frame": 9376,
    "longest_run_symbols": 5,
    "run_start_symbol_offset": 9565,
    "run_end_symbol_offset": 9569,
    "run_value_IQ": [
     5736,
     5736
    ],
    "is_stall": false
   },
   {
    "frame_index": 153,
    "frame_start_symtime": 2491197,
    "n_samples_in_frame": 18752,
    "longest_run_symbols": 5,
    "run_start_symbol_offset": 1066,
    "run_end_symbol_offset": 1070,
    "run_value_IQ": [
     5736,
     -5737
    ],
    "is_stall": false
   },
   {
    "frame_index": 154,
    "frame_start_symtime": 2515863,
    "n_samples_in_frame": 8590,
    "longest_run_symbols": 5,
    "run_start_symbol_offset": 9565,
    "run_end_symbol_offset": 9569,
    "run_value_IQ": [
     5736,
     5736
    ],
    "is_stall": false
   },
   {
    "frame_index": 155,
    "frame_start_symtime": 2528196,
    "n_samples_in_frame": 9382,
    "longest_run_symbols": 5,
    "run_start_symbol_offset": 1066,
    "run_end_symbol_offset": 1070,
    "run_value_IQ": [
     5736,
     -5737
    ],
    "is_stall": false
   },
   {
    "frame_index": 156,
    "frame_start_symtime": 2540529,
    "n_samples_in_frame": 9419,
    "longest_run_symbols": 5,
    "run_start_symbol_offset": 9565,
    "run_end_symbol_offset": 9569,
    "run_value_IQ": [
     5736,
     5736
    ],
    "is_stall": false
   },
   {
    "frame_index": 157,
    "frame_start_symtime": 2552862,
    "n_samples_in_frame": 18626,
    "longest_run_symbols": 5,
    "run_start_symbol_offset": 1066,
    "run_end_symbol_offset": 1070,
    "run_value_IQ": [
     5736,
     -5737
    ],
    "is_stall": false
   },
   {
    "frame_index": 158,
    "frame_start_symtime": 2577528,
    "n_samples_in_frame": 8441,
    "longest_run_symbols": 5,
    "run_start_symbol_offset": 9565,
    "run_end_symbol_offset": 9569,
    "run_value_IQ": [
     5736,
     5736
    ],
    "is_stall": false
   },
   {
    "frame_index": 159,
    "frame_start_symtime": 2589861,
    "n_samples_in_frame": 18608,
    "longest_run_symbols": 5,
    "run_start_symbol_offset": 1066,
    "run_end_symbol_offset": 1070,
    "run_value_IQ": [
     5736,
     -5737
    ],
    "is_stall": false
   },
   {
    "frame_index": 160,
    "frame_start_symtime": 2614527,
    "n_samples_in_frame": 9482,
    "longest_run_symbols": 5,
    "run_start_symbol_offset": 1066,
    "run_end_symbol_offset": 1070,
    "run_value_IQ": [
     5736,
     -5737
    ],
    "is_stall": false
   },
   {
    "frame_index": 161,
    "frame_start_symtime": 2626860,
    "n_samples_in_frame": 9387,
    "longest_run_symbols": 5,
    "run_start_symbol_offset": 1066,
    "run_end_symbol_offset": 1070,
    "run_value_IQ": [
     5736,
     -5737
    ],
    "is_stall": false
   },
   {
    "frame_index": 162,
    "frame_start_symtime": 2639193,
    "n_samples_in_frame": 8680,
    "longest_run_symbols": 5,
    "run_start_symbol_offset": 1066,
    "run_end_symbol_offset": 1070,
    "run_value_IQ": [
     5736,
     -5737
    ],
    "is_stall": false
   },
   {
    "frame_index": 163,
    "frame_start_symtime": 2651526,
    "n_samples_in_frame": 9297,
    "longest_run_symbols": 5,
    "run_start_symbol_offset": 1066,
    "run_end_symbol_offset": 1070,
    "run_value_IQ": [
     5736,
     -5737
    ],
    "is_stall": false
   },
   {
    "frame_index": 164,
    "frame_start_symtime": 2663859,
    "n_samples_in_frame": 9374,
    "longest_run_symbols": 5,
    "run_start_symbol_offset": 1066,
    "run_end_symbol_offset": 1070,
    "run_value_IQ": [
     5736,
     -5737
    ],
    "is_stall": false
   },
   {
    "frame_index": 165,
    "frame_start_symtime": 2676192,
    "n_samples_in_frame": 9337,
    "longest_run_symbols": 5,
    "run_start_symbol_offset": 9565,
    "run_end_symbol_offset": 9569,
    "run_value_IQ": [
     5736,
     5736
    ],
    "is_stall": false
   },
   {
    "frame_index": 166,
    "frame_start_symtime": 2688525,
    "n_samples_in_frame": 3814,
    "longest_run_symbols": 5,
    "run_start_symbol_offset": 1066,
    "run_end_symbol_offset": 1070,
    "run_value_IQ": [
     5736,
     -5737
    ],
    "is_stall": false
   },
   {
    "frame_index": 167,
    "frame_start_symtime": 2700858,
    "n_samples_in_frame": 8311,
    "longest_run_symbols": 5,
    "run_start_symbol_offset": 1066,
    "run_end_symbol_offset": 1070,
    "run_value_IQ": [
     5736,
     -5737
    ],
    "is_stall": false
   },
   {
    "frame_index": 168,
    "frame_start_symtime": 2713191,
    "n_samples_in_frame": 9480,
    "longest_run_symbols": 5,
    "run_start_symbol_offset": 9565,
    "run_end_symbol_offset": 9569,
    "run_value_IQ": [
     5736,
     5736
    ],
    "is_stall": false
   },
   {
    "frame_index": 169,
    "frame_start_symtime": 2725524,
    "n_samples_in_frame": 9358,
    "longest_run_symbols": 5,
    "run_start_symbol_offset": 1066,
    "run_end_symbol_offset": 1070,
    "run_value_IQ": [
     5736,
     -5737
    ],
    "is_stall": false
   },
   {
    "frame_index": 170,
    "frame_start_symtime": 2737857,
    "n_samples_in_frame": 9490,
    "longest_run_symbols": 5,
    "run_start_symbol_offset": 1066,
    "run_end_symbol_offset": 1070,
    "run_value_IQ": [
     5736,
     -5737
    ],
    "is_stall": false
   },
   {
    "frame_index": 171,
    "frame_start_symtime": 2750190,
    "n_samples_in_frame": 36797,
    "longest_run_symbols": 5,
    "run_start_symbol_offset": 1066,
    "run_end_symbol_offset": 1070,
    "run_value_IQ": [
     5736,
     -5737
    ],
    "is_stall": false
   },
   {
    "frame_index": 172,
    "frame_start_symtime": 2799522,
    "n_samples_in_frame": 9351,
    "longest_run_symbols": 5,
    "run_start_symbol_offset": 1066,
    "run_end_symbol_offset": 1070,
    "run_value_IQ": [
     5736,
     -5737
    ],
    "is_stall": false
   },
   {
    "frame_index": 173,
    "frame_start_symtime": 2811855,
    "n_samples_in_frame": 36715,
    "longest_run_symbols": 5,
    "run_start_symbol_offset": 1066,
    "run_end_symbol_offset": 1070,
    "run_value_IQ": [
     5736,
     -5737
    ],
    "is_stall": false
   },
   {
    "frame_index": 174,
    "frame_start_symtime": 2861187,
    "n_samples_in_frame": 9415,
    "longest_run_symbols": 5,
    "run_start_symbol_offset": 9565,
    "run_end_symbol_offset": 9569,
    "run_value_IQ": [
     5736,
     5736
    ],
    "is_stall": false
   },
   {
    "frame_index": 175,
    "frame_start_symtime": 2873520,
    "n_samples_in_frame": 17644,
    "longest_run_symbols": 5,
    "run_start_symbol_offset": 1066,
    "run_end_symbol_offset": 1070,
    "run_value_IQ": [
     5736,
     -5737
    ],
    "is_stall": false
   },
   {
    "frame_index": 176,
    "frame_start_symtime": 2898186,
    "n_samples_in_frame": 9331,
    "longest_run_symbols": 5,
    "run_start_symbol_offset": 9565,
    "run_end_symbol_offset": 9569,
    "run_value_IQ": [
     5736,
     5736
    ],
    "is_stall": false
   },
   {
    "frame_index": 177,
    "frame_start_symtime": 2910519,
    "n_samples_in_frame": 20002,
    "longest_run_symbols": 5,
    "run_start_symbol_offset": 1066,
    "run_end_symbol_offset": 1070,
    "run_value_IQ": [
     5736,
     -5737
    ],
    "is_stall": false
   },
   {
    "frame_index": 178,
    "frame_start_symtime": 2935185,
    "n_samples_in_frame": 8870,
    "longest_run_symbols": 5,
    "run_start_symbol_offset": 1066,
    "run_end_symbol_offset": 1070,
    "run_value_IQ": [
     5736,
     -5737
    ],
    "is_stall": false
   },
   {
    "frame_index": 179,
    "frame_start_symtime": 2947518,
    "n_samples_in_frame": 8949,
    "longest_run_symbols": 5,
    "run_start_symbol_offset": 1066,
    "run_end_symbol_offset": 1070,
    "run_value_IQ": [
     5736,
     -5737
    ],
    "is_stall": false
   },
   {
    "frame_index": 180,
    "frame_start_symtime": 2959851,
    "n_samples_in_frame": 18997,
    "longest_run_symbols": 5,
    "run_start_symbol_offset": 11989,
    "run_end_symbol_offset": 11993,
    "run_value_IQ": [
     5736,
     -5737
    ],
    "is_stall": false
   },
   {
    "frame_index": 181,
    "frame_start_symtime": 2984517,
    "n_samples_in_frame": 9429,
    "longest_run_symbols": 5,
    "run_start_symbol_offset": 9565,
    "run_end_symbol_offset": 9569,
    "run_value_IQ": [
     5736,
     5736
    ],
    "is_stall": false
   },
   {
    "frame_index": 182,
    "frame_start_symtime": 2996850,
    "n_samples_in_frame": 8707,
    "longest_run_symbols": 5,
    "run_start_symbol_offset": 1066,
    "run_end_symbol_offset": 1070,
    "run_value_IQ": [
     5736,
     -5737
    ],
    "is_stall": false
   },
   {
    "frame_index": 183,
    "frame_start_symtime": 3009183,
    "n_samples_in_frame": 18632,
    "longest_run_symbols": 5,
    "run_start_symbol_offset": 1066,
    "run_end_symbol_offset": 1070,
    "run_value_IQ": [
     5736,
     -5737
    ],
    "is_stall": false
   },
   {
    "frame_index": 184,
    "frame_start_symtime": 3033849,
    "n_samples_in_frame": 32151,
    "longest_run_symbols": 5,
    "run_start_symbol_offset": 9565,
    "run_end_symbol_offset": 9569,
    "run_value_IQ": [
     5736,
     5736
    ],
    "is_stall": false
   },
   {
    "frame_index": 185,
    "frame_start_symtime": 3070848,
    "n_samples_in_frame": 9513,
    "longest_run_symbols": 5,
    "run_start_symbol_offset": 1066,
    "run_end_symbol_offset": 1070,
    "run_value_IQ": [
     5736,
     -5737
    ],
    "is_stall": false
   },
   {
    "frame_index": 186,
    "frame_start_symtime": 3083181,
    "n_samples_in_frame": 9005,
    "longest_run_symbols": 5,
    "run_start_symbol_offset": 1066,
    "run_end_symbol_offset": 1070,
    "run_value_IQ": [
     5736,
     -5737
    ],
    "is_stall": false
   },
   {
    "frame_index": 187,
    "frame_start_symtime": 3095514,
    "n_samples_in_frame": 9339,
    "longest_run_symbols": 5,
    "run_start_symbol_offset": 1066,
    "run_end_symbol_offset": 1070,
    "run_value_IQ": [
     5736,
     -5737
    ],
    "is_stall": false
   },
   {
    "frame_index": 188,
    "frame_start_symtime": 3107847,
    "n_samples_in_frame": 8759,
    "longest_run_symbols": 5,
    "run_start_symbol_offset": 1066,
    "run_end_symbol_offset": 1070,
    "run_value_IQ": [
     5736,
     -5737
    ],
    "is_stall": false
   },
   {
    "frame_index": 189,
    "frame_start_symtime": 3120180,
    "n_samples_in_frame": 18708,
    "longest_run_symbols": 5,
    "run_start_symbol_offset": 1066,
    "run_end_symbol_offset": 1070,
    "run_value_IQ": [
     5736,
     -5737
    ],
    "is_stall": false
   },
   {
    "frame_index": 190,
    "frame_start_symtime": 3144846,
    "n_samples_in_frame": 9473,
    "longest_run_symbols": 5,
    "run_start_symbol_offset": 1066,
    "run_end_symbol_offset": 1070,
    "run_value_IQ": [
     5736,
     -5737
    ],
    "is_stall": false
   },
   {
    "frame_index": 191,
    "frame_start_symtime": 3157179,
    "n_samples_in_frame": 32094,
    "longest_run_symbols": 5,
    "run_start_symbol_offset": 1066,
    "run_end_symbol_offset": 1070,
    "run_value_IQ": [
     5736,
     -5737
    ],
    "is_stall": false
   },
   {
    "frame_index": 192,
    "frame_start_symtime": 3206511,
    "n_samples_in_frame": 9461,
    "longest_run_symbols": 5,
    "run_start_symbol_offset": 9565,
    "run_end_symbol_offset": 9569,
    "run_value_IQ": [
     5736,
     5736
    ],
    "is_stall": false
   },
   {
    "frame_index": 193,
    "frame_start_symtime": 3218844,
    "n_samples_in_frame": 27347,
    "longest_run_symbols": 5,
    "run_start_symbol_offset": 1066,
    "run_end_symbol_offset": 1070,
    "run_value_IQ": [
     5736,
     -5737
    ],
    "is_stall": false
   },
   {
    "frame_index": 194,
    "frame_start_symtime": 3255843,
    "n_samples_in_frame": 9207,
    "longest_run_symbols": 5,
    "run_start_symbol_offset": 1066,
    "run_end_symbol_offset": 1070,
    "run_value_IQ": [
     5736,
     -5737
    ],
    "is_stall": false
   },
   {
    "frame_index": 195,
    "frame_start_symtime": 3268176,
    "n_samples_in_frame": 9404,
    "longest_run_symbols": 5,
    "run_start_symbol_offset": 9565,
    "run_end_symbol_offset": 9569,
    "run_value_IQ": [
     5736,
     5736
    ],
    "is_stall": false
   },
   {
    "frame_index": 196,
    "frame_start_symtime": 3280509,
    "n_samples_in_frame": 9378,
    "longest_run_symbols": 5,
    "run_start_symbol_offset": 1066,
    "run_end_symbol_offset": 1070,
    "run_value_IQ": [
     5736,
     -5737
    ],
    "is_stall": false
   },
   {
    "frame_index": 197,
    "frame_start_symtime": 3292842,
    "n_samples_in_frame": 8292,
    "longest_run_symbols": 5,
    "run_start_symbol_offset": 1066,
    "run_end_symbol_offset": 1070,
    "run_value_IQ": [
     5736,
     -5737
    ],
    "is_stall": false
   },
   {
    "frame_index": 198,
    "frame_start_symtime": 3305175,
    "n_samples_in_frame": 9450,
    "longest_run_symbols": 5,
    "run_start_symbol_offset": 1066,
    "run_end_symbol_offset": 1070,
    "run_value_IQ": [
     5736,
     -5737
    ],
    "is_stall": false
   },
   {
    "frame_index": 199,
    "frame_start_symtime": 3317508,
    "n_samples_in_frame": 18687,
    "longest_run_symbols": 5,
    "run_start_symbol_offset": 1066,
    "run_end_symbol_offset": 1070,
    "run_value_IQ": [
     5736,
     -5737
    ],
    "is_stall": false
   },
   {
    "frame_index": 200,
    "frame_start_symtime": 3342174,
    "n_samples_in_frame": 9415,
    "longest_run_symbols": 5,
    "run_start_symbol_offset": 1066,
    "run_end_symbol_offset": 1070,
    "run_value_IQ": [
     5736,
     -5737
    ],
    "is_stall": false
   },
   {
    "frame_index": 201,
    "frame_start_symtime": 3354507,
    "n_samples_in_frame": 7709,
    "longest_run_symbols": 5,
    "run_start_symbol_offset": 9565,
    "run_end_symbol_offset": 9569,
    "run_value_IQ": [
     5736,
     5736
    ],
    "is_stall": false
   },
   {
    "frame_index": 202,
    "frame_start_symtime": 3366840,
    "n_samples_in_frame": 9408,
    "longest_run_symbols": 5,
    "run_start_symbol_offset": 9565,
    "run_end_symbol_offset": 9569,
    "run_value_IQ": [
     5736,
     5736
    ],
    "is_stall": false
   },
   {
    "frame_index": 203,
    "frame_start_symtime": 3379173,
    "n_samples_in_frame": 13919,
    "longest_run_symbols": 5,
    "run_start_symbol_offset": 1066,
    "run_end_symbol_offset": 1070,
    "run_value_IQ": [
     5736,
     -5737
    ],
    "is_stall": false
   },
   {
    "frame_index": 204,
    "frame_start_symtime": 3391506,
    "n_samples_in_frame": 36459,
    "longest_run_symbols": 5,
    "run_start_symbol_offset": 1066,
    "run_end_symbol_offset": 1070,
    "run_value_IQ": [
     5736,
     -5737
    ],
    "is_stall": false
   },
   {
    "frame_index": 205,
    "frame_start_symtime": 3440838,
    "n_samples_in_frame": 9431,
    "longest_run_symbols": 5,
    "run_start_symbol_offset": 9565,
    "run_end_symbol_offset": 9569,
    "run_value_IQ": [
     5736,
     5736
    ],
    "is_stall": false
   },
   {
    "frame_index": 206,
    "frame_start_symtime": 3453171,
    "n_samples_in_frame": 9290,
    "longest_run_symbols": 5,
    "run_start_symbol_offset": 1066,
    "run_end_symbol_offset": 1070,
    "run_value_IQ": [
     5736,
     -5737
    ],
    "is_stall": false
   },
   {
    "frame_index": 207,
    "frame_start_symtime": 3465504,
    "n_samples_in_frame": 8690,
    "longest_run_symbols": 5,
    "run_start_symbol_offset": 1066,
    "run_end_symbol_offset": 1070,
    "run_value_IQ": [
     5736,
     -5737
    ],
    "is_stall": false
   },
   {
    "frame_index": 208,
    "frame_start_symtime": 3477837,
    "n_samples_in_frame": 9289,
    "longest_run_symbols": 5,
    "run_start_symbol_offset": 1066,
    "run_end_symbol_offset": 1070,
    "run_value_IQ": [
     5736,
     -5737
    ],
    "is_stall": false
   },
   {
    "frame_index": 209,
    "frame_start_symtime": 3490170,
    "n_samples_in_frame": 18539,
    "longest_run_symbols": 5,
    "run_start_symbol_offset": 1066,
    "run_end_symbol_offset": 1070,
    "run_value_IQ": [
     5736,
     -5737
    ],
    "is_stall": false
   },
   {
    "frame_index": 210,
    "frame_start_symtime": 3514836,
    "n_samples_in_frame": 9362,
    "longest_run_symbols": 5,
    "run_start_symbol_offset": 1066,
    "run_end_symbol_offset": 1070,
    "run_value_IQ": [
     5736,
     -5737
    ],
    "is_stall": false
   },
   {
    "frame_index": 211,
    "frame_start_symtime": 3527169,
    "n_samples_in_frame": 8610,
    "longest_run_symbols": 5,
    "run_start_symbol_offset": 9565,
    "run_end_symbol_offset": 9569,
    "run_value_IQ": [
     5736,
     5736
    ],
    "is_stall": false
   },
   {
    "frame_index": 212,
    "frame_start_symtime": 3539502,
    "n_samples_in_frame": 9272,
    "longest_run_symbols": 5,
    "run_start_symbol_offset": 1066,
    "run_end_symbol_offset": 1070,
    "run_value_IQ": [
     5736,
     -5737
    ],
    "is_stall": false
   },
   {
    "frame_index": 213,
    "frame_start_symtime": 3551835,
    "n_samples_in_frame": 9446,
    "longest_run_symbols": 5,
    "run_start_symbol_offset": 9565,
    "run_end_symbol_offset": 9569,
    "run_value_IQ": [
     5736,
     5736
    ],
    "is_stall": false
   },
   {
    "frame_index": 214,
    "frame_start_symtime": 3564168,
    "n_samples_in_frame": 18532,
    "longest_run_symbols": 5,
    "run_start_symbol_offset": 1066,
    "run_end_symbol_offset": 1070,
    "run_value_IQ": [
     5736,
     -5737
    ],
    "is_stall": false
   },
   {
    "frame_index": 215,
    "frame_start_symtime": 3588834,
    "n_samples_in_frame": 17989,
    "longest_run_symbols": 5,
    "run_start_symbol_offset": 1066,
    "run_end_symbol_offset": 1070,
    "run_value_IQ": [
     5736,
     -5737
    ],
    "is_stall": false
   },
   {
    "frame_index": 216,
    "frame_start_symtime": 3613500,
    "n_samples_in_frame": 9350,
    "longest_run_symbols": 5,
    "run_start_symbol_offset": 1066,
    "run_end_symbol_offset": 1070,
    "run_value_IQ": [
     5736,
     -5737
    ],
    "is_stall": false
   },
   {
    "frame_index": 217,
    "frame_start_symtime": 3625833,
    "n_samples_in_frame": 9451,
    "longest_run_symbols": 5,
    "run_start_symbol_offset": 9565,
    "run_end_symbol_offset": 9569,
    "run_value_IQ": [
     5736,
     5736
    ],
    "is_stall": false
   },
   {
    "frame_index": 218,
    "frame_start_symtime": 3638166,
    "n_samples_in_frame": 17954,
    "longest_run_symbols": 5,
    "run_start_symbol_offset": 1066,
    "run_end_symbol_offset": 1070,
    "run_value_IQ": [
     5736,
     -5737
    ],
    "is_stall": false
   },
   {
    "frame_index": 219,
    "frame_start_symtime": 3662832,
    "n_samples_in_frame": 9252,
    "longest_run_symbols": 5,
    "run_start_symbol_offset": 1066,
    "run_end_symbol_offset": 1070,
    "run_value_IQ": [
     5736,
     -5737
    ],
    "is_stall": false
   },
   {
    "frame_index": 220,
    "frame_start_symtime": 3675165,
    "n_samples_in_frame": 9380,
    "longest_run_symbols": 5,
    "run_start_symbol_offset": 1066,
    "run_end_symbol_offset": 1070,
    "run_value_IQ": [
     5736,
     -5737
    ],
    "is_stall": false
   },
   {
    "frame_index": 221,
    "frame_start_symtime": 3687498,
    "n_samples_in_frame": 18388,
    "longest_run_symbols": 5,
    "run_start_symbol_offset": 11989,
    "run_end_symbol_offset": 11993,
    "run_value_IQ": [
     5736,
     -5737
    ],
    "is_stall": false
   },
   {
    "frame_index": 222,
    "frame_start_symtime": 3712164,
    "n_samples_in_frame": 8636,
    "longest_run_symbols": 5,
    "run_start_symbol_offset": 9565,
    "run_end_symbol_offset": 9569,
    "run_value_IQ": [
     5736,
     5736
    ],
    "is_stall": false
   },
   {
    "frame_index": 223,
    "frame_start_symtime": 3724497,
    "n_samples_in_frame": 23611,
    "longest_run_symbols": 5,
    "run_start_symbol_offset": 1066,
    "run_end_symbol_offset": 1070,
    "run_value_IQ": [
     5736,
     -5737
    ],
    "is_stall": false
   },
   {
    "frame_index": 224,
    "frame_start_symtime": 3761496,
    "n_samples_in_frame": 9436,
    "longest_run_symbols": 5,
    "run_start_symbol_offset": 1066,
    "run_end_symbol_offset": 1070,
    "run_value_IQ": [
     5736,
     -5737
    ],
    "is_stall": false
   },
   {
    "frame_index": 225,
    "frame_start_symtime": 3773829,
    "n_samples_in_frame": 8655,
    "longest_run_symbols": 5,
    "run_start_symbol_offset": 9565,
    "run_end_symbol_offset": 9569,
    "run_value_IQ": [
     5736,
     5736
    ],
    "is_stall": false
   },
   {
    "frame_index": 226,
    "frame_start_symtime": 3786162,
    "n_samples_in_frame": 9364,
    "longest_run_symbols": 5,
    "run_start_symbol_offset": 1066,
    "run_end_symbol_offset": 1070,
    "run_value_IQ": [
     5736,
     -5737
    ],
    "is_stall": false
   },
   {
    "frame_index": 227,
    "frame_start_symtime": 3798495,
    "n_samples_in_frame": 18550,
    "longest_run_symbols": 5,
    "run_start_symbol_offset": 1066,
    "run_end_symbol_offset": 1070,
    "run_value_IQ": [
     5736,
     -5737
    ],
    "is_stall": false
   },
   {
    "frame_index": 228,
    "frame_start_symtime": 3823161,
    "n_samples_in_frame": 9356,
    "longest_run_symbols": 5,
    "run_start_symbol_offset": 1066,
    "run_end_symbol_offset": 1070,
    "run_value_IQ": [
     5736,
     -5737
    ],
    "is_stall": false
   },
   {
    "frame_index": 229,
    "frame_start_symtime": 3835494,
    "n_samples_in_frame": 8703,
    "longest_run_symbols": 5,
    "run_start_symbol_offset": 9565,
    "run_end_symbol_offset": 9569,
    "run_value_IQ": [
     5736,
     5736
    ],
    "is_stall": false
   },
   {
    "frame_index": 230,
    "frame_start_symtime": 3847827,
    "n_samples_in_frame": 9348,
    "longest_run_symbols": 5,
    "run_start_symbol_offset": 9565,
    "run_end_symbol_offset": 9569,
    "run_value_IQ": [
     5736,
     5736
    ],
    "is_stall": false
   },
   {
    "frame_index": 231,
    "frame_start_symtime": 3860160,
    "n_samples_in_frame": 18742,
    "longest_run_symbols": 5,
    "run_start_symbol_offset": 1066,
    "run_end_symbol_offset": 1070,
    "run_value_IQ": [
     5736,
     -5737
    ],
    "is_stall": false
   },
   {
    "frame_index": 232,
    "frame_start_symtime": 3884826,
    "n_samples_in_frame": 9188,
    "longest_run_symbols": 5,
    "run_start_symbol_offset": 9565,
    "run_end_symbol_offset": 9569,
    "run_value_IQ": [
     5736,
     5736
    ],
    "is_stall": false
   },
   {
    "frame_index": 233,
    "frame_start_symtime": 3897159,
    "n_samples_in_frame": 8766,
    "longest_run_symbols": 5,
    "run_start_symbol_offset": 9565,
    "run_end_symbol_offset": 9569,
    "run_value_IQ": [
     5736,
     5736
    ],
    "is_stall": false
   },
   {
    "frame_index": 234,
    "frame_start_symtime": 3909492,
    "n_samples_in_frame": 9410,
    "longest_run_symbols": 5,
    "run_start_symbol_offset": 9565,
    "run_end_symbol_offset": 9569,
    "run_value_IQ": [
     5736,
     5736
    ],
    "is_stall": false
   },
   {
    "frame_index": 235,
    "frame_start_symtime": 3921825,
    "n_samples_in_frame": 9311,
    "longest_run_symbols": 5,
    "run_start_symbol_offset": 1066,
    "run_end_symbol_offset": 1070,
    "run_value_IQ": [
     5736,
     -5737
    ],
    "is_stall": false
   },
   {
    "frame_index": 236,
    "frame_start_symtime": 3934158,
    "n_samples_in_frame": 18639,
    "longest_run_symbols": 5,
    "run_start_symbol_offset": 1066,
    "run_end_symbol_offset": 1070,
    "run_value_IQ": [
     5736,
     -5737
    ],
    "is_stall": false
   },
   {
    "frame_index": 237,
    "frame_start_symtime": 3958824,
    "n_samples_in_frame": 8631,
    "longest_run_symbols": 5,
    "run_start_symbol_offset": 11989,
    "run_end_symbol_offset": 11993,
    "run_value_IQ": [
     5736,
     -5737
    ],
    "is_stall": false
   },
   {
    "frame_index": 238,
    "frame_start_symtime": 3971157,
    "n_samples_in_frame": 9363,
    "longest_run_symbols": 5,
    "run_start_symbol_offset": 1066,
    "run_end_symbol_offset": 1070,
    "run_value_IQ": [
     5736,
     -5737
    ],
    "is_stall": false
   },
   {
    "frame_index": 239,
    "frame_start_symtime": 3983490,
    "n_samples_in_frame": 9480,
    "longest_run_symbols": 5,
    "run_start_symbol_offset": 9565,
    "run_end_symbol_offset": 9569,
    "run_value_IQ": [
     5736,
     5736
    ],
    "is_stall": false
   },
   {
    "frame_index": 240,
    "frame_start_symtime": 3995823,
    "n_samples_in_frame": 9143,
    "longest_run_symbols": 5,
    "run_start_symbol_offset": 1066,
    "run_end_symbol_offset": 1070,
    "run_value_IQ": [
     5736,
     -5737
    ],
    "is_stall": false
   },
   {
    "frame_index": 241,
    "frame_start_symtime": 4008156,
    "n_samples_in_frame": 27326,
    "longest_run_symbols": 5,
    "run_start_symbol_offset": 1066,
    "run_end_symbol_offset": 1070,
    "run_value_IQ": [
     5736,
     -5737
    ],
    "is_stall": false
   },
   {
    "frame_index": 242,
    "frame_start_symtime": 4045155,
    "n_samples_in_frame": 9333,
    "longest_run_symbols": 5,
    "run_start_symbol_offset": 1066,
    "run_end_symbol_offset": 1070,
    "run_value_IQ": [
     5736,
     -5737
    ],
    "is_stall": false
   },
   {
    "frame_index": 243,
    "frame_start_symtime": 4057488,
    "n_samples_in_frame": 9389,
    "longest_run_symbols": 5,
    "run_start_symbol_offset": 9565,
    "run_end_symbol_offset": 9569,
    "run_value_IQ": [
     5736,
     5736
    ],
    "is_stall": false
   },
   {
    "frame_index": 244,
    "frame_start_symtime": 4069821,
    "n_samples_in_frame": 13298,
    "longest_run_symbols": 5,
    "run_start_symbol_offset": 1066,
    "run_end_symbol_offset": 1070,
    "run_value_IQ": [
     5736,
     -5737
    ],
    "is_stall": false
   },
   {
    "frame_index": 245,
    "frame_start_symtime": 4094487,
    "n_samples_in_frame": 9334,
    "longest_run_symbols": 5,
    "run_start_symbol_offset": 9565,
    "run_end_symbol_offset": 9569,
    "run_value_IQ": [
     5736,
     5736
    ],
    "is_stall": false
   },
   {
    "frame_index": 246,
    "frame_start_symtime": 4106820,
    "n_samples_in_frame": 18541,
    "longest_run_symbols": 5,
    "run_start_symbol_offset": 1066,
    "run_end_symbol_offset": 1070,
    "run_value_IQ": [
     5736,
     -5737
    ],
    "is_stall": false
   },
   {
    "frame_index": 247,
    "frame_start_symtime": 4131486,
    "n_samples_in_frame": 9355,
    "longest_run_symbols": 5,
    "run_start_symbol_offset": 1066,
    "run_end_symbol_offset": 1070,
    "run_value_IQ": [
     5736,
     -5737
    ],
    "is_stall": false
   },
   {
    "frame_index": 248,
    "frame_start_symtime": 4143819,
    "n_samples_in_frame": 8473,
    "longest_run_symbols": 5,
    "run_start_symbol_offset": 9565,
    "run_end_symbol_offset": 9569,
    "run_value_IQ": [
     5736,
     5736
    ],
    "is_stall": false
   },
   {
    "frame_index": 249,
    "frame_start_symtime": 4156152,
    "n_samples_in_frame": 9269,
    "longest_run_symbols": 5,
    "run_start_symbol_offset": 1066,
    "run_end_symbol_offset": 1070,
    "run_value_IQ": [
     5736,
     -5737
    ],
    "is_stall": false
   },
   {
    "frame_index": 250,
    "frame_start_symtime": 4168485,
    "n_samples_in_frame": 9357,
    "longest_run_symbols": 5,
    "run_start_symbol_offset": 1066,
    "run_end_symbol_offset": 1070,
    "run_value_IQ": [
     5736,
     -5737
    ],
    "is_stall": false
   },
   {
    "frame_index": 251,
    "frame_start_symtime": 4180818,
    "n_samples_in_frame": 9445,
    "longest_run_symbols": 5,
    "run_start_symbol_offset": 9565,
    "run_end_symbol_offset": 9569,
    "run_value_IQ": [
     5736,
     5736
    ],
    "is_stall": false
   },
   {
    "frame_index": 252,
    "frame_start_symtime": 4193151,
    "n_samples_in_frame": 17718,
    "longest_run_symbols": 5,
    "run_start_symbol_offset": 1066,
    "run_end_symbol_offset": 1070,
    "run_value_IQ": [
     5736,
     -5737
    ],
    "is_stall": false
   },
   {
    "frame_index": 253,
    "frame_start_symtime": 4217817,
    "n_samples_in_frame": 18875,
    "longest_run_symbols": 5,
    "run_start_symbol_offset": 9565,
    "run_end_symbol_offset": 9569,
    "run_value_IQ": [
     5736,
     5736
    ],
    "is_stall": false
   },
   {
    "frame_index": 254,
    "frame_start_symtime": 4242483,
    "n_samples_in_frame": 9416,
    "longest_run_symbols": 5,
    "run_start_symbol_offset": 9565,
    "run_end_symbol_offset": 9569,
    "run_value_IQ": [
     5736,
     5736
    ],
    "is_stall": false
   },
   {
    "frame_index": 255,
    "frame_start_symtime": 4254816,
    "n_samples_in_frame": 36792,
    "longest_run_symbols": 5,
    "run_start_symbol_offset": 1066,
    "run_end_symbol_offset": 1070,
    "run_value_IQ": [
     5736,
     -5737
    ],
    "is_stall": false
   },
   {
    "frame_index": 256,
    "frame_start_symtime": 4304148,
    "n_samples_in_frame": 9033,
    "longest_run_symbols": 5,
    "run_start_symbol_offset": 11989,
    "run_end_symbol_offset": 11993,
    "run_value_IQ": [
     5736,
     -5737
    ],
    "is_stall": false
   },
   {
    "frame_index": 257,
    "frame_start_symtime": 4316481,
    "n_samples_in_frame": 10073,
    "longest_run_symbols": 5,
    "run_start_symbol_offset": 21898,
    "run_end_symbol_offset": 21902,
    "run_value_IQ": [
     5736,
     5736
    ],
    "is_stall": false
   },
   {
    "frame_index": 258,
    "frame_start_symtime": 4341147,
    "n_samples_in_frame": 9425,
    "longest_run_symbols": 5,
    "run_start_symbol_offset": 1066,
    "run_end_symbol_offset": 1070,
    "run_value_IQ": [
     5736,
     -5737
    ],
    "is_stall": false
   },
   {
    "frame_index": 259,
    "frame_start_symtime": 4353480,
    "n_samples_in_frame": 9542,
    "longest_run_symbols": 5,
    "run_start_symbol_offset": 9565,
    "run_end_symbol_offset": 9569,
    "run_value_IQ": [
     5736,
     5736
    ],
    "is_stall": false
   },
   {
    "frame_index": 260,
    "frame_start_symtime": 4365813,
    "n_samples_in_frame": 27196,
    "longest_run_symbols": 5,
    "run_start_symbol_offset": 1066,
    "run_end_symbol_offset": 1070,
    "run_value_IQ": [
     5736,
     -5737
    ],
    "is_stall": false
   },
   {
    "frame_index": 261,
    "frame_start_symtime": 4402812,
    "n_samples_in_frame": 18513,
    "longest_run_symbols": 5,
    "run_start_symbol_offset": 1066,
    "run_end_symbol_offset": 1070,
    "run_value_IQ": [
     5736,
     -5737
    ],
    "is_stall": false
   },
   {
    "frame_index": 262,
    "frame_start_symtime": 4427478,
    "n_samples_in_frame": 9472,
    "longest_run_symbols": 5,
    "run_start_symbol_offset": 1066,
    "run_end_symbol_offset": 1070,
    "run_value_IQ": [
     5736,
     -5737
    ],
    "is_stall": false
   },
   {
    "frame_index": 263,
    "frame_start_symtime": 4439811,
    "n_samples_in_frame": 13269,
    "longest_run_symbols": 5,
    "run_start_symbol_offset": 1066,
    "run_end_symbol_offset": 1070,
    "run_value_IQ": [
     5736,
     -5737
    ],
    "is_stall": false
   },
   {
    "frame_index": 264,
    "frame_start_symtime": 4452144,
    "n_samples_in_frame": 9434,
    "longest_run_symbols": 5,
    "run_start_symbol_offset": 1066,
    "run_end_symbol_offset": 1070,
    "run_value_IQ": [
     5736,
     -5737
    ],
    "is_stall": false
   },
   {
    "frame_index": 265,
    "frame_start_symtime": 4464477,
    "n_samples_in_frame": 18614,
    "longest_run_symbols": 5,
    "run_start_symbol_offset": 1066,
    "run_end_symbol_offset": 1070,
    "run_value_IQ": [
     5736,
     -5737
    ],
    "is_stall": false
   },
   {
    "frame_index": 266,
    "frame_start_symtime": 4489143,
    "n_samples_in_frame": 8839,
    "longest_run_symbols": 5,
    "run_start_symbol_offset": 9565,
    "run_end_symbol_offset": 9569,
    "run_value_IQ": [
     5736,
     5736
    ],
    "is_stall": false
   },
   {
    "frame_index": 267,
    "frame_start_symtime": 4501476,
    "n_samples_in_frame": 9219,
    "longest_run_symbols": 5,
    "run_start_symbol_offset": 9565,
    "run_end_symbol_offset": 9569,
    "run_value_IQ": [
     5736,
     5736
    ],
    "is_stall": false
   },
   {
    "frame_index": 268,
    "frame_start_symtime": 4513809,
    "n_samples_in_frame": 9265,
    "longest_run_symbols": 5,
    "run_start_symbol_offset": 9565,
    "run_end_symbol_offset": 9569,
    "run_value_IQ": [
     5736,
     5736
    ],
    "is_stall": false
   },
   {
    "frame_index": 269,
    "frame_start_symtime": 4526142,
    "n_samples_in_frame": 18797,
    "longest_run_symbols": 5,
    "run_start_symbol_offset": 1066,
    "run_end_symbol_offset": 1070,
    "run_value_IQ": [
     5736,
     -5737
    ],
    "is_stall": false
   },
   {
    "frame_index": 270,
    "frame_start_symtime": 4550808,
    "n_samples_in_frame": 8688,
    "longest_run_symbols": 5,
    "run_start_symbol_offset": 1066,
    "run_end_symbol_offset": 1070,
    "run_value_IQ": [
     5736,
     -5737
    ],
    "is_stall": false
   },
   {
    "frame_index": 271,
    "frame_start_symtime": 4563141,
    "n_samples_in_frame": 9340,
    "longest_run_symbols": 5,
    "run_start_symbol_offset": 9565,
    "run_end_symbol_offset": 9569,
    "run_value_IQ": [
     5736,
     5736
    ],
    "is_stall": false
   },
   {
    "frame_index": 272,
    "frame_start_symtime": 4575474,
    "n_samples_in_frame": 9403,
    "longest_run_symbols": 5,
    "run_start_symbol_offset": 1066,
    "run_end_symbol_offset": 1070,
    "run_value_IQ": [
     5736,
     -5737
    ],
    "is_stall": false
   },
   {
    "frame_index": 273,
    "frame_start_symtime": 4587807,
    "n_samples_in_frame": 13633,
    "longest_run_symbols": 5,
    "run_start_symbol_offset": 1066,
    "run_end_symbol_offset": 1070,
    "run_value_IQ": [
     5736,
     -5737
    ],
    "is_stall": false
   },
   {
    "frame_index": 274,
    "frame_start_symtime": 4612473,
    "n_samples_in_frame": 8786,
    "longest_run_symbols": 5,
    "run_start_symbol_offset": 1066,
    "run_end_symbol_offset": 1070,
    "run_value_IQ": [
     5736,
     -5737
    ],
    "is_stall": false
   },
   {
    "frame_index": 275,
    "frame_start_symtime": 4624806,
    "n_samples_in_frame": 9140,
    "longest_run_symbols": 5,
    "run_start_symbol_offset": 1066,
    "run_end_symbol_offset": 1070,
    "run_value_IQ": [
     5736,
     -5737
    ],
    "is_stall": false
   },
   {
    "frame_index": 276,
    "frame_start_symtime": 4637139,
    "n_samples_in_frame": 9361,
    "longest_run_symbols": 5,
    "run_start_symbol_offset": 9565,
    "run_end_symbol_offset": 9569,
    "run_value_IQ": [
     5736,
     5736
    ],
    "is_stall": false
   },
   {
    "frame_index": 277,
    "frame_start_symtime": 4649472,
    "n_samples_in_frame": 9302,
    "longest_run_symbols": 5,
    "run_start_symbol_offset": 1066,
    "run_end_symbol_offset": 1070,
    "run_value_IQ": [
     5736,
     -5737
    ],
    "is_stall": false
   },
   {
    "frame_index": 278,
    "frame_start_symtime": 4661805,
    "n_samples_in_frame": 9342,
    "longest_run_symbols": 5,
    "run_start_symbol_offset": 1066,
    "run_end_symbol_offset": 1070,
    "run_value_IQ": [
     5736,
     -5737
    ],
    "is_stall": false
   },
   {
    "frame_index": 279,
    "frame_start_symtime": 4674138,
    "n_samples_in_frame": 8647,
    "longest_run_symbols": 5,
    "run_start_symbol_offset": 1066,
    "run_end_symbol_offset": 1070,
    "run_value_IQ": [
     5736,
     -5737
    ],
    "is_stall": false
   },
   {
    "frame_index": 280,
    "frame_start_symtime": 4686471,
    "n_samples_in_frame": 9368,
    "longest_run_symbols": 5,
    "run_start_symbol_offset": 1066,
    "run_end_symbol_offset": 1070,
    "run_value_IQ": [
     5736,
     -5737
    ],
    "is_stall": false
   },
   {
    "frame_index": 281,
    "frame_start_symtime": 4698804,
    "n_samples_in_frame": 9432,
    "longest_run_symbols": 5,
    "run_start_symbol_offset": 9565,
    "run_end_symbol_offset": 9569,
    "run_value_IQ": [
     5736,
     5736
    ],
    "is_stall": false
   },
   {
    "frame_index": 282,
    "frame_start_symtime": 4711137,
    "n_samples_in_frame": 18586,
    "longest_run_symbols": 5,
    "run_start_symbol_offset": 1066,
    "run_end_symbol_offset": 1070,
    "run_value_IQ": [
     5736,
     -5737
    ],
    "is_stall": false
   },
   {
    "frame_index": 283,
    "frame_start_symtime": 4735803,
    "n_samples_in_frame": 8285,
    "longest_run_symbols": 5,
    "run_start_symbol_offset": 9565,
    "run_end_symbol_offset": 9569,
    "run_value_IQ": [
     5736,
     5736
    ],
    "is_stall": false
   },
   {
    "frame_index": 284,
    "frame_start_symtime": 4748136,
    "n_samples_in_frame": 9279,
    "longest_run_symbols": 5,
    "run_start_symbol_offset": 9565,
    "run_end_symbol_offset": 9569,
    "run_value_IQ": [
     5736,
     5736
    ],
    "is_stall": false
   },
   {
    "frame_index": 285,
    "frame_start_symtime": 4760469,
    "n_samples_in_frame": 9330,
    "longest_run_symbols": 5,
    "run_start_symbol_offset": 9565,
    "run_end_symbol_offset": 9569,
    "run_value_IQ": [
     5736,
     5736
    ],
    "is_stall": false
   },
   {
    "frame_index": 286,
    "frame_start_symtime": 4772802,
    "n_samples_in_frame": 9340,
    "longest_run_symbols": 5,
    "run_start_symbol_offset": 1066,
    "run_end_symbol_offset": 1070,
    "run_value_IQ": [
     5736,
     -5737
    ],
    "is_stall": false
   },
   {
    "frame_index": 287,
    "frame_start_symtime": 4785135,
    "n_samples_in_frame": 22579,
    "longest_run_symbols": 5,
    "run_start_symbol_offset": 1066,
    "run_end_symbol_offset": 1070,
    "run_value_IQ": [
     5736,
     -5737
    ],
    "is_stall": false
   },
   {
    "frame_index": 288,
    "frame_start_symtime": 4809801,
    "n_samples_in_frame": 9415,
    "longest_run_symbols": 5,
    "run_start_symbol_offset": 1066,
    "run_end_symbol_offset": 1070,
    "run_value_IQ": [
     5736,
     -5737
    ],
    "is_stall": false
   },
   {
    "frame_index": 289,
    "frame_start_symtime": 4822134,
    "n_samples_in_frame": 9437,
    "longest_run_symbols": 5,
    "run_start_symbol_offset": 9565,
    "run_end_symbol_offset": 9569,
    "run_value_IQ": [
     5736,
     5736
    ],
    "is_stall": false
   },
   {
    "frame_index": 290,
    "frame_start_symtime": 4834467,
    "n_samples_in_frame": 17690,
    "longest_run_symbols": 5,
    "run_start_symbol_offset": 1066,
    "run_end_symbol_offset": 1070,
    "run_value_IQ": [
     5736,
     -5737
    ],
    "is_stall": false
   },
   {
    "frame_index": 291,
    "frame_start_symtime": 4859133,
    "n_samples_in_frame": 9345,
    "longest_run_symbols": 5,
    "run_start_symbol_offset": 9565,
    "run_end_symbol_offset": 9569,
    "run_value_IQ": [
     5736,
     5736
    ],
    "is_stall": false
   },
   {
    "frame_index": 292,
    "frame_start_symtime": 4871466,
    "n_samples_in_frame": 9300,
    "longest_run_symbols": 5,
    "run_start_symbol_offset": 1066,
    "run_end_symbol_offset": 1070,
    "run_value_IQ": [
     5736,
     -5737
    ],
    "is_stall": false
   },
   {
    "frame_index": 293,
    "frame_start_symtime": 4883799,
    "n_samples_in_frame": 18619,
    "longest_run_symbols": 5,
    "run_start_symbol_offset": 1066,
    "run_end_symbol_offset": 1070,
    "run_value_IQ": [
     5736,
     -5737
    ],
    "is_stall": false
   },
   {
    "frame_index": 294,
    "frame_start_symtime": 4908465,
    "n_samples_in_frame": 7834,
    "longest_run_symbols": 5,
    "run_start_symbol_offset": 1066,
    "run_end_symbol_offset": 1070,
    "run_value_IQ": [
     5736,
     -5737
    ],
    "is_stall": false
   },
   {
    "frame_index": 295,
    "frame_start_symtime": 4920798,
    "n_samples_in_frame": 8965,
    "longest_run_symbols": 5,
    "run_start_symbol_offset": 9565,
    "run_end_symbol_offset": 9569,
    "run_value_IQ": [
     5736,
     5736
    ],
    "is_stall": false
   },
   {
    "frame_index": 296,
    "frame_start_symtime": 4933131,
    "n_samples_in_frame": 9501,
    "longest_run_symbols": 5,
    "run_start_symbol_offset": 1066,
    "run_end_symbol_offset": 1070,
    "run_value_IQ": [
     5736,
     -5737
    ],
    "is_stall": false
   },
   {
    "frame_index": 297,
    "frame_start_symtime": 4945464,
    "n_samples_in_frame": 18690,
    "longest_run_symbols": 5,
    "run_start_symbol_offset": 1066,
    "run_end_symbol_offset": 1070,
    "run_value_IQ": [
     5736,
     -5737
    ],
    "is_stall": false
   },
   {
    "frame_index": 298,
    "frame_start_symtime": 4970130,
    "n_samples_in_frame": 17958,
    "longest_run_symbols": 5,
    "run_start_symbol_offset": 1066,
    "run_end_symbol_offset": 1070,
    "run_value_IQ": [
     5736,
     -5737
    ],
    "is_stall": false
   },
   {
    "frame_index": 299,
    "frame_start_symtime": 4994796,
    "n_samples_in_frame": 9329,
    "longest_run_symbols": 5,
    "run_start_symbol_offset": 1066,
    "run_end_symbol_offset": 1070,
    "run_value_IQ": [
     5736,
     -5737
    ],
    "is_stall": false
   },
   {
    "frame_index": 300,
    "frame_start_symtime": 5007129,
    "n_samples_in_frame": 9404,
    "longest_run_symbols": 5,
    "run_start_symbol_offset": 9565,
    "run_end_symbol_offset": 9569,
    "run_value_IQ": [
     5736,
     5736
    ],
    "is_stall": false
   },
   {
    "frame_index": 301,
    "frame_start_symtime": 5019462,
    "n_samples_in_frame": 27309,
    "longest_run_symbols": 5,
    "run_start_symbol_offset": 1066,
    "run_end_symbol_offset": 1070,
    "run_value_IQ": [
     5736,
     -5737
    ],
    "is_stall": false
   },
   {
    "frame_index": 302,
    "frame_start_symtime": 5056461,
    "n_samples_in_frame": 9469,
    "longest_run_symbols": 5,
    "run_start_symbol_offset": 1066,
    "run_end_symbol_offset": 1070,
    "run_value_IQ": [
     5736,
     -5737
    ],
    "is_stall": false
   },
   {
    "frame_index": 303,
    "frame_start_symtime": 5068794,
    "n_samples_in_frame": 9336,
    "longest_run_symbols": 5,
    "run_start_symbol_offset": 1066,
    "run_end_symbol_offset": 1070,
    "run_value_IQ": [
     5736,
     -5737
    ],
    "is_stall": false
   },
   {
    "frame_index": 304,
    "frame_start_symtime": 5081127,
    "n_samples_in_frame": 9311,
    "longest_run_symbols": 5,
    "run_start_symbol_offset": 1066,
    "run_end_symbol_offset": 1070,
    "run_value_IQ": [
     5736,
     -5737
    ],
    "is_stall": false
   },
   {
    "frame_index": 305,
    "frame_start_symtime": 5093460,
    "n_samples_in_frame": 8786,
    "longest_run_symbols": 5,
    "run_start_symbol_offset": 1066,
    "run_end_symbol_offset": 1070,
    "run_value_IQ": [
     5736,
     -5737
    ],
    "is_stall": false
   },
   {
    "frame_index": 306,
    "frame_start_symtime": 5105793,
    "n_samples_in_frame": 9309,
    "longest_run_symbols": 5,
    "run_start_symbol_offset": 1066,
    "run_end_symbol_offset": 1070,
    "run_value_IQ": [
     5736,
     -5737
    ],
    "is_stall": false
   },
   {
    "frame_index": 307,
    "frame_start_symtime": 5118126,
    "n_samples_in_frame": 9436,
    "longest_run_symbols": 5,
    "run_start_symbol_offset": 9565,
    "run_end_symbol_offset": 9569,
    "run_value_IQ": [
     5736,
     5736
    ],
    "is_stall": false
   },
   {
    "frame_index": 308,
    "frame_start_symtime": 5130459,
    "n_samples_in_frame": 4601,
    "longest_run_symbols": 5,
    "run_start_symbol_offset": 1066,
    "run_end_symbol_offset": 1070,
    "run_value_IQ": [
     5736,
     -5737
    ],
    "is_stall": false
   },
   {
    "frame_index": 309,
    "frame_start_symtime": 5142792,
    "n_samples_in_frame": 9412,
    "longest_run_symbols": 5,
    "run_start_symbol_offset": 1066,
    "run_end_symbol_offset": 1070,
    "run_value_IQ": [
     5736,
     -5737
    ],
    "is_stall": false
   },
   {
    "frame_index": 310,
    "frame_start_symtime": 5155125,
    "n_samples_in_frame": 18016,
    "longest_run_symbols": 5,
    "run_start_symbol_offset": 1066,
    "run_end_symbol_offset": 1070,
    "run_value_IQ": [
     5736,
     -5737
    ],
    "is_stall": false
   },
   {
    "frame_index": 311,
    "frame_start_symtime": 5179791,
    "n_samples_in_frame": 9369,
    "longest_run_symbols": 5,
    "run_start_symbol_offset": 9565,
    "run_end_symbol_offset": 9569,
    "run_value_IQ": [
     5736,
     5736
    ],
    "is_stall": false
   },
   {
    "frame_index": 312,
    "frame_start_symtime": 5192124,
    "n_samples_in_frame": 9347,
    "longest_run_symbols": 5,
    "run_start_symbol_offset": 9565,
    "run_end_symbol_offset": 9569,
    "run_value_IQ": [
     5736,
     5736
    ],
    "is_stall": false
   },
   {
    "frame_index": 313,
    "frame_start_symtime": 5204457,
    "n_samples_in_frame": 17976,
    "longest_run_symbols": 5,
    "run_start_symbol_offset": 1066,
    "run_end_symbol_offset": 1070,
    "run_value_IQ": [
     5736,
     -5737
    ],
    "is_stall": false
   },
   {
    "frame_index": 314,
    "frame_start_symtime": 5229123,
    "n_samples_in_frame": 18449,
    "longest_run_symbols": 5,
    "run_start_symbol_offset": 1066,
    "run_end_symbol_offset": 1070,
    "run_value_IQ": [
     5736,
     -5737
    ],
    "is_stall": false
   },
   {
    "frame_index": 315,
    "frame_start_symtime": 5253789,
    "n_samples_in_frame": 9512,
    "longest_run_symbols": 5,
    "run_start_symbol_offset": 1066,
    "run_end_symbol_offset": 1070,
    "run_value_IQ": [
     5736,
     -5737
    ],
    "is_stall": false
   },
   {
    "frame_index": 316,
    "frame_start_symtime": 5266122,
    "n_samples_in_frame": 9245,
    "longest_run_symbols": 5,
    "run_start_symbol_offset": 1066,
    "run_end_symbol_offset": 1070,
    "run_value_IQ": [
     5736,
     -5737
    ],
    "is_stall": false
   },
   {
    "frame_index": 317,
    "frame_start_symtime": 5278455,
    "n_samples_in_frame": 8695,
    "longest_run_symbols": 5,
    "run_start_symbol_offset": 1066,
    "run_end_symbol_offset": 1070,
    "run_value_IQ": [
     5736,
     -5737
    ],
    "is_stall": false
   },
   {
    "frame_index": 318,
    "frame_start_symtime": 5290788,
    "n_samples_in_frame": 9374,
    "longest_run_symbols": 5,
    "run_start_symbol_offset": 1066,
    "run_end_symbol_offset": 1070,
    "run_value_IQ": [
     5736,
     -5737
    ],
    "is_stall": false
   },
   {
    "frame_index": 319,
    "frame_start_symtime": 5303121,
    "n_samples_in_frame": 18584,
    "longest_run_symbols": 5,
    "run_start_symbol_offset": 1066,
    "run_end_symbol_offset": 1070,
    "run_value_IQ": [
     5736,
     -5737
    ],
    "is_stall": false
   },
   {
    "frame_index": 320,
    "frame_start_symtime": 5327787,
    "n_samples_in_frame": 9366,
    "longest_run_symbols": 5,
    "run_start_symbol_offset": 9565,
    "run_end_symbol_offset": 9569,
    "run_value_IQ": [
     5736,
     5736
    ],
    "is_stall": false
   },
   {
    "frame_index": 321,
    "frame_start_symtime": 5340120,
    "n_samples_in_frame": 8728,
    "longest_run_symbols": 5,
    "run_start_symbol_offset": 1066,
    "run_end_symbol_offset": 1070,
    "run_value_IQ": [
     5736,
     -5737
    ],
    "is_stall": false
   },
   {
    "frame_index": 322,
    "frame_start_symtime": 5352453,
    "n_samples_in_frame": 9299,
    "longest_run_symbols": 5,
    "run_start_symbol_offset": 9565,
    "run_end_symbol_offset": 9569,
    "run_value_IQ": [
     5736,
     5736
    ],
    "is_stall": false
   },
   {
    "frame_index": 323,
    "frame_start_symtime": 5364786,
    "n_samples_in_frame": 18666,
    "longest_run_symbols": 5,
    "run_start_symbol_offset": 1066,
    "run_end_symbol_offset": 1070,
    "run_value_IQ": [
     5736,
     -5737
    ],
    "is_stall": false
   },
   {
    "frame_index": 324,
    "frame_start_symtime": 5389452,
    "n_samples_in_frame": 9323,
    "longest_run_symbols": 5,
    "run_start_symbol_offset": 1066,
    "run_end_symbol_offset": 1070,
    "run_value_IQ": [
     5736,
     -5737
    ],
    "is_stall": false
   },
   {
    "frame_index": 325,
    "frame_start_symtime": 5401785,
    "n_samples_in_frame": 8674,
    "longest_run_symbols": 5,
    "run_start_symbol_offset": 9565,
    "run_end_symbol_offset": 9569,
    "run_value_IQ": [
     5736,
     5736
    ],
    "is_stall": false
   },
   {
    "frame_index": 326,
    "frame_start_symtime": 5414118,
    "n_samples_in_frame": 9418,
    "longest_run_symbols": 5,
    "run_start_symbol_offset": 9565,
    "run_end_symbol_offset": 9569,
    "run_value_IQ": [
     5736,
     5736
    ],
    "is_stall": false
   },
   {
    "frame_index": 327,
    "frame_start_symtime": 5426451,
    "n_samples_in_frame": 9254,
    "longest_run_symbols": 5,
    "run_start_symbol_offset": 1066,
    "run_end_symbol_offset": 1070,
    "run_value_IQ": [
     5736,
     -5737
    ],
    "is_stall": false
   },
   {
    "frame_index": 328,
    "frame_start_symtime": 5438784,
    "n_samples_in_frame": 8795,
    "longest_run_symbols": 5,
    "run_start_symbol_offset": 1066,
    "run_end_symbol_offset": 1070,
    "run_value_IQ": [
     5736,
     -5737
    ],
    "is_stall": false
   },
   {
    "frame_index": 329,
    "frame_start_symtime": 5451117,
    "n_samples_in_frame": 8824,
    "longest_run_symbols": 5,
    "run_start_symbol_offset": 1066,
    "run_end_symbol_offset": 1070,
    "run_value_IQ": [
     5736,
     -5737
    ],
    "is_stall": false
   },
   {
    "frame_index": 330,
    "frame_start_symtime": 5463450,
    "n_samples_in_frame": 16947,
    "longest_run_symbols": 5,
    "run_start_symbol_offset": 9565,
    "run_end_symbol_offset": 9569,
    "run_value_IQ": [
     5736,
     5736
    ],
    "is_stall": false
   },
   {
    "frame_index": 331,
    "frame_start_symtime": 5488116,
    "n_samples_in_frame": 3757,
    "longest_run_symbols": 5,
    "run_start_symbol_offset": 1066,
    "run_end_symbol_offset": 1070,
    "run_value_IQ": [
     5736,
     -5737
    ],
    "is_stall": false
   },
   {
    "frame_index": 332,
    "frame_start_symtime": 5500449,
    "n_samples_in_frame": 17583,
    "longest_run_symbols": 5,
    "run_start_symbol_offset": 11989,
    "run_end_symbol_offset": 11993,
    "run_value_IQ": [
     5736,
     -5737
    ],
    "is_stall": false
   },
   {
    "frame_index": 333,
    "frame_start_symtime": 5525115,
    "n_samples_in_frame": 8424,
    "longest_run_symbols": 5,
    "run_start_symbol_offset": 1066,
    "run_end_symbol_offset": 1070,
    "run_value_IQ": [
     5736,
     -5737
    ],
    "is_stall": false
   },
   {
    "frame_index": 334,
    "frame_start_symtime": 5537448,
    "n_samples_in_frame": 17535,
    "longest_run_symbols": 5,
    "run_start_symbol_offset": 11989,
    "run_end_symbol_offset": 11993,
    "run_value_IQ": [
     5736,
     -5737
    ],
    "is_stall": false
   },
   {
    "frame_index": 335,
    "frame_start_symtime": 5562114,
    "n_samples_in_frame": 17704,
    "longest_run_symbols": 5,
    "run_start_symbol_offset": 9565,
    "run_end_symbol_offset": 9569,
    "run_value_IQ": [
     5736,
     5736
    ],
    "is_stall": false
   },
   {
    "frame_index": 336,
    "frame_start_symtime": 5586780,
    "n_samples_in_frame": 8171,
    "longest_run_symbols": 5,
    "run_start_symbol_offset": 9565,
    "run_end_symbol_offset": 9569,
    "run_value_IQ": [
     5736,
     5736
    ],
    "is_stall": false
   },
   {
    "frame_index": 337,
    "frame_start_symtime": 5599113,
    "n_samples_in_frame": 8831,
    "longest_run_symbols": 5,
    "run_start_symbol_offset": 9565,
    "run_end_symbol_offset": 9569,
    "run_value_IQ": [
     5736,
     5736
    ],
    "is_stall": false
   },
   {
    "frame_index": 338,
    "frame_start_symtime": 5611446,
    "n_samples_in_frame": 8783,
    "longest_run_symbols": 5,
    "run_start_symbol_offset": 9565,
    "run_end_symbol_offset": 9569,
    "run_value_IQ": [
     5736,
     5736
    ],
    "is_stall": false
   },
   {
    "frame_index": 339,
    "frame_start_symtime": 5623779,
    "n_samples_in_frame": 17711,
    "longest_run_symbols": 5,
    "run_start_symbol_offset": 9565,
    "run_end_symbol_offset": 9569,
    "run_value_IQ": [
     5736,
     5736
    ],
    "is_stall": false
   },
   {
    "frame_index": 340,
    "frame_start_symtime": 5648445,
    "n_samples_in_frame": 8338,
    "longest_run_symbols": 5,
    "run_start_symbol_offset": 9565,
    "run_end_symbol_offset": 9569,
    "run_value_IQ": [
     5736,
     5736
    ],
    "is_stall": false
   },
   {
    "frame_index": 341,
    "frame_start_symtime": 5660778,
    "n_samples_in_frame": 8978,
    "longest_run_symbols": 5,
    "run_start_symbol_offset": 1066,
    "run_end_symbol_offset": 1070,
    "run_value_IQ": [
     5736,
     -5737
    ],
    "is_stall": false
   },
   {
    "frame_index": 342,
    "frame_start_symtime": 5673111,
    "n_samples_in_frame": 8725,
    "longest_run_symbols": 5,
    "run_start_symbol_offset": 1066,
    "run_end_symbol_offset": 1070,
    "run_value_IQ": [
     5736,
     -5737
    ],
    "is_stall": false
   },
   {
    "frame_index": 343,
    "frame_start_symtime": 5685444,
    "n_samples_in_frame": 8898,
    "longest_run_symbols": 5,
    "run_start_symbol_offset": 1066,
    "run_end_symbol_offset": 1070,
    "run_value_IQ": [
     5736,
     -5737
    ],
    "is_stall": false
   },
   {
    "frame_index": 344,
    "frame_start_symtime": 5697777,
    "n_samples_in_frame": 8651,
    "longest_run_symbols": 5,
    "run_start_symbol_offset": 9565,
    "run_end_symbol_offset": 9569,
    "run_value_IQ": [
     5736,
     5736
    ],
    "is_stall": false
   },
   {
    "frame_index": 345,
    "frame_start_symtime": 5710110,
    "n_samples_in_frame": 7913,
    "longest_run_symbols": 5,
    "run_start_symbol_offset": 11989,
    "run_end_symbol_offset": 11993,
    "run_value_IQ": [
     5736,
     -5737
    ],
    "is_stall": false
   },
   {
    "frame_index": 346,
    "frame_start_symtime": 5722443,
    "n_samples_in_frame": 17930,
    "longest_run_symbols": 5,
    "run_start_symbol_offset": 1066,
    "run_end_symbol_offset": 1070,
    "run_value_IQ": [
     5736,
     -5737
    ],
    "is_stall": false
   },
   {
    "frame_index": 347,
    "frame_start_symtime": 5747109,
    "n_samples_in_frame": 8200,
    "longest_run_symbols": 5,
    "run_start_symbol_offset": 1066,
    "run_end_symbol_offset": 1070,
    "run_value_IQ": [
     5736,
     -5737
    ],
    "is_stall": false
   },
   {
    "frame_index": 348,
    "frame_start_symtime": 5759442,
    "n_samples_in_frame": 8837,
    "longest_run_symbols": 5,
    "run_start_symbol_offset": 1066,
    "run_end_symbol_offset": 1070,
    "run_value_IQ": [
     5736,
     -5737
    ],
    "is_stall": false
   },
   {
    "frame_index": 349,
    "frame_start_symtime": 5771775,
    "n_samples_in_frame": 17414,
    "longest_run_symbols": 5,
    "run_start_symbol_offset": 1066,
    "run_end_symbol_offset": 1070,
    "run_value_IQ": [
     5736,
     -5737
    ],
    "is_stall": false
   },
   {
    "frame_index": 350,
    "frame_start_symtime": 5796441,
    "n_samples_in_frame": 9255,
    "longest_run_symbols": 5,
    "run_start_symbol_offset": 9565,
    "run_end_symbol_offset": 9569,
    "run_value_IQ": [
     5736,
     5736
    ],
    "is_stall": false
   },
   {
    "frame_index": 351,
    "frame_start_symtime": 5808774,
    "n_samples_in_frame": 8947,
    "longest_run_symbols": 5,
    "run_start_symbol_offset": 11989,
    "run_end_symbol_offset": 11993,
    "run_value_IQ": [
     5736,
     -5737
    ],
    "is_stall": false
   },
   {
    "frame_index": 352,
    "frame_start_symtime": 5821107,
    "n_samples_in_frame": 9153,
    "longest_run_symbols": 5,
    "run_start_symbol_offset": 1066,
    "run_end_symbol_offset": 1070,
    "run_value_IQ": [
     5736,
     -5737
    ],
    "is_stall": false
   },
   {
    "frame_index": 353,
    "frame_start_symtime": 5833440,
    "n_samples_in_frame": 8343,
    "longest_run_symbols": 5,
    "run_start_symbol_offset": 1066,
    "run_end_symbol_offset": 1070,
    "run_value_IQ": [
     5736,
     -5737
    ],
    "is_stall": false
   },
   {
    "frame_index": 354,
    "frame_start_symtime": 5845773,
    "n_samples_in_frame": 8908,
    "longest_run_symbols": 5,
    "run_start_symbol_offset": 1066,
    "run_end_symbol_offset": 1070,
    "run_value_IQ": [
     5736,
     -5737
    ],
    "is_stall": false
   },
   {
    "frame_index": 355,
    "frame_start_symtime": 5858106,
    "n_samples_in_frame": 4389,
    "longest_run_symbols": 5,
    "run_start_symbol_offset": 11989,
    "run_end_symbol_offset": 11993,
    "run_value_IQ": [
     5736,
     -5737
    ],
    "is_stall": false
   },
   {
    "frame_index": 356,
    "frame_start_symtime": 5870439,
    "n_samples_in_frame": 8900,
    "longest_run_symbols": 5,
    "run_start_symbol_offset": 1066,
    "run_end_symbol_offset": 1070,
    "run_value_IQ": [
     5736,
     -5737
    ],
    "is_stall": false
   },
   {
    "frame_index": 357,
    "frame_start_symtime": 5882772,
    "n_samples_in_frame": 9328,
    "longest_run_symbols": 5,
    "run_start_symbol_offset": 9565,
    "run_end_symbol_offset": 9569,
    "run_value_IQ": [
     5736,
     5736
    ],
    "is_stall": false
   },
   {
    "frame_index": 358,
    "frame_start_symtime": 5895105,
    "n_samples_in_frame": 8527,
    "longest_run_symbols": 5,
    "run_start_symbol_offset": 11989,
    "run_end_symbol_offset": 11993,
    "run_value_IQ": [
     5736,
     -5737
    ],
    "is_stall": false
   },
   {
    "frame_index": 359,
    "frame_start_symtime": 5907438,
    "n_samples_in_frame": 9227,
    "longest_run_symbols": 5,
    "run_start_symbol_offset": 1066,
    "run_end_symbol_offset": 1070,
    "run_value_IQ": [
     5736,
     -5737
    ],
    "is_stall": false
   },
   {
    "frame_index": 360,
    "frame_start_symtime": 5919771,
    "n_samples_in_frame": 9299,
    "longest_run_symbols": 5,
    "run_start_symbol_offset": 1066,
    "run_end_symbol_offset": 1070,
    "run_value_IQ": [
     5736,
     -5737
    ],
    "is_stall": false
   },
   {
    "frame_index": 361,
    "frame_start_symtime": 5932104,
    "n_samples_in_frame": 26668,
    "longest_run_symbols": 5,
    "run_start_symbol_offset": 9565,
    "run_end_symbol_offset": 9569,
    "run_value_IQ": [
     5736,
     5736
    ],
    "is_stall": false
   },
   {
    "frame_index": 362,
    "frame_start_symtime": 5969103,
    "n_samples_in_frame": 9045,
    "longest_run_symbols": 5,
    "run_start_symbol_offset": 1066,
    "run_end_symbol_offset": 1070,
    "run_value_IQ": [
     5736,
     -5737
    ],
    "is_stall": false
   },
   {
    "frame_index": 363,
    "frame_start_symtime": 5981436,
    "n_samples_in_frame": 18361,
    "longest_run_symbols": 5,
    "run_start_symbol_offset": 1066,
    "run_end_symbol_offset": 1070,
    "run_value_IQ": [
     5736,
     -5737
    ],
    "is_stall": false
   },
   {
    "frame_index": 364,
    "frame_start_symtime": 6006102,
    "n_samples_in_frame": 9074,
    "longest_run_symbols": 5,
    "run_start_symbol_offset": 1066,
    "run_end_symbol_offset": 1070,
    "run_value_IQ": [
     5736,
     -5737
    ],
    "is_stall": false
   },
   {
    "frame_index": 365,
    "frame_start_symtime": 6018435,
    "n_samples_in_frame": 2794,
    "longest_run_symbols": 5,
    "run_start_symbol_offset": 9565,
    "run_end_symbol_offset": 9569,
    "run_value_IQ": [
     5736,
     5736
    ],
    "is_stall": false
   },
   {
    "frame_index": 366,
    "frame_start_symtime": 6030768,
    "n_samples_in_frame": 15279,
    "longest_run_symbols": 5,
    "run_start_symbol_offset": 1066,
    "run_end_symbol_offset": 1070,
    "run_value_IQ": [
     5736,
     -5737
    ],
    "is_stall": false
   },
   {
    "frame_index": 367,
    "frame_start_symtime": 6055434,
    "n_samples_in_frame": 9137,
    "longest_run_symbols": 5,
    "run_start_symbol_offset": 1066,
    "run_end_symbol_offset": 1070,
    "run_value_IQ": [
     5736,
     -5737
    ],
    "is_stall": false
   },
   {
    "frame_index": 368,
    "frame_start_symtime": 6067767,
    "n_samples_in_frame": 8939,
    "longest_run_symbols": 5,
    "run_start_symbol_offset": 1066,
    "run_end_symbol_offset": 1070,
    "run_value_IQ": [
     5736,
     -5737
    ],
    "is_stall": false
   },
   {
    "frame_index": 369,
    "frame_start_symtime": 6080100,
    "n_samples_in_frame": 8501,
    "longest_run_symbols": 5,
    "run_start_symbol_offset": 9565,
    "run_end_symbol_offset": 9569,
    "run_value_IQ": [
     5736,
     5736
    ],
    "is_stall": false
   },
   {
    "frame_index": 370,
    "frame_start_symtime": 6092433,
    "n_samples_in_frame": 9032,
    "longest_run_symbols": 5,
    "run_start_symbol_offset": 1066,
    "run_end_symbol_offset": 1070,
    "run_value_IQ": [
     5736,
     -5737
    ],
    "is_stall": false
   },
   {
    "frame_index": 371,
    "frame_start_symtime": 6104766,
    "n_samples_in_frame": 36006,
    "longest_run_symbols": 5,
    "run_start_symbol_offset": 9565,
    "run_end_symbol_offset": 9569,
    "run_value_IQ": [
     5736,
     5736
    ],
    "is_stall": false
   },
   {
    "frame_index": 372,
    "frame_start_symtime": 6154098,
    "n_samples_in_frame": 9251,
    "longest_run_symbols": 5,
    "run_start_symbol_offset": 1066,
    "run_end_symbol_offset": 1070,
    "run_value_IQ": [
     5736,
     -5737
    ],
    "is_stall": false
   },
   {
    "frame_index": 373,
    "frame_start_symtime": 6166431,
    "n_samples_in_frame": 8785,
    "longest_run_symbols": 5,
    "run_start_symbol_offset": 1066,
    "run_end_symbol_offset": 1070,
    "run_value_IQ": [
     5736,
     -5737
    ],
    "is_stall": false
   },
   {
    "frame_index": 374,
    "frame_start_symtime": 6178764,
    "n_samples_in_frame": 18105,
    "longest_run_symbols": 5,
    "run_start_symbol_offset": 1066,
    "run_end_symbol_offset": 1070,
    "run_value_IQ": [
     5736,
     -5737
    ],
    "is_stall": false
   },
   {
    "frame_index": 375,
    "frame_start_symtime": 6203430,
    "n_samples_in_frame": 8664,
    "longest_run_symbols": 5,
    "run_start_symbol_offset": 9565,
    "run_end_symbol_offset": 9569,
    "run_value_IQ": [
     5736,
     5736
    ],
    "is_stall": false
   },
   {
    "frame_index": 376,
    "frame_start_symtime": 6215763,
    "n_samples_in_frame": 9439,
    "longest_run_symbols": 5,
    "run_start_symbol_offset": 1066,
    "run_end_symbol_offset": 1229,
    "run_value_IQ": [
     5736,
     -5737
    ],
    "is_stall": false
   },
   {
    "frame_index": 377,
    "frame_start_symtime": 6228096,
    "n_samples_in_frame": 4701,
    "longest_run_symbols": 5,
    "run_start_symbol_offset": 1066,
    "run_end_symbol_offset": 1070,
    "run_value_IQ": [
     5736,
     -5737
    ],
    "is_stall": false
   },
   {
    "frame_index": 378,
    "frame_start_symtime": 6240429,
    "n_samples_in_frame": 9355,
    "longest_run_symbols": 5,
    "run_start_symbol_offset": 1066,
    "run_end_symbol_offset": 1070,
    "run_value_IQ": [
     5736,
     -5737
    ],
    "is_stall": false
   },
   {
    "frame_index": 379,
    "frame_start_symtime": 6252762,
    "n_samples_in_frame": 9292,
    "longest_run_symbols": 5,
    "run_start_symbol_offset": 1066,
    "run_end_symbol_offset": 1070,
    "run_value_IQ": [
     5736,
     -5737
    ],
    "is_stall": false
   },
   {
    "frame_index": 380,
    "frame_start_symtime": 6265095,
    "n_samples_in_frame": 8814,
    "longest_run_symbols": 5,
    "run_start_symbol_offset": 9565,
    "run_end_symbol_offset": 9569,
    "run_value_IQ": [
     5736,
     5736
    ],
    "is_stall": false
   },
   {
    "frame_index": 381,
    "frame_start_symtime": 6277428,
    "n_samples_in_frame": 9264,
    "longest_run_symbols": 5,
    "run_start_symbol_offset": 1066,
    "run_end_symbol_offset": 1070,
    "run_value_IQ": [
     5736,
     -5737
    ],
    "is_stall": false
   },
   {
    "frame_index": 382,
    "frame_start_symtime": 6289761,
    "n_samples_in_frame": 9175,
    "longest_run_symbols": 5,
    "run_start_symbol_offset": 9565,
    "run_end_symbol_offset": 9569,
    "run_value_IQ": [
     5736,
     5736
    ],
    "is_stall": false
   },
   {
    "frame_index": 383,
    "frame_start_symtime": 6302094,
    "n_samples_in_frame": 9160,
    "longest_run_symbols": 5,
    "run_start_symbol_offset": 1066,
    "run_end_symbol_offset": 1070,
    "run_value_IQ": [
     5736,
     -5737
    ],
    "is_stall": false
   },
   {
    "frame_index": 384,
    "frame_start_symtime": 6314427,
    "n_samples_in_frame": 17223,
    "longest_run_symbols": 5,
    "run_start_symbol_offset": 9565,
    "run_end_symbol_offset": 9569,
    "run_value_IQ": [
     5736,
     5736
    ],
    "is_stall": false
   },
   {
    "frame_index": 385,
    "frame_start_symtime": 6339093,
    "n_samples_in_frame": 26771,
    "longest_run_symbols": 5,
    "run_start_symbol_offset": 1066,
    "run_end_symbol_offset": 1070,
    "run_value_IQ": [
     5736,
     -5737
    ],
    "is_stall": false
   },
   {
    "frame_index": 386,
    "frame_start_symtime": 6376092,
    "n_samples_in_frame": 26118,
    "longest_run_symbols": 5,
    "run_start_symbol_offset": 11989,
    "run_end_symbol_offset": 11993,
    "run_value_IQ": [
     5736,
     -5737
    ],
    "is_stall": false
   },
   {
    "frame_index": 387,
    "frame_start_symtime": 6413091,
    "n_samples_in_frame": 18132,
    "longest_run_symbols": 5,
    "run_start_symbol_offset": 11989,
    "run_end_symbol_offset": 11993,
    "run_value_IQ": [
     5736,
     -5737
    ],
    "is_stall": false
   },
   {
    "frame_index": 388,
    "frame_start_symtime": 6437757,
    "n_samples_in_frame": 8988,
    "longest_run_symbols": 5,
    "run_start_symbol_offset": 1066,
    "run_end_symbol_offset": 1070,
    "run_value_IQ": [
     5736,
     -5737
    ],
    "is_stall": false
   },
   {
    "frame_index": 389,
    "frame_start_symtime": 6450090,
    "n_samples_in_frame": 17301,
    "longest_run_symbols": 5,
    "run_start_symbol_offset": 1066,
    "run_end_symbol_offset": 1070,
    "run_value_IQ": [
     5736,
     -5737
    ],
    "is_stall": false
   },
   {
    "frame_index": 390,
    "frame_start_symtime": 6474756,
    "n_samples_in_frame": 9109,
    "longest_run_symbols": 5,
    "run_start_symbol_offset": 11989,
    "run_end_symbol_offset": 11993,
    "run_value_IQ": [
     5736,
     -5737
    ],
    "is_stall": false
   },
   {
    "frame_index": 391,
    "frame_start_symtime": 6487089,
    "n_samples_in_frame": 8961,
    "longest_run_symbols": 5,
    "run_start_symbol_offset": 1066,
    "run_end_symbol_offset": 1070,
    "run_value_IQ": [
     5736,
     -5737
    ],
    "is_stall": false
   },
   {
    "frame_index": 392,
    "frame_start_symtime": 6499422,
    "n_samples_in_frame": 8912,
    "longest_run_symbols": 5,
    "run_start_symbol_offset": 11989,
    "run_end_symbol_offset": 11993,
    "run_value_IQ": [
     5736,
     -5737
    ],
    "is_stall": false
   },
   {
    "frame_index": 393,
    "frame_start_symtime": 6511755,
    "n_samples_in_frame": 16664,
    "longest_run_symbols": 5,
    "run_start_symbol_offset": 1066,
    "run_end_symbol_offset": 1070,
    "run_value_IQ": [
     5736,
     -5737
    ],
    "is_stall": false
   },
   {
    "frame_index": 394,
    "frame_start_symtime": 6536421,
    "n_samples_in_frame": 8754,
    "longest_run_symbols": 4,
    "run_start_symbol_offset": 696,
    "run_end_symbol_offset": 699,
    "run_value_IQ": [
     5736,
     -5737
    ],
    "is_stall": false
   },
   {
    "frame_index": 395,
    "frame_start_symtime": 6548754,
    "n_samples_in_frame": 9070,
    "longest_run_symbols": 5,
    "run_start_symbol_offset": 1066,
    "run_end_symbol_offset": 1070,
    "run_value_IQ": [
     5736,
     -5737
    ],
    "is_stall": false
   },
   {
    "frame_index": 396,
    "frame_start_symtime": 6561087,
    "n_samples_in_frame": 26798,
    "longest_run_symbols": 5,
    "run_start_symbol_offset": 11989,
    "run_end_symbol_offset": 11993,
    "run_value_IQ": [
     5736,
     -5737
    ],
    "is_stall": false
   },
   {
    "frame_index": 397,
    "frame_start_symtime": 6598086,
    "n_samples_in_frame": 9728,
    "longest_run_symbols": 5,
    "run_start_symbol_offset": 1066,
    "run_end_symbol_offset": 1070,
    "run_value_IQ": [
     5736,
     -5737
    ],
    "is_stall": false
   },
   {
    "frame_index": 398,
    "frame_start_symtime": 6610419,
    "n_samples_in_frame": 18049,
    "longest_run_symbols": 5,
    "run_start_symbol_offset": 11989,
    "run_end_symbol_offset": 11993,
    "run_value_IQ": [
     5736,
     -5737
    ],
    "is_stall": false
   },
   {
    "frame_index": 399,
    "frame_start_symtime": 6635085,
    "n_samples_in_frame": 9392,
    "longest_run_symbols": 5,
    "run_start_symbol_offset": 1066,
    "run_end_symbol_offset": 1070,
    "run_value_IQ": [
     5736,
     -5737
    ],
    "is_stall": false
   },
   {
    "frame_index": 400,
    "frame_start_symtime": 6647418,
    "n_samples_in_frame": 9468,
    "longest_run_symbols": 5,
    "run_start_symbol_offset": 1066,
    "run_end_symbol_offset": 1070,
    "run_value_IQ": [
     5736,
     -5737
    ],
    "is_stall": false
   },
   {
    "frame_index": 401,
    "frame_start_symtime": 6659751,
    "n_samples_in_frame": 9482,
    "longest_run_symbols": 5,
    "run_start_symbol_offset": 1066,
    "run_end_symbol_offset": 1070,
    "run_value_IQ": [
     5736,
     -5737
    ],
    "is_stall": false
   },
   {
    "frame_index": 402,
    "frame_start_symtime": 6672084,
    "n_samples_in_frame": 9511,
    "longest_run_symbols": 5,
    "run_start_symbol_offset": 1066,
    "run_end_symbol_offset": 1070,
    "run_value_IQ": [
     5736,
     -5737
    ],
    "is_stall": false
   },
   {
    "frame_index": 403,
    "frame_start_symtime": 6684417,
    "n_samples_in_frame": 8601,
    "longest_run_symbols": 5,
    "run_start_symbol_offset": 1066,
    "run_end_symbol_offset": 1070,
    "run_value_IQ": [
     5736,
     -5737
    ],
    "is_stall": false
   },
   {
    "frame_index": 404,
    "frame_start_symtime": 6696750,
    "n_samples_in_frame": 9471,
    "longest_run_symbols": 5,
    "run_start_symbol_offset": 1066,
    "run_end_symbol_offset": 1070,
    "run_value_IQ": [
     5736,
     -5737
    ],
    "is_stall": false
   },
   {
    "frame_index": 405,
    "frame_start_symtime": 6709083,
    "n_samples_in_frame": 9533,
    "longest_run_symbols": 5,
    "run_start_symbol_offset": 1066,
    "run_end_symbol_offset": 1070,
    "run_value_IQ": [
     5736,
     -5737
    ],
    "is_stall": false
   },
   {
    "frame_index": 406,
    "frame_start_symtime": 6721416,
    "n_samples_in_frame": 18759,
    "longest_run_symbols": 5,
    "run_start_symbol_offset": 1066,
    "run_end_symbol_offset": 1070,
    "run_value_IQ": [
     5736,
     -5737
    ],
    "is_stall": false
   },
   {
    "frame_index": 407,
    "frame_start_symtime": 6746082,
    "n_samples_in_frame": 8740,
    "longest_run_symbols": 5,
    "run_start_symbol_offset": 9565,
    "run_end_symbol_offset": 9569,
    "run_value_IQ": [
     5736,
     5736
    ],
    "is_stall": false
   },
   {
    "frame_index": 408,
    "frame_start_symtime": 6758415,
    "n_samples_in_frame": 9449,
    "longest_run_symbols": 5,
    "run_start_symbol_offset": 9565,
    "run_end_symbol_offset": 9569,
    "run_value_IQ": [
     5736,
     5736
    ],
    "is_stall": false
   },
   {
    "frame_index": 409,
    "frame_start_symtime": 6770748,
    "n_samples_in_frame": 9445,
    "longest_run_symbols": 5,
    "run_start_symbol_offset": 1066,
    "run_end_symbol_offset": 1070,
    "run_value_IQ": [
     5736,
     -5737
    ],
    "is_stall": false
   },
   {
    "frame_index": 410,
    "frame_start_symtime": 6783081,
    "n_samples_in_frame": 9512,
    "longest_run_symbols": 5,
    "run_start_symbol_offset": 9565,
    "run_end_symbol_offset": 9569,
    "run_value_IQ": [
     5736,
     5736
    ],
    "is_stall": false
   },
   {
    "frame_index": 411,
    "frame_start_symtime": 6795414,
    "n_samples_in_frame": 9280,
    "longest_run_symbols": 5,
    "run_start_symbol_offset": 1066,
    "run_end_symbol_offset": 1070,
    "run_value_IQ": [
     5736,
     -5737
    ],
    "is_stall": false
   },
   {
    "frame_index": 412,
    "frame_start_symtime": 6807747,
    "n_samples_in_frame": 8693,
    "longest_run_symbols": 5,
    "run_start_symbol_offset": 1066,
    "run_end_symbol_offset": 1070,
    "run_value_IQ": [
     5736,
     -5737
    ],
    "is_stall": false
   },
   {
    "frame_index": 413,
    "frame_start_symtime": 6820080,
    "n_samples_in_frame": 9328,
    "longest_run_symbols": 5,
    "run_start_symbol_offset": 1066,
    "run_end_symbol_offset": 1070,
    "run_value_IQ": [
     5736,
     -5737
    ],
    "is_stall": false
   },
   {
    "frame_index": 414,
    "frame_start_symtime": 6832413,
    "n_samples_in_frame": 9587,
    "longest_run_symbols": 5,
    "run_start_symbol_offset": 9565,
    "run_end_symbol_offset": 9569,
    "run_value_IQ": [
     5736,
     5736
    ],
    "is_stall": false
   },
   {
    "frame_index": 415,
    "frame_start_symtime": 6844746,
    "n_samples_in_frame": 9414,
    "longest_run_symbols": 5,
    "run_start_symbol_offset": 1066,
    "run_end_symbol_offset": 1070,
    "run_value_IQ": [
     5736,
     -5737
    ],
    "is_stall": false
   },
   {
    "frame_index": 416,
    "frame_start_symtime": 6857079,
    "n_samples_in_frame": 9430,
    "longest_run_symbols": 5,
    "run_start_symbol_offset": 9565,
    "run_end_symbol_offset": 9569,
    "run_value_IQ": [
     5736,
     5736
    ],
    "is_stall": false
   },
   {
    "frame_index": 417,
    "frame_start_symtime": 6869412,
    "n_samples_in_frame": 18356,
    "longest_run_symbols": 5,
    "run_start_symbol_offset": 1066,
    "run_end_symbol_offset": 1070,
    "run_value_IQ": [
     5736,
     -5737
    ],
    "is_stall": false
   },
   {
    "frame_index": 418,
    "frame_start_symtime": 6894078,
    "n_samples_in_frame": 18850,
    "longest_run_symbols": 5,
    "run_start_symbol_offset": 11989,
    "run_end_symbol_offset": 11993,
    "run_value_IQ": [
     5736,
     -5737
    ],
    "is_stall": false
   },
   {
    "frame_index": 419,
    "frame_start_symtime": 6918744,
    "n_samples_in_frame": 23132,
    "longest_run_symbols": 5,
    "run_start_symbol_offset": 9565,
    "run_end_symbol_offset": 9569,
    "run_value_IQ": [
     5736,
     5736
    ],
    "is_stall": false
   },
   {
    "frame_index": 420,
    "frame_start_symtime": 6955743,
    "n_samples_in_frame": 9455,
    "longest_run_symbols": 5,
    "run_start_symbol_offset": 1066,
    "run_end_symbol_offset": 1070,
    "run_value_IQ": [
     5736,
     -5737
    ],
    "is_stall": false
   },
   {
    "frame_index": 421,
    "frame_start_symtime": 6968076,
    "n_samples_in_frame": 9469,
    "longest_run_symbols": 5,
    "run_start_symbol_offset": 1066,
    "run_end_symbol_offset": 1070,
    "run_value_IQ": [
     5736,
     -5737
    ],
    "is_stall": false
   },
   {
    "frame_index": 422,
    "frame_start_symtime": 6980409,
    "n_samples_in_frame": 27523,
    "longest_run_symbols": 5,
    "run_start_symbol_offset": 1066,
    "run_end_symbol_offset": 1070,
    "run_value_IQ": [
     5736,
     -5737
    ],
    "is_stall": false
   },
   {
    "frame_index": 423,
    "frame_start_symtime": 7017408,
    "n_samples_in_frame": 18918,
    "longest_run_symbols": 5,
    "run_start_symbol_offset": 9565,
    "run_end_symbol_offset": 9569,
    "run_value_IQ": [
     5736,
     5736
    ],
    "is_stall": false
   },
   {
    "frame_index": 424,
    "frame_start_symtime": 7042074,
    "n_samples_in_frame": 9342,
    "longest_run_symbols": 5,
    "run_start_symbol_offset": 9565,
    "run_end_symbol_offset": 9569,
    "run_value_IQ": [
     5736,
     5736
    ],
    "is_stall": false
   },
   {
    "frame_index": 425,
    "frame_start_symtime": 7054407,
    "n_samples_in_frame": 8896,
    "longest_run_symbols": 5,
    "run_start_symbol_offset": 9565,
    "run_end_symbol_offset": 9569,
    "run_value_IQ": [
     5736,
     5736
    ],
    "is_stall": false
   },
   {
    "frame_index": 426,
    "frame_start_symtime": 7066740,
    "n_samples_in_frame": 9305,
    "longest_run_symbols": 5,
    "run_start_symbol_offset": 1066,
    "run_end_symbol_offset": 1070,
    "run_value_IQ": [
     5736,
     -5737
    ],
    "is_stall": false
   },
   {
    "frame_index": 427,
    "frame_start_symtime": 7079073,
    "n_samples_in_frame": 9417,
    "longest_run_symbols": 5,
    "run_start_symbol_offset": 1066,
    "run_end_symbol_offset": 1070,
    "run_value_IQ": [
     5736,
     -5737
    ],
    "is_stall": false
   },
   {
    "frame_index": 428,
    "frame_start_symtime": 7091406,
    "n_samples_in_frame": 18888,
    "longest_run_symbols": 5,
    "run_start_symbol_offset": 9565,
    "run_end_symbol_offset": 9569,
    "run_value_IQ": [
     5736,
     5736
    ],
    "is_stall": false
   },
   {
    "frame_index": 429,
    "frame_start_symtime": 7116072,
    "n_samples_in_frame": 8907,
    "longest_run_symbols": 5,
    "run_start_symbol_offset": 1066,
    "run_end_symbol_offset": 1070,
    "run_value_IQ": [
     5736,
     -5737
    ],
    "is_stall": false
   },
   {
    "frame_index": 430,
    "frame_start_symtime": 7128405,
    "n_samples_in_frame": 9091,
    "longest_run_symbols": 5,
    "run_start_symbol_offset": 1066,
    "run_end_symbol_offset": 1070,
    "run_value_IQ": [
     5736,
     -5737
    ],
    "is_stall": false
   },
   {
    "frame_index": 431,
    "frame_start_symtime": 7140738,
    "n_samples_in_frame": 18869,
    "longest_run_symbols": 5,
    "run_start_symbol_offset": 9565,
    "run_end_symbol_offset": 9569,
    "run_value_IQ": [
     5736,
     5736
    ],
    "is_stall": false
   },
   {
    "frame_index": 432,
    "frame_start_symtime": 7165404,
    "n_samples_in_frame": 18275,
    "longest_run_symbols": 5,
    "run_start_symbol_offset": 9565,
    "run_end_symbol_offset": 9569,
    "run_value_IQ": [
     5736,
     5736
    ],
    "is_stall": false
   },
   {
    "frame_index": 433,
    "frame_start_symtime": 7190070,
    "n_samples_in_frame": 9437,
    "longest_run_symbols": 5,
    "run_start_symbol_offset": 1066,
    "run_end_symbol_offset": 1070,
    "run_value_IQ": [
     5736,
     -5737
    ],
    "is_stall": false
   },
   {
    "frame_index": 434,
    "frame_start_symtime": 7202403,
    "n_samples_in_frame": 18908,
    "longest_run_symbols": 5,
    "run_start_symbol_offset": 11989,
    "run_end_symbol_offset": 11993,
    "run_value_IQ": [
     5736,
     -5737
    ],
    "is_stall": false
   },
   {
    "frame_index": 435,
    "frame_start_symtime": 7227069,
    "n_samples_in_frame": 18063,
    "longest_run_symbols": 5,
    "run_start_symbol_offset": 9565,
    "run_end_symbol_offset": 9569,
    "run_value_IQ": [
     5736,
     5736
    ],
    "is_stall": false
   },
   {
    "frame_index": 436,
    "frame_start_symtime": 7251735,
    "n_samples_in_frame": 9452,
    "longest_run_symbols": 5,
    "run_start_symbol_offset": 1066,
    "run_end_symbol_offset": 1070,
    "run_value_IQ": [
     5736,
     -5737
    ],
    "is_stall": false
   },
   {
    "frame_index": 437,
    "frame_start_symtime": 7264068,
    "n_samples_in_frame": 9509,
    "longest_run_symbols": 5,
    "run_start_symbol_offset": 1066,
    "run_end_symbol_offset": 1070,
    "run_value_IQ": [
     5736,
     -5737
    ],
    "is_stall": false
   },
   {
    "frame_index": 438,
    "frame_start_symtime": 7276401,
    "n_samples_in_frame": 14009,
    "longest_run_symbols": 5,
    "run_start_symbol_offset": 1066,
    "run_end_symbol_offset": 1070,
    "run_value_IQ": [
     5736,
     -5737
    ],
    "is_stall": false
   },
   {
    "frame_index": 439,
    "frame_start_symtime": 7288734,
    "n_samples_in_frame": 18190,
    "longest_run_symbols": 5,
    "run_start_symbol_offset": 11989,
    "run_end_symbol_offset": 11993,
    "run_value_IQ": [
     5736,
     -5737
    ],
    "is_stall": false
   },
   {
    "frame_index": 440,
    "frame_start_symtime": 7313400,
    "n_samples_in_frame": 9435,
    "longest_run_symbols": 5,
    "run_start_symbol_offset": 1066,
    "run_end_symbol_offset": 1070,
    "run_value_IQ": [
     5736,
     -5737
    ],
    "is_stall": false
   },
   {
    "frame_index": 441,
    "frame_start_symtime": 7325733,
    "n_samples_in_frame": 9404,
    "longest_run_symbols": 5,
    "run_start_symbol_offset": 1066,
    "run_end_symbol_offset": 1070,
    "run_value_IQ": [
     5736,
     -5737
    ],
    "is_stall": false
   },
   {
    "frame_index": 442,
    "frame_start_symtime": 7338066,
    "n_samples_in_frame": 9479,
    "longest_run_symbols": 5,
    "run_start_symbol_offset": 9565,
    "run_end_symbol_offset": 9569,
    "run_value_IQ": [
     5736,
     5736
    ],
    "is_stall": false
   },
   {
    "frame_index": 443,
    "frame_start_symtime": 7350399,
    "n_samples_in_frame": 8737,
    "longest_run_symbols": 5,
    "run_start_symbol_offset": 9565,
    "run_end_symbol_offset": 9569,
    "run_value_IQ": [
     5736,
     5736
    ],
    "is_stall": false
   },
   {
    "frame_index": 444,
    "frame_start_symtime": 7362732,
    "n_samples_in_frame": 9436,
    "longest_run_symbols": 5,
    "run_start_symbol_offset": 1066,
    "run_end_symbol_offset": 1070,
    "run_value_IQ": [
     5736,
     -5737
    ],
    "is_stall": false
   },
   {
    "frame_index": 445,
    "frame_start_symtime": 7375065,
    "n_samples_in_frame": 9464,
    "longest_run_symbols": 5,
    "run_start_symbol_offset": 9565,
    "run_end_symbol_offset": 9569,
    "run_value_IQ": [
     5736,
     5736
    ],
    "is_stall": false
   },
   {
    "frame_index": 446,
    "frame_start_symtime": 7387398,
    "n_samples_in_frame": 9349,
    "longest_run_symbols": 5,
    "run_start_symbol_offset": 1066,
    "run_end_symbol_offset": 1070,
    "run_value_IQ": [
     5736,
     -5737
    ],
    "is_stall": false
   },
   {
    "frame_index": 447,
    "frame_start_symtime": 7399731,
    "n_samples_in_frame": 9381,
    "longest_run_symbols": 5,
    "run_start_symbol_offset": 1066,
    "run_end_symbol_offset": 1070,
    "run_value_IQ": [
     5736,
     -5737
    ],
    "is_stall": false
   },
   {
    "frame_index": 448,
    "frame_start_symtime": 7412064,
    "n_samples_in_frame": 8584,
    "longest_run_symbols": 5,
    "run_start_symbol_offset": 9565,
    "run_end_symbol_offset": 9569,
    "run_value_IQ": [
     5736,
     5736
    ],
    "is_stall": false
   },
   {
    "frame_index": 449,
    "frame_start_symtime": 7424397,
    "n_samples_in_frame": 4724,
    "longest_run_symbols": 4,
    "run_start_symbol_offset": 696,
    "run_end_symbol_offset": 699,
    "run_value_IQ": [
     5736,
     -5737
    ],
    "is_stall": false
   },
   {
    "frame_index": 450,
    "frame_start_symtime": 7436730,
    "n_samples_in_frame": 9446,
    "longest_run_symbols": 5,
    "run_start_symbol_offset": 9565,
    "run_end_symbol_offset": 9569,
    "run_value_IQ": [
     5736,
     5736
    ],
    "is_stall": false
   },
   {
    "frame_index": 451,
    "frame_start_symtime": 7449063,
    "n_samples_in_frame": 18660,
    "longest_run_symbols": 5,
    "run_start_symbol_offset": 1066,
    "run_end_symbol_offset": 1070,
    "run_value_IQ": [
     5736,
     -5737
    ],
    "is_stall": false
   },
   {
    "frame_index": 452,
    "frame_start_symtime": 7473729,
    "n_samples_in_frame": 8823,
    "longest_run_symbols": 5,
    "run_start_symbol_offset": 9565,
    "run_end_symbol_offset": 9569,
    "run_value_IQ": [
     5736,
     5736
    ],
    "is_stall": false
   },
   {
    "frame_index": 453,
    "frame_start_symtime": 7486062,
    "n_samples_in_frame": 9412,
    "longest_run_symbols": 5,
    "run_start_symbol_offset": 9565,
    "run_end_symbol_offset": 9569,
    "run_value_IQ": [
     5736,
     5736
    ],
    "is_stall": false
   },
   {
    "frame_index": 454,
    "frame_start_symtime": 7498395,
    "n_samples_in_frame": 9358,
    "longest_run_symbols": 5,
    "run_start_symbol_offset": 1066,
    "run_end_symbol_offset": 1070,
    "run_value_IQ": [
     5736,
     -5737
    ],
    "is_stall": false
   },
   {
    "frame_index": 455,
    "frame_start_symtime": 7510728,
    "n_samples_in_frame": 9534,
    "longest_run_symbols": 5,
    "run_start_symbol_offset": 9565,
    "run_end_symbol_offset": 9569,
    "run_value_IQ": [
     5736,
     5736
    ],
    "is_stall": false
   },
   {
    "frame_index": 456,
    "frame_start_symtime": 7523061,
    "n_samples_in_frame": 18137,
    "longest_run_symbols": 5,
    "run_start_symbol_offset": 1066,
    "run_end_symbol_offset": 1070,
    "run_value_IQ": [
     5736,
     -5737
    ],
    "is_stall": false
   },
   {
    "frame_index": 457,
    "frame_start_symtime": 7547727,
    "n_samples_in_frame": 9485,
    "longest_run_symbols": 5,
    "run_start_symbol_offset": 9565,
    "run_end_symbol_offset": 9569,
    "run_value_IQ": [
     5736,
     5736
    ],
    "is_stall": false
   },
   {
    "frame_index": 458,
    "frame_start_symtime": 7560060,
    "n_samples_in_frame": 18839,
    "longest_run_symbols": 5,
    "run_start_symbol_offset": 1066,
    "run_end_symbol_offset": 1070,
    "run_value_IQ": [
     5736,
     -5737
    ],
    "is_stall": false
   },
   {
    "frame_index": 459,
    "frame_start_symtime": 7584726,
    "n_samples_in_frame": 62286,
    "longest_run_symbols": 5,
    "run_start_symbol_offset": 1066,
    "run_end_symbol_offset": 1070,
    "run_value_IQ": [
     5736,
     -5737
    ],
    "is_stall": false
   },
   {
    "frame_index": 460,
    "frame_start_symtime": 7671057,
    "n_samples_in_frame": 9495,
    "longest_run_symbols": 5,
    "run_start_symbol_offset": 9565,
    "run_end_symbol_offset": 9569,
    "run_value_IQ": [
     5736,
     5736
    ],
    "is_stall": false
   },
   {
    "frame_index": 461,
    "frame_start_symtime": 7683390,
    "n_samples_in_frame": 18321,
    "longest_run_symbols": 5,
    "run_start_symbol_offset": 1066,
    "run_end_symbol_offset": 1070,
    "run_value_IQ": [
     5736,
     -5737
    ],
    "is_stall": false
   },
   {
    "frame_index": 462,
    "frame_start_symtime": 7708056,
    "n_samples_in_frame": 9282,
    "longest_run_symbols": 5,
    "run_start_symbol_offset": 1066,
    "run_end_symbol_offset": 1070,
    "run_value_IQ": [
     5736,
     -5737
    ],
    "is_stall": false
   },
   {
    "frame_index": 463,
    "frame_start_symtime": 7720389,
    "n_samples_in_frame": 9166,
    "longest_run_symbols": 5,
    "run_start_symbol_offset": 1066,
    "run_end_symbol_offset": 1070,
    "run_value_IQ": [
     5736,
     -5737
    ],
    "is_stall": false
   },
   {
    "frame_index": 464,
    "frame_start_symtime": 7732722,
    "n_samples_in_frame": 18785,
    "longest_run_symbols": 5,
    "run_start_symbol_offset": 1066,
    "run_end_symbol_offset": 1070,
    "run_value_IQ": [
     5736,
     -5737
    ],
    "is_stall": false
   },
   {
    "frame_index": 465,
    "frame_start_symtime": 7757388,
    "n_samples_in_frame": 8957,
    "longest_run_symbols": 5,
    "run_start_symbol_offset": 9565,
    "run_end_symbol_offset": 9569,
    "run_value_IQ": [
     5736,
     5736
    ],
    "is_stall": false
   },
   {
    "frame_index": 466,
    "frame_start_symtime": 7769721,
    "n_samples_in_frame": 9314,
    "longest_run_symbols": 5,
    "run_start_symbol_offset": 9565,
    "run_end_symbol_offset": 9569,
    "run_value_IQ": [
     5736,
     5736
    ],
    "is_stall": false
   },
   {
    "frame_index": 467,
    "frame_start_symtime": 7782054,
    "n_samples_in_frame": 9389,
    "longest_run_symbols": 5,
    "run_start_symbol_offset": 1066,
    "run_end_symbol_offset": 1070,
    "run_value_IQ": [
     5736,
     -5737
    ],
    "is_stall": false
   },
   {
    "frame_index": 468,
    "frame_start_symtime": 7794387,
    "n_samples_in_frame": 9532,
    "longest_run_symbols": 5,
    "run_start_symbol_offset": 9565,
    "run_end_symbol_offset": 9569,
    "run_value_IQ": [
     5736,
     5736
    ],
    "is_stall": false
   },
   {
    "frame_index": 469,
    "frame_start_symtime": 7806720,
    "n_samples_in_frame": 9336,
    "longest_run_symbols": 5,
    "run_start_symbol_offset": 1066,
    "run_end_symbol_offset": 1070,
    "run_value_IQ": [
     5736,
     -5737
    ],
    "is_stall": false
   },
   {
    "frame_index": 470,
    "frame_start_symtime": 7819053,
    "n_samples_in_frame": 8791,
    "longest_run_symbols": 5,
    "run_start_symbol_offset": 1066,
    "run_end_symbol_offset": 1070,
    "run_value_IQ": [
     5736,
     -5737
    ],
    "is_stall": false
   },
   {
    "frame_index": 471,
    "frame_start_symtime": 7831386,
    "n_samples_in_frame": 9384,
    "longest_run_symbols": 5,
    "run_start_symbol_offset": 9565,
    "run_end_symbol_offset": 9569,
    "run_value_IQ": [
     5736,
     5736
    ],
    "is_stall": false
   },
   {
    "frame_index": 472,
    "frame_start_symtime": 7843719,
    "n_samples_in_frame": 9393,
    "longest_run_symbols": 5,
    "run_start_symbol_offset": 1066,
    "run_end_symbol_offset": 1070,
    "run_value_IQ": [
     5736,
     -5737
    ],
    "is_stall": false
   },
   {
    "frame_index": 473,
    "frame_start_symtime": 7856052,
    "n_samples_in_frame": 9584,
    "longest_run_symbols": 5,
    "run_start_symbol_offset": 1066,
    "run_end_symbol_offset": 1070,
    "run_value_IQ": [
     5736,
     -5737
    ],
    "is_stall": false
   },
   {
    "frame_index": 474,
    "frame_start_symtime": 7868385,
    "n_samples_in_frame": 18109,
    "longest_run_symbols": 5,
    "run_start_symbol_offset": 1066,
    "run_end_symbol_offset": 1070,
    "run_value_IQ": [
     5736,
     -5737
    ],
    "is_stall": false
   },
   {
    "frame_index": 475,
    "frame_start_symtime": 7893051,
    "n_samples_in_frame": 9482,
    "longest_run_symbols": 5,
    "run_start_symbol_offset": 1066,
    "run_end_symbol_offset": 1070,
    "run_value_IQ": [
     5736,
     -5737
    ],
    "is_stall": false
   },
   {
    "frame_index": 476,
    "frame_start_symtime": 7905384,
    "n_samples_in_frame": 18804,
    "longest_run_symbols": 5,
    "run_start_symbol_offset": 9565,
    "run_end_symbol_offset": 9569,
    "run_value_IQ": [
     5736,
     5736
    ],
    "is_stall": false
   },
   {
    "frame_index": 477,
    "frame_start_symtime": 7930050,
    "n_samples_in_frame": 27705,
    "longest_run_symbols": 5,
    "run_start_symbol_offset": 9565,
    "run_end_symbol_offset": 9569,
    "run_value_IQ": [
     5736,
     5736
    ],
    "is_stall": false
   },
   {
    "frame_index": 478,
    "frame_start_symtime": 7967049,
    "n_samples_in_frame": 13982,
    "longest_run_symbols": 5,
    "run_start_symbol_offset": 9565,
    "run_end_symbol_offset": 9569,
    "run_value_IQ": [
     5736,
     5736
    ],
    "is_stall": false
   },
   {
    "frame_index": 479,
    "frame_start_symtime": 7979382,
    "n_samples_in_frame": 9427,
    "longest_run_symbols": 5,
    "run_start_symbol_offset": 1066,
    "run_end_symbol_offset": 1070,
    "run_value_IQ": [
     5736,
     -5737
    ],
    "is_stall": false
   },
   {
    "frame_index": 480,
    "frame_start_symtime": 7991715,
    "n_samples_in_frame": 8653,
    "longest_run_symbols": 5,
    "run_start_symbol_offset": 1066,
    "run_end_symbol_offset": 1070,
    "run_value_IQ": [
     5736,
     -5737
    ],
    "is_stall": false
   },
   {
    "frame_index": 481,
    "frame_start_symtime": 8004048,
    "n_samples_in_frame": 9313,
    "longest_run_symbols": 5,
    "run_start_symbol_offset": 1066,
    "run_end_symbol_offset": 1070,
    "run_value_IQ": [
     5736,
     -5737
    ],
    "is_stall": false
   },
   {
    "frame_index": 482,
    "frame_start_symtime": 8016381,
    "n_samples_in_frame": 9271,
    "longest_run_symbols": 5,
    "run_start_symbol_offset": 9565,
    "run_end_symbol_offset": 9569,
    "run_value_IQ": [
     5736,
     5736
    ],
    "is_stall": false
   },
   {
    "frame_index": 483,
    "frame_start_symtime": 8028714,
    "n_samples_in_frame": 18890,
    "longest_run_symbols": 5,
    "run_start_symbol_offset": 9565,
    "run_end_symbol_offset": 9569,
    "run_value_IQ": [
     5736,
     5736
    ],
    "is_stall": false
   },
   {
    "frame_index": 484,
    "frame_start_symtime": 8053380,
    "n_samples_in_frame": 17420,
    "longest_run_symbols": 5,
    "run_start_symbol_offset": 9565,
    "run_end_symbol_offset": 9569,
    "run_value_IQ": [
     5736,
     5736
    ],
    "is_stall": false
   },
   {
    "frame_index": 485,
    "frame_start_symtime": 8078046,
    "n_samples_in_frame": 9482,
    "longest_run_symbols": 5,
    "run_start_symbol_offset": 9565,
    "run_end_symbol_offset": 9569,
    "run_value_IQ": [
     5736,
     5736
    ],
    "is_stall": false
   },
   {
    "frame_index": 486,
    "frame_start_symtime": 8090379,
    "n_samples_in_frame": 18741,
    "longest_run_symbols": 5,
    "run_start_symbol_offset": 1066,
    "run_end_symbol_offset": 1070,
    "run_value_IQ": [
     5736,
     -5737
    ],
    "is_stall": false
   },
   {
    "frame_index": 487,
    "frame_start_symtime": 8115045,
    "n_samples_in_frame": 8745,
    "longest_run_symbols": 5,
    "run_start_symbol_offset": 9565,
    "run_end_symbol_offset": 9569,
    "run_value_IQ": [
     5736,
     5736
    ],
    "is_stall": false
   },
   {
    "frame_index": 488,
    "frame_start_symtime": 8127378,
    "n_samples_in_frame": 9382,
    "longest_run_symbols": 5,
    "run_start_symbol_offset": 9565,
    "run_end_symbol_offset": 9569,
    "run_value_IQ": [
     5736,
     5736
    ],
    "is_stall": false
   },
   {
    "frame_index": 489,
    "frame_start_symtime": 8139711,
    "n_samples_in_frame": 9322,
    "longest_run_symbols": 5,
    "run_start_symbol_offset": 1066,
    "run_end_symbol_offset": 1070,
    "run_value_IQ": [
     5736,
     -5737
    ],
    "is_stall": false
   },
   {
    "frame_index": 490,
    "frame_start_symtime": 8152044,
    "n_samples_in_frame": 9509,
    "longest_run_symbols": 5,
    "run_start_symbol_offset": 1066,
    "run_end_symbol_offset": 1070,
    "run_value_IQ": [
     5736,
     -5737
    ],
    "is_stall": false
   },
   {
    "frame_index": 491,
    "frame_start_symtime": 8164377,
    "n_samples_in_frame": 9381,
    "longest_run_symbols": 5,
    "run_start_symbol_offset": 9565,
    "run_end_symbol_offset": 9569,
    "run_value_IQ": [
     5736,
     5736
    ],
    "is_stall": false
   },
   {
    "frame_index": 492,
    "frame_start_symtime": 8176710,
    "n_samples_in_frame": 18166,
    "longest_run_symbols": 5,
    "run_start_symbol_offset": 1066,
    "run_end_symbol_offset": 1070,
    "run_value_IQ": [
     5736,
     -5737
    ],
    "is_stall": false
   },
   {
    "frame_index": 493,
    "frame_start_symtime": 8201376,
    "n_samples_in_frame": 9507,
    "longest_run_symbols": 5,
    "run_start_symbol_offset": 9565,
    "run_end_symbol_offset": 9569,
    "run_value_IQ": [
     5736,
     5736
    ],
    "is_stall": false
   },
   {
    "frame_index": 494,
    "frame_start_symtime": 8213709,
    "n_samples_in_frame": 9373,
    "longest_run_symbols": 5,
    "run_start_symbol_offset": 1066,
    "run_end_symbol_offset": 1070,
    "run_value_IQ": [
     5736,
     -5737
    ],
    "is_stall": false
   },
   {
    "frame_index": 495,
    "frame_start_symtime": 8226042,
    "n_samples_in_frame": 9403,
    "longest_run_symbols": 5,
    "run_start_symbol_offset": 9565,
    "run_end_symbol_offset": 9569,
    "run_value_IQ": [
     5736,
     5736
    ],
    "is_stall": false
   },
   {
    "frame_index": 496,
    "frame_start_symtime": 8238375,
    "n_samples_in_frame": 8720,
    "longest_run_symbols": 5,
    "run_start_symbol_offset": 1066,
    "run_end_symbol_offset": 1070,
    "run_value_IQ": [
     5736,
     -5737
    ],
    "is_stall": false
   },
   {
    "frame_index": 497,
    "frame_start_symtime": 8250708,
    "n_samples_in_frame": 18811,
    "longest_run_symbols": 5,
    "run_start_symbol_offset": 1066,
    "run_end_symbol_offset": 1070,
    "run_value_IQ": [
     5736,
     -5737
    ],
    "is_stall": false
   },
   {
    "frame_index": 498,
    "frame_start_symtime": 8275374,
    "n_samples_in_frame": 9491,
    "longest_run_symbols": 5,
    "run_start_symbol_offset": 9565,
    "run_end_symbol_offset": 9569,
    "run_value_IQ": [
     5736,
     5736
    ],
    "is_stall": false
   },
   {
    "frame_index": 499,
    "frame_start_symtime": 8287707,
    "n_samples_in_frame": 9339,
    "longest_run_symbols": 5,
    "run_start_symbol_offset": 1066,
    "run_end_symbol_offset": 1070,
    "run_value_IQ": [
     5736,
     -5737
    ],
    "is_stall": false
   },
   {
    "frame_index": 500,
    "frame_start_symtime": 8300040,
    "n_samples_in_frame": 8757,
    "longest_run_symbols": 5,
    "run_start_symbol_offset": 1066,
    "run_end_symbol_offset": 1070,
    "run_value_IQ": [
     5736,
     -5737
    ],
    "is_stall": false
   },
   {
    "frame_index": 501,
    "frame_start_symtime": 8312373,
    "n_samples_in_frame": 4608,
    "longest_run_symbols": 5,
    "run_start_symbol_offset": 1066,
    "run_end_symbol_offset": 1070,
    "run_value_IQ": [
     5736,
     -5737
    ],
    "is_stall": false
   },
   {
    "frame_index": 502,
    "frame_start_symtime": 8324706,
    "n_samples_in_frame": 9318,
    "longest_run_symbols": 5,
    "run_start_symbol_offset": 9565,
    "run_end_symbol_offset": 9569,
    "run_value_IQ": [
     5736,
     5736
    ],
    "is_stall": false
   },
   {
    "frame_index": 503,
    "frame_start_symtime": 8337039,
    "n_samples_in_frame": 18812,
    "longest_run_symbols": 5,
    "run_start_symbol_offset": 1066,
    "run_end_symbol_offset": 1070,
    "run_value_IQ": [
     5736,
     -5737
    ],
    "is_stall": false
   },
   {
    "frame_index": 504,
    "frame_start_symtime": 8361705,
    "n_samples_in_frame": 8842,
    "longest_run_symbols": 4,
    "run_start_symbol_offset": 696,
    "run_end_symbol_offset": 699,
    "run_value_IQ": [
     5736,
     -5737
    ],
    "is_stall": false
   },
   {
    "frame_index": 505,
    "frame_start_symtime": 8374038,
    "n_samples_in_frame": 18731,
    "longest_run_symbols": 5,
    "run_start_symbol_offset": 9565,
    "run_end_symbol_offset": 9569,
    "run_value_IQ": [
     5736,
     5736
    ],
    "is_stall": false
   },
   {
    "frame_index": 506,
    "frame_start_symtime": 8398704,
    "n_samples_in_frame": 9528,
    "longest_run_symbols": 5,
    "run_start_symbol_offset": 1066,
    "run_end_symbol_offset": 1070,
    "run_value_IQ": [
     5736,
     -5737
    ],
    "is_stall": false
   },
   {
    "frame_index": 507,
    "frame_start_symtime": 8411037,
    "n_samples_in_frame": 27464,
    "longest_run_symbols": 5,
    "run_start_symbol_offset": 1066,
    "run_end_symbol_offset": 1070,
    "run_value_IQ": [
     5736,
     -5737
    ],
    "is_stall": false
   },
   {
    "frame_index": 508,
    "frame_start_symtime": 8448036,
    "n_samples_in_frame": 9502,
    "longest_run_symbols": 5,
    "run_start_symbol_offset": 9565,
    "run_end_symbol_offset": 9569,
    "run_value_IQ": [
     5736,
     5736
    ],
    "is_stall": false
   },
   {
    "frame_index": 509,
    "frame_start_symtime": 8460369,
    "n_samples_in_frame": 9320,
    "longest_run_symbols": 5,
    "run_start_symbol_offset": 1066,
    "run_end_symbol_offset": 1070,
    "run_value_IQ": [
     5736,
     -5737
    ],
    "is_stall": false
   },
   {
    "frame_index": 510,
    "frame_start_symtime": 8472702,
    "n_samples_in_frame": 9435,
    "longest_run_symbols": 5,
    "run_start_symbol_offset": 1066,
    "run_end_symbol_offset": 1070,
    "run_value_IQ": [
     5736,
     -5737
    ],
    "is_stall": false
   },
   {
    "frame_index": 511,
    "frame_start_symtime": 8485035,
    "n_samples_in_frame": 8552,
    "longest_run_symbols": 5,
    "run_start_symbol_offset": 1066,
    "run_end_symbol_offset": 1070,
    "run_value_IQ": [
     5736,
     -5737
    ],
    "is_stall": false
   },
   {
    "frame_index": 512,
    "frame_start_symtime": 8497368,
    "n_samples_in_frame": 9402,
    "longest_run_symbols": 5,
    "run_start_symbol_offset": 9565,
    "run_end_symbol_offset": 9569,
    "run_value_IQ": [
     5736,
     5736
    ],
    "is_stall": false
   },
   {
    "frame_index": 513,
    "frame_start_symtime": 8509701,
    "n_samples_in_frame": 18837,
    "longest_run_symbols": 5,
    "run_start_symbol_offset": 1066,
    "run_end_symbol_offset": 1070,
    "run_value_IQ": [
     5736,
     -5737
    ],
    "is_stall": false
   },
   {
    "frame_index": 514,
    "frame_start_symtime": 8534367,
    "n_samples_in_frame": 9397,
    "longest_run_symbols": 5,
    "run_start_symbol_offset": 9565,
    "run_end_symbol_offset": 9569,
    "run_value_IQ": [
     5736,
     5736
    ],
    "is_stall": false
   },
   {
    "frame_index": 515,
    "frame_start_symtime": 8546700,
    "n_samples_in_frame": 18264,
    "longest_run_symbols": 5,
    "run_start_symbol_offset": 1066,
    "run_end_symbol_offset": 1070,
    "run_value_IQ": [
     5736,
     -5737
    ],
    "is_stall": false
   },
   {
    "frame_index": 516,
    "frame_start_symtime": 8571366,
    "n_samples_in_frame": 9443,
    "longest_run_symbols": 5,
    "run_start_symbol_offset": 9565,
    "run_end_symbol_offset": 9569,
    "run_value_IQ": [
     5736,
     5736
    ],
    "is_stall": false
   },
   {
    "frame_index": 517,
    "frame_start_symtime": 8583699,
    "n_samples_in_frame": 9341,
    "longest_run_symbols": 5,
    "run_start_symbol_offset": 1066,
    "run_end_symbol_offset": 1070,
    "run_value_IQ": [
     5736,
     -5737
    ],
    "is_stall": false
   },
   {
    "frame_index": 518,
    "frame_start_symtime": 8596032,
    "n_samples_in_frame": 9415,
    "longest_run_symbols": 5,
    "run_start_symbol_offset": 1066,
    "run_end_symbol_offset": 1070,
    "run_value_IQ": [
     5736,
     -5737
    ],
    "is_stall": false
   },
   {
    "frame_index": 519,
    "frame_start_symtime": 8608365,
    "n_samples_in_frame": 8794,
    "longest_run_symbols": 5,
    "run_start_symbol_offset": 9565,
    "run_end_symbol_offset": 9569,
    "run_value_IQ": [
     5736,
     5736
    ],
    "is_stall": false
   },
   {
    "frame_index": 520,
    "frame_start_symtime": 8620698,
    "n_samples_in_frame": 9325,
    "longest_run_symbols": 5,
    "run_start_symbol_offset": 1066,
    "run_end_symbol_offset": 1070,
    "run_value_IQ": [
     5736,
     -5737
    ],
    "is_stall": false
   },
   {
    "frame_index": 521,
    "frame_start_symtime": 8633031,
    "n_samples_in_frame": 9408,
    "longest_run_symbols": 5,
    "run_start_symbol_offset": 1066,
    "run_end_symbol_offset": 1070,
    "run_value_IQ": [
     5736,
     -5737
    ],
    "is_stall": false
   },
   {
    "frame_index": 522,
    "frame_start_symtime": 8645364,
    "n_samples_in_frame": 9473,
    "longest_run_symbols": 5,
    "run_start_symbol_offset": 9565,
    "run_end_symbol_offset": 9569,
    "run_value_IQ": [
     5736,
     5736
    ],
    "is_stall": false
   },
   {
    "frame_index": 523,
    "frame_start_symtime": 8657697,
    "n_samples_in_frame": 13488,
    "longest_run_symbols": 5,
    "run_start_symbol_offset": 1066,
    "run_end_symbol_offset": 1070,
    "run_value_IQ": [
     5736,
     -5737
    ],
    "is_stall": false
   },
   {
    "frame_index": 524,
    "frame_start_symtime": 8670030,
    "n_samples_in_frame": 9552,
    "longest_run_symbols": 5,
    "run_start_symbol_offset": 1066,
    "run_end_symbol_offset": 1070,
    "run_value_IQ": [
     5736,
     -5737
    ],
    "is_stall": false
   },
   {
    "frame_index": 525,
    "frame_start_symtime": 8682363,
    "n_samples_in_frame": 9363,
    "longest_run_symbols": 5,
    "run_start_symbol_offset": 1066,
    "run_end_symbol_offset": 1070,
    "run_value_IQ": [
     5736,
     -5737
    ],
    "is_stall": false
   },
   {
    "frame_index": 526,
    "frame_start_symtime": 8694696,
    "n_samples_in_frame": 9544,
    "longest_run_symbols": 5,
    "run_start_symbol_offset": 1066,
    "run_end_symbol_offset": 1070,
    "run_value_IQ": [
     5736,
     -5737
    ],
    "is_stall": false
   },
   {
    "frame_index": 527,
    "frame_start_symtime": 8707029,
    "n_samples_in_frame": 18049,
    "longest_run_symbols": 5,
    "run_start_symbol_offset": 1066,
    "run_end_symbol_offset": 1070,
    "run_value_IQ": [
     5736,
     -5737
    ],
    "is_stall": false
   },
   {
    "frame_index": 528,
    "frame_start_symtime": 8731695,
    "n_samples_in_frame": 9258,
    "longest_run_symbols": 5,
    "run_start_symbol_offset": 1066,
    "run_end_symbol_offset": 1070,
    "run_value_IQ": [
     5736,
     -5737
    ],
    "is_stall": false
   },
   {
    "frame_index": 529,
    "frame_start_symtime": 8744028,
    "n_samples_in_frame": 9452,
    "longest_run_symbols": 5,
    "run_start_symbol_offset": 1066,
    "run_end_symbol_offset": 1070,
    "run_value_IQ": [
     5736,
     -5737
    ],
    "is_stall": false
   },
   {
    "frame_index": 530,
    "frame_start_symtime": 8756361,
    "n_samples_in_frame": 9482,
    "longest_run_symbols": 5,
    "run_start_symbol_offset": 1066,
    "run_end_symbol_offset": 1070,
    "run_value_IQ": [
     5736,
     -5737
    ],
    "is_stall": false
   },
   {
    "frame_index": 531,
    "frame_start_symtime": 8768694,
    "n_samples_in_frame": 9535,
    "longest_run_symbols": 5,
    "run_start_symbol_offset": 1066,
    "run_end_symbol_offset": 1070,
    "run_value_IQ": [
     5736,
     -5737
    ],
    "is_stall": false
   },
   {
    "frame_index": 532,
    "frame_start_symtime": 8781027,
    "n_samples_in_frame": 18297,
    "longest_run_symbols": 5,
    "run_start_symbol_offset": 9565,
    "run_end_symbol_offset": 9569,
    "run_value_IQ": [
     5736,
     5736
    ],
    "is_stall": false
   },
   {
    "frame_index": 533,
    "frame_start_symtime": 8805693,
    "n_samples_in_frame": 13235,
    "longest_run_symbols": 5,
    "run_start_symbol_offset": 9565,
    "run_end_symbol_offset": 9569,
    "run_value_IQ": [
     5736,
     5736
    ],
    "is_stall": false
   },
   {
    "frame_index": 534,
    "frame_start_symtime": 8830359,
    "n_samples_in_frame": 9342,
    "longest_run_symbols": 5,
    "run_start_symbol_offset": 9565,
    "run_end_symbol_offset": 9569,
    "run_value_IQ": [
     5736,
     5736
    ],
    "is_stall": false
   },
   {
    "frame_index": 535,
    "frame_start_symtime": 8842692,
    "n_samples_in_frame": 17698,
    "longest_run_symbols": 5,
    "run_start_symbol_offset": 11989,
    "run_end_symbol_offset": 11993,
    "run_value_IQ": [
     5736,
     -5737
    ],
    "is_stall": false
   },
   {
    "frame_index": 536,
    "frame_start_symtime": 8867358,
    "n_samples_in_frame": 9484,
    "longest_run_symbols": 5,
    "run_start_symbol_offset": 1066,
    "run_end_symbol_offset": 1070,
    "run_value_IQ": [
     5736,
     -5737
    ],
    "is_stall": false
   },
   {
    "frame_index": 537,
    "frame_start_symtime": 8879691,
    "n_samples_in_frame": 9447,
    "longest_run_symbols": 5,
    "run_start_symbol_offset": 9565,
    "run_end_symbol_offset": 9569,
    "run_value_IQ": [
     5736,
     5736
    ],
    "is_stall": false
   },
   {
    "frame_index": 538,
    "frame_start_symtime": 8892024,
    "n_samples_in_frame": 9377,
    "longest_run_symbols": 5,
    "run_start_symbol_offset": 1066,
    "run_end_symbol_offset": 1070,
    "run_value_IQ": [
     5736,
     -5737
    ],
    "is_stall": false
   },
   {
    "frame_index": 539,
    "frame_start_symtime": 8904357,
    "n_samples_in_frame": 8850,
    "longest_run_symbols": 5,
    "run_start_symbol_offset": 9565,
    "run_end_symbol_offset": 9569,
    "run_value_IQ": [
     5736,
     5736
    ],
    "is_stall": false
   },
   {
    "frame_index": 540,
    "frame_start_symtime": 8916690,
    "n_samples_in_frame": 9389,
    "longest_run_symbols": 5,
    "run_start_symbol_offset": 9565,
    "run_end_symbol_offset": 9569,
    "run_value_IQ": [
     5736,
     5736
    ],
    "is_stall": false
   },
   {
    "frame_index": 541,
    "frame_start_symtime": 8929023,
    "n_samples_in_frame": 18552,
    "longest_run_symbols": 5,
    "run_start_symbol_offset": 1066,
    "run_end_symbol_offset": 1070,
    "run_value_IQ": [
     5736,
     -5737
    ],
    "is_stall": false
   },
   {
    "frame_index": 542,
    "frame_start_symtime": 8953689,
    "n_samples_in_frame": 9463,
    "longest_run_symbols": 5,
    "run_start_symbol_offset": 1066,
    "run_end_symbol_offset": 1070,
    "run_value_IQ": [
     5736,
     -5737
    ],
    "is_stall": false
   },
   {
    "frame_index": 543,
    "frame_start_symtime": 8966022,
    "n_samples_in_frame": 8650,
    "longest_run_symbols": 5,
    "run_start_symbol_offset": 1066,
    "run_end_symbol_offset": 1070,
    "run_value_IQ": [
     5736,
     -5737
    ],
    "is_stall": false
   },
   {
    "frame_index": 544,
    "frame_start_symtime": 8978355,
    "n_samples_in_frame": 9430,
    "longest_run_symbols": 5,
    "run_start_symbol_offset": 1066,
    "run_end_symbol_offset": 1070,
    "run_value_IQ": [
     5736,
     -5737
    ],
    "is_stall": false
   },
   {
    "frame_index": 545,
    "frame_start_symtime": 8990688,
    "n_samples_in_frame": 10696,
    "longest_run_symbols": 5,
    "run_start_symbol_offset": 1066,
    "run_end_symbol_offset": 1070,
    "run_value_IQ": [
     5736,
     -5737
    ],
    "is_stall": false
   },
   {
    "frame_index": 546,
    "frame_start_symtime": 9003021,
    "n_samples_in_frame": 4633,
    "longest_run_symbols": 5,
    "run_start_symbol_offset": 1066,
    "run_end_symbol_offset": 1070,
    "run_value_IQ": [
     5736,
     -5737
    ],
    "is_stall": false
   },
   {
    "frame_index": 547,
    "frame_start_symtime": 9015354,
    "n_samples_in_frame": 8780,
    "longest_run_symbols": 5,
    "run_start_symbol_offset": 1066,
    "run_end_symbol_offset": 1070,
    "run_value_IQ": [
     5736,
     -5737
    ],
    "is_stall": false
   },
   {
    "frame_index": 548,
    "frame_start_symtime": 9027687,
    "n_samples_in_frame": 9542,
    "longest_run_symbols": 5,
    "run_start_symbol_offset": 1066,
    "run_end_symbol_offset": 1070,
    "run_value_IQ": [
     5736,
     -5737
    ],
    "is_stall": false
   },
   {
    "frame_index": 549,
    "frame_start_symtime": 9040020,
    "n_samples_in_frame": 9422,
    "longest_run_symbols": 5,
    "run_start_symbol_offset": 1066,
    "run_end_symbol_offset": 1070,
    "run_value_IQ": [
     5736,
     -5737
    ],
    "is_stall": false
   },
   {
    "frame_index": 550,
    "frame_start_symtime": 9052353,
    "n_samples_in_frame": 9370,
    "longest_run_symbols": 5,
    "run_start_symbol_offset": 1066,
    "run_end_symbol_offset": 1070,
    "run_value_IQ": [
     5736,
     -5737
    ],
    "is_stall": false
   },
   {
    "frame_index": 551,
    "frame_start_symtime": 9064686,
    "n_samples_in_frame": 9413,
    "longest_run_symbols": 5,
    "run_start_symbol_offset": 9565,
    "run_end_symbol_offset": 9569,
    "run_value_IQ": [
     5736,
     5736
    ],
    "is_stall": false
   },
   {
    "frame_index": 552,
    "frame_start_symtime": 9077019,
    "n_samples_in_frame": 8690,
    "longest_run_symbols": 5,
    "run_start_symbol_offset": 1066,
    "run_end_symbol_offset": 1070,
    "run_value_IQ": [
     5736,
     -5737
    ],
    "is_stall": false
   },
   {
    "frame_index": 553,
    "frame_start_symtime": 9089352,
    "n_samples_in_frame": 18705,
    "longest_run_symbols": 5,
    "run_start_symbol_offset": 1066,
    "run_end_symbol_offset": 1070,
    "run_value_IQ": [
     5736,
     -5737
    ],
    "is_stall": false
   },
   {
    "frame_index": 554,
    "frame_start_symtime": 9114018,
    "n_samples_in_frame": 9550,
    "longest_run_symbols": 5,
    "run_start_symbol_offset": 9565,
    "run_end_symbol_offset": 9569,
    "run_value_IQ": [
     5736,
     5736
    ],
    "is_stall": false
   },
   {
    "frame_index": 555,
    "frame_start_symtime": 9126351,
    "n_samples_in_frame": 27322,
    "longest_run_symbols": 5,
    "run_start_symbol_offset": 1066,
    "run_end_symbol_offset": 1070,
    "run_value_IQ": [
     5736,
     -5737
    ],
    "is_stall": false
   },
   {
    "frame_index": 556,
    "frame_start_symtime": 9163350,
    "n_samples_in_frame": 9450,
    "longest_run_symbols": 5,
    "run_start_symbol_offset": 9565,
    "run_end_symbol_offset": 9569,
    "run_value_IQ": [
     5736,
     5736
    ],
    "is_stall": false
   },
   {
    "frame_index": 557,
    "frame_start_symtime": 9175683,
    "n_samples_in_frame": 18729,
    "longest_run_symbols": 5,
    "run_start_symbol_offset": 1066,
    "run_end_symbol_offset": 1070,
    "run_value_IQ": [
     5736,
     -5737
    ],
    "is_stall": false
   },
   {
    "frame_index": 558,
    "frame_start_symtime": 9200349,
    "n_samples_in_frame": 8727,
    "longest_run_symbols": 5,
    "run_start_symbol_offset": 9565,
    "run_end_symbol_offset": 9569,
    "run_value_IQ": [
     5736,
     5736
    ],
    "is_stall": false
   },
   {
    "frame_index": 559,
    "frame_start_symtime": 9212682,
    "n_samples_in_frame": 9449,
    "longest_run_symbols": 5,
    "run_start_symbol_offset": 9565,
    "run_end_symbol_offset": 9569,
    "run_value_IQ": [
     5736,
     5736
    ],
    "is_stall": false
   },
   {
    "frame_index": 560,
    "frame_start_symtime": 9225015,
    "n_samples_in_frame": 9386,
    "longest_run_symbols": 5,
    "run_start_symbol_offset": 1066,
    "run_end_symbol_offset": 1070,
    "run_value_IQ": [
     5736,
     -5737
    ],
    "is_stall": false
   },
   {
    "frame_index": 561,
    "frame_start_symtime": 9237348,
    "n_samples_in_frame": 18540,
    "longest_run_symbols": 5,
    "run_start_symbol_offset": 1066,
    "run_end_symbol_offset": 1070,
    "run_value_IQ": [
     5736,
     -5737
    ],
    "is_stall": false
   },
   {
    "frame_index": 562,
    "frame_start_symtime": 9262014,
    "n_samples_in_frame": 8832,
    "longest_run_symbols": 5,
    "run_start_symbol_offset": 9565,
    "run_end_symbol_offset": 9569,
    "run_value_IQ": [
     5736,
     5736
    ],
    "is_stall": false
   },
   {
    "frame_index": 563,
    "frame_start_symtime": 9274347,
    "n_samples_in_frame": 18752,
    "longest_run_symbols": 5,
    "run_start_symbol_offset": 1066,
    "run_end_symbol_offset": 1070,
    "run_value_IQ": [
     5736,
     -5737
    ],
    "is_stall": false
   },
   {
    "frame_index": 564,
    "frame_start_symtime": 9299013,
    "n_samples_in_frame": 9462,
    "longest_run_symbols": 5,
    "run_start_symbol_offset": 9565,
    "run_end_symbol_offset": 9569,
    "run_value_IQ": [
     5736,
     5736
    ],
    "is_stall": false
   },
   {
    "frame_index": 565,
    "frame_start_symtime": 9311346,
    "n_samples_in_frame": 18073,
    "longest_run_symbols": 5,
    "run_start_symbol_offset": 1066,
    "run_end_symbol_offset": 1070,
    "run_value_IQ": [
     5736,
     -5737
    ],
    "is_stall": false
   },
   {
    "frame_index": 566,
    "frame_start_symtime": 9336012,
    "n_samples_in_frame": 9591,
    "longest_run_symbols": 5,
    "run_start_symbol_offset": 1066,
    "run_end_symbol_offset": 1070,
    "run_value_IQ": [
     5736,
     -5737
    ],
    "is_stall": false
   },
   {
    "frame_index": 567,
    "frame_start_symtime": 9348345,
    "n_samples_in_frame": 13934,
    "longest_run_symbols": 5,
    "run_start_symbol_offset": 1066,
    "run_end_symbol_offset": 1070,
    "run_value_IQ": [
     5736,
     -5737
    ],
    "is_stall": false
   },
   {
    "frame_index": 568,
    "frame_start_symtime": 9360678,
    "n_samples_in_frame": 9371,
    "longest_run_symbols": 5,
    "run_start_symbol_offset": 1066,
    "run_end_symbol_offset": 1070,
    "run_value_IQ": [
     5736,
     -5737
    ],
    "is_stall": false
   },
   {
    "frame_index": 569,
    "frame_start_symtime": 9373011,
    "n_samples_in_frame": 8950,
    "longest_run_symbols": 5,
    "run_start_symbol_offset": 9565,
    "run_end_symbol_offset": 9569,
    "run_value_IQ": [
     5736,
     5736
    ],
    "is_stall": false
   },
   {
    "frame_index": 570,
    "frame_start_symtime": 9385344,
    "n_samples_in_frame": 18787,
    "longest_run_symbols": 5,
    "run_start_symbol_offset": 1066,
    "run_end_symbol_offset": 1070,
    "run_value_IQ": [
     5736,
     -5737
    ],
    "is_stall": false
   },
   {
    "frame_index": 571,
    "frame_start_symtime": 9410010,
    "n_samples_in_frame": 18769,
    "longest_run_symbols": 5,
    "run_start_symbol_offset": 9565,
    "run_end_symbol_offset": 9569,
    "run_value_IQ": [
     5736,
     5736
    ],
    "is_stall": false
   },
   {
    "frame_index": 572,
    "frame_start_symtime": 9434676,
    "n_samples_in_frame": 8885,
    "longest_run_symbols": 5,
    "run_start_symbol_offset": 1066,
    "run_end_symbol_offset": 1070,
    "run_value_IQ": [
     5736,
     -5737
    ],
    "is_stall": false
   },
   {
    "frame_index": 573,
    "frame_start_symtime": 9447009,
    "n_samples_in_frame": 9378,
    "longest_run_symbols": 5,
    "run_start_symbol_offset": 9565,
    "run_end_symbol_offset": 9569,
    "run_value_IQ": [
     5736,
     5736
    ],
    "is_stall": false
   },
   {
    "frame_index": 574,
    "frame_start_symtime": 9459342,
    "n_samples_in_frame": 27977,
    "longest_run_symbols": 5,
    "run_start_symbol_offset": 1066,
    "run_end_symbol_offset": 1070,
    "run_value_IQ": [
     5736,
     -5737
    ],
    "is_stall": false
   },
   {
    "frame_index": 575,
    "frame_start_symtime": 9496341,
    "n_samples_in_frame": 8839,
    "longest_run_symbols": 5,
    "run_start_symbol_offset": 9565,
    "run_end_symbol_offset": 9569,
    "run_value_IQ": [
     5736,
     5736
    ],
    "is_stall": false
   },
   {
    "frame_index": 576,
    "frame_start_symtime": 9508674,
    "n_samples_in_frame": 27944,
    "longest_run_symbols": 5,
    "run_start_symbol_offset": 1066,
    "run_end_symbol_offset": 1070,
    "run_value_IQ": [
     5736,
     -5737
    ],
    "is_stall": false
   },
   {
    "frame_index": 577,
    "frame_start_symtime": 9545673,
    "n_samples_in_frame": 9527,
    "longest_run_symbols": 5,
    "run_start_symbol_offset": 9565,
    "run_end_symbol_offset": 9569,
    "run_value_IQ": [
     5736,
     5736
    ],
    "is_stall": false
   },
   {
    "frame_index": 578,
    "frame_start_symtime": 9558006,
    "n_samples_in_frame": 8400,
    "longest_run_symbols": 5,
    "run_start_symbol_offset": 1066,
    "run_end_symbol_offset": 1070,
    "run_value_IQ": [
     5736,
     -5737
    ],
    "is_stall": false
   },
   {
    "frame_index": 579,
    "frame_start_symtime": 9570339,
    "n_samples_in_frame": 9455,
    "longest_run_symbols": 5,
    "run_start_symbol_offset": 9565,
    "run_end_symbol_offset": 9569,
    "run_value_IQ": [
     5736,
     5736
    ],
    "is_stall": false
   },
   {
    "frame_index": 580,
    "frame_start_symtime": 9582672,
    "n_samples_in_frame": 9438,
    "longest_run_symbols": 5,
    "run_start_symbol_offset": 1066,
    "run_end_symbol_offset": 1070,
    "run_value_IQ": [
     5736,
     -5737
    ],
    "is_stall": false
   },
   {
    "frame_index": 581,
    "frame_start_symtime": 9595005,
    "n_samples_in_frame": 9497,
    "longest_run_symbols": 5,
    "run_start_symbol_offset": 1066,
    "run_end_symbol_offset": 1070,
    "run_value_IQ": [
     5736,
     -5737
    ],
    "is_stall": false
   },
   {
    "frame_index": 582,
    "frame_start_symtime": 9607338,
    "n_samples_in_frame": 17313,
    "longest_run_symbols": 5,
    "run_start_symbol_offset": 1066,
    "run_end_symbol_offset": 1070,
    "run_value_IQ": [
     5736,
     -5737
    ],
    "is_stall": false
   },
   {
    "frame_index": 583,
    "frame_start_symtime": 9632004,
    "n_samples_in_frame": 18725,
    "longest_run_symbols": 5,
    "run_start_symbol_offset": 1066,
    "run_end_symbol_offset": 1070,
    "run_value_IQ": [
     5736,
     -5737
    ],
    "is_stall": false
   },
   {
    "frame_index": 584,
    "frame_start_symtime": 9656670,
    "n_samples_in_frame": 9475,
    "longest_run_symbols": 5,
    "run_start_symbol_offset": 1066,
    "run_end_symbol_offset": 1070,
    "run_value_IQ": [
     5736,
     -5737
    ],
    "is_stall": false
   },
   {
    "frame_index": 585,
    "frame_start_symtime": 9669003,
    "n_samples_in_frame": 22530,
    "longest_run_symbols": 5,
    "run_start_symbol_offset": 1066,
    "run_end_symbol_offset": 1070,
    "run_value_IQ": [
     5736,
     -5737
    ],
    "is_stall": false
   },
   {
    "frame_index": 586,
    "frame_start_symtime": 9706002,
    "n_samples_in_frame": 9483,
    "longest_run_symbols": 5,
    "run_start_symbol_offset": 1066,
    "run_end_symbol_offset": 1070,
    "run_value_IQ": [
     5736,
     -5737
    ],
    "is_stall": false
   },
   {
    "frame_index": 587,
    "frame_start_symtime": 9718335,
    "n_samples_in_frame": 9622,
    "longest_run_symbols": 5,
    "run_start_symbol_offset": 9565,
    "run_end_symbol_offset": 9569,
    "run_value_IQ": [
     5736,
     5736
    ],
    "is_stall": false
   },
   {
    "frame_index": 588,
    "frame_start_symtime": 9730668,
    "n_samples_in_frame": 9279,
    "longest_run_symbols": 5,
    "run_start_symbol_offset": 1066,
    "run_end_symbol_offset": 1070,
    "run_value_IQ": [
     5736,
     -5737
    ],
    "is_stall": false
   },
   {
    "frame_index": 589,
    "frame_start_symtime": 9743001,
    "n_samples_in_frame": 8811,
    "longest_run_symbols": 5,
    "run_start_symbol_offset": 1066,
    "run_end_symbol_offset": 1070,
    "run_value_IQ": [
     5736,
     -5737
    ],
    "is_stall": false
   },
   {
    "frame_index": 590,
    "frame_start_symtime": 9755334,
    "n_samples_in_frame": 9545,
    "longest_run_symbols": 5,
    "run_start_symbol_offset": 9565,
    "run_end_symbol_offset": 9569,
    "run_value_IQ": [
     5736,
     5736
    ],
    "is_stall": false
   },
   {
    "frame_index": 591,
    "frame_start_symtime": 9767667,
    "n_samples_in_frame": 18686,
    "longest_run_symbols": 5,
    "run_start_symbol_offset": 1066,
    "run_end_symbol_offset": 1070,
    "run_value_IQ": [
     5736,
     -5737
    ],
    "is_stall": false
   },
   {
    "frame_index": 592,
    "frame_start_symtime": 9792333,
    "n_samples_in_frame": 9475,
    "longest_run_symbols": 5,
    "run_start_symbol_offset": 9565,
    "run_end_symbol_offset": 9569,
    "run_value_IQ": [
     5736,
     5736
    ],
    "is_stall": false
   },
   {
    "frame_index": 593,
    "frame_start_symtime": 9804666,
    "n_samples_in_frame": 8572,
    "longest_run_symbols": 5,
    "run_start_symbol_offset": 1066,
    "run_end_symbol_offset": 1070,
    "run_value_IQ": [
     5736,
     -5737
    ],
    "is_stall": false
   },
   {
    "frame_index": 594,
    "frame_start_symtime": 9816999,
    "n_samples_in_frame": 9392,
    "longest_run_symbols": 5,
    "run_start_symbol_offset": 1066,
    "run_end_symbol_offset": 1070,
    "run_value_IQ": [
     5736,
     -5737
    ],
    "is_stall": false
   },
   {
    "frame_index": 595,
    "frame_start_symtime": 9829332,
    "n_samples_in_frame": 9444,
    "longest_run_symbols": 5,
    "run_start_symbol_offset": 1066,
    "run_end_symbol_offset": 1070,
    "run_value_IQ": [
     5736,
     -5737
    ],
    "is_stall": false
   },
   {
    "frame_index": 596,
    "frame_start_symtime": 9841665,
    "n_samples_in_frame": 9100,
    "longest_run_symbols": 5,
    "run_start_symbol_offset": 9565,
    "run_end_symbol_offset": 9569,
    "run_value_IQ": [
     5736,
     5736
    ],
    "is_stall": false
   },
   {
    "frame_index": 597,
    "frame_start_symtime": 9853998,
    "n_samples_in_frame": 9439,
    "longest_run_symbols": 5,
    "run_start_symbol_offset": 1066,
    "run_end_symbol_offset": 1070,
    "run_value_IQ": [
     5736,
     -5737
    ],
    "is_stall": false
   },
   {
    "frame_index": 598,
    "frame_start_symtime": 9866331,
    "n_samples_in_frame": 8864,
    "longest_run_symbols": 5,
    "run_start_symbol_offset": 1066,
    "run_end_symbol_offset": 1070,
    "run_value_IQ": [
     5736,
     -5737
    ],
    "is_stall": false
   },
   {
    "frame_index": 599,
    "frame_start_symtime": 9878664,
    "n_samples_in_frame": 18758,
    "longest_run_symbols": 5,
    "run_start_symbol_offset": 1066,
    "run_end_symbol_offset": 1070,
    "run_value_IQ": [
     5736,
     -5737
    ],
    "is_stall": false
   },
   {
    "frame_index": 600,
    "frame_start_symtime": 9903330,
    "n_samples_in_frame": 9427,
    "longest_run_symbols": 5,
    "run_start_symbol_offset": 1066,
    "run_end_symbol_offset": 1070,
    "run_value_IQ": [
     5736,
     -5737
    ],
    "is_stall": false
   },
   {
    "frame_index": 601,
    "frame_start_symtime": 9915663,
    "n_samples_in_frame": 9382,
    "longest_run_symbols": 5,
    "run_start_symbol_offset": 1066,
    "run_end_symbol_offset": 1070,
    "run_value_IQ": [
     5736,
     -5737
    ],
    "is_stall": false
   },
   {
    "frame_index": 602,
    "frame_start_symtime": 9927996,
    "n_samples_in_frame": 8651,
    "longest_run_symbols": 5,
    "run_start_symbol_offset": 9565,
    "run_end_symbol_offset": 9569,
    "run_value_IQ": [
     5736,
     5736
    ],
    "is_stall": false
   },
   {
    "frame_index": 603,
    "frame_start_symtime": 9940329,
    "n_samples_in_frame": 9561,
    "longest_run_symbols": 5,
    "run_start_symbol_offset": 9565,
    "run_end_symbol_offset": 9569,
    "run_value_IQ": [
     5736,
     5736
    ],
    "is_stall": false
   },
   {
    "frame_index": 604,
    "frame_start_symtime": 9952662,
    "n_samples_in_frame": 9300,
    "longest_run_symbols": 5,
    "run_start_symbol_offset": 1066,
    "run_end_symbol_offset": 1070,
    "run_value_IQ": [
     5736,
     -5737
    ],
    "is_stall": false
   },
   {
    "frame_index": 605,
    "frame_start_symtime": 9964995,
    "n_samples_in_frame": 9468,
    "longest_run_symbols": 5,
    "run_start_symbol_offset": 1066,
    "run_end_symbol_offset": 1070,
    "run_value_IQ": [
     5736,
     -5737
    ],
    "is_stall": false
   },
   {
    "frame_index": 606,
    "frame_start_symtime": 9977328,
    "n_samples_in_frame": 9379,
    "longest_run_symbols": 5,
    "run_start_symbol_offset": 1066,
    "run_end_symbol_offset": 1070,
    "run_value_IQ": [
     5736,
     -5737
    ],
    "is_stall": false
   },
   {
    "frame_index": 607,
    "frame_start_symtime": 9989661,
    "n_samples_in_frame": 8666,
    "longest_run_symbols": 5,
    "run_start_symbol_offset": 1066,
    "run_end_symbol_offset": 1070,
    "run_value_IQ": [
     5736,
     -5737
    ],
    "is_stall": false
   },
   {
    "frame_index": 608,
    "frame_start_symtime": 10001994,
    "n_samples_in_frame": 9345,
    "longest_run_symbols": 5,
    "run_start_symbol_offset": 1066,
    "run_end_symbol_offset": 1070,
    "run_value_IQ": [
     5736,
     -5737
    ],
    "is_stall": false
   },
   {
    "frame_index": 609,
    "frame_start_symtime": 10014327,
    "n_samples_in_frame": 9518,
    "longest_run_symbols": 5,
    "run_start_symbol_offset": 1066,
    "run_end_symbol_offset": 1070,
    "run_value_IQ": [
     5736,
     -5737
    ],
    "is_stall": false
   },
   {
    "frame_index": 610,
    "frame_start_symtime": 10026660,
    "n_samples_in_frame": 22941,
    "longest_run_symbols": 5,
    "run_start_symbol_offset": 11989,
    "run_end_symbol_offset": 11993,
    "run_value_IQ": [
     5736,
     -5737
    ],
    "is_stall": false
   },
   {
    "frame_index": 611,
    "frame_start_symtime": 10051326,
    "n_samples_in_frame": 18929,
    "longest_run_symbols": 5,
    "run_start_symbol_offset": 1066,
    "run_end_symbol_offset": 1070,
    "run_value_IQ": [
     5736,
     -5737
    ],
    "is_stall": false
   },
   {
    "frame_index": 612,
    "frame_start_symtime": 10075992,
    "n_samples_in_frame": 18726,
    "longest_run_symbols": 5,
    "run_start_symbol_offset": 9565,
    "run_end_symbol_offset": 9569,
    "run_value_IQ": [
     5736,
     5736
    ],
    "is_stall": false
   },
   {
    "frame_index": 613,
    "frame_start_symtime": 10100658,
    "n_samples_in_frame": 8782,
    "longest_run_symbols": 5,
    "run_start_symbol_offset": 1066,
    "run_end_symbol_offset": 1070,
    "run_value_IQ": [
     5736,
     -5737
    ],
    "is_stall": false
   },
   {
    "frame_index": 614,
    "frame_start_symtime": 10112991,
    "n_samples_in_frame": 9541,
    "longest_run_symbols": 5,
    "run_start_symbol_offset": 9565,
    "run_end_symbol_offset": 9569,
    "run_value_IQ": [
     5736,
     5736
    ],
    "is_stall": false
   },
   {
    "frame_index": 615,
    "frame_start_symtime": 10125324,
    "n_samples_in_frame": 9098,
    "longest_run_symbols": 5,
    "run_start_symbol_offset": 1066,
    "run_end_symbol_offset": 1070,
    "run_value_IQ": [
     5736,
     -5737
    ],
    "is_stall": false
   },
   {
    "frame_index": 616,
    "frame_start_symtime": 10137657,
    "n_samples_in_frame": 18950,
    "longest_run_symbols": 5,
    "run_start_symbol_offset": 1066,
    "run_end_symbol_offset": 1070,
    "run_value_IQ": [
     5736,
     -5737
    ],
    "is_stall": false
   },
   {
    "frame_index": 617,
    "frame_start_symtime": 10162323,
    "n_samples_in_frame": 8857,
    "longest_run_symbols": 5,
    "run_start_symbol_offset": 9565,
    "run_end_symbol_offset": 9569,
    "run_value_IQ": [
     5736,
     5736
    ],
    "is_stall": false
   },
   {
    "frame_index": 618,
    "frame_start_symtime": 10174656,
    "n_samples_in_frame": 13938,
    "longest_run_symbols": 5,
    "run_start_symbol_offset": 1066,
    "run_end_symbol_offset": 1070,
    "run_value_IQ": [
     5736,
     -5737
    ],
    "is_stall": false
   },
   {
    "frame_index": 619,
    "frame_start_symtime": 10199322,
    "n_samples_in_frame": 9422,
    "longest_run_symbols": 5,
    "run_start_symbol_offset": 1066,
    "run_end_symbol_offset": 1070,
    "run_value_IQ": [
     5736,
     -5737
    ],
    "is_stall": false
   },
   {
    "frame_index": 620,
    "frame_start_symtime": 10211655,
    "n_samples_in_frame": 9392,
    "longest_run_symbols": 5,
    "run_start_symbol_offset": 9565,
    "run_end_symbol_offset": 9569,
    "run_value_IQ": [
     5736,
     5736
    ],
    "is_stall": false
   },
   {
    "frame_index": 621,
    "frame_start_symtime": 10223988,
    "n_samples_in_frame": 8551,
    "longest_run_symbols": 5,
    "run_start_symbol_offset": 1066,
    "run_end_symbol_offset": 1070,
    "run_value_IQ": [
     5736,
     -5737
    ],
    "is_stall": false
   },
   {
    "frame_index": 622,
    "frame_start_symtime": 10236321,
    "n_samples_in_frame": 18794,
    "longest_run_symbols": 5,
    "run_start_symbol_offset": 1066,
    "run_end_symbol_offset": 1070,
    "run_value_IQ": [
     5736,
     -5737
    ],
    "is_stall": false
   },
   {
    "frame_index": 623,
    "frame_start_symtime": 10260987,
    "n_samples_in_frame": 9487,
    "longest_run_symbols": 5,
    "run_start_symbol_offset": 9565,
    "run_end_symbol_offset": 9569,
    "run_value_IQ": [
     5736,
     5736
    ],
    "is_stall": false
   },
   {
    "frame_index": 624,
    "frame_start_symtime": 10273320,
    "n_samples_in_frame": 9364,
    "longest_run_symbols": 5,
    "run_start_symbol_offset": 1066,
    "run_end_symbol_offset": 1070,
    "run_value_IQ": [
     5736,
     -5737
    ],
    "is_stall": false
   },
   {
    "frame_index": 625,
    "frame_start_symtime": 10285653,
    "n_samples_in_frame": 8651,
    "longest_run_symbols": 5,
    "run_start_symbol_offset": 1066,
    "run_end_symbol_offset": 1070,
    "run_value_IQ": [
     5736,
     -5737
    ],
    "is_stall": false
   },
   {
    "frame_index": 626,
    "frame_start_symtime": 10297986,
    "n_samples_in_frame": 9241,
    "longest_run_symbols": 5,
    "run_start_symbol_offset": 1066,
    "run_end_symbol_offset": 1070,
    "run_value_IQ": [
     5736,
     -5737
    ],
    "is_stall": false
   },
   {
    "frame_index": 627,
    "frame_start_symtime": 10310319,
    "n_samples_in_frame": 9517,
    "longest_run_symbols": 5,
    "run_start_symbol_offset": 1066,
    "run_end_symbol_offset": 1070,
    "run_value_IQ": [
     5736,
     -5737
    ],
    "is_stall": false
   },
   {
    "frame_index": 628,
    "frame_start_symtime": 10322652,
    "n_samples_in_frame": 18766,
    "longest_run_symbols": 5,
    "run_start_symbol_offset": 4886,
    "run_end_symbol_offset": 5031,
    "run_value_IQ": [
     -5737,
     -5737
    ],
    "is_stall": false
   },
   {
    "frame_index": 629,
    "frame_start_symtime": 10347318,
    "n_samples_in_frame": 8588,
    "longest_run_symbols": 5,
    "run_start_symbol_offset": 11989,
    "run_end_symbol_offset": 11993,
    "run_value_IQ": [
     5736,
     -5737
    ],
    "is_stall": false
   },
   {
    "frame_index": 630,
    "frame_start_symtime": 10359651,
    "n_samples_in_frame": 9304,
    "longest_run_symbols": 5,
    "run_start_symbol_offset": 1066,
    "run_end_symbol_offset": 1070,
    "run_value_IQ": [
     5736,
     -5737
    ],
    "is_stall": false
   },
   {
    "frame_index": 631,
    "frame_start_symtime": 10371984,
    "n_samples_in_frame": 11794,
    "longest_run_symbols": 5,
    "run_start_symbol_offset": 1066,
    "run_end_symbol_offset": 1070,
    "run_value_IQ": [
     5736,
     -5737
    ],
    "is_stall": false
   },
   {
    "frame_index": 632,
    "frame_start_symtime": 10396650,
    "n_samples_in_frame": 4845,
    "longest_run_symbols": 5,
    "run_start_symbol_offset": 9565,
    "run_end_symbol_offset": 9569,
    "run_value_IQ": [
     5736,
     5736
    ],
    "is_stall": false
   },
   {
    "frame_index": 633,
    "frame_start_symtime": 10408983,
    "n_samples_in_frame": 8613,
    "longest_run_symbols": 5,
    "run_start_symbol_offset": 1066,
    "run_end_symbol_offset": 1070,
    "run_value_IQ": [
     5736,
     -5737
    ],
    "is_stall": false
   },
   {
    "frame_index": 634,
    "frame_start_symtime": 10421316,
    "n_samples_in_frame": 18719,
    "longest_run_symbols": 5,
    "run_start_symbol_offset": 1066,
    "run_end_symbol_offset": 1070,
    "run_value_IQ": [
     5736,
     -5737
    ],
    "is_stall": false
   },
   {
    "frame_index": 635,
    "frame_start_symtime": 10445982,
    "n_samples_in_frame": 9551,
    "longest_run_symbols": 5,
    "run_start_symbol_offset": 1066,
    "run_end_symbol_offset": 1070,
    "run_value_IQ": [
     5736,
     -5737
    ],
    "is_stall": false
   },
   {
    "frame_index": 636,
    "frame_start_symtime": 10458315,
    "n_samples_in_frame": 9189,
    "longest_run_symbols": 5,
    "run_start_symbol_offset": 9565,
    "run_end_symbol_offset": 9569,
    "run_value_IQ": [
     5736,
     5736
    ],
    "is_stall": false
   },
   {
    "frame_index": 637,
    "frame_start_symtime": 10470648,
    "n_samples_in_frame": 8510,
    "longest_run_symbols": 5,
    "run_start_symbol_offset": 9565,
    "run_end_symbol_offset": 9569,
    "run_value_IQ": [
     5736,
     5736
    ],
    "is_stall": false
   },
   {
    "frame_index": 638,
    "frame_start_symtime": 10482981,
    "n_samples_in_frame": 9507,
    "longest_run_symbols": 5,
    "run_start_symbol_offset": 9565,
    "run_end_symbol_offset": 9569,
    "run_value_IQ": [
     5736,
     5736
    ],
    "is_stall": false
   },
   {
    "frame_index": 639,
    "frame_start_symtime": 10495314,
    "n_samples_in_frame": 9394,
    "longest_run_symbols": 5,
    "run_start_symbol_offset": 1066,
    "run_end_symbol_offset": 1070,
    "run_value_IQ": [
     5736,
     -5737
    ],
    "is_stall": false
   },
   {
    "frame_index": 640,
    "frame_start_symtime": 10507647,
    "n_samples_in_frame": 9436,
    "longest_run_symbols": 5,
    "run_start_symbol_offset": 9565,
    "run_end_symbol_offset": 9569,
    "run_value_IQ": [
     5736,
     5736
    ],
    "is_stall": false
   },
   {
    "frame_index": 641,
    "frame_start_symtime": 10519980,
    "n_samples_in_frame": 27523,
    "longest_run_symbols": 5,
    "run_start_symbol_offset": 1066,
    "run_end_symbol_offset": 1070,
    "run_value_IQ": [
     5736,
     -5737
    ],
    "is_stall": false
   },
   {
    "frame_index": 642,
    "frame_start_symtime": 10556979,
    "n_samples_in_frame": 9428,
    "longest_run_symbols": 5,
    "run_start_symbol_offset": 9565,
    "run_end_symbol_offset": 9569,
    "run_value_IQ": [
     5736,
     5736
    ],
    "is_stall": false
   },
   {
    "frame_index": 643,
    "frame_start_symtime": 10569312,
    "n_samples_in_frame": 18641,
    "longest_run_symbols": 5,
    "run_start_symbol_offset": 1066,
    "run_end_symbol_offset": 1070,
    "run_value_IQ": [
     5736,
     -5737
    ],
    "is_stall": false
   },
   {
    "frame_index": 644,
    "frame_start_symtime": 10593978,
    "n_samples_in_frame": 8648,
    "longest_run_symbols": 5,
    "run_start_symbol_offset": 9565,
    "run_end_symbol_offset": 9569,
    "run_value_IQ": [
     5736,
     5736
    ],
    "is_stall": false
   },
   {
    "frame_index": 645,
    "frame_start_symtime": 10606311,
    "n_samples_in_frame": 9527,
    "longest_run_symbols": 5,
    "run_start_symbol_offset": 1066,
    "run_end_symbol_offset": 1070,
    "run_value_IQ": [
     5736,
     -5737
    ],
    "is_stall": false
   },
   {
    "frame_index": 646,
    "frame_start_symtime": 10618644,
    "n_samples_in_frame": 18857,
    "longest_run_symbols": 5,
    "run_start_symbol_offset": 1066,
    "run_end_symbol_offset": 1070,
    "run_value_IQ": [
     5736,
     -5737
    ],
    "is_stall": false
   },
   {
    "frame_index": 647,
    "frame_start_symtime": 10643310,
    "n_samples_in_frame": 15408,
    "longest_run_symbols": 5,
    "run_start_symbol_offset": 11989,
    "run_end_symbol_offset": 11993,
    "run_value_IQ": [
     5736,
     -5737
    ],
    "is_stall": false
   },
   {
    "frame_index": 648,
    "frame_start_symtime": 10667976,
    "n_samples_in_frame": 9478,
    "longest_run_symbols": 5,
    "run_start_symbol_offset": 1066,
    "run_end_symbol_offset": 1070,
    "run_value_IQ": [
     5736,
     -5737
    ],
    "is_stall": false
   },
   {
    "frame_index": 649,
    "frame_start_symtime": 10680309,
    "n_samples_in_frame": 9638,
    "longest_run_symbols": 5,
    "run_start_symbol_offset": 9565,
    "run_end_symbol_offset": 9569,
    "run_value_IQ": [
     5736,
     5736
    ],
    "is_stall": false
   },
   {
    "frame_index": 650,
    "frame_start_symtime": 10692642,
    "n_samples_in_frame": 9328,
    "longest_run_symbols": 5,
    "run_start_symbol_offset": 1066,
    "run_end_symbol_offset": 1070,
    "run_value_IQ": [
     5736,
     -5737
    ],
    "is_stall": false
   },
   {
    "frame_index": 651,
    "frame_start_symtime": 10704975,
    "n_samples_in_frame": 9482,
    "longest_run_symbols": 5,
    "run_start_symbol_offset": 9565,
    "run_end_symbol_offset": 9569,
    "run_value_IQ": [
     5736,
     5736
    ],
    "is_stall": false
   },
   {
    "frame_index": 652,
    "frame_start_symtime": 10717308,
    "n_samples_in_frame": 8308,
    "longest_run_symbols": 5,
    "run_start_symbol_offset": 9565,
    "run_end_symbol_offset": 9569,
    "run_value_IQ": [
     5736,
     5736
    ],
    "is_stall": false
   },
   {
    "frame_index": 653,
    "frame_start_symtime": 10729641,
    "n_samples_in_frame": 27347,
    "longest_run_symbols": 5,
    "run_start_symbol_offset": 1066,
    "run_end_symbol_offset": 1070,
    "run_value_IQ": [
     5736,
     -5737
    ],
    "is_stall": false
   },
   {
    "frame_index": 654,
    "frame_start_symtime": 10766640,
    "n_samples_in_frame": 9456,
    "longest_run_symbols": 5,
    "run_start_symbol_offset": 1066,
    "run_end_symbol_offset": 1070,
    "run_value_IQ": [
     5736,
     -5737
    ],
    "is_stall": false
   },
   {
    "frame_index": 655,
    "frame_start_symtime": 10778973,
    "n_samples_in_frame": 8534,
    "longest_run_symbols": 5,
    "run_start_symbol_offset": 9565,
    "run_end_symbol_offset": 9569,
    "run_value_IQ": [
     5736,
     5736
    ],
    "is_stall": false
   },
   {
    "frame_index": 656,
    "frame_start_symtime": 10791306,
    "n_samples_in_frame": 8372,
    "longest_run_symbols": 5,
    "run_start_symbol_offset": 9565,
    "run_end_symbol_offset": 9569,
    "run_value_IQ": [
     5736,
     5736
    ],
    "is_stall": false
   },
   {
    "frame_index": 657,
    "frame_start_symtime": 10803639,
    "n_samples_in_frame": 9630,
    "longest_run_symbols": 5,
    "run_start_symbol_offset": 1066,
    "run_end_symbol_offset": 1070,
    "run_value_IQ": [
     5736,
     -5737
    ],
    "is_stall": false
   },
   {
    "frame_index": 658,
    "frame_start_symtime": 10815972,
    "n_samples_in_frame": 27613,
    "longest_run_symbols": 5,
    "run_start_symbol_offset": 1066,
    "run_end_symbol_offset": 1070,
    "run_value_IQ": [
     5736,
     -5737
    ],
    "is_stall": false
   },
   {
    "frame_index": 659,
    "frame_start_symtime": 10852971,
    "n_samples_in_frame": 18888,
    "longest_run_symbols": 5,
    "run_start_symbol_offset": 9565,
    "run_end_symbol_offset": 9569,
    "run_value_IQ": [
     5736,
     5736
    ],
    "is_stall": false
   },
   {
    "frame_index": 660,
    "frame_start_symtime": 10877637,
    "n_samples_in_frame": 24886,
    "longest_run_symbols": 5,
    "run_start_symbol_offset": 1066,
    "run_end_symbol_offset": 1070,
    "run_value_IQ": [
     5736,
     -5737
    ],
    "is_stall": false
   },
   {
    "frame_index": 661,
    "frame_start_symtime": 10914636,
    "n_samples_in_frame": 9503,
    "longest_run_symbols": 5,
    "run_start_symbol_offset": 1066,
    "run_end_symbol_offset": 1070,
    "run_value_IQ": [
     5736,
     -5737
    ],
    "is_stall": false
   },
   {
    "frame_index": 662,
    "frame_start_symtime": 10926969,
    "n_samples_in_frame": 9431,
    "longest_run_symbols": 5,
    "run_start_symbol_offset": 1066,
    "run_end_symbol_offset": 1070,
    "run_value_IQ": [
     5736,
     -5737
    ],
    "is_stall": false
   },
   {
    "frame_index": 663,
    "frame_start_symtime": 10939302,
    "n_samples_in_frame": 9437,
    "longest_run_symbols": 5,
    "run_start_symbol_offset": 1066,
    "run_end_symbol_offset": 1070,
    "run_value_IQ": [
     5736,
     -5737
    ],
    "is_stall": false
   },
   {
    "frame_index": 664,
    "frame_start_symtime": 10951635,
    "n_samples_in_frame": 18217,
    "longest_run_symbols": 5,
    "run_start_symbol_offset": 1066,
    "run_end_symbol_offset": 1070,
    "run_value_IQ": [
     5736,
     -5737
    ],
    "is_stall": false
   },
   {
    "frame_index": 665,
    "frame_start_symtime": 10976301,
    "n_samples_in_frame": 9452,
    "longest_run_symbols": 5,
    "run_start_symbol_offset": 1066,
    "run_end_symbol_offset": 1070,
    "run_value_IQ": [
     5736,
     -5737
    ],
    "is_stall": false
   },
   {
    "frame_index": 666,
    "frame_start_symtime": 10988634,
    "n_samples_in_frame": 18813,
    "longest_run_symbols": 5,
    "run_start_symbol_offset": 1066,
    "run_end_symbol_offset": 1070,
    "run_value_IQ": [
     5736,
     -5737
    ],
    "is_stall": false
   },
   {
    "frame_index": 667,
    "frame_start_symtime": 11013300,
    "n_samples_in_frame": 8640,
    "longest_run_symbols": 5,
    "run_start_symbol_offset": 1066,
    "run_end_symbol_offset": 1070,
    "run_value_IQ": [
     5736,
     -5737
    ],
    "is_stall": false
   },
   {
    "frame_index": 668,
    "frame_start_symtime": 11025633,
    "n_samples_in_frame": 9348,
    "longest_run_symbols": 5,
    "run_start_symbol_offset": 1066,
    "run_end_symbol_offset": 1070,
    "run_value_IQ": [
     5736,
     -5737
    ],
    "is_stall": false
   },
   {
    "frame_index": 669,
    "frame_start_symtime": 11037966,
    "n_samples_in_frame": 9483,
    "longest_run_symbols": 5,
    "run_start_symbol_offset": 9565,
    "run_end_symbol_offset": 9569,
    "run_value_IQ": [
     5736,
     5736
    ],
    "is_stall": false
   },
   {
    "frame_index": 670,
    "frame_start_symtime": 11050299,
    "n_samples_in_frame": 41164,
    "longest_run_symbols": 5,
    "run_start_symbol_offset": 1066,
    "run_end_symbol_offset": 1070,
    "run_value_IQ": [
     5736,
     -5737
    ],
    "is_stall": false
   },
   {
    "frame_index": 671,
    "frame_start_symtime": 11099631,
    "n_samples_in_frame": 9510,
    "longest_run_symbols": 5,
    "run_start_symbol_offset": 9565,
    "run_end_symbol_offset": 9569,
    "run_value_IQ": [
     5736,
     5736
    ],
    "is_stall": false
   },
   {
    "frame_index": 672,
    "frame_start_symtime": 11111964,
    "n_samples_in_frame": 9440,
    "longest_run_symbols": 5,
    "run_start_symbol_offset": 1066,
    "run_end_symbol_offset": 1070,
    "run_value_IQ": [
     5736,
     -5737
    ],
    "is_stall": false
   },
   {
    "frame_index": 673,
    "frame_start_symtime": 11124297,
    "n_samples_in_frame": 8585,
    "longest_run_symbols": 5,
    "run_start_symbol_offset": 1066,
    "run_end_symbol_offset": 1070,
    "run_value_IQ": [
     5736,
     -5737
    ],
    "is_stall": false
   },
   {
    "frame_index": 674,
    "frame_start_symtime": 11136630,
    "n_samples_in_frame": 9425,
    "longest_run_symbols": 5,
    "run_start_symbol_offset": 1066,
    "run_end_symbol_offset": 1070,
    "run_value_IQ": [
     5736,
     -5737
    ],
    "is_stall": false
   },
   {
    "frame_index": 675,
    "frame_start_symtime": 11148963,
    "n_samples_in_frame": 18906,
    "longest_run_symbols": 5,
    "run_start_symbol_offset": 1066,
    "run_end_symbol_offset": 1070,
    "run_value_IQ": [
     5736,
     -5737
    ],
    "is_stall": false
   },
   {
    "frame_index": 676,
    "frame_start_symtime": 11173629,
    "n_samples_in_frame": 9478,
    "longest_run_symbols": 5,
    "run_start_symbol_offset": 9565,
    "run_end_symbol_offset": 9569,
    "run_value_IQ": [
     5736,
     5736
    ],
    "is_stall": false
   },
   {
    "frame_index": 677,
    "frame_start_symtime": 11185962,
    "n_samples_in_frame": 17283,
    "longest_run_symbols": 5,
    "run_start_symbol_offset": 1066,
    "run_end_symbol_offset": 1070,
    "run_value_IQ": [
     5736,
     -5737
    ],
    "is_stall": false
   },
   {
    "frame_index": 678,
    "frame_start_symtime": 11210628,
    "n_samples_in_frame": 18729,
    "longest_run_symbols": 5,
    "run_start_symbol_offset": 1066,
    "run_end_symbol_offset": 1070,
    "run_value_IQ": [
     5736,
     -5737
    ],
    "is_stall": false
   },
   {
    "frame_index": 679,
    "frame_start_symtime": 11235294,
    "n_samples_in_frame": 9425,
    "longest_run_symbols": 5,
    "run_start_symbol_offset": 9565,
    "run_end_symbol_offset": 9569,
    "run_value_IQ": [
     5736,
     5736
    ],
    "is_stall": false
   },
   {
    "frame_index": 680,
    "frame_start_symtime": 11247627,
    "n_samples_in_frame": 8800,
    "longest_run_symbols": 5,
    "run_start_symbol_offset": 1066,
    "run_end_symbol_offset": 1070,
    "run_value_IQ": [
     5736,
     -5737
    ],
    "is_stall": false
   },
   {
    "frame_index": 681,
    "frame_start_symtime": 11259960,
    "n_samples_in_frame": 9270,
    "longest_run_symbols": 5,
    "run_start_symbol_offset": 1066,
    "run_end_symbol_offset": 1070,
    "run_value_IQ": [
     5736,
     -5737
    ],
    "is_stall": false
   },
   {
    "frame_index": 682,
    "frame_start_symtime": 11272293,
    "n_samples_in_frame": 9454,
    "longest_run_symbols": 5,
    "run_start_symbol_offset": 1066,
    "run_end_symbol_offset": 1070,
    "run_value_IQ": [
     5736,
     -5737
    ],
    "is_stall": false
   },
   {
    "frame_index": 683,
    "frame_start_symtime": 11284626,
    "n_samples_in_frame": 18889,
    "longest_run_symbols": 5,
    "run_start_symbol_offset": 11989,
    "run_end_symbol_offset": 11993,
    "run_value_IQ": [
     5736,
     -5737
    ],
    "is_stall": false
   },
   {
    "frame_index": 684,
    "frame_start_symtime": 11309292,
    "n_samples_in_frame": 8820,
    "longest_run_symbols": 5,
    "run_start_symbol_offset": 9565,
    "run_end_symbol_offset": 9569,
    "run_value_IQ": [
     5736,
     5736
    ],
    "is_stall": false
   },
   {
    "frame_index": 685,
    "frame_start_symtime": 11321625,
    "n_samples_in_frame": 9330,
    "longest_run_symbols": 5,
    "run_start_symbol_offset": 9565,
    "run_end_symbol_offset": 9569,
    "run_value_IQ": [
     5736,
     5736
    ],
    "is_stall": false
   },
   {
    "frame_index": 686,
    "frame_start_symtime": 11333958,
    "n_samples_in_frame": 9454,
    "longest_run_symbols": 5,
    "run_start_symbol_offset": 1066,
    "run_end_symbol_offset": 1070,
    "run_value_IQ": [
     5736,
     -5737
    ],
    "is_stall": false
   },
   {
    "frame_index": 687,
    "frame_start_symtime": 11346291,
    "n_samples_in_frame": 9392,
    "longest_run_symbols": 5,
    "run_start_symbol_offset": 9565,
    "run_end_symbol_offset": 9569,
    "run_value_IQ": [
     5736,
     5736
    ],
    "is_stall": false
   },
   {
    "frame_index": 688,
    "frame_start_symtime": 11358624,
    "n_samples_in_frame": 9178,
    "longest_run_symbols": 5,
    "run_start_symbol_offset": 1066,
    "run_end_symbol_offset": 1070,
    "run_value_IQ": [
     5736,
     -5737
    ],
    "is_stall": false
   },
   {
    "frame_index": 689,
    "frame_start_symtime": 11370957,
    "n_samples_in_frame": 8899,
    "longest_run_symbols": 5,
    "run_start_symbol_offset": 1066,
    "run_end_symbol_offset": 1070,
    "run_value_IQ": [
     5736,
     -5737
    ],
    "is_stall": false
   },
   {
    "frame_index": 690,
    "frame_start_symtime": 11383290,
    "n_samples_in_frame": 13919,
    "longest_run_symbols": 5,
    "run_start_symbol_offset": 1066,
    "run_end_symbol_offset": 1070,
    "run_value_IQ": [
     5736,
     -5737
    ],
    "is_stall": false
   },
   {
    "frame_index": 691,
    "frame_start_symtime": 11407956,
    "n_samples_in_frame": 9613,
    "longest_run_symbols": 5,
    "run_start_symbol_offset": 1066,
    "run_end_symbol_offset": 1070,
    "run_value_IQ": [
     5736,
     -5737
    ],
    "is_stall": false
   },
   {
    "frame_index": 692,
    "frame_start_symtime": 11420289,
    "n_samples_in_frame": 9342,
    "longest_run_symbols": 5,
    "run_start_symbol_offset": 1066,
    "run_end_symbol_offset": 1070,
    "run_value_IQ": [
     5736,
     -5737
    ],
    "is_stall": false
   },
   {
    "frame_index": 693,
    "frame_start_symtime": 11432622,
    "n_samples_in_frame": 8783,
    "longest_run_symbols": 5,
    "run_start_symbol_offset": 1066,
    "run_end_symbol_offset": 1070,
    "run_value_IQ": [
     5736,
     -5737
    ],
    "is_stall": false
   },
   {
    "frame_index": 694,
    "frame_start_symtime": 11444955,
    "n_samples_in_frame": 9526,
    "longest_run_symbols": 5,
    "run_start_symbol_offset": 9565,
    "run_end_symbol_offset": 9569,
    "run_value_IQ": [
     5736,
     5736
    ],
    "is_stall": false
   },
   {
    "frame_index": 695,
    "frame_start_symtime": 11457288,
    "n_samples_in_frame": 9354,
    "longest_run_symbols": 5,
    "run_start_symbol_offset": 1066,
    "run_end_symbol_offset": 1070,
    "run_value_IQ": [
     5736,
     -5737
    ],
    "is_stall": false
   },
   {
    "frame_index": 696,
    "frame_start_symtime": 11469621,
    "n_samples_in_frame": 9465,
    "longest_run_symbols": 5,
    "run_start_symbol_offset": 1066,
    "run_end_symbol_offset": 1070,
    "run_value_IQ": [
     5736,
     -5737
    ],
    "is_stall": false
   },
   {
    "frame_index": 697,
    "frame_start_symtime": 11481954,
    "n_samples_in_frame": 27469,
    "longest_run_symbols": 5,
    "run_start_symbol_offset": 1066,
    "run_end_symbol_offset": 1070,
    "run_value_IQ": [
     5736,
     -5737
    ],
    "is_stall": false
   },
   {
    "frame_index": 698,
    "frame_start_symtime": 11518953,
    "n_samples_in_frame": 9504,
    "longest_run_symbols": 5,
    "run_start_symbol_offset": 9565,
    "run_end_symbol_offset": 9569,
    "run_value_IQ": [
     5736,
     5736
    ],
    "is_stall": false
   },
   {
    "frame_index": 699,
    "frame_start_symtime": 11531286,
    "n_samples_in_frame": 18770,
    "longest_run_symbols": 5,
    "run_start_symbol_offset": 1066,
    "run_end_symbol_offset": 1070,
    "run_value_IQ": [
     5736,
     -5737
    ],
    "is_stall": false
   },
   {
    "frame_index": 700,
    "frame_start_symtime": 11555952,
    "n_samples_in_frame": 8873,
    "longest_run_symbols": 5,
    "run_start_symbol_offset": 1066,
    "run_end_symbol_offset": 1070,
    "run_value_IQ": [
     5736,
     -5737
    ],
    "is_stall": false
   },
   {
    "frame_index": 701,
    "frame_start_symtime": 11568285,
    "n_samples_in_frame": 9329,
    "longest_run_symbols": 5,
    "run_start_symbol_offset": 1066,
    "run_end_symbol_offset": 1070,
    "run_value_IQ": [
     5736,
     -5737
    ],
    "is_stall": false
   },
   {
    "frame_index": 702,
    "frame_start_symtime": 11580618,
    "n_samples_in_frame": 9408,
    "longest_run_symbols": 5,
    "run_start_symbol_offset": 1066,
    "run_end_symbol_offset": 1070,
    "run_value_IQ": [
     5736,
     -5737
    ],
    "is_stall": false
   },
   {
    "frame_index": 703,
    "frame_start_symtime": 11592951,
    "n_samples_in_frame": 3801,
    "longest_run_symbols": 5,
    "run_start_symbol_offset": 11989,
    "run_end_symbol_offset": 11993,
    "run_value_IQ": [
     5736,
     -5737
    ],
    "is_stall": false
   },
   {
    "frame_index": 704,
    "frame_start_symtime": 11605284,
    "n_samples_in_frame": 18104,
    "longest_run_symbols": 5,
    "run_start_symbol_offset": 1066,
    "run_end_symbol_offset": 1070,
    "run_value_IQ": [
     5736,
     -5737
    ],
    "is_stall": false
   },
   {
    "frame_index": 705,
    "frame_start_symtime": 11629950,
    "n_samples_in_frame": 9401,
    "longest_run_symbols": 5,
    "run_start_symbol_offset": 1066,
    "run_end_symbol_offset": 1070,
    "run_value_IQ": [
     5736,
     -5737
    ],
    "is_stall": false
   },
   {
    "frame_index": 706,
    "frame_start_symtime": 11642283,
    "n_samples_in_frame": 18869,
    "longest_run_symbols": 5,
    "run_start_symbol_offset": 1066,
    "run_end_symbol_offset": 1070,
    "run_value_IQ": [
     5736,
     -5737
    ],
    "is_stall": false
   },
   {
    "frame_index": 707,
    "frame_start_symtime": 11666949,
    "n_samples_in_frame": 9130,
    "longest_run_symbols": 5,
    "run_start_symbol_offset": 9565,
    "run_end_symbol_offset": 9569,
    "run_value_IQ": [
     5736,
     5736
    ],
    "is_stall": false
   },
   {
    "frame_index": 708,
    "frame_start_symtime": 11679282,
    "n_samples_in_frame": 8916,
    "longest_run_symbols": 5,
    "run_start_symbol_offset": 11989,
    "run_end_symbol_offset": 11993,
    "run_value_IQ": [
     5736,
     -5737
    ],
    "is_stall": false
   },
   {
    "frame_index": 709,
    "frame_start_symtime": 11691615,
    "n_samples_in_frame": 9415,
    "longest_run_symbols": 5,
    "run_start_symbol_offset": 1066,
    "run_end_symbol_offset": 1070,
    "run_value_IQ": [
     5736,
     -5737
    ],
    "is_stall": false
   },
   {
    "frame_index": 710,
    "frame_start_symtime": 11703948,
    "n_samples_in_frame": 9447,
    "longest_run_symbols": 5,
    "run_start_symbol_offset": 1066,
    "run_end_symbol_offset": 1070,
    "run_value_IQ": [
     5736,
     -5737
    ],
    "is_stall": false
   },
   {
    "frame_index": 711,
    "frame_start_symtime": 11716281,
    "n_samples_in_frame": 18841,
    "longest_run_symbols": 5,
    "run_start_symbol_offset": 1066,
    "run_end_symbol_offset": 1070,
    "run_value_IQ": [
     5736,
     -5737
    ],
    "is_stall": false
   },
   {
    "frame_index": 712,
    "frame_start_symtime": 11740947,
    "n_samples_in_frame": 8777,
    "longest_run_symbols": 4,
    "run_start_symbol_offset": 696,
    "run_end_symbol_offset": 699,
    "run_value_IQ": [
     5736,
     -5737
    ],
    "is_stall": false
   },
   {
    "frame_index": 713,
    "frame_start_symtime": 11753280,
    "n_samples_in_frame": 13920,
    "longest_run_symbols": 5,
    "run_start_symbol_offset": 1066,
    "run_end_symbol_offset": 1070,
    "run_value_IQ": [
     5736,
     -5737
    ],
    "is_stall": false
   },
   {
    "frame_index": 714,
    "frame_start_symtime": 11777946,
    "n_samples_in_frame": 10889,
    "longest_run_symbols": 5,
    "run_start_symbol_offset": 1066,
    "run_end_symbol_offset": 1070,
    "run_value_IQ": [
     5736,
     -5737
    ],
    "is_stall": false
   },
   {
    "frame_index": 715,
    "frame_start_symtime": 11790279,
    "n_samples_in_frame": 8975,
    "longest_run_symbols": 5,
    "run_start_symbol_offset": 1066,
    "run_end_symbol_offset": 1070,
    "run_value_IQ": [
     5736,
     -5737
    ],
    "is_stall": false
   },
   {
    "frame_index": 716,
    "frame_start_symtime": 11802612,
    "n_samples_in_frame": 18896,
    "longest_run_symbols": 5,
    "run_start_symbol_offset": 9565,
    "run_end_symbol_offset": 9569,
    "run_value_IQ": [
     5736,
     5736
    ],
    "is_stall": false
   },
   {
    "frame_index": 717,
    "frame_start_symtime": 11827278,
    "n_samples_in_frame": 9497,
    "longest_run_symbols": 5,
    "run_start_symbol_offset": 9565,
    "run_end_symbol_offset": 9569,
    "run_value_IQ": [
     5736,
     5736
    ],
    "is_stall": false
   },
   {
    "frame_index": 718,
    "frame_start_symtime": 11839611,
    "n_samples_in_frame": 9283,
    "longest_run_symbols": 5,
    "run_start_symbol_offset": 1066,
    "run_end_symbol_offset": 1070,
    "run_value_IQ": [
     5736,
     -5737
    ],
    "is_stall": false
   },
   {
    "frame_index": 719,
    "frame_start_symtime": 11851944,
    "n_samples_in_frame": 8799,
    "longest_run_symbols": 5,
    "run_start_symbol_offset": 1066,
    "run_end_symbol_offset": 1070,
    "run_value_IQ": [
     5736,
     -5737
    ],
    "is_stall": false
   },
   {
    "frame_index": 720,
    "frame_start_symtime": 11864277,
    "n_samples_in_frame": 9489,
    "longest_run_symbols": 5,
    "run_start_symbol_offset": 1066,
    "run_end_symbol_offset": 1070,
    "run_value_IQ": [
     5736,
     -5737
    ],
    "is_stall": false
   },
   {
    "frame_index": 721,
    "frame_start_symtime": 11876610,
    "n_samples_in_frame": 18868,
    "longest_run_symbols": 5,
    "run_start_symbol_offset": 1066,
    "run_end_symbol_offset": 1070,
    "run_value_IQ": [
     5736,
     -5737
    ],
    "is_stall": false
   },
   {
    "frame_index": 722,
    "frame_start_symtime": 11901276,
    "n_samples_in_frame": 27615,
    "longest_run_symbols": 5,
    "run_start_symbol_offset": 1066,
    "run_end_symbol_offset": 1070,
    "run_value_IQ": [
     5736,
     -5737
    ],
    "is_stall": false
   },
   {
    "frame_index": 723,
    "frame_start_symtime": 11938275,
    "n_samples_in_frame": 18881,
    "longest_run_symbols": 5,
    "run_start_symbol_offset": 1066,
    "run_end_symbol_offset": 1070,
    "run_value_IQ": [
     5736,
     -5737
    ],
    "is_stall": false
   },
   {
    "frame_index": 724,
    "frame_start_symtime": 11962941,
    "n_samples_in_frame": 9496,
    "longest_run_symbols": 5,
    "run_start_symbol_offset": 9565,
    "run_end_symbol_offset": 9569,
    "run_value_IQ": [
     5736,
     5736
    ],
    "is_stall": false
   },
   {
    "frame_index": 725,
    "frame_start_symtime": 11975274,
    "n_samples_in_frame": 17532,
    "longest_run_symbols": 5,
    "run_start_symbol_offset": 1066,
    "run_end_symbol_offset": 1070,
    "run_value_IQ": [
     5736,
     -5737
    ],
    "is_stall": false
   },
   {
    "frame_index": 726,
    "frame_start_symtime": 11999940,
    "n_samples_in_frame": 9611,
    "longest_run_symbols": 5,
    "run_start_symbol_offset": 9565,
    "run_end_symbol_offset": 9569,
    "run_value_IQ": [
     5736,
     5736
    ],
    "is_stall": false
   },
   {
    "frame_index": 727,
    "frame_start_symtime": 12012273,
    "n_samples_in_frame": 9433,
    "longest_run_symbols": 5,
    "run_start_symbol_offset": 1066,
    "run_end_symbol_offset": 1070,
    "run_value_IQ": [
     5736,
     -5737
    ],
    "is_stall": false
   },
   {
    "frame_index": 728,
    "frame_start_symtime": 12024606,
    "n_samples_in_frame": 9422,
    "longest_run_symbols": 5,
    "run_start_symbol_offset": 9565,
    "run_end_symbol_offset": 9569,
    "run_value_IQ": [
     5736,
     5736
    ],
    "is_stall": false
   },
   {
    "frame_index": 729,
    "frame_start_symtime": 12036939,
    "n_samples_in_frame": 18159,
    "longest_run_symbols": 5,
    "run_start_symbol_offset": 1066,
    "run_end_symbol_offset": 1070,
    "run_value_IQ": [
     5736,
     -5737
    ],
    "is_stall": false
   },
   {
    "frame_index": 730,
    "frame_start_symtime": 12061605,
    "n_samples_in_frame": 9394,
    "longest_run_symbols": 5,
    "run_start_symbol_offset": 1066,
    "run_end_symbol_offset": 1070,
    "run_value_IQ": [
     5736,
     -5737
    ],
    "is_stall": false
   },
   {
    "frame_index": 731,
    "frame_start_symtime": 12073938,
    "n_samples_in_frame": 18867,
    "longest_run_symbols": 5,
    "run_start_symbol_offset": 1066,
    "run_end_symbol_offset": 1070,
    "run_value_IQ": [
     5736,
     -5737
    ],
    "is_stall": false
   },
   {
    "frame_index": 732,
    "frame_start_symtime": 12098604,
    "n_samples_in_frame": 13239,
    "longest_run_symbols": 5,
    "run_start_symbol_offset": 11989,
    "run_end_symbol_offset": 11993,
    "run_value_IQ": [
     5736,
     -5737
    ],
    "is_stall": false
   },
   {
    "frame_index": 733,
    "frame_start_symtime": 12123270,
    "n_samples_in_frame": 9531,
    "longest_run_symbols": 5,
    "run_start_symbol_offset": 9565,
    "run_end_symbol_offset": 9569,
    "run_value_IQ": [
     5736,
     5736
    ],
    "is_stall": false
   },
   {
    "frame_index": 734,
    "frame_start_symtime": 12135603,
    "n_samples_in_frame": 9310,
    "longest_run_symbols": 5,
    "run_start_symbol_offset": 1066,
    "run_end_symbol_offset": 1070,
    "run_value_IQ": [
     5736,
     -5737
    ],
    "is_stall": false
   },
   {
    "frame_index": 735,
    "frame_start_symtime": 12147936,
    "n_samples_in_frame": 9577,
    "longest_run_symbols": 5,
    "run_start_symbol_offset": 1066,
    "run_end_symbol_offset": 1070,
    "run_value_IQ": [
     5736,
     -5737
    ],
    "is_stall": false
   },
   {
    "frame_index": 736,
    "frame_start_symtime": 12160269,
    "n_samples_in_frame": 18188,
    "longest_run_symbols": 5,
    "run_start_symbol_offset": 1066,
    "run_end_symbol_offset": 1070,
    "run_value_IQ": [
     5736,
     -5737
    ],
    "is_stall": false
   },
   {
    "frame_index": 737,
    "frame_start_symtime": 12184935,
    "n_samples_in_frame": 9512,
    "longest_run_symbols": 5,
    "run_start_symbol_offset": 9565,
    "run_end_symbol_offset": 9569,
    "run_value_IQ": [
     5736,
     5736
    ],
    "is_stall": false
   },
   {
    "frame_index": 738,
    "frame_start_symtime": 12197268,
    "n_samples_in_frame": 9428,
    "longest_run_symbols": 5,
    "run_start_symbol_offset": 1066,
    "run_end_symbol_offset": 1070,
    "run_value_IQ": [
     5736,
     -5737
    ],
    "is_stall": false
   },
   {
    "frame_index": 739,
    "frame_start_symtime": 12209601,
    "n_samples_in_frame": 9349,
    "longest_run_symbols": 5,
    "run_start_symbol_offset": 9565,
    "run_end_symbol_offset": 9569,
    "run_value_IQ": [
     5736,
     5736
    ],
    "is_stall": false
   },
   {
    "frame_index": 740,
    "frame_start_symtime": 12221934,
    "n_samples_in_frame": 8558,
    "longest_run_symbols": 5,
    "run_start_symbol_offset": 1066,
    "run_end_symbol_offset": 1070,
    "run_value_IQ": [
     5736,
     -5737
    ],
    "is_stall": false
   },
   {
    "frame_index": 741,
    "frame_start_symtime": 12234267,
    "n_samples_in_frame": 9527,
    "longest_run_symbols": 5,
    "run_start_symbol_offset": 9565,
    "run_end_symbol_offset": 9569,
    "run_value_IQ": [
     5736,
     5736
    ],
    "is_stall": false
   },
   {
    "frame_index": 742,
    "frame_start_symtime": 12246600,
    "n_samples_in_frame": 9313,
    "longest_run_symbols": 5,
    "run_start_symbol_offset": 1066,
    "run_end_symbol_offset": 1070,
    "run_value_IQ": [
     5736,
     -5737
    ],
    "is_stall": false
   },
   {
    "frame_index": 743,
    "frame_start_symtime": 12258933,
    "n_samples_in_frame": 9538,
    "longest_run_symbols": 5,
    "run_start_symbol_offset": 1066,
    "run_end_symbol_offset": 1070,
    "run_value_IQ": [
     5736,
     -5737
    ],
    "is_stall": false
   },
   {
    "frame_index": 744,
    "frame_start_symtime": 12271266,
    "n_samples_in_frame": 9356,
    "longest_run_symbols": 5,
    "run_start_symbol_offset": 1066,
    "run_end_symbol_offset": 1070,
    "run_value_IQ": [
     5736,
     -5737
    ],
    "is_stall": false
   },
   {
    "frame_index": 745,
    "frame_start_symtime": 12283599,
    "n_samples_in_frame": 8185,
    "longest_run_symbols": 5,
    "run_start_symbol_offset": 1066,
    "run_end_symbol_offset": 1070,
    "run_value_IQ": [
     5736,
     -5737
    ],
    "is_stall": false
   },
   {
    "frame_index": 746,
    "frame_start_symtime": 12295932,
    "n_samples_in_frame": 9459,
    "longest_run_symbols": 5,
    "run_start_symbol_offset": 1066,
    "run_end_symbol_offset": 1070,
    "run_value_IQ": [
     5736,
     -5737
    ],
    "is_stall": false
   },
   {
    "frame_index": 747,
    "frame_start_symtime": 12308265,
    "n_samples_in_frame": 18883,
    "longest_run_symbols": 5,
    "run_start_symbol_offset": 9565,
    "run_end_symbol_offset": 9569,
    "run_value_IQ": [
     5736,
     5736
    ],
    "is_stall": false
   },
   {
    "frame_index": 748,
    "frame_start_symtime": 12332931,
    "n_samples_in_frame": 9436,
    "longest_run_symbols": 5,
    "run_start_symbol_offset": 9565,
    "run_end_symbol_offset": 9569,
    "run_value_IQ": [
     5736,
     5736
    ],
    "is_stall": false
   },
   {
    "frame_index": 749,
    "frame_start_symtime": 12345264,
    "n_samples_in_frame": 18051,
    "longest_run_symbols": 5,
    "run_start_symbol_offset": 1066,
    "run_end_symbol_offset": 1070,
    "run_value_IQ": [
     5736,
     -5737
    ],
    "is_stall": false
   },
   {
    "frame_index": 750,
    "frame_start_symtime": 12369930,
    "n_samples_in_frame": 9510,
    "longest_run_symbols": 5,
    "run_start_symbol_offset": 1066,
    "run_end_symbol_offset": 1070,
    "run_value_IQ": [
     5736,
     -5737
    ],
    "is_stall": false
   },
   {
    "frame_index": 751,
    "frame_start_symtime": 12382263,
    "n_samples_in_frame": 18798,
    "longest_run_symbols": 5,
    "run_start_symbol_offset": 1066,
    "run_end_symbol_offset": 1070,
    "run_value_IQ": [
     5736,
     -5737
    ],
    "is_stall": false
   },
   {
    "frame_index": 752,
    "frame_start_symtime": 12406929,
    "n_samples_in_frame": 8738,
    "longest_run_symbols": 5,
    "run_start_symbol_offset": 9565,
    "run_end_symbol_offset": 9569,
    "run_value_IQ": [
     5736,
     5736
    ],
    "is_stall": false
   },
   {
    "frame_index": 753,
    "frame_start_symtime": 12419262,
    "n_samples_in_frame": 18853,
    "longest_run_symbols": 5,
    "run_start_symbol_offset": 9565,
    "run_end_symbol_offset": 9569,
    "run_value_IQ": [
     5736,
     5736
    ],
    "is_stall": false
   },
   {
    "frame_index": 754,
    "frame_start_symtime": 12443928,
    "n_samples_in_frame": 14202,
    "longest_run_symbols": 5,
    "run_start_symbol_offset": 9565,
    "run_end_symbol_offset": 9569,
    "run_value_IQ": [
     5736,
     5736
    ],
    "is_stall": false
   },
   {
    "frame_index": 755,
    "frame_start_symtime": 12456261,
    "n_samples_in_frame": 8706,
    "longest_run_symbols": 5,
    "run_start_symbol_offset": 1066,
    "run_end_symbol_offset": 1070,
    "run_value_IQ": [
     5736,
     -5737
    ],
    "is_stall": false
   },
   {
    "frame_index": 756,
    "frame_start_symtime": 12468594,
    "n_samples_in_frame": 9365,
    "longest_run_symbols": 5,
    "run_start_symbol_offset": 1066,
    "run_end_symbol_offset": 1070,
    "run_value_IQ": [
     5736,
     -5737
    ],
    "is_stall": false
   },
   {
    "frame_index": 757,
    "frame_start_symtime": 12480927,
    "n_samples_in_frame": 9080,
    "longest_run_symbols": 5,
    "run_start_symbol_offset": 9565,
    "run_end_symbol_offset": 9569,
    "run_value_IQ": [
     5736,
     5736
    ],
    "is_stall": false
   },
   {
    "frame_index": 758,
    "frame_start_symtime": 12493260,
    "n_samples_in_frame": 9193,
    "longest_run_symbols": 5,
    "run_start_symbol_offset": 1066,
    "run_end_symbol_offset": 1070,
    "run_value_IQ": [
     5736,
     -5737
    ],
    "is_stall": false
   },
   {
    "frame_index": 759,
    "frame_start_symtime": 12505593,
    "n_samples_in_frame": 9378,
    "longest_run_symbols": 5,
    "run_start_symbol_offset": 1066,
    "run_end_symbol_offset": 1070,
    "run_value_IQ": [
     5736,
     -5737
    ],
    "is_stall": false
   },
   {
    "frame_index": 760,
    "frame_start_symtime": 12517926,
    "n_samples_in_frame": 18581,
    "longest_run_symbols": 5,
    "run_start_symbol_offset": 9565,
    "run_end_symbol_offset": 9569,
    "run_value_IQ": [
     5736,
     5736
    ],
    "is_stall": false
   },
   {
    "frame_index": 761,
    "frame_start_symtime": 12542592,
    "n_samples_in_frame": 9400,
    "longest_run_symbols": 5,
    "run_start_symbol_offset": 9565,
    "run_end_symbol_offset": 9569,
    "run_value_IQ": [
     5736,
     5736
    ],
    "is_stall": false
   },
   {
    "frame_index": 762,
    "frame_start_symtime": 12554925,
    "n_samples_in_frame": 15905,
    "longest_run_symbols": 5,
    "run_start_symbol_offset": 1066,
    "run_end_symbol_offset": 1070,
    "run_value_IQ": [
     5736,
     -5737
    ],
    "is_stall": false
   },
   {
    "frame_index": 763,
    "frame_start_symtime": 12579591,
    "n_samples_in_frame": 18213,
    "longest_run_symbols": 5,
    "run_start_symbol_offset": 1066,
    "run_end_symbol_offset": 1070,
    "run_value_IQ": [
     5736,
     -5737
    ],
    "is_stall": false
   },
   {
    "frame_index": 764,
    "frame_start_symtime": 12604257,
    "n_samples_in_frame": 19041,
    "longest_run_symbols": 5,
    "run_start_symbol_offset": 11989,
    "run_end_symbol_offset": 11993,
    "run_value_IQ": [
     5736,
     -5737
    ],
    "is_stall": false
   },
   {
    "frame_index": 765,
    "frame_start_symtime": 12628923,
    "n_samples_in_frame": 17941,
    "longest_run_symbols": 5,
    "run_start_symbol_offset": 1066,
    "run_end_symbol_offset": 1070,
    "run_value_IQ": [
     5736,
     -5737
    ],
    "is_stall": false
   },
   {
    "frame_index": 766,
    "frame_start_symtime": 12653589,
    "n_samples_in_frame": 18760,
    "longest_run_symbols": 5,
    "run_start_symbol_offset": 1066,
    "run_end_symbol_offset": 1070,
    "run_value_IQ": [
     5736,
     -5737
    ],
    "is_stall": false
   },
   {
    "frame_index": 767,
    "frame_start_symtime": 12678255,
    "n_samples_in_frame": 9484,
    "longest_run_symbols": 5,
    "run_start_symbol_offset": 9565,
    "run_end_symbol_offset": 9569,
    "run_value_IQ": [
     5736,
     5736
    ],
    "is_stall": false
   },
   {
    "frame_index": 768,
    "frame_start_symtime": 12690588,
    "n_samples_in_frame": 9385,
    "longest_run_symbols": 5,
    "run_start_symbol_offset": 1066,
    "run_end_symbol_offset": 1070,
    "run_value_IQ": [
     5736,
     -5737
    ],
    "is_stall": false
   },
   {
    "frame_index": 769,
    "frame_start_symtime": 12702921,
    "n_samples_in_frame": 8549,
    "longest_run_symbols": 5,
    "run_start_symbol_offset": 9565,
    "run_end_symbol_offset": 9569,
    "run_value_IQ": [
     5736,
     5736
    ],
    "is_stall": false
   },
   {
    "frame_index": 770,
    "frame_start_symtime": 12715254,
    "n_samples_in_frame": 9249,
    "longest_run_symbols": 5,
    "run_start_symbol_offset": 1066,
    "run_end_symbol_offset": 1070,
    "run_value_IQ": [
     5736,
     -5737
    ],
    "is_stall": false
   },
   {
    "frame_index": 771,
    "frame_start_symtime": 12727587,
    "n_samples_in_frame": 9493,
    "longest_run_symbols": 5,
    "run_start_symbol_offset": 1066,
    "run_end_symbol_offset": 1070,
    "run_value_IQ": [
     5736,
     -5737
    ],
    "is_stall": false
   },
   {
    "frame_index": 772,
    "frame_start_symtime": 12739920,
    "n_samples_in_frame": 9447,
    "longest_run_symbols": 5,
    "run_start_symbol_offset": 1066,
    "run_end_symbol_offset": 1070,
    "run_value_IQ": [
     5736,
     -5737
    ],
    "is_stall": false
   },
   {
    "frame_index": 773,
    "frame_start_symtime": 12752253,
    "n_samples_in_frame": 9489,
    "longest_run_symbols": 5,
    "run_start_symbol_offset": 1066,
    "run_end_symbol_offset": 1070,
    "run_value_IQ": [
     5736,
     -5737
    ],
    "is_stall": false
   },
   {
    "frame_index": 774,
    "frame_start_symtime": 12764586,
    "n_samples_in_frame": 7824,
    "longest_run_symbols": 5,
    "run_start_symbol_offset": 1066,
    "run_end_symbol_offset": 1070,
    "run_value_IQ": [
     5736,
     -5737
    ],
    "is_stall": false
   },
   {
    "frame_index": 775,
    "frame_start_symtime": 12776919,
    "n_samples_in_frame": 9354,
    "longest_run_symbols": 5,
    "run_start_symbol_offset": 1066,
    "run_end_symbol_offset": 1070,
    "run_value_IQ": [
     5736,
     -5737
    ],
    "is_stall": false
   },
   {
    "frame_index": 776,
    "frame_start_symtime": 12789252,
    "n_samples_in_frame": 8891,
    "longest_run_symbols": 5,
    "run_start_symbol_offset": 1066,
    "run_end_symbol_offset": 1070,
    "run_value_IQ": [
     5736,
     -5737
    ],
    "is_stall": false
   },
   {
    "frame_index": 777,
    "frame_start_symtime": 12801585,
    "n_samples_in_frame": 18956,
    "longest_run_symbols": 5,
    "run_start_symbol_offset": 11989,
    "run_end_symbol_offset": 11993,
    "run_value_IQ": [
     5736,
     -5737
    ],
    "is_stall": false
   },
   {
    "frame_index": 778,
    "frame_start_symtime": 12826251,
    "n_samples_in_frame": 8615,
    "longest_run_symbols": 5,
    "run_start_symbol_offset": 1066,
    "run_end_symbol_offset": 1070,
    "run_value_IQ": [
     5736,
     -5737
    ],
    "is_stall": false
   },
   {
    "frame_index": 779,
    "frame_start_symtime": 12838584,
    "n_samples_in_frame": 8339,
    "longest_run_symbols": 5,
    "run_start_symbol_offset": 9565,
    "run_end_symbol_offset": 9569,
    "run_value_IQ": [
     5736,
     5736
    ],
    "is_stall": false
   },
   {
    "frame_index": 780,
    "frame_start_symtime": 12850917,
    "n_samples_in_frame": 18884,
    "longest_run_symbols": 5,
    "run_start_symbol_offset": 11989,
    "run_end_symbol_offset": 11993,
    "run_value_IQ": [
     5736,
     -5737
    ],
    "is_stall": false
   },
   {
    "frame_index": 781,
    "frame_start_symtime": 12875583,
    "n_samples_in_frame": 9157,
    "longest_run_symbols": 5,
    "run_start_symbol_offset": 9565,
    "run_end_symbol_offset": 9569,
    "run_value_IQ": [
     5736,
     5736
    ],
    "is_stall": false
   },
   {
    "frame_index": 782,
    "frame_start_symtime": 12887916,
    "n_samples_in_frame": 8575,
    "longest_run_symbols": 5,
    "run_start_symbol_offset": 1066,
    "run_end_symbol_offset": 1070,
    "run_value_IQ": [
     5736,
     -5737
    ],
    "is_stall": false
   },
   {
    "frame_index": 783,
    "frame_start_symtime": 12900249,
    "n_samples_in_frame": 9530,
    "longest_run_symbols": 5,
    "run_start_symbol_offset": 1066,
    "run_end_symbol_offset": 1070,
    "run_value_IQ": [
     5736,
     -5737
    ],
    "is_stall": false
   },
   {
    "frame_index": 784,
    "frame_start_symtime": 12912582,
    "n_samples_in_frame": 9462,
    "longest_run_symbols": 5,
    "run_start_symbol_offset": 1066,
    "run_end_symbol_offset": 1070,
    "run_value_IQ": [
     5736,
     -5737
    ],
    "is_stall": false
   },
   {
    "frame_index": 785,
    "frame_start_symtime": 12924915,
    "n_samples_in_frame": 16545,
    "longest_run_symbols": 5,
    "run_start_symbol_offset": 1066,
    "run_end_symbol_offset": 1070,
    "run_value_IQ": [
     5736,
     -5737
    ],
    "is_stall": false
   },
   {
    "frame_index": 786,
    "frame_start_symtime": 12949581,
    "n_samples_in_frame": 8789,
    "longest_run_symbols": 5,
    "run_start_symbol_offset": 1066,
    "run_end_symbol_offset": 1070,
    "run_value_IQ": [
     5736,
     -5737
    ],
    "is_stall": false
   },
   {
    "frame_index": 787,
    "frame_start_symtime": 12961914,
    "n_samples_in_frame": 9401,
    "longest_run_symbols": 5,
    "run_start_symbol_offset": 1066,
    "run_end_symbol_offset": 1070,
    "run_value_IQ": [
     5736,
     -5737
    ],
    "is_stall": false
   },
   {
    "frame_index": 788,
    "frame_start_symtime": 12974247,
    "n_samples_in_frame": 9455,
    "longest_run_symbols": 5,
    "run_start_symbol_offset": 1066,
    "run_end_symbol_offset": 1070,
    "run_value_IQ": [
     5736,
     -5737
    ],
    "is_stall": false
   },
   {
    "frame_index": 789,
    "frame_start_symtime": 12986580,
    "n_samples_in_frame": 4702,
    "longest_run_symbols": 5,
    "run_start_symbol_offset": 1066,
    "run_end_symbol_offset": 1070,
    "run_value_IQ": [
     5736,
     -5737
    ],
    "is_stall": false
   },
   {
    "frame_index": 790,
    "frame_start_symtime": 12998913,
    "n_samples_in_frame": 27302,
    "longest_run_symbols": 5,
    "run_start_symbol_offset": 1066,
    "run_end_symbol_offset": 1070,
    "run_value_IQ": [
     5736,
     -5737
    ],
    "is_stall": false
   },
   {
    "frame_index": 791,
    "frame_start_symtime": 13035912,
    "n_samples_in_frame": 9512,
    "longest_run_symbols": 5,
    "run_start_symbol_offset": 1066,
    "run_end_symbol_offset": 1070,
    "run_value_IQ": [
     5736,
     -5737
    ],
    "is_stall": false
   },
   {
    "frame_index": 792,
    "frame_start_symtime": 13048245,
    "n_samples_in_frame": 18768,
    "longest_run_symbols": 5,
    "run_start_symbol_offset": 1066,
    "run_end_symbol_offset": 1070,
    "run_value_IQ": [
     5736,
     -5737
    ],
    "is_stall": false
   },
   {
    "frame_index": 793,
    "frame_start_symtime": 13072911,
    "n_samples_in_frame": 8917,
    "longest_run_symbols": 5,
    "run_start_symbol_offset": 9565,
    "run_end_symbol_offset": 9569,
    "run_value_IQ": [
     5736,
     5736
    ],
    "is_stall": false
   },
   {
    "frame_index": 794,
    "frame_start_symtime": 13085244,
    "n_samples_in_frame": 9397,
    "longest_run_symbols": 5,
    "run_start_symbol_offset": 1066,
    "run_end_symbol_offset": 1070,
    "run_value_IQ": [
     5736,
     -5737
    ],
    "is_stall": false
   },
   {
    "frame_index": 795,
    "frame_start_symtime": 13097577,
    "n_samples_in_frame": 13890,
    "longest_run_symbols": 5,
    "run_start_symbol_offset": 1066,
    "run_end_symbol_offset": 1070,
    "run_value_IQ": [
     5736,
     -5737
    ],
    "is_stall": false
   },
   {
    "frame_index": 796,
    "frame_start_symtime": 13109910,
    "n_samples_in_frame": 9573,
    "longest_run_symbols": 5,
    "run_start_symbol_offset": 1066,
    "run_end_symbol_offset": 1070,
    "run_value_IQ": [
     5736,
     -5737
    ],
    "is_stall": false
   },
   {
    "frame_index": 797,
    "frame_start_symtime": 13122243,
    "n_samples_in_frame": 18073,
    "longest_run_symbols": 5,
    "run_start_symbol_offset": 1066,
    "run_end_symbol_offset": 1070,
    "run_value_IQ": [
     5736,
     -5737
    ],
    "is_stall": false
   },
   {
    "frame_index": 798,
    "frame_start_symtime": 13146909,
    "n_samples_in_frame": 9537,
    "longest_run_symbols": 5,
    "run_start_symbol_offset": 1066,
    "run_end_symbol_offset": 1070,
    "run_value_IQ": [
     5736,
     -5737
    ],
    "is_stall": false
   },
   {
    "frame_index": 799,
    "frame_start_symtime": 13159242,
    "n_samples_in_frame": 20205,
    "longest_run_symbols": 5,
    "run_start_symbol_offset": 1066,
    "run_end_symbol_offset": 1070,
    "run_value_IQ": [
     5736,
     -5737
    ],
    "is_stall": false
   },
   {
    "frame_index": 800,
    "frame_start_symtime": 13183908,
    "n_samples_in_frame": 9123,
    "longest_run_symbols": 5,
    "run_start_symbol_offset": 9565,
    "run_end_symbol_offset": 9569,
    "run_value_IQ": [
     5736,
     5736
    ],
    "is_stall": false
   },
   {
    "frame_index": 801,
    "frame_start_symtime": 13196241,
    "n_samples_in_frame": 9536,
    "longest_run_symbols": 5,
    "run_start_symbol_offset": 1066,
    "run_end_symbol_offset": 1070,
    "run_value_IQ": [
     5736,
     -5737
    ],
    "is_stall": false
   },
   {
    "frame_index": 802,
    "frame_start_symtime": 13208574,
    "n_samples_in_frame": 18694,
    "longest_run_symbols": 5,
    "run_start_symbol_offset": 1066,
    "run_end_symbol_offset": 1070,
    "run_value_IQ": [
     5736,
     -5737
    ],
    "is_stall": false
   },
   {
    "frame_index": 803,
    "frame_start_symtime": 13233240,
    "n_samples_in_frame": 8627,
    "longest_run_symbols": 5,
    "run_start_symbol_offset": 9565,
    "run_end_symbol_offset": 9569,
    "run_value_IQ": [
     5736,
     5736
    ],
    "is_stall": false
   },
   {
    "frame_index": 804,
    "frame_start_symtime": 13245573,
    "n_samples_in_frame": 9219,
    "longest_run_symbols": 5,
    "run_start_symbol_offset": 1066,
    "run_end_symbol_offset": 1070,
    "run_value_IQ": [
     5736,
     -5737
    ],
    "is_stall": false
   },
   {
    "frame_index": 805,
    "frame_start_symtime": 13257906,
    "n_samples_in_frame": 9464,
    "longest_run_symbols": 5,
    "run_start_symbol_offset": 1066,
    "run_end_symbol_offset": 1070,
    "run_value_IQ": [
     5736,
     -5737
    ],
    "is_stall": false
   },
   {
    "frame_index": 806,
    "frame_start_symtime": 13270239,
    "n_samples_in_frame": 18919,
    "longest_run_symbols": 5,
    "run_start_symbol_offset": 1066,
    "run_end_symbol_offset": 1070,
    "run_value_IQ": [
     5736,
     -5737
    ],
    "is_stall": false
   },
   {
    "frame_index": 807,
    "frame_start_symtime": 13294905,
    "n_samples_in_frame": 8700,
    "longest_run_symbols": 5,
    "run_start_symbol_offset": 9565,
    "run_end_symbol_offset": 9569,
    "run_value_IQ": [
     5736,
     5736
    ],
    "is_stall": false
   },
   {
    "frame_index": 808,
    "frame_start_symtime": 13307238,
    "n_samples_in_frame": 9446,
    "longest_run_symbols": 5,
    "run_start_symbol_offset": 1066,
    "run_end_symbol_offset": 1070,
    "run_value_IQ": [
     5736,
     -5737
    ],
    "is_stall": false
   },
   {
    "frame_index": 809,
    "frame_start_symtime": 13319571,
    "n_samples_in_frame": 9334,
    "longest_run_symbols": 5,
    "run_start_symbol_offset": 1066,
    "run_end_symbol_offset": 1070,
    "run_value_IQ": [
     5736,
     -5737
    ],
    "is_stall": false
   },
   {
    "frame_index": 810,
    "frame_start_symtime": 13331904,
    "n_samples_in_frame": 9392,
    "longest_run_symbols": 5,
    "run_start_symbol_offset": 1066,
    "run_end_symbol_offset": 1070,
    "run_value_IQ": [
     5736,
     -5737
    ],
    "is_stall": false
   },
   {
    "frame_index": 811,
    "frame_start_symtime": 13344237,
    "n_samples_in_frame": 9380,
    "longest_run_symbols": 5,
    "run_start_symbol_offset": 1066,
    "run_end_symbol_offset": 1070,
    "run_value_IQ": [
     5736,
     -5737
    ],
    "is_stall": false
   },
   {
    "frame_index": 812,
    "frame_start_symtime": 13356570,
    "n_samples_in_frame": 18153,
    "longest_run_symbols": 5,
    "run_start_symbol_offset": 1066,
    "run_end_symbol_offset": 1070,
    "run_value_IQ": [
     5736,
     -5737
    ],
    "is_stall": false
   },
   {
    "frame_index": 813,
    "frame_start_symtime": 13381236,
    "n_samples_in_frame": 9449,
    "longest_run_symbols": 5,
    "run_start_symbol_offset": 9565,
    "run_end_symbol_offset": 9569,
    "run_value_IQ": [
     5736,
     5736
    ],
    "is_stall": false
   },
   {
    "frame_index": 814,
    "frame_start_symtime": 13393569,
    "n_samples_in_frame": 9344,
    "longest_run_symbols": 5,
    "run_start_symbol_offset": 1066,
    "run_end_symbol_offset": 1070,
    "run_value_IQ": [
     5736,
     -5737
    ],
    "is_stall": false
   },
   {
    "frame_index": 815,
    "frame_start_symtime": 13405902,
    "n_samples_in_frame": 9380,
    "longest_run_symbols": 5,
    "run_start_symbol_offset": 1066,
    "run_end_symbol_offset": 1070,
    "run_value_IQ": [
     5736,
     -5737
    ],
    "is_stall": false
   },
   {
    "frame_index": 816,
    "frame_start_symtime": 13418235,
    "n_samples_in_frame": 8860,
    "longest_run_symbols": 5,
    "run_start_symbol_offset": 9565,
    "run_end_symbol_offset": 9569,
    "run_value_IQ": [
     5736,
     5736
    ],
    "is_stall": false
   },
   {
    "frame_index": 817,
    "frame_start_symtime": 13430568,
    "n_samples_in_frame": 23453,
    "longest_run_symbols": 5,
    "run_start_symbol_offset": 1066,
    "run_end_symbol_offset": 1070,
    "run_value_IQ": [
     5736,
     -5737
    ],
    "is_stall": false
   },
   {
    "frame_index": 818,
    "frame_start_symtime": 13455234,
    "n_samples_in_frame": 9462,
    "longest_run_symbols": 5,
    "run_start_symbol_offset": 9565,
    "run_end_symbol_offset": 9569,
    "run_value_IQ": [
     5736,
     5736
    ],
    "is_stall": false
   },
   {
    "frame_index": 819,
    "frame_start_symtime": 13467567,
    "n_samples_in_frame": 8612,
    "longest_run_symbols": 5,
    "run_start_symbol_offset": 1066,
    "run_end_symbol_offset": 1070,
    "run_value_IQ": [
     5736,
     -5737
    ],
    "is_stall": false
   },
   {
    "frame_index": 820,
    "frame_start_symtime": 13479900,
    "n_samples_in_frame": 18222,
    "longest_run_symbols": 5,
    "run_start_symbol_offset": 1066,
    "run_end_symbol_offset": 1070,
    "run_value_IQ": [
     5736,
     -5737
    ],
    "is_stall": false
   },
   {
    "frame_index": 821,
    "frame_start_symtime": 13504566,
    "n_samples_in_frame": 9525,
    "longest_run_symbols": 5,
    "run_start_symbol_offset": 9565,
    "run_end_symbol_offset": 9569,
    "run_value_IQ": [
     5736,
     5736
    ],
    "is_stall": false
   },
   {
    "frame_index": 822,
    "frame_start_symtime": 13516899,
    "n_samples_in_frame": 9282,
    "longest_run_symbols": 5,
    "run_start_symbol_offset": 1066,
    "run_end_symbol_offset": 1070,
    "run_value_IQ": [
     5736,
     -5737
    ],
    "is_stall": false
   },
   {
    "frame_index": 823,
    "frame_start_symtime": 13529232,
    "n_samples_in_frame": 8265,
    "longest_run_symbols": 5,
    "run_start_symbol_offset": 1066,
    "run_end_symbol_offset": 1070,
    "run_value_IQ": [
     5736,
     -5737
    ],
    "is_stall": false
   },
   {
    "frame_index": 824,
    "frame_start_symtime": 13541565,
    "n_samples_in_frame": 9518,
    "longest_run_symbols": 5,
    "run_start_symbol_offset": 9565,
    "run_end_symbol_offset": 9569,
    "run_value_IQ": [
     5736,
     5736
    ],
    "is_stall": false
   },
   {
    "frame_index": 825,
    "frame_start_symtime": 13553898,
    "n_samples_in_frame": 9466,
    "longest_run_symbols": 5,
    "run_start_symbol_offset": 1066,
    "run_end_symbol_offset": 1070,
    "run_value_IQ": [
     5736,
     -5737
    ],
    "is_stall": false
   },
   {
    "frame_index": 826,
    "frame_start_symtime": 13566231,
    "n_samples_in_frame": 18916,
    "longest_run_symbols": 5,
    "run_start_symbol_offset": 9565,
    "run_end_symbol_offset": 9569,
    "run_value_IQ": [
     5736,
     5736
    ],
    "is_stall": false
   },
   {
    "frame_index": 827,
    "frame_start_symtime": 13590897,
    "n_samples_in_frame": 8728,
    "longest_run_symbols": 5,
    "run_start_symbol_offset": 1066,
    "run_end_symbol_offset": 1070,
    "run_value_IQ": [
     5736,
     -5737
    ],
    "is_stall": false
   },
   {
    "frame_index": 828,
    "frame_start_symtime": 13603230,
    "n_samples_in_frame": 9526,
    "longest_run_symbols": 5,
    "run_start_symbol_offset": 9565,
    "run_end_symbol_offset": 9569,
    "run_value_IQ": [
     5736,
     5736
    ],
    "is_stall": false
   },
   {
    "frame_index": 829,
    "frame_start_symtime": 13615563,
    "n_samples_in_frame": 9474,
    "longest_run_symbols": 5,
    "run_start_symbol_offset": 1066,
    "run_end_symbol_offset": 1070,
    "run_value_IQ": [
     5736,
     -5737
    ],
    "is_stall": false
   },
   {
    "frame_index": 830,
    "frame_start_symtime": 13627896,
    "n_samples_in_frame": 9403,
    "longest_run_symbols": 5,
    "run_start_symbol_offset": 1066,
    "run_end_symbol_offset": 1070,
    "run_value_IQ": [
     5736,
     -5737
    ],
    "is_stall": false
   },
   {
    "frame_index": 831,
    "frame_start_symtime": 13640229,
    "n_samples_in_frame": 9397,
    "longest_run_symbols": 5,
    "run_start_symbol_offset": 1066,
    "run_end_symbol_offset": 1070,
    "run_value_IQ": [
     5736,
     -5737
    ],
    "is_stall": false
   },
   {
    "frame_index": 832,
    "frame_start_symtime": 13652562,
    "n_samples_in_frame": 8786,
    "longest_run_symbols": 5,
    "run_start_symbol_offset": 1066,
    "run_end_symbol_offset": 1070,
    "run_value_IQ": [
     5736,
     -5737
    ],
    "is_stall": false
   },
   {
    "frame_index": 833,
    "frame_start_symtime": 13664895,
    "n_samples_in_frame": 9410,
    "longest_run_symbols": 5,
    "run_start_symbol_offset": 9565,
    "run_end_symbol_offset": 9569,
    "run_value_IQ": [
     5736,
     5736
    ],
    "is_stall": false
   },
   {
    "frame_index": 834,
    "frame_start_symtime": 13677228,
    "n_samples_in_frame": 18823,
    "longest_run_symbols": 5,
    "run_start_symbol_offset": 1066,
    "run_end_symbol_offset": 1070,
    "run_value_IQ": [
     5736,
     -5737
    ],
    "is_stall": false
   },
   {
    "frame_index": 835,
    "frame_start_symtime": 13701894,
    "n_samples_in_frame": 9471,
    "longest_run_symbols": 5,
    "run_start_symbol_offset": 9565,
    "run_end_symbol_offset": 9569,
    "run_value_IQ": [
     5736,
     5736
    ],
    "is_stall": false
   },
   {
    "frame_index": 836,
    "frame_start_symtime": 13714227,
    "n_samples_in_frame": 18126,
    "longest_run_symbols": 5,
    "run_start_symbol_offset": 1066,
    "run_end_symbol_offset": 1070,
    "run_value_IQ": [
     5736,
     -5737
    ],
    "is_stall": false
   },
   {
    "frame_index": 837,
    "frame_start_symtime": 13738893,
    "n_samples_in_frame": 9428,
    "longest_run_symbols": 5,
    "run_start_symbol_offset": 1066,
    "run_end_symbol_offset": 1070,
    "run_value_IQ": [
     5736,
     -5737
    ],
    "is_stall": false
   },
   {
    "frame_index": 838,
    "frame_start_symtime": 13751226,
    "n_samples_in_frame": 18820,
    "longest_run_symbols": 5,
    "run_start_symbol_offset": 1066,
    "run_end_symbol_offset": 1070,
    "run_value_IQ": [
     5736,
     -5737
    ],
    "is_stall": false
   },
   {
    "frame_index": 839,
    "frame_start_symtime": 13775892,
    "n_samples_in_frame": 22700,
    "longest_run_symbols": 5,
    "run_start_symbol_offset": 11989,
    "run_end_symbol_offset": 11993,
    "run_value_IQ": [
     5736,
     -5737
    ],
    "is_stall": false
   },
   {
    "frame_index": 840,
    "frame_start_symtime": 13812891,
    "n_samples_in_frame": 9314,
    "longest_run_symbols": 5,
    "run_start_symbol_offset": 1066,
    "run_end_symbol_offset": 1070,
    "run_value_IQ": [
     5736,
     -5737
    ],
    "is_stall": false
   },
   {
    "frame_index": 841,
    "frame_start_symtime": 13825224,
    "n_samples_in_frame": 9576,
    "longest_run_symbols": 5,
    "run_start_symbol_offset": 1066,
    "run_end_symbol_offset": 1070,
    "run_value_IQ": [
     5736,
     -5737
    ],
    "is_stall": false
   },
   {
    "frame_index": 842,
    "frame_start_symtime": 13837557,
    "n_samples_in_frame": 17847,
    "longest_run_symbols": 5,
    "run_start_symbol_offset": 9565,
    "run_end_symbol_offset": 9569,
    "run_value_IQ": [
     5736,
     5736
    ],
    "is_stall": false
   },
   {
    "frame_index": 843,
    "frame_start_symtime": 13862223,
    "n_samples_in_frame": 9397,
    "longest_run_symbols": 5,
    "run_start_symbol_offset": 9565,
    "run_end_symbol_offset": 9569,
    "run_value_IQ": [
     5736,
     5736
    ],
    "is_stall": false
   },
   {
    "frame_index": 844,
    "frame_start_symtime": 13874556,
    "n_samples_in_frame": 9337,
    "longest_run_symbols": 5,
    "run_start_symbol_offset": 1066,
    "run_end_symbol_offset": 1070,
    "run_value_IQ": [
     5736,
     -5737
    ],
    "is_stall": false
   },
   {
    "frame_index": 845,
    "frame_start_symtime": 13886889,
    "n_samples_in_frame": 9336,
    "longest_run_symbols": 5,
    "run_start_symbol_offset": 1066,
    "run_end_symbol_offset": 1070,
    "run_value_IQ": [
     5736,
     -5737
    ],
    "is_stall": false
   },
   {
    "frame_index": 846,
    "frame_start_symtime": 13899222,
    "n_samples_in_frame": 8746,
    "longest_run_symbols": 5,
    "run_start_symbol_offset": 1066,
    "run_end_symbol_offset": 1070,
    "run_value_IQ": [
     5736,
     -5737
    ],
    "is_stall": false
   },
   {
    "frame_index": 847,
    "frame_start_symtime": 13911555,
    "n_samples_in_frame": 18839,
    "longest_run_symbols": 5,
    "run_start_symbol_offset": 9565,
    "run_end_symbol_offset": 9569,
    "run_value_IQ": [
     5736,
     5736
    ],
    "is_stall": false
   },
   {
    "frame_index": 848,
    "frame_start_symtime": 13936221,
    "n_samples_in_frame": 9423,
    "longest_run_symbols": 5,
    "run_start_symbol_offset": 9565,
    "run_end_symbol_offset": 9569,
    "run_value_IQ": [
     5736,
     5736
    ],
    "is_stall": false
   },
   {
    "frame_index": 849,
    "frame_start_symtime": 13948554,
    "n_samples_in_frame": 9406,
    "longest_run_symbols": 5,
    "run_start_symbol_offset": 1066,
    "run_end_symbol_offset": 1070,
    "run_value_IQ": [
     5736,
     -5737
    ],
    "is_stall": false
   },
   {
    "frame_index": 850,
    "frame_start_symtime": 13960887,
    "n_samples_in_frame": 8731,
    "longest_run_symbols": 5,
    "run_start_symbol_offset": 9565,
    "run_end_symbol_offset": 9569,
    "run_value_IQ": [
     5736,
     5736
    ],
    "is_stall": false
   },
   {
    "frame_index": 851,
    "frame_start_symtime": 13973220,
    "n_samples_in_frame": 9605,
    "longest_run_symbols": 5,
    "run_start_symbol_offset": 1066,
    "run_end_symbol_offset": 1070,
    "run_value_IQ": [
     5736,
     -5737
    ],
    "is_stall": false
   },
   {
    "frame_index": 852,
    "frame_start_symtime": 13985553,
    "n_samples_in_frame": 9486,
    "longest_run_symbols": 5,
    "run_start_symbol_offset": 1066,
    "run_end_symbol_offset": 1070,
    "run_value_IQ": [
     5736,
     -5737
    ],
    "is_stall": false
   },
   {
    "frame_index": 853,
    "frame_start_symtime": 13997886,
    "n_samples_in_frame": 9410,
    "longest_run_symbols": 5,
    "run_start_symbol_offset": 9565,
    "run_end_symbol_offset": 9569,
    "run_value_IQ": [
     5736,
     5736
    ],
    "is_stall": false
   },
   {
    "frame_index": 854,
    "frame_start_symtime": 14010219,
    "n_samples_in_frame": 18184,
    "longest_run_symbols": 5,
    "run_start_symbol_offset": 1066,
    "run_end_symbol_offset": 1070,
    "run_value_IQ": [
     5736,
     -5737
    ],
    "is_stall": false
   },
   {
    "frame_index": 855,
    "frame_start_symtime": 14034885,
    "n_samples_in_frame": 9378,
    "longest_run_symbols": 5,
    "run_start_symbol_offset": 9565,
    "run_end_symbol_offset": 9569,
    "run_value_IQ": [
     5736,
     5736
    ],
    "is_stall": false
   },
   {
    "frame_index": 856,
    "frame_start_symtime": 14047218,
    "n_samples_in_frame": 18765,
    "longest_run_symbols": 5,
    "run_start_symbol_offset": 1066,
    "run_end_symbol_offset": 1070,
    "run_value_IQ": [
     5736,
     -5737
    ],
    "is_stall": false
   },
   {
    "frame_index": 857,
    "frame_start_symtime": 14071884,
    "n_samples_in_frame": 9426,
    "longest_run_symbols": 5,
    "run_start_symbol_offset": 9565,
    "run_end_symbol_offset": 9569,
    "run_value_IQ": [
     5736,
     5736
    ],
    "is_stall": false
   },
   {
    "frame_index": 858,
    "frame_start_symtime": 14084217,
    "n_samples_in_frame": 8591,
    "longest_run_symbols": 5,
    "run_start_symbol_offset": 9565,
    "run_end_symbol_offset": 9569,
    "run_value_IQ": [
     5736,
     5736
    ],
    "is_stall": false
   },
   {
    "frame_index": 859,
    "frame_start_symtime": 14096550,
    "n_samples_in_frame": 9293,
    "longest_run_symbols": 5,
    "run_start_symbol_offset": 9565,
    "run_end_symbol_offset": 9569,
    "run_value_IQ": [
     5736,
     5736
    ],
    "is_stall": false
   },
   {
    "frame_index": 860,
    "frame_start_symtime": 14108883,
    "n_samples_in_frame": 41821,
    "longest_run_symbols": 5,
    "run_start_symbol_offset": 1066,
    "run_end_symbol_offset": 1070,
    "run_value_IQ": [
     5736,
     -5737
    ],
    "is_stall": false
   },
   {
    "frame_index": 861,
    "frame_start_symtime": 14158215,
    "n_samples_in_frame": 9553,
    "longest_run_symbols": 5,
    "run_start_symbol_offset": 9565,
    "run_end_symbol_offset": 9569,
    "run_value_IQ": [
     5736,
     5736
    ],
    "is_stall": false
   },
   {
    "frame_index": 862,
    "frame_start_symtime": 14170548,
    "n_samples_in_frame": 18035,
    "longest_run_symbols": 5,
    "run_start_symbol_offset": 1066,
    "run_end_symbol_offset": 1070,
    "run_value_IQ": [
     5736,
     -5737
    ],
    "is_stall": false
   },
   {
    "frame_index": 863,
    "frame_start_symtime": 14195214,
    "n_samples_in_frame": 9416,
    "longest_run_symbols": 5,
    "run_start_symbol_offset": 1066,
    "run_end_symbol_offset": 1070,
    "run_value_IQ": [
     5736,
     -5737
    ],
    "is_stall": false
   },
   {
    "frame_index": 864,
    "frame_start_symtime": 14207547,
    "n_samples_in_frame": 18875,
    "longest_run_symbols": 5,
    "run_start_symbol_offset": 1066,
    "run_end_symbol_offset": 1070,
    "run_value_IQ": [
     5736,
     -5737
    ],
    "is_stall": false
   },
   {
    "frame_index": 865,
    "frame_start_symtime": 14232213,
    "n_samples_in_frame": 18239,
    "longest_run_symbols": 5,
    "run_start_symbol_offset": 9565,
    "run_end_symbol_offset": 9569,
    "run_value_IQ": [
     5736,
     5736
    ],
    "is_stall": false
   },
   {
    "frame_index": 866,
    "frame_start_symtime": 14256879,
    "n_samples_in_frame": 9257,
    "longest_run_symbols": 5,
    "run_start_symbol_offset": 1066,
    "run_end_symbol_offset": 1070,
    "run_value_IQ": [
     5736,
     -5737
    ],
    "is_stall": false
   },
   {
    "frame_index": 867,
    "frame_start_symtime": 14269212,
    "n_samples_in_frame": 9487,
    "longest_run_symbols": 5,
    "run_start_symbol_offset": 1066,
    "run_end_symbol_offset": 1070,
    "run_value_IQ": [
     5736,
     -5737
    ],
    "is_stall": false
   },
   {
    "frame_index": 868,
    "frame_start_symtime": 14281545,
    "n_samples_in_frame": 18786,
    "longest_run_symbols": 5,
    "run_start_symbol_offset": 1066,
    "run_end_symbol_offset": 1070,
    "run_value_IQ": [
     5736,
     -5737
    ],
    "is_stall": false
   },
   {
    "frame_index": 869,
    "frame_start_symtime": 14306211,
    "n_samples_in_frame": 17288,
    "longest_run_symbols": 5,
    "run_start_symbol_offset": 9565,
    "run_end_symbol_offset": 9569,
    "run_value_IQ": [
     5736,
     5736
    ],
    "is_stall": false
   },
   {
    "frame_index": 870,
    "frame_start_symtime": 14330877,
    "n_samples_in_frame": 9471,
    "longest_run_symbols": 5,
    "run_start_symbol_offset": 1066,
    "run_end_symbol_offset": 1070,
    "run_value_IQ": [
     5736,
     -5737
    ],
    "is_stall": false
   },
   {
    "frame_index": 871,
    "frame_start_symtime": 14343210,
    "n_samples_in_frame": 13288,
    "longest_run_symbols": 5,
    "run_start_symbol_offset": 1066,
    "run_end_symbol_offset": 1070,
    "run_value_IQ": [
     5736,
     -5737
    ],
    "is_stall": false
   },
   {
    "frame_index": 872,
    "frame_start_symtime": 14367876,
    "n_samples_in_frame": 8522,
    "longest_run_symbols": 5,
    "run_start_symbol_offset": 1066,
    "run_end_symbol_offset": 1070,
    "run_value_IQ": [
     5736,
     -5737
    ],
    "is_stall": false
   },
   {
    "frame_index": 873,
    "frame_start_symtime": 14380209,
    "n_samples_in_frame": 9212,
    "longest_run_symbols": 5,
    "run_start_symbol_offset": 1066,
    "run_end_symbol_offset": 1070,
    "run_value_IQ": [
     5736,
     -5737
    ],
    "is_stall": false
   },
   {
    "frame_index": 874,
    "frame_start_symtime": 14392542,
    "n_samples_in_frame": 9167,
    "longest_run_symbols": 5,
    "run_start_symbol_offset": 1066,
    "run_end_symbol_offset": 1070,
    "run_value_IQ": [
     5736,
     -5737
    ],
    "is_stall": false
   },
   {
    "frame_index": 875,
    "frame_start_symtime": 14404875,
    "n_samples_in_frame": 9536,
    "longest_run_symbols": 5,
    "run_start_symbol_offset": 1066,
    "run_end_symbol_offset": 1070,
    "run_value_IQ": [
     5736,
     -5737
    ],
    "is_stall": false
   },
   {
    "frame_index": 876,
    "frame_start_symtime": 14417208,
    "n_samples_in_frame": 18303,
    "longest_run_symbols": 5,
    "run_start_symbol_offset": 1066,
    "run_end_symbol_offset": 1070,
    "run_value_IQ": [
     5736,
     -5737
    ],
    "is_stall": false
   },
   {
    "frame_index": 877,
    "frame_start_symtime": 14441874,
    "n_samples_in_frame": 9463,
    "longest_run_symbols": 5,
    "run_start_symbol_offset": 9565,
    "run_end_symbol_offset": 9569,
    "run_value_IQ": [
     5736,
     5736
    ],
    "is_stall": false
   },
   {
    "frame_index": 878,
    "frame_start_symtime": 14454207,
    "n_samples_in_frame": 9280,
    "longest_run_symbols": 5,
    "run_start_symbol_offset": 1066,
    "run_end_symbol_offset": 1070,
    "run_value_IQ": [
     5736,
     -5737
    ],
    "is_stall": false
   },
   {
    "frame_index": 879,
    "frame_start_symtime": 14466540,
    "n_samples_in_frame": 14202,
    "longest_run_symbols": 5,
    "run_start_symbol_offset": 1066,
    "run_end_symbol_offset": 1070,
    "run_value_IQ": [
     5736,
     -5737
    ],
    "is_stall": false
   },
   {
    "frame_index": 880,
    "frame_start_symtime": 14478873,
    "n_samples_in_frame": 8748,
    "longest_run_symbols": 5,
    "run_start_symbol_offset": 1066,
    "run_end_symbol_offset": 1070,
    "run_value_IQ": [
     5736,
     -5737
    ],
    "is_stall": false
   },
   {
    "frame_index": 881,
    "frame_start_symtime": 14491206,
    "n_samples_in_frame": 18674,
    "longest_run_symbols": 5,
    "run_start_symbol_offset": 1066,
    "run_end_symbol_offset": 1070,
    "run_value_IQ": [
     5736,
     -5737
    ],
    "is_stall": false
   },
   {
    "frame_index": 882,
    "frame_start_symtime": 14515872,
    "n_samples_in_frame": 9500,
    "longest_run_symbols": 5,
    "run_start_symbol_offset": 9565,
    "run_end_symbol_offset": 9569,
    "run_value_IQ": [
     5736,
     5736
    ],
    "is_stall": false
   },
   {
    "frame_index": 883,
    "frame_start_symtime": 14528205,
    "n_samples_in_frame": 10119,
    "longest_run_symbols": 5,
    "run_start_symbol_offset": 1066,
    "run_end_symbol_offset": 1070,
    "run_value_IQ": [
     5736,
     -5737
    ],
    "is_stall": false
   },
   {
    "frame_index": 884,
    "frame_start_symtime": 14540538,
    "n_samples_in_frame": 9483,
    "longest_run_symbols": 5,
    "run_start_symbol_offset": 1066,
    "run_end_symbol_offset": 1070,
    "run_value_IQ": [
     5736,
     -5737
    ],
    "is_stall": false
   },
   {
    "frame_index": 885,
    "frame_start_symtime": 14552871,
    "n_samples_in_frame": 9561,
    "longest_run_symbols": 5,
    "run_start_symbol_offset": 9565,
    "run_end_symbol_offset": 9569,
    "run_value_IQ": [
     5736,
     5736
    ],
    "is_stall": false
   },
   {
    "frame_index": 886,
    "frame_start_symtime": 14565204,
    "n_samples_in_frame": 9504,
    "longest_run_symbols": 5,
    "run_start_symbol_offset": 1066,
    "run_end_symbol_offset": 1070,
    "run_value_IQ": [
     5736,
     -5737
    ],
    "is_stall": false
   },
   {
    "frame_index": 887,
    "frame_start_symtime": 14577537,
    "n_samples_in_frame": 27619,
    "longest_run_symbols": 5,
    "run_start_symbol_offset": 9565,
    "run_end_symbol_offset": 9569,
    "run_value_IQ": [
     5736,
     5736
    ],
    "is_stall": false
   },
   {
    "frame_index": 888,
    "frame_start_symtime": 14614536,
    "n_samples_in_frame": 9524,
    "longest_run_symbols": 5,
    "run_start_symbol_offset": 9565,
    "run_end_symbol_offset": 9569,
    "run_value_IQ": [
     5736,
     5736
    ],
    "is_stall": false
   },
   {
    "frame_index": 889,
    "frame_start_symtime": 14626869,
    "n_samples_in_frame": 9351,
    "longest_run_symbols": 5,
    "run_start_symbol_offset": 1066,
    "run_end_symbol_offset": 1070,
    "run_value_IQ": [
     5736,
     -5737
    ],
    "is_stall": false
   },
   {
    "frame_index": 890,
    "frame_start_symtime": 14639202,
    "n_samples_in_frame": 9524,
    "longest_run_symbols": 5,
    "run_start_symbol_offset": 9565,
    "run_end_symbol_offset": 9569,
    "run_value_IQ": [
     5736,
     5736
    ],
    "is_stall": false
   },
   {
    "frame_index": 891,
    "frame_start_symtime": 14651535,
    "n_samples_in_frame": 18004,
    "longest_run_symbols": 5,
    "run_start_symbol_offset": 1066,
    "run_end_symbol_offset": 1070,
    "run_value_IQ": [
     5736,
     -5737
    ],
    "is_stall": false
   },
   {
    "frame_index": 892,
    "frame_start_symtime": 14676201,
    "n_samples_in_frame": 9544,
    "longest_run_symbols": 5,
    "run_start_symbol_offset": 1066,
    "run_end_symbol_offset": 1070,
    "run_value_IQ": [
     5736,
     -5737
    ],
    "is_stall": false
   },
   {
    "frame_index": 893,
    "frame_start_symtime": 14688534,
    "n_samples_in_frame": 9274,
    "longest_run_symbols": 5,
    "run_start_symbol_offset": 1066,
    "run_end_symbol_offset": 1070,
    "run_value_IQ": [
     5736,
     -5737
    ],
    "is_stall": false
   },
   {
    "frame_index": 894,
    "frame_start_symtime": 14700867,
    "n_samples_in_frame": 9373,
    "longest_run_symbols": 5,
    "run_start_symbol_offset": 1066,
    "run_end_symbol_offset": 1070,
    "run_value_IQ": [
     5736,
     -5737
    ],
    "is_stall": false
   },
   {
    "frame_index": 895,
    "frame_start_symtime": 14713200,
    "n_samples_in_frame": 26765,
    "longest_run_symbols": 5,
    "run_start_symbol_offset": 1066,
    "run_end_symbol_offset": 1070,
    "run_value_IQ": [
     5736,
     -5737
    ],
    "is_stall": false
   },
   {
    "frame_index": 896,
    "frame_start_symtime": 14750199,
    "n_samples_in_frame": 19073,
    "longest_run_symbols": 5,
    "run_start_symbol_offset": 9565,
    "run_end_symbol_offset": 9569,
    "run_value_IQ": [
     5736,
     5736
    ],
    "is_stall": false
   },
   {
    "frame_index": 897,
    "frame_start_symtime": 14774865,
    "n_samples_in_frame": 8827,
    "longest_run_symbols": 5,
    "run_start_symbol_offset": 9565,
    "run_end_symbol_offset": 9569,
    "run_value_IQ": [
     5736,
     5736
    ],
    "is_stall": false
   },
   {
    "frame_index": 898,
    "frame_start_symtime": 14787198,
    "n_samples_in_frame": 9382,
    "longest_run_symbols": 5,
    "run_start_symbol_offset": 1066,
    "run_end_symbol_offset": 1070,
    "run_value_IQ": [
     5736,
     -5737
    ],
    "is_stall": false
   },
   {
    "frame_index": 899,
    "frame_start_symtime": 14799531,
    "n_samples_in_frame": 14059,
    "longest_run_symbols": 5,
    "run_start_symbol_offset": 1066,
    "run_end_symbol_offset": 1070,
    "run_value_IQ": [
     5736,
     -5737
    ],
    "is_stall": false
   },
   {
    "frame_index": 900,
    "frame_start_symtime": 14811864,
    "n_samples_in_frame": 18218,
    "longest_run_symbols": 5,
    "run_start_symbol_offset": 1066,
    "run_end_symbol_offset": 1070,
    "run_value_IQ": [
     5736,
     -5737
    ],
    "is_stall": false
   },
   {
    "frame_index": 901,
    "frame_start_symtime": 14836530,
    "n_samples_in_frame": 9411,
    "longest_run_symbols": 5,
    "run_start_symbol_offset": 1066,
    "run_end_symbol_offset": 1070,
    "run_value_IQ": [
     5736,
     -5737
    ],
    "is_stall": false
   },
   {
    "frame_index": 902,
    "frame_start_symtime": 14848863,
    "n_samples_in_frame": 18787,
    "longest_run_symbols": 5,
    "run_start_symbol_offset": 1066,
    "run_end_symbol_offset": 1070,
    "run_value_IQ": [
     5736,
     -5737
    ],
    "is_stall": false
   },
   {
    "frame_index": 903,
    "frame_start_symtime": 14873529,
    "n_samples_in_frame": 9441,
    "longest_run_symbols": 5,
    "run_start_symbol_offset": 9565,
    "run_end_symbol_offset": 9569,
    "run_value_IQ": [
     5736,
     5736
    ],
    "is_stall": false
   },
   {
    "frame_index": 904,
    "frame_start_symtime": 14885862,
    "n_samples_in_frame": 18298,
    "longest_run_symbols": 5,
    "run_start_symbol_offset": 1066,
    "run_end_symbol_offset": 1070,
    "run_value_IQ": [
     5736,
     -5737
    ],
    "is_stall": false
   },
   {
    "frame_index": 905,
    "frame_start_symtime": 14910528,
    "n_samples_in_frame": 9411,
    "longest_run_symbols": 5,
    "run_start_symbol_offset": 9565,
    "run_end_symbol_offset": 9569,
    "run_value_IQ": [
     5736,
     5736
    ],
    "is_stall": false
   },
   {
    "frame_index": 906,
    "frame_start_symtime": 14922861,
    "n_samples_in_frame": 9386,
    "longest_run_symbols": 5,
    "run_start_symbol_offset": 1066,
    "run_end_symbol_offset": 1070,
    "run_value_IQ": [
     5736,
     -5737
    ],
    "is_stall": false
   },
   {
    "frame_index": 907,
    "frame_start_symtime": 14935194,
    "n_samples_in_frame": 9481,
    "longest_run_symbols": 5,
    "run_start_symbol_offset": 1066,
    "run_end_symbol_offset": 1070,
    "run_value_IQ": [
     5736,
     -5737
    ],
    "is_stall": false
   },
   {
    "frame_index": 908,
    "frame_start_symtime": 14947527,
    "n_samples_in_frame": 8747,
    "longest_run_symbols": 5,
    "run_start_symbol_offset": 11989,
    "run_end_symbol_offset": 11993,
    "run_value_IQ": [
     5736,
     -5737
    ],
    "is_stall": false
   },
   {
    "frame_index": 909,
    "frame_start_symtime": 14959860,
    "n_samples_in_frame": 9414,
    "longest_run_symbols": 5,
    "run_start_symbol_offset": 1066,
    "run_end_symbol_offset": 1070,
    "run_value_IQ": [
     5736,
     -5737
    ],
    "is_stall": false
   },
   {
    "frame_index": 910,
    "frame_start_symtime": 14972193,
    "n_samples_in_frame": 9243,
    "longest_run_symbols": 5,
    "run_start_symbol_offset": 1066,
    "run_end_symbol_offset": 1070,
    "run_value_IQ": [
     5736,
     -5737
    ],
    "is_stall": false
   },
   {
    "frame_index": 911,
    "frame_start_symtime": 14984526,
    "n_samples_in_frame": 9506,
    "longest_run_symbols": 5,
    "run_start_symbol_offset": 9565,
    "run_end_symbol_offset": 9569,
    "run_value_IQ": [
     5736,
     5736
    ],
    "is_stall": false
   },
   {
    "frame_index": 912,
    "frame_start_symtime": 14996859,
    "n_samples_in_frame": 9464,
    "longest_run_symbols": 5,
    "run_start_symbol_offset": 1066,
    "run_end_symbol_offset": 1070,
    "run_value_IQ": [
     5736,
     -5737
    ],
    "is_stall": false
   },
   {
    "frame_index": 913,
    "frame_start_symtime": 15009192,
    "n_samples_in_frame": 8580,
    "longest_run_symbols": 5,
    "run_start_symbol_offset": 9565,
    "run_end_symbol_offset": 9569,
    "run_value_IQ": [
     5736,
     5736
    ],
    "is_stall": false
   },
   {
    "frame_index": 914,
    "frame_start_symtime": 15021525,
    "n_samples_in_frame": 9513,
    "longest_run_symbols": 4457,
    "run_start_symbol_offset": 6374,
    "run_end_symbol_offset": 12332,
    "run_value_IQ": [
     -5737,
     -5737
    ],
    "is_stall": true,
    "rung_hits": [],
    "extra_mark_fec_in_same_frame": false
   },
   {
    "frame_index": 915,
    "frame_start_symtime": 15033858,
    "n_samples_in_frame": 18998,
    "longest_run_symbols": 9421,
    "run_start_symbol_offset": 0,
    "run_end_symbol_offset": 12365,
    "run_value_IQ": [
     -5737,
     -5737
    ],
    "is_stall": true,
    "rung_hits": [],
    "extra_mark_fec_in_same_frame": false
   },
   {
    "frame_index": 916,
    "frame_start_symtime": 15058524,
    "n_samples_in_frame": 17889,
    "longest_run_symbols": 5,
    "run_start_symbol_offset": 3202,
    "run_end_symbol_offset": 3206,
    "run_value_IQ": [
     5736,
     5736
    ],
    "is_stall": false
   },
   {
    "frame_index": 917,
    "frame_start_symtime": 15083190,
    "n_samples_in_frame": 9414,
    "longest_run_symbols": 5,
    "run_start_symbol_offset": 3202,
    "run_end_symbol_offset": 3206,
    "run_value_IQ": [
     5736,
     5736
    ],
    "is_stall": false
   },
   {
    "frame_index": 918,
    "frame_start_symtime": 15095523,
    "n_samples_in_frame": 9547,
    "longest_run_symbols": 5,
    "run_start_symbol_offset": 5626,
    "run_end_symbol_offset": 5630,
    "run_value_IQ": [
     5736,
     -5737
    ],
    "is_stall": false
   },
   {
    "frame_index": 919,
    "frame_start_symtime": 15107856,
    "n_samples_in_frame": 9484,
    "longest_run_symbols": 5,
    "run_start_symbol_offset": 3202,
    "run_end_symbol_offset": 3206,
    "run_value_IQ": [
     5736,
     5736
    ],
    "is_stall": false
   },
   {
    "frame_index": 920,
    "frame_start_symtime": 15120189,
    "n_samples_in_frame": 9481,
    "longest_run_symbols": 5,
    "run_start_symbol_offset": 5626,
    "run_end_symbol_offset": 5630,
    "run_value_IQ": [
     5736,
     -5737
    ],
    "is_stall": false
   },
   {
    "frame_index": 921,
    "frame_start_symtime": 15132522,
    "n_samples_in_frame": 8626,
    "longest_run_symbols": 5,
    "run_start_symbol_offset": 3202,
    "run_end_symbol_offset": 3206,
    "run_value_IQ": [
     5736,
     5736
    ],
    "is_stall": false
   },
   {
    "frame_index": 922,
    "frame_start_symtime": 15144855,
    "n_samples_in_frame": 4763,
    "longest_run_symbols": 5,
    "run_start_symbol_offset": 3202,
    "run_end_symbol_offset": 3206,
    "run_value_IQ": [
     5736,
     5736
    ],
    "is_stall": false
   },
   {
    "frame_index": 923,
    "frame_start_symtime": 15157188,
    "n_samples_in_frame": 9509,
    "longest_run_symbols": 5,
    "run_start_symbol_offset": 3202,
    "run_end_symbol_offset": 3206,
    "run_value_IQ": [
     5736,
     5736
    ],
    "is_stall": false
   },
   {
    "frame_index": 924,
    "frame_start_symtime": 15169521,
    "n_samples_in_frame": 18927,
    "longest_run_symbols": 5,
    "run_start_symbol_offset": 3202,
    "run_end_symbol_offset": 3206,
    "run_value_IQ": [
     5736,
     5736
    ],
    "is_stall": false
   },
   {
    "frame_index": 925,
    "frame_start_symtime": 15194187,
    "n_samples_in_frame": 8669,
    "longest_run_symbols": 5,
    "run_start_symbol_offset": 5626,
    "run_end_symbol_offset": 5630,
    "run_value_IQ": [
     5736,
     -5737
    ],
    "is_stall": false
   },
   {
    "frame_index": 926,
    "frame_start_symtime": 15206520,
    "n_samples_in_frame": 9407,
    "longest_run_symbols": 5,
    "run_start_symbol_offset": 3202,
    "run_end_symbol_offset": 3206,
    "run_value_IQ": [
     5736,
     5736
    ],
    "is_stall": false
   },
   {
    "frame_index": 927,
    "frame_start_symtime": 15218853,
    "n_samples_in_frame": 9471,
    "longest_run_symbols": 5,
    "run_start_symbol_offset": 3202,
    "run_end_symbol_offset": 3206,
    "run_value_IQ": [
     5736,
     5736
    ],
    "is_stall": false
   },
   {
    "frame_index": 928,
    "frame_start_symtime": 15231186,
    "n_samples_in_frame": 9514,
    "longest_run_symbols": 5,
    "run_start_symbol_offset": 5626,
    "run_end_symbol_offset": 5630,
    "run_value_IQ": [
     5736,
     -5737
    ],
    "is_stall": false
   },
   {
    "frame_index": 929,
    "frame_start_symtime": 15243519,
    "n_samples_in_frame": 18056,
    "longest_run_symbols": 5,
    "run_start_symbol_offset": 3202,
    "run_end_symbol_offset": 3206,
    "run_value_IQ": [
     5736,
     5736
    ],
    "is_stall": false
   },
   {
    "frame_index": 930,
    "frame_start_symtime": 15268185,
    "n_samples_in_frame": 9544,
    "longest_run_symbols": 5,
    "run_start_symbol_offset": 5626,
    "run_end_symbol_offset": 5630,
    "run_value_IQ": [
     5736,
     -5737
    ],
    "is_stall": false
   },
   {
    "frame_index": 931,
    "frame_start_symtime": 15280518,
    "n_samples_in_frame": 28088,
    "longest_run_symbols": 5,
    "run_start_symbol_offset": 3202,
    "run_end_symbol_offset": 3206,
    "run_value_IQ": [
     5736,
     5736
    ],
    "is_stall": false
   },
   {
    "frame_index": 932,
    "frame_start_symtime": 15317517,
    "n_samples_in_frame": 8715,
    "longest_run_symbols": 5,
    "run_start_symbol_offset": 3202,
    "run_end_symbol_offset": 3206,
    "run_value_IQ": [
     5736,
     5736
    ],
    "is_stall": false
   },
   {
    "frame_index": 933,
    "frame_start_symtime": 15329850,
    "n_samples_in_frame": 18791,
    "longest_run_symbols": 5,
    "run_start_symbol_offset": 3202,
    "run_end_symbol_offset": 3206,
    "run_value_IQ": [
     5736,
     5736
    ],
    "is_stall": false
   },
   {
    "frame_index": 934,
    "frame_start_symtime": 15354516,
    "n_samples_in_frame": 9449,
    "longest_run_symbols": 5,
    "run_start_symbol_offset": 5626,
    "run_end_symbol_offset": 5630,
    "run_value_IQ": [
     5736,
     -5737
    ],
    "is_stall": false
   },
   {
    "frame_index": 935,
    "frame_start_symtime": 15366849,
    "n_samples_in_frame": 9367,
    "longest_run_symbols": 5,
    "run_start_symbol_offset": 3202,
    "run_end_symbol_offset": 3206,
    "run_value_IQ": [
     5736,
     5736
    ],
    "is_stall": false
   },
   {
    "frame_index": 936,
    "frame_start_symtime": 15379182,
    "n_samples_in_frame": 8366,
    "longest_run_symbols": 5,
    "run_start_symbol_offset": 3202,
    "run_end_symbol_offset": 3206,
    "run_value_IQ": [
     5736,
     5736
    ],
    "is_stall": false
   },
   {
    "frame_index": 937,
    "frame_start_symtime": 15391515,
    "n_samples_in_frame": 9391,
    "longest_run_symbols": 5,
    "run_start_symbol_offset": 5626,
    "run_end_symbol_offset": 5630,
    "run_value_IQ": [
     5736,
     -5737
    ],
    "is_stall": false
   },
   {
    "frame_index": 938,
    "frame_start_symtime": 15403848,
    "n_samples_in_frame": 9396,
    "longest_run_symbols": 5,
    "run_start_symbol_offset": 3202,
    "run_end_symbol_offset": 3206,
    "run_value_IQ": [
     5736,
     5736
    ],
    "is_stall": false
   },
   {
    "frame_index": 939,
    "frame_start_symtime": 15416181,
    "n_samples_in_frame": 9581,
    "longest_run_symbols": 5,
    "run_start_symbol_offset": 5626,
    "run_end_symbol_offset": 5630,
    "run_value_IQ": [
     5736,
     -5737
    ],
    "is_stall": false
   },
   {
    "frame_index": 940,
    "frame_start_symtime": 15428514,
    "n_samples_in_frame": 18168,
    "longest_run_symbols": 5,
    "run_start_symbol_offset": 3202,
    "run_end_symbol_offset": 3206,
    "run_value_IQ": [
     5736,
     5736
    ],
    "is_stall": false
   },
   {
    "frame_index": 941,
    "frame_start_symtime": 15453180,
    "n_samples_in_frame": 9487,
    "longest_run_symbols": 5,
    "run_start_symbol_offset": 5626,
    "run_end_symbol_offset": 5630,
    "run_value_IQ": [
     5736,
     -5737
    ],
    "is_stall": false
   },
   {
    "frame_index": 942,
    "frame_start_symtime": 15465513,
    "n_samples_in_frame": 9377,
    "longest_run_symbols": 5,
    "run_start_symbol_offset": 3202,
    "run_end_symbol_offset": 3206,
    "run_value_IQ": [
     5736,
     5736
    ],
    "is_stall": false
   },
   {
    "frame_index": 943,
    "frame_start_symtime": 15477846,
    "n_samples_in_frame": 9530,
    "longest_run_symbols": 5,
    "run_start_symbol_offset": 5626,
    "run_end_symbol_offset": 5630,
    "run_value_IQ": [
     5736,
     -5737
    ],
    "is_stall": false
   },
   {
    "frame_index": 944,
    "frame_start_symtime": 15490179,
    "n_samples_in_frame": 13424,
    "longest_run_symbols": 5,
    "run_start_symbol_offset": 3202,
    "run_end_symbol_offset": 3206,
    "run_value_IQ": [
     5736,
     5736
    ],
    "is_stall": false
   },
   {
    "frame_index": 945,
    "frame_start_symtime": 15502512,
    "n_samples_in_frame": 9330,
    "longest_run_symbols": 5,
    "run_start_symbol_offset": 3202,
    "run_end_symbol_offset": 3206,
    "run_value_IQ": [
     5736,
     5736
    ],
    "is_stall": false
   },
   {
    "frame_index": 946,
    "frame_start_symtime": 15514845,
    "n_samples_in_frame": 9603,
    "longest_run_symbols": 5,
    "run_start_symbol_offset": 5626,
    "run_end_symbol_offset": 5630,
    "run_value_IQ": [
     5736,
     -5737
    ],
    "is_stall": false
   },
   {
    "frame_index": 947,
    "frame_start_symtime": 15527178,
    "n_samples_in_frame": 18706,
    "longest_run_symbols": 5,
    "run_start_symbol_offset": 3202,
    "run_end_symbol_offset": 3206,
    "run_value_IQ": [
     5736,
     5736
    ],
    "is_stall": false
   },
   {
    "frame_index": 948,
    "frame_start_symtime": 15551844,
    "n_samples_in_frame": 8944,
    "longest_run_symbols": 5,
    "run_start_symbol_offset": 3202,
    "run_end_symbol_offset": 3206,
    "run_value_IQ": [
     5736,
     5736
    ],
    "is_stall": false
   },
   {
    "frame_index": 949,
    "frame_start_symtime": 15564177,
    "n_samples_in_frame": 18572,
    "longest_run_symbols": 5,
    "run_start_symbol_offset": 3202,
    "run_end_symbol_offset": 3206,
    "run_value_IQ": [
     5736,
     5736
    ],
    "is_stall": false
   },
   {
    "frame_index": 950,
    "frame_start_symtime": 15588843,
    "n_samples_in_frame": 9486,
    "longest_run_symbols": 5,
    "run_start_symbol_offset": 5626,
    "run_end_symbol_offset": 5630,
    "run_value_IQ": [
     5736,
     -5737
    ],
    "is_stall": false
   },
   {
    "frame_index": 951,
    "frame_start_symtime": 15601176,
    "n_samples_in_frame": 18063,
    "longest_run_symbols": 5,
    "run_start_symbol_offset": 3202,
    "run_end_symbol_offset": 3206,
    "run_value_IQ": [
     5736,
     5736
    ],
    "is_stall": false
   },
   {
    "frame_index": 952,
    "frame_start_symtime": 15625842,
    "n_samples_in_frame": 9499,
    "longest_run_symbols": 5,
    "run_start_symbol_offset": 5626,
    "run_end_symbol_offset": 5630,
    "run_value_IQ": [
     5736,
     -5737
    ],
    "is_stall": false
   },
   {
    "frame_index": 953,
    "frame_start_symtime": 15638175,
    "n_samples_in_frame": 9352,
    "longest_run_symbols": 5,
    "run_start_symbol_offset": 5626,
    "run_end_symbol_offset": 5630,
    "run_value_IQ": [
     5736,
     -5737
    ],
    "is_stall": false
   },
   {
    "frame_index": 954,
    "frame_start_symtime": 15650508,
    "n_samples_in_frame": 9449,
    "longest_run_symbols": 5,
    "run_start_symbol_offset": 3202,
    "run_end_symbol_offset": 3206,
    "run_value_IQ": [
     5736,
     5736
    ],
    "is_stall": false
   },
   {
    "frame_index": 955,
    "frame_start_symtime": 15662841,
    "n_samples_in_frame": 18316,
    "longest_run_symbols": 5,
    "run_start_symbol_offset": 5626,
    "run_end_symbol_offset": 5630,
    "run_value_IQ": [
     5736,
     -5737
    ],
    "is_stall": false
   },
   {
    "frame_index": 956,
    "frame_start_symtime": 15687507,
    "n_samples_in_frame": 9526,
    "longest_run_symbols": 5,
    "run_start_symbol_offset": 5626,
    "run_end_symbol_offset": 5630,
    "run_value_IQ": [
     5736,
     -5737
    ],
    "is_stall": false
   },
   {
    "frame_index": 957,
    "frame_start_symtime": 15699840,
    "n_samples_in_frame": 25702,
    "longest_run_symbols": 5,
    "run_start_symbol_offset": 3202,
    "run_end_symbol_offset": 3206,
    "run_value_IQ": [
     5736,
     5736
    ],
    "is_stall": false
   },
   {
    "frame_index": 958,
    "frame_start_symtime": 15736839,
    "n_samples_in_frame": 9324,
    "longest_run_symbols": 5,
    "run_start_symbol_offset": 3202,
    "run_end_symbol_offset": 3206,
    "run_value_IQ": [
     5736,
     5736
    ],
    "is_stall": false
   },
   {
    "frame_index": 959,
    "frame_start_symtime": 15749172,
    "n_samples_in_frame": 9403,
    "longest_run_symbols": 5,
    "run_start_symbol_offset": 5626,
    "run_end_symbol_offset": 5630,
    "run_value_IQ": [
     5736,
     -5737
    ],
    "is_stall": false
   },
   {
    "frame_index": 960,
    "frame_start_symtime": 15761505,
    "n_samples_in_frame": 9455,
    "longest_run_symbols": 5,
    "run_start_symbol_offset": 5626,
    "run_end_symbol_offset": 5630,
    "run_value_IQ": [
     5736,
     -5737
    ],
    "is_stall": false
   },
   {
    "frame_index": 961,
    "frame_start_symtime": 15773838,
    "n_samples_in_frame": 9024,
    "longest_run_symbols": 5,
    "run_start_symbol_offset": 3202,
    "run_end_symbol_offset": 3206,
    "run_value_IQ": [
     5736,
     5736
    ],
    "is_stall": false
   },
   {
    "frame_index": 962,
    "frame_start_symtime": 15786171,
    "n_samples_in_frame": 8943,
    "longest_run_symbols": 5,
    "run_start_symbol_offset": 3202,
    "run_end_symbol_offset": 3206,
    "run_value_IQ": [
     5736,
     5736
    ],
    "is_stall": false
   },
   {
    "frame_index": 963,
    "frame_start_symtime": 15798504,
    "n_samples_in_frame": 9422,
    "longest_run_symbols": 5,
    "run_start_symbol_offset": 3202,
    "run_end_symbol_offset": 3206,
    "run_value_IQ": [
     5736,
     5736
    ],
    "is_stall": false
   },
   {
    "frame_index": 964,
    "frame_start_symtime": 15810837,
    "n_samples_in_frame": 9473,
    "longest_run_symbols": 5,
    "run_start_symbol_offset": 5626,
    "run_end_symbol_offset": 5630,
    "run_value_IQ": [
     5736,
     -5737
    ],
    "is_stall": false
   },
   {
    "frame_index": 965,
    "frame_start_symtime": 15823170,
    "n_samples_in_frame": 9457,
    "longest_run_symbols": 5,
    "run_start_symbol_offset": 3202,
    "run_end_symbol_offset": 3206,
    "run_value_IQ": [
     5736,
     5736
    ],
    "is_stall": false
   },
   {
    "frame_index": 966,
    "frame_start_symtime": 15835503,
    "n_samples_in_frame": 4557,
    "longest_run_symbols": 4,
    "run_start_symbol_offset": 10985,
    "run_end_symbol_offset": 10988,
    "run_value_IQ": [
     -5737,
     -5737
    ],
    "is_stall": false
   },
   {
    "frame_index": 967,
    "frame_start_symtime": 15847836,
    "n_samples_in_frame": 7956,
    "longest_run_symbols": 5,
    "run_start_symbol_offset": 5626,
    "run_end_symbol_offset": 5630,
    "run_value_IQ": [
     5736,
     -5737
    ],
    "is_stall": false
   },
   {
    "frame_index": 968,
    "frame_start_symtime": 15860169,
    "n_samples_in_frame": 18850,
    "longest_run_symbols": 5,
    "run_start_symbol_offset": 3202,
    "run_end_symbol_offset": 3206,
    "run_value_IQ": [
     5736,
     5736
    ],
    "is_stall": false
   },
   {
    "frame_index": 969,
    "frame_start_symtime": 15884835,
    "n_samples_in_frame": 9214,
    "longest_run_symbols": 5,
    "run_start_symbol_offset": 3202,
    "run_end_symbol_offset": 3206,
    "run_value_IQ": [
     5736,
     5736
    ],
    "is_stall": false
   },
   {
    "frame_index": 970,
    "frame_start_symtime": 15897168,
    "n_samples_in_frame": 17629,
    "longest_run_symbols": 5,
    "run_start_symbol_offset": 3202,
    "run_end_symbol_offset": 3206,
    "run_value_IQ": [
     5736,
     5736
    ],
    "is_stall": false
   },
   {
    "frame_index": 971,
    "frame_start_symtime": 15921834,
    "n_samples_in_frame": 9515,
    "longest_run_symbols": 5,
    "run_start_symbol_offset": 5626,
    "run_end_symbol_offset": 5630,
    "run_value_IQ": [
     5736,
     -5737
    ],
    "is_stall": false
   },
   {
    "frame_index": 972,
    "frame_start_symtime": 15934167,
    "n_samples_in_frame": 18897,
    "longest_run_symbols": 5,
    "run_start_symbol_offset": 3202,
    "run_end_symbol_offset": 3206,
    "run_value_IQ": [
     5736,
     5736
    ],
    "is_stall": false
   },
   {
    "frame_index": 973,
    "frame_start_symtime": 15958833,
    "n_samples_in_frame": 9409,
    "longest_run_symbols": 5,
    "run_start_symbol_offset": 3202,
    "run_end_symbol_offset": 3206,
    "run_value_IQ": [
     5736,
     5736
    ],
    "is_stall": false
   },
   {
    "frame_index": 974,
    "frame_start_symtime": 15971166,
    "n_samples_in_frame": 8603,
    "longest_run_symbols": 5,
    "run_start_symbol_offset": 3202,
    "run_end_symbol_offset": 3206,
    "run_value_IQ": [
     5736,
     5736
    ],
    "is_stall": false
   },
   {
    "frame_index": 975,
    "frame_start_symtime": 15983499,
    "n_samples_in_frame": 18797,
    "longest_run_symbols": 5,
    "run_start_symbol_offset": 3202,
    "run_end_symbol_offset": 3206,
    "run_value_IQ": [
     5736,
     5736
    ],
    "is_stall": false
   },
   {
    "frame_index": 976,
    "frame_start_symtime": 16008165,
    "n_samples_in_frame": 9401,
    "longest_run_symbols": 5,
    "run_start_symbol_offset": 3202,
    "run_end_symbol_offset": 3206,
    "run_value_IQ": [
     5736,
     5736
    ],
    "is_stall": false
   },
   {
    "frame_index": 977,
    "frame_start_symtime": 16020498,
    "n_samples_in_frame": 18100,
    "longest_run_symbols": 5,
    "run_start_symbol_offset": 3202,
    "run_end_symbol_offset": 3206,
    "run_value_IQ": [
     5736,
     5736
    ],
    "is_stall": false
   },
   {
    "frame_index": 978,
    "frame_start_symtime": 16045164,
    "n_samples_in_frame": 9329,
    "longest_run_symbols": 5,
    "run_start_symbol_offset": 5626,
    "run_end_symbol_offset": 5630,
    "run_value_IQ": [
     5736,
     -5737
    ],
    "is_stall": false
   },
   {
    "frame_index": 979,
    "frame_start_symtime": 16057497,
    "n_samples_in_frame": 9509,
    "longest_run_symbols": 5,
    "run_start_symbol_offset": 3202,
    "run_end_symbol_offset": 3206,
    "run_value_IQ": [
     5736,
     5736
    ],
    "is_stall": false
   },
   {
    "frame_index": 980,
    "frame_start_symtime": 16069830,
    "n_samples_in_frame": 9345,
    "longest_run_symbols": 5,
    "run_start_symbol_offset": 3202,
    "run_end_symbol_offset": 3206,
    "run_value_IQ": [
     5736,
     5736
    ],
    "is_stall": false
   },
   {
    "frame_index": 981,
    "frame_start_symtime": 16082163,
    "n_samples_in_frame": 9359,
    "longest_run_symbols": 5,
    "run_start_symbol_offset": 5626,
    "run_end_symbol_offset": 5630,
    "run_value_IQ": [
     5736,
     -5737
    ],
    "is_stall": false
   },
   {
    "frame_index": 982,
    "frame_start_symtime": 16094496,
    "n_samples_in_frame": 8789,
    "longest_run_symbols": 5,
    "run_start_symbol_offset": 3202,
    "run_end_symbol_offset": 3206,
    "run_value_IQ": [
     5736,
     5736
    ],
    "is_stall": false
   },
   {
    "frame_index": 983,
    "frame_start_symtime": 16106829,
    "n_samples_in_frame": 18865,
    "longest_run_symbols": 5,
    "run_start_symbol_offset": 3202,
    "run_end_symbol_offset": 3206,
    "run_value_IQ": [
     5736,
     5736
    ],
    "is_stall": false
   },
   {
    "frame_index": 984,
    "frame_start_symtime": 16131495,
    "n_samples_in_frame": 9456,
    "longest_run_symbols": 5,
    "run_start_symbol_offset": 3202,
    "run_end_symbol_offset": 3206,
    "run_value_IQ": [
     5736,
     5736
    ],
    "is_stall": false
   },
   {
    "frame_index": 985,
    "frame_start_symtime": 16143828,
    "n_samples_in_frame": 9331,
    "longest_run_symbols": 5,
    "run_start_symbol_offset": 3202,
    "run_end_symbol_offset": 3206,
    "run_value_IQ": [
     5736,
     5736
    ],
    "is_stall": false
   },
   {
    "frame_index": 986,
    "frame_start_symtime": 16156161,
    "n_samples_in_frame": 8757,
    "longest_run_symbols": 5,
    "run_start_symbol_offset": 3202,
    "run_end_symbol_offset": 3206,
    "run_value_IQ": [
     5736,
     5736
    ],
    "is_stall": false
   },
   {
    "frame_index": 987,
    "frame_start_symtime": 16168494,
    "n_samples_in_frame": 9506,
    "longest_run_symbols": 5,
    "run_start_symbol_offset": 3202,
    "run_end_symbol_offset": 3206,
    "run_value_IQ": [
     5736,
     5736
    ],
    "is_stall": false
   },
   {
    "frame_index": 988,
    "frame_start_symtime": 16180827,
    "n_samples_in_frame": 13958,
    "longest_run_symbols": 5,
    "run_start_symbol_offset": 3202,
    "run_end_symbol_offset": 3206,
    "run_value_IQ": [
     5736,
     5736
    ],
    "is_stall": false
   },
   {
    "frame_index": 989,
    "frame_start_symtime": 16193160,
    "n_samples_in_frame": 9234,
    "longest_run_symbols": 5,
    "run_start_symbol_offset": 3202,
    "run_end_symbol_offset": 3206,
    "run_value_IQ": [
     5736,
     5736
    ],
    "is_stall": false
   },
   {
    "frame_index": 990,
    "frame_start_symtime": 16205493,
    "n_samples_in_frame": 8827,
    "longest_run_symbols": 5,
    "run_start_symbol_offset": 5626,
    "run_end_symbol_offset": 5630,
    "run_value_IQ": [
     5736,
     -5737
    ],
    "is_stall": false
   },
   {
    "frame_index": 991,
    "frame_start_symtime": 16217826,
    "n_samples_in_frame": 9219,
    "longest_run_symbols": 5,
    "run_start_symbol_offset": 3202,
    "run_end_symbol_offset": 3206,
    "run_value_IQ": [
     5736,
     5736
    ],
    "is_stall": false
   },
   {
    "frame_index": 992,
    "frame_start_symtime": 16230159,
    "n_samples_in_frame": 9418,
    "longest_run_symbols": 5,
    "run_start_symbol_offset": 3202,
    "run_end_symbol_offset": 3206,
    "run_value_IQ": [
     5736,
     5736
    ],
    "is_stall": false
   },
   {
    "frame_index": 993,
    "frame_start_symtime": 16242492,
    "n_samples_in_frame": 9461,
    "longest_run_symbols": 5,
    "run_start_symbol_offset": 3202,
    "run_end_symbol_offset": 3206,
    "run_value_IQ": [
     5736,
     5736
    ],
    "is_stall": false
   },
   {
    "frame_index": 994,
    "frame_start_symtime": 16254825,
    "n_samples_in_frame": 9452,
    "longest_run_symbols": 5,
    "run_start_symbol_offset": 5626,
    "run_end_symbol_offset": 5630,
    "run_value_IQ": [
     5736,
     -5737
    ],
    "is_stall": false
   },
   {
    "frame_index": 995,
    "frame_start_symtime": 16267158,
    "n_samples_in_frame": 18226,
    "longest_run_symbols": 5,
    "run_start_symbol_offset": 3202,
    "run_end_symbol_offset": 3206,
    "run_value_IQ": [
     5736,
     5736
    ],
    "is_stall": false
   },
   {
    "frame_index": 996,
    "frame_start_symtime": 16291824,
    "n_samples_in_frame": 18845,
    "longest_run_symbols": 5,
    "run_start_symbol_offset": 3202,
    "run_end_symbol_offset": 3206,
    "run_value_IQ": [
     5736,
     5736
    ],
    "is_stall": false
   },
   {
    "frame_index": 997,
    "frame_start_symtime": 16316490,
    "n_samples_in_frame": 9502,
    "longest_run_symbols": 5,
    "run_start_symbol_offset": 5626,
    "run_end_symbol_offset": 5630,
    "run_value_IQ": [
     5736,
     -5737
    ],
    "is_stall": false
   },
   {
    "frame_index": 998,
    "frame_start_symtime": 16328823,
    "n_samples_in_frame": 8757,
    "longest_run_symbols": 5,
    "run_start_symbol_offset": 3202,
    "run_end_symbol_offset": 3206,
    "run_value_IQ": [
     5736,
     5736
    ],
    "is_stall": false
   },
   {
    "frame_index": 999,
    "frame_start_symtime": 16341156,
    "n_samples_in_frame": 18765,
    "longest_run_symbols": 5,
    "run_start_symbol_offset": 3202,
    "run_end_symbol_offset": 3206,
    "run_value_IQ": [
     5736,
     5736
    ],
    "is_stall": false
   },
   {
    "frame_index": 1000,
    "frame_start_symtime": 16365822,
    "n_samples_in_frame": 9376,
    "longest_run_symbols": 5,
    "run_start_symbol_offset": 3202,
    "run_end_symbol_offset": 3206,
    "run_value_IQ": [
     5736,
     5736
    ],
    "is_stall": false
   },
   {
    "frame_index": 1001,
    "frame_start_symtime": 16378155,
    "n_samples_in_frame": 9272,
    "longest_run_symbols": 5,
    "run_start_symbol_offset": 3202,
    "run_end_symbol_offset": 3206,
    "run_value_IQ": [
     5736,
     5736
    ],
    "is_stall": false
   },
   {
    "frame_index": 1002,
    "frame_start_symtime": 16390488,
    "n_samples_in_frame": 18236,
    "longest_run_symbols": 5,
    "run_start_symbol_offset": 3202,
    "run_end_symbol_offset": 3206,
    "run_value_IQ": [
     5736,
     5736
    ],
    "is_stall": false
   },
   {
    "frame_index": 1003,
    "frame_start_symtime": 16415154,
    "n_samples_in_frame": 18954,
    "longest_run_symbols": 5,
    "run_start_symbol_offset": 3202,
    "run_end_symbol_offset": 3206,
    "run_value_IQ": [
     5736,
     5736
    ],
    "is_stall": false
   },
   {
    "frame_index": 1004,
    "frame_start_symtime": 16439820,
    "n_samples_in_frame": 9444,
    "longest_run_symbols": 5,
    "run_start_symbol_offset": 3202,
    "run_end_symbol_offset": 3206,
    "run_value_IQ": [
     5736,
     5736
    ],
    "is_stall": false
   },
   {
    "frame_index": 1005,
    "frame_start_symtime": 16452153,
    "n_samples_in_frame": 18078,
    "longest_run_symbols": 5,
    "run_start_symbol_offset": 3202,
    "run_end_symbol_offset": 3206,
    "run_value_IQ": [
     5736,
     5736
    ],
    "is_stall": false
   },
   {
    "frame_index": 1006,
    "frame_start_symtime": 16476819,
    "n_samples_in_frame": 9509,
    "longest_run_symbols": 5,
    "run_start_symbol_offset": 5626,
    "run_end_symbol_offset": 5630,
    "run_value_IQ": [
     5736,
     -5737
    ],
    "is_stall": false
   },
   {
    "frame_index": 1007,
    "frame_start_symtime": 16489152,
    "n_samples_in_frame": 9226,
    "longest_run_symbols": 5,
    "run_start_symbol_offset": 3202,
    "run_end_symbol_offset": 3206,
    "run_value_IQ": [
     5736,
     5736
    ],
    "is_stall": false
   },
   {
    "frame_index": 1008,
    "frame_start_symtime": 16501485,
    "n_samples_in_frame": 9348,
    "longest_run_symbols": 5,
    "run_start_symbol_offset": 3202,
    "run_end_symbol_offset": 3206,
    "run_value_IQ": [
     5736,
     5736
    ],
    "is_stall": false
   },
   {
    "frame_index": 1009,
    "frame_start_symtime": 16513818,
    "n_samples_in_frame": 13721,
    "longest_run_symbols": 5,
    "run_start_symbol_offset": 5626,
    "run_end_symbol_offset": 5630,
    "run_value_IQ": [
     5736,
     -5737
    ],
    "is_stall": false
   },
   {
    "frame_index": 1010,
    "frame_start_symtime": 16526151,
    "n_samples_in_frame": 9392,
    "longest_run_symbols": 5,
    "run_start_symbol_offset": 3202,
    "run_end_symbol_offset": 3206,
    "run_value_IQ": [
     5736,
     5736
    ],
    "is_stall": false
   },
   {
    "frame_index": 1011,
    "frame_start_symtime": 16538484,
    "n_samples_in_frame": 18830,
    "longest_run_symbols": 5,
    "run_start_symbol_offset": 5626,
    "run_end_symbol_offset": 5630,
    "run_value_IQ": [
     5736,
     -5737
    ],
    "is_stall": false
   },
   {
    "frame_index": 1012,
    "frame_start_symtime": 16563150,
    "n_samples_in_frame": 18162,
    "longest_run_symbols": 5,
    "run_start_symbol_offset": 7023,
    "run_end_symbol_offset": 7027,
    "run_value_IQ": [
     5736,
     -5737
    ],
    "is_stall": false
   },
   {
    "frame_index": 1013,
    "frame_start_symtime": 16587816,
    "n_samples_in_frame": 9444,
    "longest_run_symbols": 5,
    "run_start_symbol_offset": 3202,
    "run_end_symbol_offset": 3206,
    "run_value_IQ": [
     5736,
     5736
    ],
    "is_stall": false
   },
   {
    "frame_index": 1014,
    "frame_start_symtime": 16600149,
    "n_samples_in_frame": 9312,
    "longest_run_symbols": 5,
    "run_start_symbol_offset": 3202,
    "run_end_symbol_offset": 3206,
    "run_value_IQ": [
     5736,
     5736
    ],
    "is_stall": false
   },
   {
    "frame_index": 1015,
    "frame_start_symtime": 16612482,
    "n_samples_in_frame": 9378,
    "longest_run_symbols": 5,
    "run_start_symbol_offset": 5626,
    "run_end_symbol_offset": 5630,
    "run_value_IQ": [
     5736,
     -5737
    ],
    "is_stall": false
   },
   {
    "frame_index": 1016,
    "frame_start_symtime": 16624815,
    "n_samples_in_frame": 8464,
    "longest_run_symbols": 4,
    "run_start_symbol_offset": 1500,
    "run_end_symbol_offset": 1503,
    "run_value_IQ": [
     5736,
     -5737
    ],
    "is_stall": false
   },
   {
    "frame_index": 1017,
    "frame_start_symtime": 16637148,
    "n_samples_in_frame": 9414,
    "longest_run_symbols": 5,
    "run_start_symbol_offset": 3202,
    "run_end_symbol_offset": 3206,
    "run_value_IQ": [
     5736,
     5736
    ],
    "is_stall": false
   },
   {
    "frame_index": 1018,
    "frame_start_symtime": 16649481,
    "n_samples_in_frame": 9508,
    "longest_run_symbols": 5,
    "run_start_symbol_offset": 3202,
    "run_end_symbol_offset": 3206,
    "run_value_IQ": [
     5736,
     5736
    ],
    "is_stall": false
   },
   {
    "frame_index": 1019,
    "frame_start_symtime": 16661814,
    "n_samples_in_frame": 8943,
    "longest_run_symbols": 5,
    "run_start_symbol_offset": 3202,
    "run_end_symbol_offset": 3206,
    "run_value_IQ": [
     5736,
     5736
    ],
    "is_stall": false
   },
   {
    "frame_index": 1020,
    "frame_start_symtime": 16674147,
    "n_samples_in_frame": 9424,
    "longest_run_symbols": 5,
    "run_start_symbol_offset": 5626,
    "run_end_symbol_offset": 5630,
    "run_value_IQ": [
     5736,
     -5737
    ],
    "is_stall": false
   },
   {
    "frame_index": 1021,
    "frame_start_symtime": 16686480,
    "n_samples_in_frame": 8993,
    "longest_run_symbols": 5,
    "run_start_symbol_offset": 3202,
    "run_end_symbol_offset": 3206,
    "run_value_IQ": [
     5736,
     5736
    ],
    "is_stall": false
   },
   {
    "frame_index": 1022,
    "frame_start_symtime": 16698813,
    "n_samples_in_frame": 19142,
    "longest_run_symbols": 5,
    "run_start_symbol_offset": 3202,
    "run_end_symbol_offset": 3206,
    "run_value_IQ": [
     5736,
     5736
    ],
    "is_stall": false
   },
   {
    "frame_index": 1023,
    "frame_start_symtime": 16723479,
    "n_samples_in_frame": 18686,
    "longest_run_symbols": 5,
    "run_start_symbol_offset": 3202,
    "run_end_symbol_offset": 3206,
    "run_value_IQ": [
     5736,
     5736
    ],
    "is_stall": false
   },
   {
    "frame_index": 1024,
    "frame_start_symtime": 16748145,
    "n_samples_in_frame": 8799,
    "longest_run_symbols": 5,
    "run_start_symbol_offset": 5626,
    "run_end_symbol_offset": 5630,
    "run_value_IQ": [
     5736,
     -5737
    ],
    "is_stall": false
   },
   {
    "frame_index": 1025,
    "frame_start_symtime": 16760478,
    "n_samples_in_frame": 9479,
    "longest_run_symbols": 5,
    "run_start_symbol_offset": 3202,
    "run_end_symbol_offset": 3206,
    "run_value_IQ": [
     5736,
     5736
    ],
    "is_stall": false
   },
   {
    "frame_index": 1026,
    "frame_start_symtime": 16772811,
    "n_samples_in_frame": 9300,
    "longest_run_symbols": 5,
    "run_start_symbol_offset": 3202,
    "run_end_symbol_offset": 3206,
    "run_value_IQ": [
     5736,
     5736
    ],
    "is_stall": false
   },
   {
    "frame_index": 1027,
    "frame_start_symtime": 16785144,
    "n_samples_in_frame": 18585,
    "longest_run_symbols": 5,
    "run_start_symbol_offset": 5626,
    "run_end_symbol_offset": 5630,
    "run_value_IQ": [
     5736,
     -5737
    ],
    "is_stall": false
   },
   {
    "frame_index": 1028,
    "frame_start_symtime": 16809810,
    "n_samples_in_frame": 8853,
    "longest_run_symbols": 5,
    "run_start_symbol_offset": 5626,
    "run_end_symbol_offset": 5630,
    "run_value_IQ": [
     5736,
     -5737
    ],
    "is_stall": false
   },
   {
    "frame_index": 1029,
    "frame_start_symtime": 16822143,
    "n_samples_in_frame": 18838,
    "longest_run_symbols": 5,
    "run_start_symbol_offset": 3202,
    "run_end_symbol_offset": 3206,
    "run_value_IQ": [
     5736,
     5736
    ],
    "is_stall": false
   },
   {
    "frame_index": 1030,
    "frame_start_symtime": 16846809,
    "n_samples_in_frame": 9397,
    "longest_run_symbols": 5,
    "run_start_symbol_offset": 3202,
    "run_end_symbol_offset": 3206,
    "run_value_IQ": [
     5736,
     5736
    ],
    "is_stall": false
   },
   {
    "frame_index": 1031,
    "frame_start_symtime": 16859142,
    "n_samples_in_frame": 13590,
    "longest_run_symbols": 5,
    "run_start_symbol_offset": 3202,
    "run_end_symbol_offset": 3206,
    "run_value_IQ": [
     5736,
     5736
    ],
    "is_stall": false
   },
   {
    "frame_index": 1032,
    "frame_start_symtime": 16883808,
    "n_samples_in_frame": 9407,
    "longest_run_symbols": 5,
    "run_start_symbol_offset": 3202,
    "run_end_symbol_offset": 3206,
    "run_value_IQ": [
     5736,
     5736
    ],
    "is_stall": false
   },
   {
    "frame_index": 1033,
    "frame_start_symtime": 16896141,
    "n_samples_in_frame": 9372,
    "longest_run_symbols": 5,
    "run_start_symbol_offset": 3202,
    "run_end_symbol_offset": 3206,
    "run_value_IQ": [
     5736,
     5736
    ],
    "is_stall": false
   },
   {
    "frame_index": 1034,
    "frame_start_symtime": 16908474,
    "n_samples_in_frame": 9485,
    "longest_run_symbols": 5,
    "run_start_symbol_offset": 5626,
    "run_end_symbol_offset": 5630,
    "run_value_IQ": [
     5736,
     -5737
    ],
    "is_stall": false
   },
   {
    "frame_index": 1035,
    "frame_start_symtime": 16920807,
    "n_samples_in_frame": 9315,
    "longest_run_symbols": 5,
    "run_start_symbol_offset": 3202,
    "run_end_symbol_offset": 3206,
    "run_value_IQ": [
     5736,
     5736
    ],
    "is_stall": false
   },
   {
    "frame_index": 1036,
    "frame_start_symtime": 16933140,
    "n_samples_in_frame": 17741,
    "longest_run_symbols": 5,
    "run_start_symbol_offset": 3202,
    "run_end_symbol_offset": 3206,
    "run_value_IQ": [
     5736,
     5736
    ],
    "is_stall": false
   },
   {
    "frame_index": 1037,
    "frame_start_symtime": 16957806,
    "n_samples_in_frame": 9483,
    "longest_run_symbols": 5,
    "run_start_symbol_offset": 3202,
    "run_end_symbol_offset": 3206,
    "run_value_IQ": [
     5736,
     5736
    ],
    "is_stall": false
   },
   {
    "frame_index": 1038,
    "frame_start_symtime": 16970139,
    "n_samples_in_frame": 9394,
    "longest_run_symbols": 5,
    "run_start_symbol_offset": 3202,
    "run_end_symbol_offset": 3206,
    "run_value_IQ": [
     5736,
     5736
    ],
    "is_stall": false
   },
   {
    "frame_index": 1039,
    "frame_start_symtime": 16982472,
    "n_samples_in_frame": 9447,
    "longest_run_symbols": 5,
    "run_start_symbol_offset": 5626,
    "run_end_symbol_offset": 5630,
    "run_value_IQ": [
     5736,
     -5737
    ],
    "is_stall": false
   },
   {
    "frame_index": 1040,
    "frame_start_symtime": 16994805,
    "n_samples_in_frame": 18283,
    "longest_run_symbols": 5,
    "run_start_symbol_offset": 3202,
    "run_end_symbol_offset": 3206,
    "run_value_IQ": [
     5736,
     5736
    ],
    "is_stall": false
   },
   {
    "frame_index": 1041,
    "frame_start_symtime": 17019471,
    "n_samples_in_frame": 18777,
    "longest_run_symbols": 5,
    "run_start_symbol_offset": 3202,
    "run_end_symbol_offset": 3206,
    "run_value_IQ": [
     5736,
     5736
    ],
    "is_stall": false
   },
   {
    "frame_index": 1042,
    "frame_start_symtime": 17044137,
    "n_samples_in_frame": 9498,
    "longest_run_symbols": 5,
    "run_start_symbol_offset": 5626,
    "run_end_symbol_offset": 5630,
    "run_value_IQ": [
     5736,
     -5737
    ],
    "is_stall": false
   },
   {
    "frame_index": 1043,
    "frame_start_symtime": 17056470,
    "n_samples_in_frame": 8670,
    "longest_run_symbols": 5,
    "run_start_symbol_offset": 5626,
    "run_end_symbol_offset": 5630,
    "run_value_IQ": [
     5736,
     -5737
    ],
    "is_stall": false
   },
   {
    "frame_index": 1044,
    "frame_start_symtime": 17068803,
    "n_samples_in_frame": 19696,
    "longest_run_symbols": 5,
    "run_start_symbol_offset": 3202,
    "run_end_symbol_offset": 3206,
    "run_value_IQ": [
     5736,
     5736
    ],
    "is_stall": false
   },
   {
    "frame_index": 1045,
    "frame_start_symtime": 17093469,
    "n_samples_in_frame": 14565,
    "longest_run_symbols": 5,
    "run_start_symbol_offset": 5626,
    "run_end_symbol_offset": 5630,
    "run_value_IQ": [
     5736,
     -5737
    ],
    "is_stall": false
   },
   {
    "frame_index": 1046,
    "frame_start_symtime": 17118135,
    "n_samples_in_frame": 18875,
    "longest_run_symbols": 5,
    "run_start_symbol_offset": 3202,
    "run_end_symbol_offset": 3206,
    "run_value_IQ": [
     5736,
     5736
    ],
    "is_stall": false
   },
   {
    "frame_index": 1047,
    "frame_start_symtime": 17142801,
    "n_samples_in_frame": 9497,
    "longest_run_symbols": 5,
    "run_start_symbol_offset": 3202,
    "run_end_symbol_offset": 3206,
    "run_value_IQ": [
     5736,
     5736
    ],
    "is_stall": false
   },
   {
    "frame_index": 1048,
    "frame_start_symtime": 17155134,
    "n_samples_in_frame": 9250,
    "longest_run_symbols": 5,
    "run_start_symbol_offset": 3202,
    "run_end_symbol_offset": 3206,
    "run_value_IQ": [
     5736,
     5736
    ],
    "is_stall": false
   },
   {
    "frame_index": 1049,
    "frame_start_symtime": 17167467,
    "n_samples_in_frame": 18128,
    "longest_run_symbols": 5,
    "run_start_symbol_offset": 3202,
    "run_end_symbol_offset": 3206,
    "run_value_IQ": [
     5736,
     5736
    ],
    "is_stall": false
   },
   {
    "frame_index": 1050,
    "frame_start_symtime": 17192133,
    "n_samples_in_frame": 9502,
    "longest_run_symbols": 5,
    "run_start_symbol_offset": 3202,
    "run_end_symbol_offset": 3206,
    "run_value_IQ": [
     5736,
     5736
    ],
    "is_stall": false
   },
   {
    "frame_index": 1051,
    "frame_start_symtime": 17204466,
    "n_samples_in_frame": 14025,
    "longest_run_symbols": 5,
    "run_start_symbol_offset": 3202,
    "run_end_symbol_offset": 3206,
    "run_value_IQ": [
     5736,
     5736
    ],
    "is_stall": false
   },
   {
    "frame_index": 1052,
    "frame_start_symtime": 17216799,
    "n_samples_in_frame": 8818,
    "longest_run_symbols": 5,
    "run_start_symbol_offset": 5626,
    "run_end_symbol_offset": 5630,
    "run_value_IQ": [
     5736,
     -5737
    ],
    "is_stall": false
   },
   {
    "frame_index": 1053,
    "frame_start_symtime": 17229132,
    "n_samples_in_frame": 18675,
    "longest_run_symbols": 5,
    "run_start_symbol_offset": 3202,
    "run_end_symbol_offset": 3206,
    "run_value_IQ": [
     5736,
     5736
    ],
    "is_stall": false
   },
   {
    "frame_index": 1054,
    "frame_start_symtime": 17253798,
    "n_samples_in_frame": 9553,
    "longest_run_symbols": 5,
    "run_start_symbol_offset": 5626,
    "run_end_symbol_offset": 5630,
    "run_value_IQ": [
     5736,
     -5737
    ],
    "is_stall": false
   },
   {
    "frame_index": 1055,
    "frame_start_symtime": 17266131,
    "n_samples_in_frame": 9307,
    "longest_run_symbols": 5,
    "run_start_symbol_offset": 3202,
    "run_end_symbol_offset": 3206,
    "run_value_IQ": [
     5736,
     5736
    ],
    "is_stall": false
   },
   {
    "frame_index": 1056,
    "frame_start_symtime": 17278464,
    "n_samples_in_frame": 8735,
    "longest_run_symbols": 5,
    "run_start_symbol_offset": 3202,
    "run_end_symbol_offset": 3206,
    "run_value_IQ": [
     5736,
     5736
    ],
    "is_stall": false
   },
   {
    "frame_index": 1057,
    "frame_start_symtime": 17290797,
    "n_samples_in_frame": 9295,
    "longest_run_symbols": 5,
    "run_start_symbol_offset": 3202,
    "run_end_symbol_offset": 3206,
    "run_value_IQ": [
     5736,
     5736
    ],
    "is_stall": false
   },
   {
    "frame_index": 1058,
    "frame_start_symtime": 17303130,
    "n_samples_in_frame": 9487,
    "longest_run_symbols": 5,
    "run_start_symbol_offset": 5626,
    "run_end_symbol_offset": 5630,
    "run_value_IQ": [
     5736,
     -5737
    ],
    "is_stall": false
   },
   {
    "frame_index": 1059,
    "frame_start_symtime": 17315463,
    "n_samples_in_frame": 27547,
    "longest_run_symbols": 5,
    "run_start_symbol_offset": 3202,
    "run_end_symbol_offset": 3206,
    "run_value_IQ": [
     5736,
     5736
    ],
    "is_stall": false
   },
   {
    "frame_index": 1060,
    "frame_start_symtime": 17352462,
    "n_samples_in_frame": 9431,
    "longest_run_symbols": 5,
    "run_start_symbol_offset": 3202,
    "run_end_symbol_offset": 3206,
    "run_value_IQ": [
     5736,
     5736
    ],
    "is_stall": false
   },
   {
    "frame_index": 1061,
    "frame_start_symtime": 17364795,
    "n_samples_in_frame": 9320,
    "longest_run_symbols": 5,
    "run_start_symbol_offset": 3202,
    "run_end_symbol_offset": 3206,
    "run_value_IQ": [
     5736,
     5736
    ],
    "is_stall": false
   },
   {
    "frame_index": 1062,
    "frame_start_symtime": 17377128,
    "n_samples_in_frame": 9363,
    "longest_run_symbols": 5,
    "run_start_symbol_offset": 5626,
    "run_end_symbol_offset": 5630,
    "run_value_IQ": [
     5736,
     -5737
    ],
    "is_stall": false
   },
   {
    "frame_index": 1063,
    "frame_start_symtime": 17389461,
    "n_samples_in_frame": 26634,
    "longest_run_symbols": 5,
    "run_start_symbol_offset": 5626,
    "run_end_symbol_offset": 5630,
    "run_value_IQ": [
     5736,
     -5737
    ],
    "is_stall": false
   },
   {
    "frame_index": 1064,
    "frame_start_symtime": 17426460,
    "n_samples_in_frame": 9396,
    "longest_run_symbols": 5,
    "run_start_symbol_offset": 3202,
    "run_end_symbol_offset": 3206,
    "run_value_IQ": [
     5736,
     5736
    ],
    "is_stall": false
   },
   {
    "frame_index": 1065,
    "frame_start_symtime": 17438793,
    "n_samples_in_frame": 9412,
    "longest_run_symbols": 5,
    "run_start_symbol_offset": 3202,
    "run_end_symbol_offset": 3206,
    "run_value_IQ": [
     5736,
     5736
    ],
    "is_stall": false
   },
   {
    "frame_index": 1066,
    "frame_start_symtime": 17451126,
    "n_samples_in_frame": 17845,
    "longest_run_symbols": 5,
    "run_start_symbol_offset": 3202,
    "run_end_symbol_offset": 3206,
    "run_value_IQ": [
     5736,
     5736
    ],
    "is_stall": false
   },
   {
    "frame_index": 1067,
    "frame_start_symtime": 17475792,
    "n_samples_in_frame": 9291,
    "longest_run_symbols": 5,
    "run_start_symbol_offset": 3202,
    "run_end_symbol_offset": 3206,
    "run_value_IQ": [
     5736,
     5736
    ],
    "is_stall": false
   },
   {
    "frame_index": 1068,
    "frame_start_symtime": 17488125,
    "n_samples_in_frame": 9507,
    "longest_run_symbols": 5,
    "run_start_symbol_offset": 5626,
    "run_end_symbol_offset": 5630,
    "run_value_IQ": [
     5736,
     -5737
    ],
    "is_stall": false
   },
   {
    "frame_index": 1069,
    "frame_start_symtime": 17500458,
    "n_samples_in_frame": 18339,
    "longest_run_symbols": 5,
    "run_start_symbol_offset": 3202,
    "run_end_symbol_offset": 3206,
    "run_value_IQ": [
     5736,
     5736
    ],
    "is_stall": false
   },
   {
    "frame_index": 1070,
    "frame_start_symtime": 17525124,
    "n_samples_in_frame": 9251,
    "longest_run_symbols": 5,
    "run_start_symbol_offset": 5626,
    "run_end_symbol_offset": 5630,
    "run_value_IQ": [
     5736,
     -5737
    ],
    "is_stall": false
   },
   {
    "frame_index": 1071,
    "frame_start_symtime": 17537457,
    "n_samples_in_frame": 13915,
    "longest_run_symbols": 5,
    "run_start_symbol_offset": 3202,
    "run_end_symbol_offset": 3206,
    "run_value_IQ": [
     5736,
     5736
    ],
    "is_stall": false
   },
   {
    "frame_index": 1072,
    "frame_start_symtime": 17562123,
    "n_samples_in_frame": 9453,
    "longest_run_symbols": 5,
    "run_start_symbol_offset": 3202,
    "run_end_symbol_offset": 3206,
    "run_value_IQ": [
     5736,
     5736
    ],
    "is_stall": false
   },
   {
    "frame_index": 1073,
    "frame_start_symtime": 17574456,
    "n_samples_in_frame": 25288,
    "longest_run_symbols": 5,
    "run_start_symbol_offset": 5626,
    "run_end_symbol_offset": 5630,
    "run_value_IQ": [
     5736,
     -5737
    ],
    "is_stall": false
   },
   {
    "frame_index": 1074,
    "frame_start_symtime": 17611455,
    "n_samples_in_frame": 18985,
    "longest_run_symbols": 5,
    "run_start_symbol_offset": 3202,
    "run_end_symbol_offset": 3206,
    "run_value_IQ": [
     5736,
     5736
    ],
    "is_stall": false
   },
   {
    "frame_index": 1075,
    "frame_start_symtime": 17636121,
    "n_samples_in_frame": 27514,
    "longest_run_symbols": 5,
    "run_start_symbol_offset": 3202,
    "run_end_symbol_offset": 3206,
    "run_value_IQ": [
     5736,
     5736
    ],
    "is_stall": false
   },
   {
    "frame_index": 1076,
    "frame_start_symtime": 17673120,
    "n_samples_in_frame": 36817,
    "longest_run_symbols": 5,
    "run_start_symbol_offset": 3202,
    "run_end_symbol_offset": 3206,
    "run_value_IQ": [
     5736,
     5736
    ],
    "is_stall": false
   },
   {
    "frame_index": 1077,
    "frame_start_symtime": 17722452,
    "n_samples_in_frame": 9131,
    "longest_run_symbols": 5,
    "run_start_symbol_offset": 5626,
    "run_end_symbol_offset": 5630,
    "run_value_IQ": [
     5736,
     -5737
    ],
    "is_stall": false
   },
   {
    "frame_index": 1078,
    "frame_start_symtime": 17734785,
    "n_samples_in_frame": 9607,
    "longest_run_symbols": 5,
    "run_start_symbol_offset": 3202,
    "run_end_symbol_offset": 3206,
    "run_value_IQ": [
     5736,
     5736
    ],
    "is_stall": false
   },
   {
    "frame_index": 1079,
    "frame_start_symtime": 17747118,
    "n_samples_in_frame": 27400,
    "longest_run_symbols": 5,
    "run_start_symbol_offset": 3202,
    "run_end_symbol_offset": 3206,
    "run_value_IQ": [
     5736,
     5736
    ],
    "is_stall": false
   },
   {
    "frame_index": 1080,
    "frame_start_symtime": 17784117,
    "n_samples_in_frame": 18856,
    "longest_run_symbols": 5,
    "run_start_symbol_offset": 3202,
    "run_end_symbol_offset": 3206,
    "run_value_IQ": [
     5736,
     5736
    ],
    "is_stall": false
   },
   {
    "frame_index": 1081,
    "frame_start_symtime": 17808783,
    "n_samples_in_frame": 9467,
    "longest_run_symbols": 5,
    "run_start_symbol_offset": 3202,
    "run_end_symbol_offset": 3206,
    "run_value_IQ": [
     5736,
     5736
    ],
    "is_stall": false
   },
   {
    "frame_index": 1082,
    "frame_start_symtime": 17821116,
    "n_samples_in_frame": 27542,
    "longest_run_symbols": 5,
    "run_start_symbol_offset": 3202,
    "run_end_symbol_offset": 3206,
    "run_value_IQ": [
     5736,
     5736
    ],
    "is_stall": false
   },
   {
    "frame_index": 1083,
    "frame_start_symtime": 17858115,
    "n_samples_in_frame": 18778,
    "longest_run_symbols": 5,
    "run_start_symbol_offset": 3202,
    "run_end_symbol_offset": 3206,
    "run_value_IQ": [
     5736,
     5736
    ],
    "is_stall": false
   },
   {
    "frame_index": 1084,
    "frame_start_symtime": 17882781,
    "n_samples_in_frame": 8658,
    "longest_run_symbols": 5,
    "run_start_symbol_offset": 5626,
    "run_end_symbol_offset": 5630,
    "run_value_IQ": [
     5736,
     -5737
    ],
    "is_stall": false
   },
   {
    "frame_index": 1085,
    "frame_start_symtime": 17895114,
    "n_samples_in_frame": 9404,
    "longest_run_symbols": 5,
    "run_start_symbol_offset": 5626,
    "run_end_symbol_offset": 5630,
    "run_value_IQ": [
     5736,
     -5737
    ],
    "is_stall": false
   },
   {
    "frame_index": 1086,
    "frame_start_symtime": 17907447,
    "n_samples_in_frame": 4630,
    "longest_run_symbols": 4,
    "run_start_symbol_offset": 9469,
    "run_end_symbol_offset": 9472,
    "run_value_IQ": [
     5736,
     5736
    ],
    "is_stall": false
   },
   {
    "frame_index": 1087,
    "frame_start_symtime": 17919780,
    "n_samples_in_frame": 18997,
    "longest_run_symbols": 5,
    "run_start_symbol_offset": 3202,
    "run_end_symbol_offset": 3206,
    "run_value_IQ": [
     5736,
     5736
    ],
    "is_stall": false
   },
   {
    "frame_index": 1088,
    "frame_start_symtime": 17944446,
    "n_samples_in_frame": 8650,
    "longest_run_symbols": 5,
    "run_start_symbol_offset": 3202,
    "run_end_symbol_offset": 3206,
    "run_value_IQ": [
     5736,
     5736
    ],
    "is_stall": false
   },
   {
    "frame_index": 1089,
    "frame_start_symtime": 17956779,
    "n_samples_in_frame": 18871,
    "longest_run_symbols": 5,
    "run_start_symbol_offset": 3202,
    "run_end_symbol_offset": 3206,
    "run_value_IQ": [
     5736,
     5736
    ],
    "is_stall": false
   },
   {
    "frame_index": 1090,
    "frame_start_symtime": 17981445,
    "n_samples_in_frame": 9403,
    "longest_run_symbols": 5,
    "run_start_symbol_offset": 3202,
    "run_end_symbol_offset": 3206,
    "run_value_IQ": [
     5736,
     5736
    ],
    "is_stall": false
   },
   {
    "frame_index": 1091,
    "frame_start_symtime": 17993778,
    "n_samples_in_frame": 9365,
    "longest_run_symbols": 5,
    "run_start_symbol_offset": 3202,
    "run_end_symbol_offset": 3206,
    "run_value_IQ": [
     5736,
     5736
    ],
    "is_stall": false
   },
   {
    "frame_index": 1092,
    "frame_start_symtime": 18006111,
    "n_samples_in_frame": 8618,
    "longest_run_symbols": 5,
    "run_start_symbol_offset": 3202,
    "run_end_symbol_offset": 3206,
    "run_value_IQ": [
     5736,
     5736
    ],
    "is_stall": false
   },
   {
    "frame_index": 1093,
    "frame_start_symtime": 18018444,
    "n_samples_in_frame": 9303,
    "longest_run_symbols": 5,
    "run_start_symbol_offset": 3202,
    "run_end_symbol_offset": 3206,
    "run_value_IQ": [
     5736,
     5736
    ],
    "is_stall": false
   },
   {
    "frame_index": 1094,
    "frame_start_symtime": 18030777,
    "n_samples_in_frame": 9478,
    "longest_run_symbols": 5,
    "run_start_symbol_offset": 5626,
    "run_end_symbol_offset": 5630,
    "run_value_IQ": [
     5736,
     -5737
    ],
    "is_stall": false
   },
   {
    "frame_index": 1095,
    "frame_start_symtime": 18043110,
    "n_samples_in_frame": 18695,
    "longest_run_symbols": 5,
    "run_start_symbol_offset": 3202,
    "run_end_symbol_offset": 3206,
    "run_value_IQ": [
     5736,
     5736
    ],
    "is_stall": false
   },
   {
    "frame_index": 1096,
    "frame_start_symtime": 18067776,
    "n_samples_in_frame": 8738,
    "longest_run_symbols": 5,
    "run_start_symbol_offset": 5626,
    "run_end_symbol_offset": 5630,
    "run_value_IQ": [
     5736,
     -5737
    ],
    "is_stall": false
   },
   {
    "frame_index": 1097,
    "frame_start_symtime": 18080109,
    "n_samples_in_frame": 9514,
    "longest_run_symbols": 5,
    "run_start_symbol_offset": 5626,
    "run_end_symbol_offset": 5630,
    "run_value_IQ": [
     5736,
     -5737
    ],
    "is_stall": false
   },
   {
    "frame_index": 1098,
    "frame_start_symtime": 18092442,
    "n_samples_in_frame": 9350,
    "longest_run_symbols": 5,
    "run_start_symbol_offset": 3202,
    "run_end_symbol_offset": 3206,
    "run_value_IQ": [
     5736,
     5736
    ],
    "is_stall": false
   },
   {
    "frame_index": 1099,
    "frame_start_symtime": 18104775,
    "n_samples_in_frame": 9550,
    "longest_run_symbols": 5,
    "run_start_symbol_offset": 5626,
    "run_end_symbol_offset": 5630,
    "run_value_IQ": [
     5736,
     -5737
    ],
    "is_stall": false
   },
   {
    "frame_index": 1100,
    "frame_start_symtime": 18117108,
    "n_samples_in_frame": 18072,
    "longest_run_symbols": 5,
    "run_start_symbol_offset": 3202,
    "run_end_symbol_offset": 3206,
    "run_value_IQ": [
     5736,
     5736
    ],
    "is_stall": false
   },
   {
    "frame_index": 1101,
    "frame_start_symtime": 18141774,
    "n_samples_in_frame": 9347,
    "longest_run_symbols": 5,
    "run_start_symbol_offset": 3202,
    "run_end_symbol_offset": 3206,
    "run_value_IQ": [
     5736,
     5736
    ],
    "is_stall": false
   },
   {
    "frame_index": 1102,
    "frame_start_symtime": 18154107,
    "n_samples_in_frame": 9539,
    "longest_run_symbols": 5,
    "run_start_symbol_offset": 5626,
    "run_end_symbol_offset": 5630,
    "run_value_IQ": [
     5736,
     -5737
    ],
    "is_stall": false
   },
   {
    "frame_index": 1103,
    "frame_start_symtime": 18166440,
    "n_samples_in_frame": 18882,
    "longest_run_symbols": 5,
    "run_start_symbol_offset": 3202,
    "run_end_symbol_offset": 3206,
    "run_value_IQ": [
     5736,
     5736
    ],
    "is_stall": false
   },
   {
    "frame_index": 1104,
    "frame_start_symtime": 18191106,
    "n_samples_in_frame": 8455,
    "longest_run_symbols": 5,
    "run_start_symbol_offset": 3202,
    "run_end_symbol_offset": 3206,
    "run_value_IQ": [
     5736,
     5736
    ],
    "is_stall": false
   },
   {
    "frame_index": 1105,
    "frame_start_symtime": 18203439,
    "n_samples_in_frame": 9432,
    "longest_run_symbols": 5,
    "run_start_symbol_offset": 5626,
    "run_end_symbol_offset": 5630,
    "run_value_IQ": [
     5736,
     -5737
    ],
    "is_stall": false
   },
   {
    "frame_index": 1106,
    "frame_start_symtime": 18215772,
    "n_samples_in_frame": 18898,
    "longest_run_symbols": 5,
    "run_start_symbol_offset": 3202,
    "run_end_symbol_offset": 3206,
    "run_value_IQ": [
     5736,
     5736
    ],
    "is_stall": false
   },
   {
    "frame_index": 1107,
    "frame_start_symtime": 18240438,
    "n_samples_in_frame": 22962,
    "longest_run_symbols": 5,
    "run_start_symbol_offset": 3202,
    "run_end_symbol_offset": 3206,
    "run_value_IQ": [
     5736,
     5736
    ],
    "is_stall": false
   },
   {
    "frame_index": 1108,
    "frame_start_symtime": 18277437,
    "n_samples_in_frame": 9476,
    "longest_run_symbols": 5,
    "run_start_symbol_offset": 3202,
    "run_end_symbol_offset": 3206,
    "run_value_IQ": [
     5736,
     5736
    ],
    "is_stall": false
   },
   {
    "frame_index": 1109,
    "frame_start_symtime": 18289770,
    "n_samples_in_frame": 18762,
    "longest_run_symbols": 5,
    "run_start_symbol_offset": 3202,
    "run_end_symbol_offset": 3206,
    "run_value_IQ": [
     5736,
     5736
    ],
    "is_stall": false
   },
   {
    "frame_index": 1110,
    "frame_start_symtime": 18314436,
    "n_samples_in_frame": 8553,
    "longest_run_symbols": 5,
    "run_start_symbol_offset": 3202,
    "run_end_symbol_offset": 3206,
    "run_value_IQ": [
     5736,
     5736
    ],
    "is_stall": false
   },
   {
    "frame_index": 1111,
    "frame_start_symtime": 18326769,
    "n_samples_in_frame": 9427,
    "longest_run_symbols": 5,
    "run_start_symbol_offset": 5626,
    "run_end_symbol_offset": 5630,
    "run_value_IQ": [
     5736,
     -5737
    ],
    "is_stall": false
   },
   {
    "frame_index": 1112,
    "frame_start_symtime": 18339102,
    "n_samples_in_frame": 9425,
    "longest_run_symbols": 5,
    "run_start_symbol_offset": 3202,
    "run_end_symbol_offset": 3206,
    "run_value_IQ": [
     5736,
     5736
    ],
    "is_stall": false
   },
   {
    "frame_index": 1113,
    "frame_start_symtime": 18351435,
    "n_samples_in_frame": 9440,
    "longest_run_symbols": 5,
    "run_start_symbol_offset": 5626,
    "run_end_symbol_offset": 5630,
    "run_value_IQ": [
     5736,
     -5737
    ],
    "is_stall": false
   },
   {
    "frame_index": 1114,
    "frame_start_symtime": 18363768,
    "n_samples_in_frame": 18192,
    "longest_run_symbols": 5,
    "run_start_symbol_offset": 3202,
    "run_end_symbol_offset": 3206,
    "run_value_IQ": [
     5736,
     5736
    ],
    "is_stall": false
   },
   {
    "frame_index": 1115,
    "frame_start_symtime": 18388434,
    "n_samples_in_frame": 9370,
    "longest_run_symbols": 5,
    "run_start_symbol_offset": 3202,
    "run_end_symbol_offset": 3206,
    "run_value_IQ": [
     5736,
     5736
    ],
    "is_stall": false
   },
   {
    "frame_index": 1116,
    "frame_start_symtime": 18400767,
    "n_samples_in_frame": 18931,
    "longest_run_symbols": 5,
    "run_start_symbol_offset": 3202,
    "run_end_symbol_offset": 3206,
    "run_value_IQ": [
     5736,
     5736
    ],
    "is_stall": false
   },
   {
    "frame_index": 1117,
    "frame_start_symtime": 18425433,
    "n_samples_in_frame": 9463,
    "longest_run_symbols": 5,
    "run_start_symbol_offset": 3202,
    "run_end_symbol_offset": 3206,
    "run_value_IQ": [
     5736,
     5736
    ],
    "is_stall": false
   },
   {
    "frame_index": 1118,
    "frame_start_symtime": 18437766,
    "n_samples_in_frame": 8714,
    "longest_run_symbols": 5,
    "run_start_symbol_offset": 3202,
    "run_end_symbol_offset": 3206,
    "run_value_IQ": [
     5736,
     5736
    ],
    "is_stall": false
   },
   {
    "frame_index": 1119,
    "frame_start_symtime": 18450099,
    "n_samples_in_frame": 9374,
    "longest_run_symbols": 5,
    "run_start_symbol_offset": 3202,
    "run_end_symbol_offset": 3206,
    "run_value_IQ": [
     5736,
     5736
    ],
    "is_stall": false
   },
   {
    "frame_index": 1120,
    "frame_start_symtime": 18462432,
    "n_samples_in_frame": 9392,
    "longest_run_symbols": 5,
    "run_start_symbol_offset": 5626,
    "run_end_symbol_offset": 5630,
    "run_value_IQ": [
     5736,
     -5737
    ],
    "is_stall": false
   },
   {
    "frame_index": 1121,
    "frame_start_symtime": 18474765,
    "n_samples_in_frame": 10644,
    "longest_run_symbols": 5,
    "run_start_symbol_offset": 3202,
    "run_end_symbol_offset": 3206,
    "run_value_IQ": [
     5736,
     5736
    ],
    "is_stall": false
   },
   {
    "frame_index": 1122,
    "frame_start_symtime": 18487098,
    "n_samples_in_frame": 14454,
    "longest_run_symbols": 5,
    "run_start_symbol_offset": 5626,
    "run_end_symbol_offset": 5630,
    "run_value_IQ": [
     5736,
     -5737
    ],
    "is_stall": false
   },
   {
    "frame_index": 1123,
    "frame_start_symtime": 18511764,
    "n_samples_in_frame": 18887,
    "longest_run_symbols": 5,
    "run_start_symbol_offset": 3202,
    "run_end_symbol_offset": 3206,
    "run_value_IQ": [
     5736,
     5736
    ],
    "is_stall": false
   },
   {
    "frame_index": 1124,
    "frame_start_symtime": 18536430,
    "n_samples_in_frame": 9466,
    "longest_run_symbols": 5,
    "run_start_symbol_offset": 3202,
    "run_end_symbol_offset": 3206,
    "run_value_IQ": [
     5736,
     5736
    ],
    "is_stall": false
   },
   {
    "frame_index": 1125,
    "frame_start_symtime": 18548763,
    "n_samples_in_frame": 18113,
    "longest_run_symbols": 5,
    "run_start_symbol_offset": 3202,
    "run_end_symbol_offset": 3206,
    "run_value_IQ": [
     5736,
     5736
    ],
    "is_stall": false
   },
   {
    "frame_index": 1126,
    "frame_start_symtime": 18573429,
    "n_samples_in_frame": 9452,
    "longest_run_symbols": 5,
    "run_start_symbol_offset": 3202,
    "run_end_symbol_offset": 3206,
    "run_value_IQ": [
     5736,
     5736
    ],
    "is_stall": false
   },
   {
    "frame_index": 1127,
    "frame_start_symtime": 18585762,
    "n_samples_in_frame": 22622,
    "longest_run_symbols": 5,
    "run_start_symbol_offset": 3202,
    "run_end_symbol_offset": 3206,
    "run_value_IQ": [
     5736,
     5736
    ],
    "is_stall": false
   },
   {
    "frame_index": 1128,
    "frame_start_symtime": 18610428,
    "n_samples_in_frame": 18621,
    "longest_run_symbols": 5,
    "run_start_symbol_offset": 3202,
    "run_end_symbol_offset": 3206,
    "run_value_IQ": [
     5736,
     5736
    ],
    "is_stall": false
   },
   {
    "frame_index": 1129,
    "frame_start_symtime": 18635094,
    "n_samples_in_frame": 9406,
    "longest_run_symbols": 5,
    "run_start_symbol_offset": 5626,
    "run_end_symbol_offset": 5630,
    "run_value_IQ": [
     5736,
     -5737
    ],
    "is_stall": false
   },
   {
    "frame_index": 1130,
    "frame_start_symtime": 18647427,
    "n_samples_in_frame": 18128,
    "longest_run_symbols": 5,
    "run_start_symbol_offset": 3202,
    "run_end_symbol_offset": 3206,
    "run_value_IQ": [
     5736,
     5736
    ],
    "is_stall": false
   },
   {
    "frame_index": 1131,
    "frame_start_symtime": 18672093,
    "n_samples_in_frame": 9381,
    "longest_run_symbols": 5,
    "run_start_symbol_offset": 5626,
    "run_end_symbol_offset": 5630,
    "run_value_IQ": [
     5736,
     -5737
    ],
    "is_stall": false
   },
   {
    "frame_index": 1132,
    "frame_start_symtime": 18684426,
    "n_samples_in_frame": 9445,
    "longest_run_symbols": 5,
    "run_start_symbol_offset": 3202,
    "run_end_symbol_offset": 3206,
    "run_value_IQ": [
     5736,
     5736
    ],
    "is_stall": false
   },
   {
    "frame_index": 1133,
    "frame_start_symtime": 18696759,
    "n_samples_in_frame": 9320,
    "longest_run_symbols": 5,
    "run_start_symbol_offset": 3202,
    "run_end_symbol_offset": 3206,
    "run_value_IQ": [
     5736,
     5736
    ],
    "is_stall": false
   },
   {
    "frame_index": 1134,
    "frame_start_symtime": 18709092,
    "n_samples_in_frame": 9378,
    "longest_run_symbols": 5,
    "run_start_symbol_offset": 3202,
    "run_end_symbol_offset": 3206,
    "run_value_IQ": [
     5736,
     5736
    ],
    "is_stall": false
   },
   {
    "frame_index": 1135,
    "frame_start_symtime": 18721425,
    "n_samples_in_frame": 8822,
    "longest_run_symbols": 5,
    "run_start_symbol_offset": 3202,
    "run_end_symbol_offset": 3206,
    "run_value_IQ": [
     5736,
     5736
    ],
    "is_stall": false
   },
   {
    "frame_index": 1136,
    "frame_start_symtime": 18733758,
    "n_samples_in_frame": 18734,
    "longest_run_symbols": 5,
    "run_start_symbol_offset": 3202,
    "run_end_symbol_offset": 3206,
    "run_value_IQ": [
     5736,
     5736
    ],
    "is_stall": false
   },
   {
    "frame_index": 1137,
    "frame_start_symtime": 18758424,
    "n_samples_in_frame": 9495,
    "longest_run_symbols": 5,
    "run_start_symbol_offset": 5626,
    "run_end_symbol_offset": 5630,
    "run_value_IQ": [
     5736,
     -5737
    ],
    "is_stall": false
   },
   {
    "frame_index": 1138,
    "frame_start_symtime": 18770757,
    "n_samples_in_frame": 27538,
    "longest_run_symbols": 5,
    "run_start_symbol_offset": 3202,
    "run_end_symbol_offset": 3206,
    "run_value_IQ": [
     5736,
     5736
    ],
    "is_stall": false
   },
   {
    "frame_index": 1139,
    "frame_start_symtime": 18807756,
    "n_samples_in_frame": 18812,
    "longest_run_symbols": 5,
    "run_start_symbol_offset": 3202,
    "run_end_symbol_offset": 3206,
    "run_value_IQ": [
     5736,
     5736
    ],
    "is_stall": false
   },
   {
    "frame_index": 1140,
    "frame_start_symtime": 18832422,
    "n_samples_in_frame": 9408,
    "longest_run_symbols": 5,
    "run_start_symbol_offset": 5626,
    "run_end_symbol_offset": 5630,
    "run_value_IQ": [
     5736,
     -5737
    ],
    "is_stall": false
   },
   {
    "frame_index": 1141,
    "frame_start_symtime": 18844755,
    "n_samples_in_frame": 8772,
    "longest_run_symbols": 5,
    "run_start_symbol_offset": 3202,
    "run_end_symbol_offset": 3206,
    "run_value_IQ": [
     5736,
     5736
    ],
    "is_stall": false
   },
   {
    "frame_index": 1142,
    "frame_start_symtime": 18857088,
    "n_samples_in_frame": 18720,
    "longest_run_symbols": 5,
    "run_start_symbol_offset": 3202,
    "run_end_symbol_offset": 3206,
    "run_value_IQ": [
     5736,
     5736
    ],
    "is_stall": false
   },
   {
    "frame_index": 1143,
    "frame_start_symtime": 18881754,
    "n_samples_in_frame": 9516,
    "longest_run_symbols": 5,
    "run_start_symbol_offset": 5626,
    "run_end_symbol_offset": 5630,
    "run_value_IQ": [
     5736,
     -5737
    ],
    "is_stall": false
   },
   {
    "frame_index": 1144,
    "frame_start_symtime": 18894087,
    "n_samples_in_frame": 40965,
    "longest_run_symbols": 5,
    "run_start_symbol_offset": 3202,
    "run_end_symbol_offset": 3206,
    "run_value_IQ": [
     5736,
     5736
    ],
    "is_stall": false
   },
   {
    "frame_index": 1145,
    "frame_start_symtime": 18955752,
    "n_samples_in_frame": 9418,
    "longest_run_symbols": 5,
    "run_start_symbol_offset": 3202,
    "run_end_symbol_offset": 3206,
    "run_value_IQ": [
     5736,
     5736
    ],
    "is_stall": false
   },
   {
    "frame_index": 1146,
    "frame_start_symtime": 18968085,
    "n_samples_in_frame": 8017,
    "longest_run_symbols": 5,
    "run_start_symbol_offset": 5626,
    "run_end_symbol_offset": 5630,
    "run_value_IQ": [
     5736,
     -5737
    ],
    "is_stall": false
   },
   {
    "frame_index": 1147,
    "frame_start_symtime": 18980418,
    "n_samples_in_frame": 9383,
    "longest_run_symbols": 5,
    "run_start_symbol_offset": 3202,
    "run_end_symbol_offset": 3206,
    "run_value_IQ": [
     5736,
     5736
    ],
    "is_stall": false
   },
   {
    "frame_index": 1148,
    "frame_start_symtime": 18992751,
    "n_samples_in_frame": 18946,
    "longest_run_symbols": 5,
    "run_start_symbol_offset": 3202,
    "run_end_symbol_offset": 3206,
    "run_value_IQ": [
     5736,
     5736
    ],
    "is_stall": false
   },
   {
    "frame_index": 1149,
    "frame_start_symtime": 19017417,
    "n_samples_in_frame": 9434,
    "longest_run_symbols": 5,
    "run_start_symbol_offset": 3202,
    "run_end_symbol_offset": 3206,
    "run_value_IQ": [
     5736,
     5736
    ],
    "is_stall": false
   },
   {
    "frame_index": 1150,
    "frame_start_symtime": 19029750,
    "n_samples_in_frame": 8521,
    "longest_run_symbols": 5,
    "run_start_symbol_offset": 3202,
    "run_end_symbol_offset": 3206,
    "run_value_IQ": [
     5736,
     5736
    ],
    "is_stall": false
   },
   {
    "frame_index": 1151,
    "frame_start_symtime": 19042083,
    "n_samples_in_frame": 18847,
    "longest_run_symbols": 5,
    "run_start_symbol_offset": 3202,
    "run_end_symbol_offset": 3206,
    "run_value_IQ": [
     5736,
     5736
    ],
    "is_stall": false
   },
   {
    "frame_index": 1152,
    "frame_start_symtime": 19066749,
    "n_samples_in_frame": 9496,
    "longest_run_symbols": 5,
    "run_start_symbol_offset": 5626,
    "run_end_symbol_offset": 5630,
    "run_value_IQ": [
     5736,
     -5737
    ],
    "is_stall": false
   },
   {
    "frame_index": 1153,
    "frame_start_symtime": 19079082,
    "n_samples_in_frame": 27615,
    "longest_run_symbols": 5,
    "run_start_symbol_offset": 3202,
    "run_end_symbol_offset": 3206,
    "run_value_IQ": [
     5736,
     5736
    ],
    "is_stall": false
   },
   {
    "frame_index": 1154,
    "frame_start_symtime": 19116081,
    "n_samples_in_frame": 18746,
    "longest_run_symbols": 5,
    "run_start_symbol_offset": 3202,
    "run_end_symbol_offset": 3206,
    "run_value_IQ": [
     5736,
     5736
    ],
    "is_stall": false
   },
   {
    "frame_index": 1155,
    "frame_start_symtime": 19140747,
    "n_samples_in_frame": 9467,
    "longest_run_symbols": 5,
    "run_start_symbol_offset": 3202,
    "run_end_symbol_offset": 3206,
    "run_value_IQ": [
     5736,
     5736
    ],
    "is_stall": false
   },
   {
    "frame_index": 1156,
    "frame_start_symtime": 19153080,
    "n_samples_in_frame": 8750,
    "longest_run_symbols": 5,
    "run_start_symbol_offset": 3202,
    "run_end_symbol_offset": 3206,
    "run_value_IQ": [
     5736,
     5736
    ],
    "is_stall": false
   },
   {
    "frame_index": 1157,
    "frame_start_symtime": 19165413,
    "n_samples_in_frame": 18800,
    "longest_run_symbols": 5,
    "run_start_symbol_offset": 3202,
    "run_end_symbol_offset": 3206,
    "run_value_IQ": [
     5736,
     5736
    ],
    "is_stall": false
   },
   {
    "frame_index": 1158,
    "frame_start_symtime": 19190079,
    "n_samples_in_frame": 18753,
    "longest_run_symbols": 5,
    "run_start_symbol_offset": 3202,
    "run_end_symbol_offset": 3206,
    "run_value_IQ": [
     5736,
     5736
    ],
    "is_stall": false
   },
   {
    "frame_index": 1159,
    "frame_start_symtime": 19214745,
    "n_samples_in_frame": 18061,
    "longest_run_symbols": 5,
    "run_start_symbol_offset": 3202,
    "run_end_symbol_offset": 3206,
    "run_value_IQ": [
     5736,
     5736
    ],
    "is_stall": false
   },
   {
    "frame_index": 1160,
    "frame_start_symtime": 19239411,
    "n_samples_in_frame": 9196,
    "longest_run_symbols": 5,
    "run_start_symbol_offset": 3202,
    "run_end_symbol_offset": 3206,
    "run_value_IQ": [
     5736,
     5736
    ],
    "is_stall": false
   },
   {
    "frame_index": 1161,
    "frame_start_symtime": 19251744,
    "n_samples_in_frame": 19126,
    "longest_run_symbols": 5,
    "run_start_symbol_offset": 3202,
    "run_end_symbol_offset": 3206,
    "run_value_IQ": [
     5736,
     5736
    ],
    "is_stall": false
   },
   {
    "frame_index": 1162,
    "frame_start_symtime": 19276410,
    "n_samples_in_frame": 8766,
    "longest_run_symbols": 5,
    "run_start_symbol_offset": 3202,
    "run_end_symbol_offset": 3206,
    "run_value_IQ": [
     5736,
     5736
    ],
    "is_stall": false
   },
   {
    "frame_index": 1163,
    "frame_start_symtime": 19288743,
    "n_samples_in_frame": 14126,
    "longest_run_symbols": 5,
    "run_start_symbol_offset": 3202,
    "run_end_symbol_offset": 3206,
    "run_value_IQ": [
     5736,
     5736
    ],
    "is_stall": false
   },
   {
    "frame_index": 1164,
    "frame_start_symtime": 19301076,
    "n_samples_in_frame": 9453,
    "longest_run_symbols": 5,
    "run_start_symbol_offset": 3202,
    "run_end_symbol_offset": 3206,
    "run_value_IQ": [
     5736,
     5736
    ],
    "is_stall": false
   },
   {
    "frame_index": 1165,
    "frame_start_symtime": 19313409,
    "n_samples_in_frame": 9436,
    "longest_run_symbols": 5,
    "run_start_symbol_offset": 3202,
    "run_end_symbol_offset": 3206,
    "run_value_IQ": [
     5736,
     5736
    ],
    "is_stall": false
   },
   {
    "frame_index": 1166,
    "frame_start_symtime": 19325742,
    "n_samples_in_frame": 8836,
    "longest_run_symbols": 5,
    "run_start_symbol_offset": 3202,
    "run_end_symbol_offset": 3206,
    "run_value_IQ": [
     5736,
     5736
    ],
    "is_stall": false
   },
   {
    "frame_index": 1167,
    "frame_start_symtime": 19338075,
    "n_samples_in_frame": 9380,
    "longest_run_symbols": 5,
    "run_start_symbol_offset": 3202,
    "run_end_symbol_offset": 3206,
    "run_value_IQ": [
     5736,
     5736
    ],
    "is_stall": false
   },
   {
    "frame_index": 1168,
    "frame_start_symtime": 19350408,
    "n_samples_in_frame": 9299,
    "longest_run_symbols": 5,
    "run_start_symbol_offset": 3202,
    "run_end_symbol_offset": 3206,
    "run_value_IQ": [
     5736,
     5736
    ],
    "is_stall": false
   },
   {
    "frame_index": 1169,
    "frame_start_symtime": 19362741,
    "n_samples_in_frame": 9571,
    "longest_run_symbols": 5,
    "run_start_symbol_offset": 5626,
    "run_end_symbol_offset": 5630,
    "run_value_IQ": [
     5736,
     -5737
    ],
    "is_stall": false
   },
   {
    "frame_index": 1170,
    "frame_start_symtime": 19375074,
    "n_samples_in_frame": 27600,
    "longest_run_symbols": 5,
    "run_start_symbol_offset": 3202,
    "run_end_symbol_offset": 3206,
    "run_value_IQ": [
     5736,
     5736
    ],
    "is_stall": false
   },
   {
    "frame_index": 1171,
    "frame_start_symtime": 19412073,
    "n_samples_in_frame": 18754,
    "longest_run_symbols": 5,
    "run_start_symbol_offset": 3202,
    "run_end_symbol_offset": 3206,
    "run_value_IQ": [
     5736,
     5736
    ],
    "is_stall": false
   },
   {
    "frame_index": 1172,
    "frame_start_symtime": 19436739,
    "n_samples_in_frame": 9436,
    "longest_run_symbols": 5,
    "run_start_symbol_offset": 3202,
    "run_end_symbol_offset": 3206,
    "run_value_IQ": [
     5736,
     5736
    ],
    "is_stall": false
   },
   {
    "frame_index": 1173,
    "frame_start_symtime": 19449072,
    "n_samples_in_frame": 8617,
    "longest_run_symbols": 5,
    "run_start_symbol_offset": 3202,
    "run_end_symbol_offset": 3206,
    "run_value_IQ": [
     5736,
     5736
    ],
    "is_stall": false
   },
   {
    "frame_index": 1174,
    "frame_start_symtime": 19461405,
    "n_samples_in_frame": 18900,
    "longest_run_symbols": 5,
    "run_start_symbol_offset": 3202,
    "run_end_symbol_offset": 3206,
    "run_value_IQ": [
     5736,
     5736
    ],
    "is_stall": false
   },
   {
    "frame_index": 1175,
    "frame_start_symtime": 19486071,
    "n_samples_in_frame": 9345,
    "longest_run_symbols": 5,
    "run_start_symbol_offset": 3202,
    "run_end_symbol_offset": 3206,
    "run_value_IQ": [
     5736,
     5736
    ],
    "is_stall": false
   },
   {
    "frame_index": 1176,
    "frame_start_symtime": 19498404,
    "n_samples_in_frame": 9370,
    "longest_run_symbols": 5,
    "run_start_symbol_offset": 3202,
    "run_end_symbol_offset": 3206,
    "run_value_IQ": [
     5736,
     5736
    ],
    "is_stall": false
   },
   {
    "frame_index": 1177,
    "frame_start_symtime": 19510737,
    "n_samples_in_frame": 18041,
    "longest_run_symbols": 5,
    "run_start_symbol_offset": 3202,
    "run_end_symbol_offset": 3206,
    "run_value_IQ": [
     5736,
     5736
    ],
    "is_stall": false
   },
   {
    "frame_index": 1178,
    "frame_start_symtime": 19535403,
    "n_samples_in_frame": 9500,
    "longest_run_symbols": 5,
    "run_start_symbol_offset": 3202,
    "run_end_symbol_offset": 3206,
    "run_value_IQ": [
     5736,
     5736
    ],
    "is_stall": false
   },
   {
    "frame_index": 1179,
    "frame_start_symtime": 19547736,
    "n_samples_in_frame": 9329,
    "longest_run_symbols": 5,
    "run_start_symbol_offset": 3202,
    "run_end_symbol_offset": 3206,
    "run_value_IQ": [
     5736,
     5736
    ],
    "is_stall": false
   },
   {
    "frame_index": 1180,
    "frame_start_symtime": 19560069,
    "n_samples_in_frame": 9371,
    "longest_run_symbols": 5,
    "run_start_symbol_offset": 5626,
    "run_end_symbol_offset": 5630,
    "run_value_IQ": [
     5736,
     -5737
    ],
    "is_stall": false
   },
   {
    "frame_index": 1181,
    "frame_start_symtime": 19572402,
    "n_samples_in_frame": 8973,
    "longest_run_symbols": 5,
    "run_start_symbol_offset": 3202,
    "run_end_symbol_offset": 3206,
    "run_value_IQ": [
     5736,
     5736
    ],
    "is_stall": false
   },
   {
    "frame_index": 1182,
    "frame_start_symtime": 19584735,
    "n_samples_in_frame": 9373,
    "longest_run_symbols": 5,
    "run_start_symbol_offset": 3202,
    "run_end_symbol_offset": 3206,
    "run_value_IQ": [
     5736,
     5736
    ],
    "is_stall": false
   },
   {
    "frame_index": 1183,
    "frame_start_symtime": 19597068,
    "n_samples_in_frame": 9479,
    "longest_run_symbols": 5,
    "run_start_symbol_offset": 5626,
    "run_end_symbol_offset": 5630,
    "run_value_IQ": [
     5736,
     -5737
    ],
    "is_stall": false
   },
   {
    "frame_index": 1184,
    "frame_start_symtime": 19609401,
    "n_samples_in_frame": 9440,
    "longest_run_symbols": 5,
    "run_start_symbol_offset": 3202,
    "run_end_symbol_offset": 3206,
    "run_value_IQ": [
     5736,
     5736
    ],
    "is_stall": false
   },
   {
    "frame_index": 1185,
    "frame_start_symtime": 19621734,
    "n_samples_in_frame": 9493,
    "longest_run_symbols": 5,
    "run_start_symbol_offset": 5626,
    "run_end_symbol_offset": 5630,
    "run_value_IQ": [
     5736,
     -5737
    ],
    "is_stall": false
   },
   {
    "frame_index": 1186,
    "frame_start_symtime": 19634067,
    "n_samples_in_frame": 3746,
    "longest_run_symbols": 4,
    "run_start_symbol_offset": 1500,
    "run_end_symbol_offset": 1503,
    "run_value_IQ": [
     5736,
     -5737
    ],
    "is_stall": false
   },
   {
    "frame_index": 1187,
    "frame_start_symtime": 19646400,
    "n_samples_in_frame": 9527,
    "longest_run_symbols": 5,
    "run_start_symbol_offset": 3202,
    "run_end_symbol_offset": 3206,
    "run_value_IQ": [
     5736,
     5736
    ],
    "is_stall": false
   },
   {
    "frame_index": 1188,
    "frame_start_symtime": 19658733,
    "n_samples_in_frame": 9403,
    "longest_run_symbols": 5,
    "run_start_symbol_offset": 3202,
    "run_end_symbol_offset": 3206,
    "run_value_IQ": [
     5736,
     5736
    ],
    "is_stall": false
   },
   {
    "frame_index": 1189,
    "frame_start_symtime": 19671066,
    "n_samples_in_frame": 9430,
    "longest_run_symbols": 5,
    "run_start_symbol_offset": 3202,
    "run_end_symbol_offset": 3206,
    "run_value_IQ": [
     5736,
     5736
    ],
    "is_stall": false
   },
   {
    "frame_index": 1190,
    "frame_start_symtime": 19683399,
    "n_samples_in_frame": 18209,
    "longest_run_symbols": 5,
    "run_start_symbol_offset": 3202,
    "run_end_symbol_offset": 3206,
    "run_value_IQ": [
     5736,
     5736
    ],
    "is_stall": false
   },
   {
    "frame_index": 1191,
    "frame_start_symtime": 19708065,
    "n_samples_in_frame": 9322,
    "longest_run_symbols": 5,
    "run_start_symbol_offset": 3202,
    "run_end_symbol_offset": 3206,
    "run_value_IQ": [
     5736,
     5736
    ],
    "is_stall": false
   },
   {
    "frame_index": 1192,
    "frame_start_symtime": 19720398,
    "n_samples_in_frame": 9506,
    "longest_run_symbols": 5,
    "run_start_symbol_offset": 5626,
    "run_end_symbol_offset": 5630,
    "run_value_IQ": [
     5736,
     -5737
    ],
    "is_stall": false
   },
   {
    "frame_index": 1193,
    "frame_start_symtime": 19732731,
    "n_samples_in_frame": 9353,
    "longest_run_symbols": 5,
    "run_start_symbol_offset": 3202,
    "run_end_symbol_offset": 3206,
    "run_value_IQ": [
     5736,
     5736
    ],
    "is_stall": false
   },
   {
    "frame_index": 1194,
    "frame_start_symtime": 19745064,
    "n_samples_in_frame": 9416,
    "longest_run_symbols": 5,
    "run_start_symbol_offset": 3202,
    "run_end_symbol_offset": 3206,
    "run_value_IQ": [
     5736,
     5736
    ],
    "is_stall": false
   },
   {
    "frame_index": 1195,
    "frame_start_symtime": 19757397,
    "n_samples_in_frame": 18008,
    "longest_run_symbols": 5,
    "run_start_symbol_offset": 7023,
    "run_end_symbol_offset": 7027,
    "run_value_IQ": [
     5736,
     -5737
    ],
    "is_stall": false
   },
   {
    "frame_index": 1196,
    "frame_start_symtime": 19782063,
    "n_samples_in_frame": 18923,
    "longest_run_symbols": 5,
    "run_start_symbol_offset": 3202,
    "run_end_symbol_offset": 3206,
    "run_value_IQ": [
     5736,
     5736
    ],
    "is_stall": false
   },
   {
    "frame_index": 1197,
    "frame_start_symtime": 19806729,
    "n_samples_in_frame": 18059,
    "longest_run_symbols": 5,
    "run_start_symbol_offset": 3202,
    "run_end_symbol_offset": 3206,
    "run_value_IQ": [
     5736,
     5736
    ],
    "is_stall": false
   },
   {
    "frame_index": 1198,
    "frame_start_symtime": 19831395,
    "n_samples_in_frame": 18911,
    "longest_run_symbols": 5,
    "run_start_symbol_offset": 3202,
    "run_end_symbol_offset": 3206,
    "run_value_IQ": [
     5736,
     5736
    ],
    "is_stall": false
   },
   {
    "frame_index": 1199,
    "frame_start_symtime": 19856061,
    "n_samples_in_frame": 10794,
    "longest_run_symbols": 5,
    "run_start_symbol_offset": 3202,
    "run_end_symbol_offset": 3206,
    "run_value_IQ": [
     5736,
     5736
    ],
    "is_stall": false
   },
   {
    "frame_index": 1200,
    "frame_start_symtime": 19868394,
    "n_samples_in_frame": 5244,
    "longest_run_symbols": 5,
    "run_start_symbol_offset": 5626,
    "run_end_symbol_offset": 5630,
    "run_value_IQ": [
     5736,
     -5737
    ],
    "is_stall": false
   },
   {
    "frame_index": 1201,
    "frame_start_symtime": 19880727,
    "n_samples_in_frame": 9428,
    "longest_run_symbols": 5,
    "run_start_symbol_offset": 5626,
    "run_end_symbol_offset": 5630,
    "run_value_IQ": [
     5736,
     -5737
    ],
    "is_stall": false
   },
   {
    "frame_index": 1202,
    "frame_start_symtime": 19893060,
    "n_samples_in_frame": 18910,
    "longest_run_symbols": 5,
    "run_start_symbol_offset": 3202,
    "run_end_symbol_offset": 3206,
    "run_value_IQ": [
     5736,
     5736
    ],
    "is_stall": false
   },
   {
    "frame_index": 1203,
    "frame_start_symtime": 19917726,
    "n_samples_in_frame": 9391,
    "longest_run_symbols": 5,
    "run_start_symbol_offset": 3202,
    "run_end_symbol_offset": 3206,
    "run_value_IQ": [
     5736,
     5736
    ],
    "is_stall": false
   },
   {
    "frame_index": 1204,
    "frame_start_symtime": 19930059,
    "n_samples_in_frame": 18155,
    "longest_run_symbols": 5,
    "run_start_symbol_offset": 5626,
    "run_end_symbol_offset": 5630,
    "run_value_IQ": [
     5736,
     -5737
    ],
    "is_stall": false
   },
   {
    "frame_index": 1205,
    "frame_start_symtime": 19954725,
    "n_samples_in_frame": 9402,
    "longest_run_symbols": 5,
    "run_start_symbol_offset": 5626,
    "run_end_symbol_offset": 5630,
    "run_value_IQ": [
     5736,
     -5737
    ],
    "is_stall": false
   },
   {
    "frame_index": 1206,
    "frame_start_symtime": 19967058,
    "n_samples_in_frame": 32255,
    "longest_run_symbols": 5,
    "run_start_symbol_offset": 3202,
    "run_end_symbol_offset": 3206,
    "run_value_IQ": [
     5736,
     5736
    ],
    "is_stall": false
   },
   {
    "frame_index": 1207,
    "frame_start_symtime": 20004057,
    "n_samples_in_frame": 18794,
    "longest_run_symbols": 5,
    "run_start_symbol_offset": 3202,
    "run_end_symbol_offset": 3206,
    "run_value_IQ": [
     5736,
     5736
    ],
    "is_stall": false
   },
   {
    "frame_index": 1208,
    "frame_start_symtime": 20028723,
    "n_samples_in_frame": 9452,
    "longest_run_symbols": 5,
    "run_start_symbol_offset": 3202,
    "run_end_symbol_offset": 3206,
    "run_value_IQ": [
     5736,
     5736
    ],
    "is_stall": false
   },
   {
    "frame_index": 1209,
    "frame_start_symtime": 20041056,
    "n_samples_in_frame": 17658,
    "longest_run_symbols": 5,
    "run_start_symbol_offset": 15535,
    "run_end_symbol_offset": 15539,
    "run_value_IQ": [
     5736,
     5736
    ],
    "is_stall": false
   },
   {
    "frame_index": 1210,
    "frame_start_symtime": 20065722,
    "n_samples_in_frame": 9470,
    "longest_run_symbols": 5,
    "run_start_symbol_offset": 5626,
    "run_end_symbol_offset": 5630,
    "run_value_IQ": [
     5736,
     -5737
    ],
    "is_stall": false
   },
   {
    "frame_index": 1211,
    "frame_start_symtime": 20078055,
    "n_samples_in_frame": 9372,
    "longest_run_symbols": 5,
    "run_start_symbol_offset": 3202,
    "run_end_symbol_offset": 3206,
    "run_value_IQ": [
     5736,
     5736
    ],
    "is_stall": false
   },
   {
    "frame_index": 1212,
    "frame_start_symtime": 20090388,
    "n_samples_in_frame": 9331,
    "longest_run_symbols": 5,
    "run_start_symbol_offset": 3202,
    "run_end_symbol_offset": 3206,
    "run_value_IQ": [
     5736,
     5736
    ],
    "is_stall": false
   },
   {
    "frame_index": 1213,
    "frame_start_symtime": 20102721,
    "n_samples_in_frame": 8761,
    "longest_run_symbols": 5,
    "run_start_symbol_offset": 5626,
    "run_end_symbol_offset": 5630,
    "run_value_IQ": [
     5736,
     -5737
    ],
    "is_stall": false
   },
   {
    "frame_index": 1214,
    "frame_start_symtime": 20115054,
    "n_samples_in_frame": 9180,
    "longest_run_symbols": 5,
    "run_start_symbol_offset": 3202,
    "run_end_symbol_offset": 3206,
    "run_value_IQ": [
     5736,
     5736
    ],
    "is_stall": false
   },
   {
    "frame_index": 1215,
    "frame_start_symtime": 20127387,
    "n_samples_in_frame": 9512,
    "longest_run_symbols": 5,
    "run_start_symbol_offset": 5626,
    "run_end_symbol_offset": 5630,
    "run_value_IQ": [
     5736,
     -5737
    ],
    "is_stall": false
   },
   {
    "frame_index": 1216,
    "frame_start_symtime": 20139720,
    "n_samples_in_frame": 9396,
    "longest_run_symbols": 5,
    "run_start_symbol_offset": 3202,
    "run_end_symbol_offset": 3206,
    "run_value_IQ": [
     5736,
     5736
    ],
    "is_stall": false
   },
   {
    "frame_index": 1217,
    "frame_start_symtime": 20152053,
    "n_samples_in_frame": 9416,
    "longest_run_symbols": 5,
    "run_start_symbol_offset": 5626,
    "run_end_symbol_offset": 5630,
    "run_value_IQ": [
     5736,
     -5737
    ],
    "is_stall": false
   },
   {
    "frame_index": 1218,
    "frame_start_symtime": 20164386,
    "n_samples_in_frame": 8835,
    "longest_run_symbols": 5,
    "run_start_symbol_offset": 3202,
    "run_end_symbol_offset": 3206,
    "run_value_IQ": [
     5736,
     5736
    ],
    "is_stall": false
   },
   {
    "frame_index": 1219,
    "frame_start_symtime": 20176719,
    "n_samples_in_frame": 18827,
    "longest_run_symbols": 5,
    "run_start_symbol_offset": 3202,
    "run_end_symbol_offset": 3206,
    "run_value_IQ": [
     5736,
     5736
    ],
    "is_stall": false
   },
   {
    "frame_index": 1220,
    "frame_start_symtime": 20201385,
    "n_samples_in_frame": 18728,
    "longest_run_symbols": 5,
    "run_start_symbol_offset": 3202,
    "run_end_symbol_offset": 3206,
    "run_value_IQ": [
     5736,
     5736
    ],
    "is_stall": false
   },
   {
    "frame_index": 1221,
    "frame_start_symtime": 20226051,
    "n_samples_in_frame": 8822,
    "longest_run_symbols": 5,
    "run_start_symbol_offset": 5626,
    "run_end_symbol_offset": 5630,
    "run_value_IQ": [
     5736,
     -5737
    ],
    "is_stall": false
   },
   {
    "frame_index": 1222,
    "frame_start_symtime": 20238384,
    "n_samples_in_frame": 18824,
    "longest_run_symbols": 5,
    "run_start_symbol_offset": 3202,
    "run_end_symbol_offset": 3206,
    "run_value_IQ": [
     5736,
     5736
    ],
    "is_stall": false
   },
   {
    "frame_index": 1223,
    "frame_start_symtime": 20263050,
    "n_samples_in_frame": 9492,
    "longest_run_symbols": 5,
    "run_start_symbol_offset": 5626,
    "run_end_symbol_offset": 5630,
    "run_value_IQ": [
     5736,
     -5737
    ],
    "is_stall": false
   },
   {
    "frame_index": 1224,
    "frame_start_symtime": 20275383,
    "n_samples_in_frame": 18105,
    "longest_run_symbols": 5,
    "run_start_symbol_offset": 3202,
    "run_end_symbol_offset": 3206,
    "run_value_IQ": [
     5736,
     5736
    ],
    "is_stall": false
   },
   {
    "frame_index": 1225,
    "frame_start_symtime": 20300049,
    "n_samples_in_frame": 9471,
    "longest_run_symbols": 5,
    "run_start_symbol_offset": 5626,
    "run_end_symbol_offset": 5630,
    "run_value_IQ": [
     5736,
     -5737
    ],
    "is_stall": false
   },
   {
    "frame_index": 1226,
    "frame_start_symtime": 20312382,
    "n_samples_in_frame": 9345,
    "longest_run_symbols": 5,
    "run_start_symbol_offset": 3202,
    "run_end_symbol_offset": 3206,
    "run_value_IQ": [
     5736,
     5736
    ],
    "is_stall": false
   },
   {
    "frame_index": 1227,
    "frame_start_symtime": 20324715,
    "n_samples_in_frame": 14120,
    "longest_run_symbols": 5,
    "run_start_symbol_offset": 17959,
    "run_end_symbol_offset": 17963,
    "run_value_IQ": [
     5736,
     -5737
    ],
    "is_stall": false
   },
   {
    "frame_index": 1228,
    "frame_start_symtime": 20349381,
    "n_samples_in_frame": 8814,
    "longest_run_symbols": 5,
    "run_start_symbol_offset": 5626,
    "run_end_symbol_offset": 5630,
    "run_value_IQ": [
     5736,
     -5737
    ],
    "is_stall": false
   },
   {
    "frame_index": 1229,
    "frame_start_symtime": 20361714,
    "n_samples_in_frame": 18846,
    "longest_run_symbols": 5,
    "run_start_symbol_offset": 3202,
    "run_end_symbol_offset": 3206,
    "run_value_IQ": [
     5736,
     5736
    ],
    "is_stall": false
   },
   {
    "frame_index": 1230,
    "frame_start_symtime": 20386380,
    "n_samples_in_frame": 18762,
    "longest_run_symbols": 5,
    "run_start_symbol_offset": 3202,
    "run_end_symbol_offset": 3206,
    "run_value_IQ": [
     5736,
     5736
    ],
    "is_stall": false
   },
   {
    "frame_index": 1231,
    "frame_start_symtime": 20411046,
    "n_samples_in_frame": 8822,
    "longest_run_symbols": 5,
    "run_start_symbol_offset": 3202,
    "run_end_symbol_offset": 3206,
    "run_value_IQ": [
     5736,
     5736
    ],
    "is_stall": false
   },
   {
    "frame_index": 1232,
    "frame_start_symtime": 20423379,
    "n_samples_in_frame": 9238,
    "longest_run_symbols": 5,
    "run_start_symbol_offset": 3202,
    "run_end_symbol_offset": 3206,
    "run_value_IQ": [
     5736,
     5736
    ],
    "is_stall": false
   },
   {
    "frame_index": 1233,
    "frame_start_symtime": 20435712,
    "n_samples_in_frame": 9382,
    "longest_run_symbols": 5,
    "run_start_symbol_offset": 3202,
    "run_end_symbol_offset": 3206,
    "run_value_IQ": [
     5736,
     5736
    ],
    "is_stall": false
   },
   {
    "frame_index": 1234,
    "frame_start_symtime": 20448045,
    "n_samples_in_frame": 9419,
    "longest_run_symbols": 5,
    "run_start_symbol_offset": 3202,
    "run_end_symbol_offset": 3206,
    "run_value_IQ": [
     5736,
     5736
    ],
    "is_stall": false
   },
   {
    "frame_index": 1235,
    "frame_start_symtime": 20460378,
    "n_samples_in_frame": 9539,
    "longest_run_symbols": 5,
    "run_start_symbol_offset": 5626,
    "run_end_symbol_offset": 5630,
    "run_value_IQ": [
     5736,
     -5737
    ],
    "is_stall": false
   },
   {
    "frame_index": 1236,
    "frame_start_symtime": 20472711,
    "n_samples_in_frame": 8591,
    "longest_run_symbols": 5,
    "run_start_symbol_offset": 5626,
    "run_end_symbol_offset": 5630,
    "run_value_IQ": [
     5736,
     -5737
    ],
    "is_stall": false
   },
   {
    "frame_index": 1237,
    "frame_start_symtime": 20485044,
    "n_samples_in_frame": 18965,
    "longest_run_symbols": 5,
    "run_start_symbol_offset": 3202,
    "run_end_symbol_offset": 3206,
    "run_value_IQ": [
     5736,
     5736
    ],
    "is_stall": false
   },
   {
    "frame_index": 1238,
    "frame_start_symtime": 20509710,
    "n_samples_in_frame": 9335,
    "longest_run_symbols": 5,
    "run_start_symbol_offset": 3202,
    "run_end_symbol_offset": 3206,
    "run_value_IQ": [
     5736,
     5736
    ],
    "is_stall": false
   },
   {
    "frame_index": 1239,
    "frame_start_symtime": 20522043,
    "n_samples_in_frame": 9343,
    "longest_run_symbols": 5,
    "run_start_symbol_offset": 3202,
    "run_end_symbol_offset": 3206,
    "run_value_IQ": [
     5736,
     5736
    ],
    "is_stall": false
   },
   {
    "frame_index": 1240,
    "frame_start_symtime": 20534376,
    "n_samples_in_frame": 7835,
    "longest_run_symbols": 5,
    "run_start_symbol_offset": 5626,
    "run_end_symbol_offset": 5630,
    "run_value_IQ": [
     5736,
     -5737
    ],
    "is_stall": false
   },
   {
    "frame_index": 1241,
    "frame_start_symtime": 20546709,
    "n_samples_in_frame": 18764,
    "longest_run_symbols": 5,
    "run_start_symbol_offset": 3202,
    "run_end_symbol_offset": 3206,
    "run_value_IQ": [
     5736,
     5736
    ],
    "is_stall": false
   },
   {
    "frame_index": 1242,
    "frame_start_symtime": 20571375,
    "n_samples_in_frame": 9536,
    "longest_run_symbols": 5,
    "run_start_symbol_offset": 5626,
    "run_end_symbol_offset": 5630,
    "run_value_IQ": [
     5736,
     -5737
    ],
    "is_stall": false
   },
   {
    "frame_index": 1243,
    "frame_start_symtime": 20583708,
    "n_samples_in_frame": 9329,
    "longest_run_symbols": 5,
    "run_start_symbol_offset": 3202,
    "run_end_symbol_offset": 3206,
    "run_value_IQ": [
     5736,
     5736
    ],
    "is_stall": false
   },
   {
    "frame_index": 1244,
    "frame_start_symtime": 20596041,
    "n_samples_in_frame": 8277,
    "longest_run_symbols": 5,
    "run_start_symbol_offset": 3202,
    "run_end_symbol_offset": 3206,
    "run_value_IQ": [
     5736,
     5736
    ],
    "is_stall": false
   },
   {
    "frame_index": 1245,
    "frame_start_symtime": 20608374,
    "n_samples_in_frame": 9562,
    "longest_run_symbols": 5,
    "run_start_symbol_offset": 5626,
    "run_end_symbol_offset": 5630,
    "run_value_IQ": [
     5736,
     -5737
    ],
    "is_stall": false
   },
   {
    "frame_index": 1246,
    "frame_start_symtime": 20620707,
    "n_samples_in_frame": 18714,
    "longest_run_symbols": 5,
    "run_start_symbol_offset": 3202,
    "run_end_symbol_offset": 3206,
    "run_value_IQ": [
     5736,
     5736
    ],
    "is_stall": false
   },
   {
    "frame_index": 1247,
    "frame_start_symtime": 20645373,
    "n_samples_in_frame": 32205,
    "longest_run_symbols": 5,
    "run_start_symbol_offset": 5626,
    "run_end_symbol_offset": 5630,
    "run_value_IQ": [
     5736,
     -5737
    ],
    "is_stall": false
   },
   {
    "frame_index": 1248,
    "frame_start_symtime": 20682372,
    "n_samples_in_frame": 9569,
    "longest_run_symbols": 5,
    "run_start_symbol_offset": 5626,
    "run_end_symbol_offset": 5630,
    "run_value_IQ": [
     5736,
     -5737
    ],
    "is_stall": false
   },
   {
    "frame_index": 1249,
    "frame_start_symtime": 20694705,
    "n_samples_in_frame": 18159,
    "longest_run_symbols": 5,
    "run_start_symbol_offset": 3202,
    "run_end_symbol_offset": 3206,
    "run_value_IQ": [
     5736,
     5736
    ],
    "is_stall": false
   },
   {
    "frame_index": 1250,
    "frame_start_symtime": 20719371,
    "n_samples_in_frame": 18389,
    "longest_run_symbols": 5,
    "run_start_symbol_offset": 5626,
    "run_end_symbol_offset": 5630,
    "run_value_IQ": [
     5736,
     -5737
    ],
    "is_stall": false
   },
   {
    "frame_index": 1251,
    "frame_start_symtime": 20744037,
    "n_samples_in_frame": 9531,
    "longest_run_symbols": 5,
    "run_start_symbol_offset": 3202,
    "run_end_symbol_offset": 3206,
    "run_value_IQ": [
     5736,
     5736
    ],
    "is_stall": false
   },
   {
    "frame_index": 1252,
    "frame_start_symtime": 20756370,
    "n_samples_in_frame": 8981,
    "longest_run_symbols": 5,
    "run_start_symbol_offset": 3202,
    "run_end_symbol_offset": 3206,
    "run_value_IQ": [
     5736,
     5736
    ],
    "is_stall": false
   },
   {
    "frame_index": 1253,
    "frame_start_symtime": 20768703,
    "n_samples_in_frame": 9299,
    "longest_run_symbols": 5,
    "run_start_symbol_offset": 3202,
    "run_end_symbol_offset": 3206,
    "run_value_IQ": [
     5736,
     5736
    ],
    "is_stall": false
   },
   {
    "frame_index": 1254,
    "frame_start_symtime": 20781036,
    "n_samples_in_frame": 18856,
    "longest_run_symbols": 5,
    "run_start_symbol_offset": 3202,
    "run_end_symbol_offset": 3206,
    "run_value_IQ": [
     5736,
     5736
    ],
    "is_stall": false
   },
   {
    "frame_index": 1255,
    "frame_start_symtime": 20805702,
    "n_samples_in_frame": 9397,
    "longest_run_symbols": 5,
    "run_start_symbol_offset": 3202,
    "run_end_symbol_offset": 3206,
    "run_value_IQ": [
     5736,
     5736
    ],
    "is_stall": false
   },
   {
    "frame_index": 1256,
    "frame_start_symtime": 20818035,
    "n_samples_in_frame": 8994,
    "longest_run_symbols": 5,
    "run_start_symbol_offset": 3202,
    "run_end_symbol_offset": 3206,
    "run_value_IQ": [
     5736,
     5736
    ],
    "is_stall": false
   },
   {
    "frame_index": 1257,
    "frame_start_symtime": 20830368,
    "n_samples_in_frame": 9325,
    "longest_run_symbols": 5,
    "run_start_symbol_offset": 3202,
    "run_end_symbol_offset": 3206,
    "run_value_IQ": [
     5736,
     5736
    ],
    "is_stall": false
   },
   {
    "frame_index": 1258,
    "frame_start_symtime": 20842701,
    "n_samples_in_frame": 9439,
    "longest_run_symbols": 5,
    "run_start_symbol_offset": 3202,
    "run_end_symbol_offset": 3206,
    "run_value_IQ": [
     5736,
     5736
    ],
    "is_stall": false
   },
   {
    "frame_index": 1259,
    "frame_start_symtime": 20855034,
    "n_samples_in_frame": 9326,
    "longest_run_symbols": 5,
    "run_start_symbol_offset": 3202,
    "run_end_symbol_offset": 3206,
    "run_value_IQ": [
     5736,
     5736
    ],
    "is_stall": false
   },
   {
    "frame_index": 1260,
    "frame_start_symtime": 20867367,
    "n_samples_in_frame": 9560,
    "longest_run_symbols": 5,
    "run_start_symbol_offset": 5626,
    "run_end_symbol_offset": 5630,
    "run_value_IQ": [
     5736,
     -5737
    ],
    "is_stall": false
   },
   {
    "frame_index": 1261,
    "frame_start_symtime": 20879700,
    "n_samples_in_frame": 18228,
    "longest_run_symbols": 5,
    "run_start_symbol_offset": 3202,
    "run_end_symbol_offset": 3206,
    "run_value_IQ": [
     5736,
     5736
    ],
    "is_stall": false
   },
   {
    "frame_index": 1262,
    "frame_start_symtime": 20904366,
    "n_samples_in_frame": 18921,
    "longest_run_symbols": 5,
    "run_start_symbol_offset": 3202,
    "run_end_symbol_offset": 3206,
    "run_value_IQ": [
     5736,
     5736
    ],
    "is_stall": false
   },
   {
    "frame_index": 1263,
    "frame_start_symtime": 20929032,
    "n_samples_in_frame": 9508,
    "longest_run_symbols": 5,
    "run_start_symbol_offset": 3202,
    "run_end_symbol_offset": 3206,
    "run_value_IQ": [
     5736,
     5736
    ],
    "is_stall": false
   },
   {
    "frame_index": 1264,
    "frame_start_symtime": 20941365,
    "n_samples_in_frame": 18164,
    "longest_run_symbols": 5,
    "run_start_symbol_offset": 3202,
    "run_end_symbol_offset": 3206,
    "run_value_IQ": [
     5736,
     5736
    ],
    "is_stall": false
   },
   {
    "frame_index": 1265,
    "frame_start_symtime": 20966031,
    "n_samples_in_frame": 18944,
    "longest_run_symbols": 5,
    "run_start_symbol_offset": 3202,
    "run_end_symbol_offset": 3206,
    "run_value_IQ": [
     5736,
     5736
    ],
    "is_stall": false
   },
   {
    "frame_index": 1266,
    "frame_start_symtime": 20990697,
    "n_samples_in_frame": 9479,
    "longest_run_symbols": 5,
    "run_start_symbol_offset": 3202,
    "run_end_symbol_offset": 3206,
    "run_value_IQ": [
     5736,
     5736
    ],
    "is_stall": false
   },
   {
    "frame_index": 1267,
    "frame_start_symtime": 21003030,
    "n_samples_in_frame": 13643,
    "longest_run_symbols": 5,
    "run_start_symbol_offset": 3202,
    "run_end_symbol_offset": 3206,
    "run_value_IQ": [
     5736,
     5736
    ],
    "is_stall": false
   },
   {
    "frame_index": 1268,
    "frame_start_symtime": 21015363,
    "n_samples_in_frame": 9240,
    "longest_run_symbols": 5,
    "run_start_symbol_offset": 3202,
    "run_end_symbol_offset": 3206,
    "run_value_IQ": [
     5736,
     5736
    ],
    "is_stall": false
   },
   {
    "frame_index": 1269,
    "frame_start_symtime": 21027696,
    "n_samples_in_frame": 18904,
    "longest_run_symbols": 5,
    "run_start_symbol_offset": 3202,
    "run_end_symbol_offset": 3206,
    "run_value_IQ": [
     5736,
     5736
    ],
    "is_stall": false
   },
   {
    "frame_index": 1270,
    "frame_start_symtime": 21052362,
    "n_samples_in_frame": 8812,
    "longest_run_symbols": 5,
    "run_start_symbol_offset": 3202,
    "run_end_symbol_offset": 3206,
    "run_value_IQ": [
     5736,
     5736
    ],
    "is_stall": false
   },
   {
    "frame_index": 1271,
    "frame_start_symtime": 21064695,
    "n_samples_in_frame": 9410,
    "longest_run_symbols": 5,
    "run_start_symbol_offset": 3202,
    "run_end_symbol_offset": 3206,
    "run_value_IQ": [
     5736,
     5736
    ],
    "is_stall": false
   },
   {
    "frame_index": 1272,
    "frame_start_symtime": 21077028,
    "n_samples_in_frame": 9474,
    "longest_run_symbols": 5,
    "run_start_symbol_offset": 5626,
    "run_end_symbol_offset": 5630,
    "run_value_IQ": [
     5736,
     -5737
    ],
    "is_stall": false
   },
   {
    "frame_index": 1273,
    "frame_start_symtime": 21089361,
    "n_samples_in_frame": 18896,
    "longest_run_symbols": 5,
    "run_start_symbol_offset": 3202,
    "run_end_symbol_offset": 3206,
    "run_value_IQ": [
     5736,
     5736
    ],
    "is_stall": false
   },
   {
    "frame_index": 1274,
    "frame_start_symtime": 21114027,
    "n_samples_in_frame": 8700,
    "longest_run_symbols": 5,
    "run_start_symbol_offset": 3202,
    "run_end_symbol_offset": 3206,
    "run_value_IQ": [
     5736,
     5736
    ],
    "is_stall": false
   },
   {
    "frame_index": 1275,
    "frame_start_symtime": 21126360,
    "n_samples_in_frame": 18842,
    "longest_run_symbols": 5,
    "run_start_symbol_offset": 3202,
    "run_end_symbol_offset": 3206,
    "run_value_IQ": [
     5736,
     5736
    ],
    "is_stall": false
   },
   {
    "frame_index": 1276,
    "frame_start_symtime": 21151026,
    "n_samples_in_frame": 9461,
    "longest_run_symbols": 5,
    "run_start_symbol_offset": 3202,
    "run_end_symbol_offset": 3206,
    "run_value_IQ": [
     5736,
     5736
    ],
    "is_stall": false
   },
   {
    "frame_index": 1277,
    "frame_start_symtime": 21163359,
    "n_samples_in_frame": 18122,
    "longest_run_symbols": 5,
    "run_start_symbol_offset": 3202,
    "run_end_symbol_offset": 3206,
    "run_value_IQ": [
     5736,
     5736
    ],
    "is_stall": false
   },
   {
    "frame_index": 1278,
    "frame_start_symtime": 21188025,
    "n_samples_in_frame": 9580,
    "longest_run_symbols": 5,
    "run_start_symbol_offset": 5626,
    "run_end_symbol_offset": 5630,
    "run_value_IQ": [
     5736,
     -5737
    ],
    "is_stall": false
   },
   {
    "frame_index": 1279,
    "frame_start_symtime": 21200358,
    "n_samples_in_frame": 9425,
    "longest_run_symbols": 5,
    "run_start_symbol_offset": 3202,
    "run_end_symbol_offset": 3206,
    "run_value_IQ": [
     5736,
     5736
    ],
    "is_stall": false
   },
   {
    "frame_index": 1280,
    "frame_start_symtime": 21212691,
    "n_samples_in_frame": 9520,
    "longest_run_symbols": 5,
    "run_start_symbol_offset": 5626,
    "run_end_symbol_offset": 5630,
    "run_value_IQ": [
     5736,
     -5737
    ],
    "is_stall": false
   },
   {
    "frame_index": 1281,
    "frame_start_symtime": 21225024,
    "n_samples_in_frame": 10073,
    "longest_run_symbols": 5,
    "run_start_symbol_offset": 3202,
    "run_end_symbol_offset": 3206,
    "run_value_IQ": [
     5736,
     5736
    ],
    "is_stall": false
   },
   {
    "frame_index": 1282,
    "frame_start_symtime": 21237357,
    "n_samples_in_frame": 5831,
    "longest_run_symbols": 5,
    "run_start_symbol_offset": 7023,
    "run_end_symbol_offset": 7186,
    "run_value_IQ": [
     5736,
     -5737
    ],
    "is_stall": false
   },
   {
    "frame_index": 1283,
    "frame_start_symtime": 21249690,
    "n_samples_in_frame": 9364,
    "longest_run_symbols": 5,
    "run_start_symbol_offset": 3202,
    "run_end_symbol_offset": 3206,
    "run_value_IQ": [
     5736,
     5736
    ],
    "is_stall": false
   },
   {
    "frame_index": 1284,
    "frame_start_symtime": 21262023,
    "n_samples_in_frame": 19032,
    "longest_run_symbols": 5,
    "run_start_symbol_offset": 3202,
    "run_end_symbol_offset": 3206,
    "run_value_IQ": [
     5736,
     5736
    ],
    "is_stall": false
   },
   {
    "frame_index": 1285,
    "frame_start_symtime": 21286689,
    "n_samples_in_frame": 17759,
    "longest_run_symbols": 5,
    "run_start_symbol_offset": 5626,
    "run_end_symbol_offset": 5630,
    "run_value_IQ": [
     5736,
     -5737
    ],
    "is_stall": false
   },
   {
    "frame_index": 1286,
    "frame_start_symtime": 21311355,
    "n_samples_in_frame": 9172,
    "longest_run_symbols": 5,
    "run_start_symbol_offset": 5626,
    "run_end_symbol_offset": 5630,
    "run_value_IQ": [
     5736,
     -5737
    ],
    "is_stall": false
   },
   {
    "frame_index": 1287,
    "frame_start_symtime": 21323688,
    "n_samples_in_frame": 9430,
    "longest_run_symbols": 5,
    "run_start_symbol_offset": 3202,
    "run_end_symbol_offset": 3206,
    "run_value_IQ": [
     5736,
     5736
    ],
    "is_stall": false
   },
   {
    "frame_index": 1288,
    "frame_start_symtime": 21336021,
    "n_samples_in_frame": 9433,
    "longest_run_symbols": 5,
    "run_start_symbol_offset": 3202,
    "run_end_symbol_offset": 3206,
    "run_value_IQ": [
     5736,
     5736
    ],
    "is_stall": false
   },
   {
    "frame_index": 1289,
    "frame_start_symtime": 21348354,
    "n_samples_in_frame": 3902,
    "longest_run_symbols": 5,
    "run_start_symbol_offset": 3202,
    "run_end_symbol_offset": 3206,
    "run_value_IQ": [
     5736,
     5736
    ],
    "is_stall": false
   },
   {
    "frame_index": 1290,
    "frame_start_symtime": 21360687,
    "n_samples_in_frame": 9409,
    "longest_run_symbols": 5,
    "run_start_symbol_offset": 5626,
    "run_end_symbol_offset": 5630,
    "run_value_IQ": [
     5736,
     -5737
    ],
    "is_stall": false
   },
   {
    "frame_index": 1291,
    "frame_start_symtime": 21373020,
    "n_samples_in_frame": 9292,
    "longest_run_symbols": 5,
    "run_start_symbol_offset": 3202,
    "run_end_symbol_offset": 3206,
    "run_value_IQ": [
     5736,
     5736
    ],
    "is_stall": false
   },
   {
    "frame_index": 1292,
    "frame_start_symtime": 21385353,
    "n_samples_in_frame": 9505,
    "longest_run_symbols": 5,
    "run_start_symbol_offset": 5626,
    "run_end_symbol_offset": 5630,
    "run_value_IQ": [
     5736,
     -5737
    ],
    "is_stall": false
   },
   {
    "frame_index": 1293,
    "frame_start_symtime": 21397686,
    "n_samples_in_frame": 17892,
    "longest_run_symbols": 5,
    "run_start_symbol_offset": 3202,
    "run_end_symbol_offset": 3206,
    "run_value_IQ": [
     5736,
     5736
    ],
    "is_stall": false
   },
   {
    "frame_index": 1294,
    "frame_start_symtime": 21422352,
    "n_samples_in_frame": 18722,
    "longest_run_symbols": 5,
    "run_start_symbol_offset": 3202,
    "run_end_symbol_offset": 3206,
    "run_value_IQ": [
     5736,
     5736
    ],
    "is_stall": false
   },
   {
    "frame_index": 1295,
    "frame_start_symtime": 21447018,
    "n_samples_in_frame": 9491,
    "longest_run_symbols": 5,
    "run_start_symbol_offset": 5626,
    "run_end_symbol_offset": 5630,
    "run_value_IQ": [
     5736,
     -5737
    ],
    "is_stall": false
   },
   {
    "frame_index": 1296,
    "frame_start_symtime": 21459351,
    "n_samples_in_frame": 18003,
    "longest_run_symbols": 5,
    "run_start_symbol_offset": 3202,
    "run_end_symbol_offset": 3206,
    "run_value_IQ": [
     5736,
     5736
    ],
    "is_stall": false
   },
   {
    "frame_index": 1297,
    "frame_start_symtime": 21484017,
    "n_samples_in_frame": 18782,
    "longest_run_symbols": 5,
    "run_start_symbol_offset": 3202,
    "run_end_symbol_offset": 3206,
    "run_value_IQ": [
     5736,
     5736
    ],
    "is_stall": false
   },
   {
    "frame_index": 1298,
    "frame_start_symtime": 21508683,
    "n_samples_in_frame": 18755,
    "longest_run_symbols": 5,
    "run_start_symbol_offset": 3202,
    "run_end_symbol_offset": 3206,
    "run_value_IQ": [
     5736,
     5736
    ],
    "is_stall": false
   },
   {
    "frame_index": 1299,
    "frame_start_symtime": 21533349,
    "n_samples_in_frame": 8818,
    "longest_run_symbols": 5,
    "run_start_symbol_offset": 5626,
    "run_end_symbol_offset": 5630,
    "run_value_IQ": [
     5736,
     -5737
    ],
    "is_stall": false
   },
   {
    "frame_index": 1300,
    "frame_start_symtime": 21545682,
    "n_samples_in_frame": 8970,
    "longest_run_symbols": 5,
    "run_start_symbol_offset": 5626,
    "run_end_symbol_offset": 5630,
    "run_value_IQ": [
     5736,
     -5737
    ],
    "is_stall": false
   },
   {
    "frame_index": 1301,
    "frame_start_symtime": 21558015,
    "n_samples_in_frame": 8662,
    "longest_run_symbols": 5,
    "run_start_symbol_offset": 5626,
    "run_end_symbol_offset": 5630,
    "run_value_IQ": [
     5736,
     -5737
    ],
    "is_stall": false
   },
   {
    "frame_index": 1302,
    "frame_start_symtime": 21570348,
    "n_samples_in_frame": 8659,
    "longest_run_symbols": 5,
    "run_start_symbol_offset": 5626,
    "run_end_symbol_offset": 5630,
    "run_value_IQ": [
     5736,
     -5737
    ],
    "is_stall": false
   },
   {
    "frame_index": 1303,
    "frame_start_symtime": 21582681,
    "n_samples_in_frame": 8964,
    "longest_run_symbols": 5,
    "run_start_symbol_offset": 3202,
    "run_end_symbol_offset": 3206,
    "run_value_IQ": [
     5736,
     5736
    ],
    "is_stall": false
   },
   {
    "frame_index": 1304,
    "frame_start_symtime": 21595014,
    "n_samples_in_frame": 8193,
    "longest_run_symbols": 5,
    "run_start_symbol_offset": 5626,
    "run_end_symbol_offset": 5630,
    "run_value_IQ": [
     5736,
     -5737
    ],
    "is_stall": false
   },
   {
    "frame_index": 1305,
    "frame_start_symtime": 21607347,
    "n_samples_in_frame": 9031,
    "longest_run_symbols": 5,
    "run_start_symbol_offset": 5626,
    "run_end_symbol_offset": 5630,
    "run_value_IQ": [
     5736,
     -5737
    ],
    "is_stall": false
   },
   {
    "frame_index": 1306,
    "frame_start_symtime": 21619680,
    "n_samples_in_frame": 9154,
    "longest_run_symbols": 5,
    "run_start_symbol_offset": 3202,
    "run_end_symbol_offset": 3206,
    "run_value_IQ": [
     5736,
     5736
    ],
    "is_stall": false
   },
   {
    "frame_index": 1307,
    "frame_start_symtime": 21632013,
    "n_samples_in_frame": 17792,
    "longest_run_symbols": 5,
    "run_start_symbol_offset": 5626,
    "run_end_symbol_offset": 5630,
    "run_value_IQ": [
     5736,
     -5737
    ],
    "is_stall": false
   },
   {
    "frame_index": 1308,
    "frame_start_symtime": 21656679,
    "n_samples_in_frame": 8490,
    "longest_run_symbols": 5,
    "run_start_symbol_offset": 5626,
    "run_end_symbol_offset": 5630,
    "run_value_IQ": [
     5736,
     -5737
    ],
    "is_stall": false
   },
   {
    "frame_index": 1309,
    "frame_start_symtime": 21669012,
    "n_samples_in_frame": 9129,
    "longest_run_symbols": 5,
    "run_start_symbol_offset": 3202,
    "run_end_symbol_offset": 3206,
    "run_value_IQ": [
     5736,
     5736
    ],
    "is_stall": false
   },
   {
    "frame_index": 1310,
    "frame_start_symtime": 21681345,
    "n_samples_in_frame": 9132,
    "longest_run_symbols": 5,
    "run_start_symbol_offset": 3202,
    "run_end_symbol_offset": 3206,
    "run_value_IQ": [
     5736,
     5736
    ],
    "is_stall": false
   },
   {
    "frame_index": 1311,
    "frame_start_symtime": 21693678,
    "n_samples_in_frame": 8913,
    "longest_run_symbols": 5,
    "run_start_symbol_offset": 3202,
    "run_end_symbol_offset": 3206,
    "run_value_IQ": [
     5736,
     5736
    ],
    "is_stall": false
   },
   {
    "frame_index": 1312,
    "frame_start_symtime": 21706011,
    "n_samples_in_frame": 12459,
    "longest_run_symbols": 5,
    "run_start_symbol_offset": 3202,
    "run_end_symbol_offset": 3206,
    "run_value_IQ": [
     5736,
     5736
    ],
    "is_stall": false
   },
   {
    "frame_index": 1313,
    "frame_start_symtime": 21730677,
    "n_samples_in_frame": 18167,
    "longest_run_symbols": 5,
    "run_start_symbol_offset": 3202,
    "run_end_symbol_offset": 3206,
    "run_value_IQ": [
     5736,
     5736
    ],
    "is_stall": false
   },
   {
    "frame_index": 1314,
    "frame_start_symtime": 21755343,
    "n_samples_in_frame": 8966,
    "longest_run_symbols": 5,
    "run_start_symbol_offset": 3202,
    "run_end_symbol_offset": 3206,
    "run_value_IQ": [
     5736,
     5736
    ],
    "is_stall": false
   },
   {
    "frame_index": 1315,
    "frame_start_symtime": 21767676,
    "n_samples_in_frame": 9067,
    "longest_run_symbols": 5,
    "run_start_symbol_offset": 5626,
    "run_end_symbol_offset": 5630,
    "run_value_IQ": [
     5736,
     -5737
    ],
    "is_stall": false
   },
   {
    "frame_index": 1316,
    "frame_start_symtime": 21780009,
    "n_samples_in_frame": 8546,
    "longest_run_symbols": 5,
    "run_start_symbol_offset": 3202,
    "run_end_symbol_offset": 3206,
    "run_value_IQ": [
     5736,
     5736
    ],
    "is_stall": false
   },
   {
    "frame_index": 1317,
    "frame_start_symtime": 21792342,
    "n_samples_in_frame": 8937,
    "longest_run_symbols": 5,
    "run_start_symbol_offset": 3202,
    "run_end_symbol_offset": 3206,
    "run_value_IQ": [
     5736,
     5736
    ],
    "is_stall": false
   },
   {
    "frame_index": 1318,
    "frame_start_symtime": 21804675,
    "n_samples_in_frame": 17993,
    "longest_run_symbols": 5,
    "run_start_symbol_offset": 5626,
    "run_end_symbol_offset": 5630,
    "run_value_IQ": [
     5736,
     -5737
    ],
    "is_stall": false
   },
   {
    "frame_index": 1319,
    "frame_start_symtime": 21829341,
    "n_samples_in_frame": 9075,
    "longest_run_symbols": 5,
    "run_start_symbol_offset": 5626,
    "run_end_symbol_offset": 5630,
    "run_value_IQ": [
     5736,
     -5737
    ],
    "is_stall": false
   },
   {
    "frame_index": 1320,
    "frame_start_symtime": 21841674,
    "n_samples_in_frame": 36199,
    "longest_run_symbols": 5,
    "run_start_symbol_offset": 5626,
    "run_end_symbol_offset": 5630,
    "run_value_IQ": [
     5736,
     -5737
    ],
    "is_stall": false
   },
   {
    "frame_index": 1321,
    "frame_start_symtime": 21891006,
    "n_samples_in_frame": 9408,
    "longest_run_symbols": 5,
    "run_start_symbol_offset": 3202,
    "run_end_symbol_offset": 3206,
    "run_value_IQ": [
     5736,
     5736
    ],
    "is_stall": false
   },
   {
    "frame_index": 1322,
    "frame_start_symtime": 21903339,
    "n_samples_in_frame": 8637,
    "longest_run_symbols": 5,
    "run_start_symbol_offset": 5626,
    "run_end_symbol_offset": 5630,
    "run_value_IQ": [
     5736,
     -5737
    ],
    "is_stall": false
   },
   {
    "frame_index": 1323,
    "frame_start_symtime": 21915672,
    "n_samples_in_frame": 9188,
    "longest_run_symbols": 5,
    "run_start_symbol_offset": 3202,
    "run_end_symbol_offset": 3206,
    "run_value_IQ": [
     5736,
     5736
    ],
    "is_stall": false
   },
   {
    "frame_index": 1324,
    "frame_start_symtime": 21928005,
    "n_samples_in_frame": 9394,
    "longest_run_symbols": 5,
    "run_start_symbol_offset": 3202,
    "run_end_symbol_offset": 3206,
    "run_value_IQ": [
     5736,
     5736
    ],
    "is_stall": false
   },
   {
    "frame_index": 1325,
    "frame_start_symtime": 21940338,
    "n_samples_in_frame": 8707,
    "longest_run_symbols": 5,
    "run_start_symbol_offset": 3202,
    "run_end_symbol_offset": 3206,
    "run_value_IQ": [
     5736,
     5736
    ],
    "is_stall": false
   },
   {
    "frame_index": 1326,
    "frame_start_symtime": 21952671,
    "n_samples_in_frame": 9432,
    "longest_run_symbols": 5,
    "run_start_symbol_offset": 5626,
    "run_end_symbol_offset": 5630,
    "run_value_IQ": [
     5736,
     -5737
    ],
    "is_stall": false
   },
   {
    "frame_index": 1327,
    "frame_start_symtime": 21965004,
    "n_samples_in_frame": 8561,
    "longest_run_symbols": 5,
    "run_start_symbol_offset": 3202,
    "run_end_symbol_offset": 3206,
    "run_value_IQ": [
     5736,
     5736
    ],
    "is_stall": false
   },
   {
    "frame_index": 1328,
    "frame_start_symtime": 21977337,
    "n_samples_in_frame": 9263,
    "longest_run_symbols": 5,
    "run_start_symbol_offset": 3202,
    "run_end_symbol_offset": 3206,
    "run_value_IQ": [
     5736,
     5736
    ],
    "is_stall": false
   },
   {
    "frame_index": 1329,
    "frame_start_symtime": 21989670,
    "n_samples_in_frame": 45726,
    "longest_run_symbols": 5,
    "run_start_symbol_offset": 3202,
    "run_end_symbol_offset": 3206,
    "run_value_IQ": [
     5736,
     5736
    ],
    "is_stall": false
   },
   {
    "frame_index": 1330,
    "frame_start_symtime": 22051335,
    "n_samples_in_frame": 9162,
    "longest_run_symbols": 5,
    "run_start_symbol_offset": 3202,
    "run_end_symbol_offset": 3206,
    "run_value_IQ": [
     5736,
     5736
    ],
    "is_stall": false
   },
   {
    "frame_index": 1331,
    "frame_start_symtime": 22063668,
    "n_samples_in_frame": 13531,
    "longest_run_symbols": 5,
    "run_start_symbol_offset": 3202,
    "run_end_symbol_offset": 3206,
    "run_value_IQ": [
     5736,
     5736
    ],
    "is_stall": false
   },
   {
    "frame_index": 1332,
    "frame_start_symtime": 22076001,
    "n_samples_in_frame": 7724,
    "longest_run_symbols": 5,
    "run_start_symbol_offset": 5626,
    "run_end_symbol_offset": 5630,
    "run_value_IQ": [
     5736,
     -5737
    ],
    "is_stall": false
   },
   {
    "frame_index": 1333,
    "frame_start_symtime": 22088334,
    "n_samples_in_frame": 9250,
    "longest_run_symbols": 5,
    "run_start_symbol_offset": 3202,
    "run_end_symbol_offset": 3206,
    "run_value_IQ": [
     5736,
     5736
    ],
    "is_stall": false
   },
   {
    "frame_index": 1334,
    "frame_start_symtime": 22100667,
    "n_samples_in_frame": 9494,
    "longest_run_symbols": 5,
    "run_start_symbol_offset": 3202,
    "run_end_symbol_offset": 3206,
    "run_value_IQ": [
     5736,
     5736
    ],
    "is_stall": false
   },
   {
    "frame_index": 1335,
    "frame_start_symtime": 22113000,
    "n_samples_in_frame": 9386,
    "longest_run_symbols": 5,
    "run_start_symbol_offset": 3202,
    "run_end_symbol_offset": 3206,
    "run_value_IQ": [
     5736,
     5736
    ],
    "is_stall": false
   },
   {
    "frame_index": 1336,
    "frame_start_symtime": 22125333,
    "n_samples_in_frame": 9434,
    "longest_run_symbols": 5,
    "run_start_symbol_offset": 5626,
    "run_end_symbol_offset": 5630,
    "run_value_IQ": [
     5736,
     -5737
    ],
    "is_stall": false
   },
   {
    "frame_index": 1337,
    "frame_start_symtime": 22137666,
    "n_samples_in_frame": 26820,
    "longest_run_symbols": 5,
    "run_start_symbol_offset": 3202,
    "run_end_symbol_offset": 3206,
    "run_value_IQ": [
     5736,
     5736
    ],
    "is_stall": false
   },
   {
    "frame_index": 1338,
    "frame_start_symtime": 22174665,
    "n_samples_in_frame": 9268,
    "longest_run_symbols": 5,
    "run_start_symbol_offset": 3202,
    "run_end_symbol_offset": 3206,
    "run_value_IQ": [
     5736,
     5736
    ],
    "is_stall": false
   },
   {
    "frame_index": 1339,
    "frame_start_symtime": 22186998,
    "n_samples_in_frame": 8890,
    "longest_run_symbols": 5,
    "run_start_symbol_offset": 5626,
    "run_end_symbol_offset": 5630,
    "run_value_IQ": [
     5736,
     -5737
    ],
    "is_stall": false
   },
   {
    "frame_index": 1340,
    "frame_start_symtime": 22199331,
    "n_samples_in_frame": 8722,
    "longest_run_symbols": 5,
    "run_start_symbol_offset": 3202,
    "run_end_symbol_offset": 3206,
    "run_value_IQ": [
     5736,
     5736
    ],
    "is_stall": false
   },
   {
    "frame_index": 1341,
    "frame_start_symtime": 22211664,
    "n_samples_in_frame": 9479,
    "longest_run_symbols": 5,
    "run_start_symbol_offset": 3202,
    "run_end_symbol_offset": 3206,
    "run_value_IQ": [
     5736,
     5736
    ],
    "is_stall": false
   },
   {
    "frame_index": 1342,
    "frame_start_symtime": 22223997,
    "n_samples_in_frame": 9402,
    "longest_run_symbols": 5,
    "run_start_symbol_offset": 5626,
    "run_end_symbol_offset": 5630,
    "run_value_IQ": [
     5736,
     -5737
    ],
    "is_stall": false
   },
   {
    "frame_index": 1343,
    "frame_start_symtime": 22236330,
    "n_samples_in_frame": 18428,
    "longest_run_symbols": 5,
    "run_start_symbol_offset": 3202,
    "run_end_symbol_offset": 3206,
    "run_value_IQ": [
     5736,
     5736
    ],
    "is_stall": false
   },
   {
    "frame_index": 1344,
    "frame_start_symtime": 22260996,
    "n_samples_in_frame": 8360,
    "longest_run_symbols": 5,
    "run_start_symbol_offset": 5626,
    "run_end_symbol_offset": 5630,
    "run_value_IQ": [
     5736,
     -5737
    ],
    "is_stall": false
   },
   {
    "frame_index": 1345,
    "frame_start_symtime": 22273329,
    "n_samples_in_frame": 18725,
    "longest_run_symbols": 5,
    "run_start_symbol_offset": 3202,
    "run_end_symbol_offset": 3206,
    "run_value_IQ": [
     5736,
     5736
    ],
    "is_stall": false
   },
   {
    "frame_index": 1346,
    "frame_start_symtime": 22297995,
    "n_samples_in_frame": 9552,
    "longest_run_symbols": 5,
    "run_start_symbol_offset": 3202,
    "run_end_symbol_offset": 3206,
    "run_value_IQ": [
     5736,
     5736
    ],
    "is_stall": false
   },
   {
    "frame_index": 1347,
    "frame_start_symtime": 22310328,
    "n_samples_in_frame": 9672,
    "longest_run_symbols": 5,
    "run_start_symbol_offset": 5626,
    "run_end_symbol_offset": 5630,
    "run_value_IQ": [
     5736,
     -5737
    ],
    "is_stall": false
   },
   {
    "frame_index": 1348,
    "frame_start_symtime": 22322661,
    "n_samples_in_frame": 18094,
    "longest_run_symbols": 5,
    "run_start_symbol_offset": 3202,
    "run_end_symbol_offset": 3206,
    "run_value_IQ": [
     5736,
     5736
    ],
    "is_stall": false
   },
   {
    "frame_index": 1349,
    "frame_start_symtime": 22347327,
    "n_samples_in_frame": 9475,
    "longest_run_symbols": 5,
    "run_start_symbol_offset": 3202,
    "run_end_symbol_offset": 3206,
    "run_value_IQ": [
     5736,
     5736
    ],
    "is_stall": false
   },
   {
    "frame_index": 1350,
    "frame_start_symtime": 22359660,
    "n_samples_in_frame": 9461,
    "longest_run_symbols": 5,
    "run_start_symbol_offset": 3202,
    "run_end_symbol_offset": 3206,
    "run_value_IQ": [
     5736,
     5736
    ],
    "is_stall": false
   },
   {
    "frame_index": 1351,
    "frame_start_symtime": 22371993,
    "n_samples_in_frame": 9448,
    "longest_run_symbols": 5,
    "run_start_symbol_offset": 5626,
    "run_end_symbol_offset": 5630,
    "run_value_IQ": [
     5736,
     -5737
    ],
    "is_stall": false
   },
   {
    "frame_index": 1352,
    "frame_start_symtime": 22384326,
    "n_samples_in_frame": 8663,
    "longest_run_symbols": 5,
    "run_start_symbol_offset": 3202,
    "run_end_symbol_offset": 3206,
    "run_value_IQ": [
     5736,
     5736
    ],
    "is_stall": false
   },
   {
    "frame_index": 1353,
    "frame_start_symtime": 22396659,
    "n_samples_in_frame": 22656,
    "longest_run_symbols": 5,
    "run_start_symbol_offset": 3202,
    "run_end_symbol_offset": 3206,
    "run_value_IQ": [
     5736,
     5736
    ],
    "is_stall": false
   },
   {
    "frame_index": 1354,
    "frame_start_symtime": 22433658,
    "n_samples_in_frame": 8946,
    "longest_run_symbols": 5,
    "run_start_symbol_offset": 3202,
    "run_end_symbol_offset": 3206,
    "run_value_IQ": [
     5736,
     5736
    ],
    "is_stall": false
   },
   {
    "frame_index": 1355,
    "frame_start_symtime": 22445991,
    "n_samples_in_frame": 35584,
    "longest_run_symbols": 5,
    "run_start_symbol_offset": 7023,
    "run_end_symbol_offset": 7027,
    "run_value_IQ": [
     5736,
     -5737
    ],
    "is_stall": false
   },
   {
    "frame_index": 1356,
    "frame_start_symtime": 22495323,
    "n_samples_in_frame": 9013,
    "longest_run_symbols": 5,
    "run_start_symbol_offset": 3202,
    "run_end_symbol_offset": 3206,
    "run_value_IQ": [
     5736,
     5736
    ],
    "is_stall": false
   },
   {
    "frame_index": 1357,
    "frame_start_symtime": 22507656,
    "n_samples_in_frame": 8496,
    "longest_run_symbols": 5,
    "run_start_symbol_offset": 7023,
    "run_end_symbol_offset": 7027,
    "run_value_IQ": [
     5736,
     -5737
    ],
    "is_stall": false
   },
   {
    "frame_index": 1358,
    "frame_start_symtime": 22519989,
    "n_samples_in_frame": 18288,
    "longest_run_symbols": 5,
    "run_start_symbol_offset": 3202,
    "run_end_symbol_offset": 3206,
    "run_value_IQ": [
     5736,
     5736
    ],
    "is_stall": false
   },
   {
    "frame_index": 1359,
    "frame_start_symtime": 22544655,
    "n_samples_in_frame": 17744,
    "longest_run_symbols": 5,
    "run_start_symbol_offset": 5626,
    "run_end_symbol_offset": 5630,
    "run_value_IQ": [
     5736,
     -5737
    ],
    "is_stall": false
   },
   {
    "frame_index": 1360,
    "frame_start_symtime": 22569321,
    "n_samples_in_frame": 35953,
    "longest_run_symbols": 5,
    "run_start_symbol_offset": 5626,
    "run_end_symbol_offset": 5630,
    "run_value_IQ": [
     5736,
     -5737
    ],
    "is_stall": false
   }
  ],
  "stalls": [
   {
    "frame_index": 131,
    "frame_start_symtime": 2121207,
    "n_samples_in_frame": 18510,
    "longest_run_symbols": 13936,
    "run_start_symbol_offset": 6081,
    "run_end_symbol_offset": 24661,
    "run_value_IQ": [
     5736,
     5736
    ],
    "is_stall": true,
    "rung_hits": [],
    "extra_mark_fec_in_same_frame": false
   },
   {
    "frame_index": 132,
    "frame_start_symtime": 2145873,
    "n_samples_in_frame": 9301,
    "longest_run_symbols": 9276,
    "run_start_symbol_offset": 21,
    "run_end_symbol_offset": 12328,
    "run_value_IQ": [
     5736,
     5736
    ],
    "is_stall": true,
    "rung_hits": [],
    "extra_mark_fec_in_same_frame": false
   },
   {
    "frame_index": 914,
    "frame_start_symtime": 15021525,
    "n_samples_in_frame": 9513,
    "longest_run_symbols": 4457,
    "run_start_symbol_offset": 6374,
    "run_end_symbol_offset": 12332,
    "run_value_IQ": [
     -5737,
     -5737
    ],
    "is_stall": true,
    "rung_hits": [],
    "extra_mark_fec_in_same_frame": false
   },
   {
    "frame_index": 915,
    "frame_start_symtime": 15033858,
    "n_samples_in_frame": 18998,
    "longest_run_symbols": 9421,
    "run_start_symbol_offset": 0,
    "run_end_symbol_offset": 12365,
    "run_value_IQ": [
     -5737,
     -5737
    ],
    "is_stall": true,
    "rung_hits": [],
    "extra_mark_fec_in_same_frame": false
   }
  ],
  "verdict": "P-TX' CONFIRMED"
 }
}
wrote beatcap/20260902_212830_sel8/onset_full.json
