0000000000000000,0,1
0000000000000000,0,0
0000000000000000,0,0
0000000000000000,0,0
0000000000000000,0,0
0000000000000000,0,0
0000000000000000,0,0
0000000000000000,0,0
0000000000000000,0,0
0000000000000000,0,0
0000000000000000,0,0
0000000000000000,0,0
0000000000000000,0,0
0000000000000000,0,0
0000000000000000,0,0
0000000000000000,0,0
0000000000000000,0,0
0000000000000000,0,0
0000000000000000,0,0
0000000000000000,0,0
0000000000000000,0,0
0000000000000000,0,0
0000000000000000,0,0
0000000000000000,0,0
0000000000000000,0,0
0000000000000000,0,0
0000000000000000,0,0
0000000000000000,0,0
0000000000000000,0,0
0000000000000000,0,0
0000000000000000,0,0
0000000000000000,0,0
0000000000000000,0,0
0000000000000000,0,0
0000000000000000,0,0
0000000000000000,0,0
0000000000000000,0,0
0000000000000000,0,0
0000000000000000,0,0
0000000000000000,0,0
0000000000000000,0,0
0000000000000000,0,0
0000000000000000,0,0
0000000000000000,0,0
0000000000000000,0,0
0000000000000000,0,0
0000000000000000,0,0
0000000000000000,0,0
0000000000000000,0,0
0000000000000000,0,0
0000000000000000,0,0
0000000000000000,0,0
0000000000000000,0,0
0000000000000000,0,0
0000000000000000,0,0
0000000000000000,0,0
0000000000000000,0,0
0000000000000000,0,0
0000000000000000,0,0
0000000000000000,0,0
0000000000000000,0,0
0000000000000000,0,0
0000000000000000,0,0
0000000000000000,0,0
0000000000000000,0,0
0000000000000000,0,0
0000000000000000,0,0
0000000000000000,0,0
0000000000000000,0,0
0000000000000000,0,0
0000000000000000,0,0
0000000000000000,0,0
0000000000000000,0,0
0000000000000000,0,0
0000000000000000,0,0
0000000000000000,0,0
0000000000000000,0,0
0000000000000000,0,0
0000000000000000,0,0
0000000000000000,0,0
0000000000000000,0,0
0000000000000000,0,0
0000000000000000,0,0
0000000000000000,0,0
0000000000000000,0,0
0000000000000000,0,0
0000000000000000,0,0
0000000000000000,0,0
0000000000000000,0,0
0000000000000000,0,0
0000000000000000,0,0
0000000000000000,0,0
0000000000000000,0,0
0000000000000000,0,0
0000000000000000,0,0
0000000000000000,0,0
0000000000000000,0,0
0000000000000000,0,0
0000000000000000,0,0
0000000000000000,0,0
0000000000000000,0,0
0000000000000000,0,0
0000000000000000,0,0
0000000000000000,0,0
0000000000000000,0,0
0000000000000000,0,0
0000000000000000,0,0
0000000000000000,0,0
0000000000000000,0,0
0000000000000000,0,0
0000000000000000,0,0
0000000000000000,0,0
0000000000000000,0,0
0000000000000000,0,0
0000000000000000,0,0
0000000000000000,0,0
0000000000000000,0,0
0000000000000000,0,0
0000000000000000,0,0
0000000000000000,0,0
0000000000000000,0,0
0000000000000000,0,0
0000000000000000,0,0
0000000000000000,0,0
0000000000000000,0,0
0000000000000000,0,0
0000000000000000,0,0
0000000000000000,0,0
0000000000000000,0,0
0000000000000000,0,0
0000000000000000,0,0
0000000000000000,0,0
0000000000000000,0,0
0000000000000000,0,0
0000000000000000,0,0
0000000000000000,0,0
0000000000000000,0,0
0000000000000000,0,0
0000000000000000,0,0
0000000000000000,0,0
0000000000000000,0,0
0000000000000000,0,0
0000000000000000,0,0
0000000000000000,0,0
0000000000000000,0,0
0000000000000000,0,0
0000000000000000,0,0
0000000000000000,0,0
0000000000000000,0,0
0000000000000000,0,0
0000000000000000,0,0
0000000000000000,0,0
0000000000000000,0,0
0000000000000000,0,0
0000000000000000,0,0
0000000000000000,0,0
0000000000000000,0,0
0000000000000000,0,0
0000000000000000,0,0
0000000000000000,0,0
0000000000000000,0,0
0000000000000000,0,0
0000000000000000,0,0
0000000000000000,0,0
0000000000000000,0,0
0000000000000000,0,0
0000000000000000,0,0
0000000000000000,0,0
0000000000000000,0,0
0000000000000000,0,0
0000000000000000,0,0
0000000000000000,0,0
0000000000000000,0,0
0000000000000000,0,0
0000000000000000,0,0
0000000000000000,0,0
0000000000000000,0,0
0000000000000000,0,0
0000000000000000,0,0
0000000000000000,0,0
0000000000000000,0,0
0000000000000000,0,0
0000000000000000,0,0
0000000000000000,0,0
0000000000000000,0,0
0000000000000000,0,0
0000000000000000,0,0
0000000000000000,0,0
0000000000000000,0,0
0000000000000000,0,0
0000000000000000,1,0
0000d3eb05944b51,0,1
94050045b1b2ad1c,0,0
a486114000402e9a,0,0
0100420a0200420a,0,0
799d80058913bfac,0,0
d7e1000046525051,0,0
852a869637060000,0,0
7768b617ce90a8eb,0,0
764a90b9f81efc87,0,0
26ae368e546c3e8f,0,0
a637ac72c2080122,0,0
9afc96643fad50e4,0,0
3a16fda551c68099,0,0
6bc16e6bd07d3ccb,0,0
93ce81bbbc52a0ea,0,0
efd06c2f9c2151d7,0,0
ed942073f13df80f,0,0
4c5c6d1ca9d87c1e,0,0
4d6f58e584110244,0,0
35f92dc97e5aa1c8,0,0
752cfa4ba38c0133,0,0
d782ddd6a0fb7896,0,0
279d037779a540d5,0,0
dea1d95e3843a2ae,0,0
da2941e6e27bf01f,0,0
98b8da3852b1f93c,0,0
9bdeb0ca09230488,0,0
6af25b92fdb44291,0,0
eb58f49746190366,0,0
af05bbad41f7f12c,0,0
4f3a07eef24a81aa,0,0
bc43b3bd7086445d,0,0
b45382ccc5f7e03f,0,0
3171b571a462f379,0,0
37bd619513460810,0,0
d4e4b724fb698522,0,0
d6b1e82f8d3206cc,0,0
5f0b765b83eee359,0,0
9e740edce5950255,0,0
7887667be10c89ba,0,0
68a704998befc17f,0,0
62e26ae348c5e6f3,0,0
6e7ac32a278c1020,0,0
a9c96f49f6d30a45,0,0
ac63d15f1a650c98,0,0
be16ecb606ddc7b3,0,0
3de91cb8cb2b05aa,0,0
f00ecdf6c2191275,0,0
d14e093217df83ff,0,0
c4c4d5c6918acde7,0,0
dcf486554e182140,0,0
5393df92eca7158a,0,0
59c7a2bf34ca1830,0,0
7d2dd86d0dba8f67,0,0
7ad2397097570a54,0,0
e11d9aed853324ea,0,0
a39d12642ebe07ff,0,0
8889ab8d23159bcf,0,0
b9e90dab9c304280,0,0
a626bf25d94f2b14,0,0
b28e457f69943160,0,0
fa5ab0db1a741fcf,0,0
f5a473e02eaf14a8,0,0
c33b34db0b6748d4,0,0
473b25c85c7c0ffe,0,0
1113571b472a369f,0,0
72d31b5639618400,0,0
4c4d7e4bb29f5628,0,0
651d8bfed22863c0,0,0
f5b560b735e83e9e,0,0
eb49e7c05d5e2950,0,0
877768b617ce90a8,0,0
8f764a90b9f81efc,0,0
2226ae368e546c3e,0,0
e4a637ac72c20801,0,0
999afc96643fad50,0,0
cb3a16fda551c680,0,0
ea6bc16e6bd07d3c,0,0
d793ce81bbbc52a0,0,0
0fefd06c2f9c2151,0,0
1eed942073f13df8,0,0
444c5c6d1ca9d87c,0,0
c84d6f58e5841102,0,0
3335f92dc97e5aa1,0,0
96752cfa4ba38c01,0,0
d5d782ddd6a0fb78,0,0
ae279d037779a540,0,0
1fdea1d95e3843a2,0,0
3cda2941e6e27bf0,0,0
8898b8da3852b1f9,0,0
919bdeb0ca092304,0,0
666af25b92fdb442,0,0
2ceb58f497461903,0,0
aaaf05bbad41f7f1,0,0
5d4f3a07eef24a81,0,0
3fbc43b3bd708644,0,0
79b45382ccc5f7e0,0,0
103171b571a462f3,0,0
2237bd6195134608,0,0
ccd4e4b724fb6985,0,0
59d6b1e82f8d3206,0,0
555f0b765b83eee3,0,0
ba9e740edce59502,0,0
7f7887667be10c89,0,0
f368a704998befc1,0,0
2062e26ae348c5e6,0,0
456e7ac32a278c10,0,0
98a9c96f49f6d30a,0,0
b3ac63d15f1a650c,0,0
aabe16ecb606ddc7,0,0
753de91cb8cb2b05,0,0
fff00ecdf6c21912,0,0
e7d14e093217df83,0,0
40c4c4d5c6918acd,0,0
8adcf486554e1821,0,0
305393df92eca715,0,0
6759c7a2bf34ca18,0,0
547d2dd86d0dba8f,0,0
ea7ad2397097570a,0,0
ffe11d9aed853324,0,0
cfa39d12642ebe07,0,0
808889ab8d23159b,0,0
14b9e90dab9c3042,0,0
60a626bf25d94f2b,0,0
cfb28e457f699431,0,0
a8fa5ab0db1a741f,0,0
d4f5a473e02eaf14,0,0
fec33b34db0b6748,0,0
9f473b25c85c7c0f,0,0
001113571b472a36,0,0
2872d31b56396184,0,0
c04c4d7e4bb29f56,0,0
9e651d8bfed22863,0,0
50f5b560b735e83e,0,0
a8eb49e7c05d5e29,0,0
fc877768b617ce90,0,0
3e8f764a90b9f81e,0,0
012226ae368e546c,0,0
50e4a637ac72c208,0,0
80999afc96643fad,0,0
3ccb3a16fda551c6,0,0
a0ea6bc16e6bd07d,0,0
51d793ce81bbbc52,0,0
f80fefd06c2f9c21,0,0
7c1eed942073f13d,0,0
02444c5c6d1ca9d8,0,0
a1c84d6f58e58411,0,0
013335f92dc97e5a,0,0
7896752cfa4ba38c,0,0
40d5d782ddd6a0fb,0,0
a2ae279d037779a5,0,0
f01fdea1d95e3843,0,0
f93cda2941e6e27b,0,0
048898b8da3852b1,0,0
42919bdeb0ca0923,0,0
03666af25b92fdb4,0,0
f12ceb58f4974619,0,0
81aaaf05bbad41f7,0,0
445d4f3a07eef24a,0,0
e03fbc43b3bd7086,0,0
f379b45382ccc5f7,0,0
08103171b571a462,0,0
852237bd61951346,0,0
06ccd4e4b724fb69,0,0
e359d6b1e82f8d32,0,0
02555f0b765b83ee,0,0
89ba9e740edce595,0,0
c17f7887667be10c,0,0
e6f368a704998bef,0,0
102062e26ae348c5,0,0
0a456e7ac32a278c,0,0
0c98a9c96f49f6d3,0,0
c7b3ac63d15f1a65,0,0
05aabe16ecb606dd,0,0
12753de91cb8cb2b,0,0
83fff00ecdf6c219,0,0
cde7d14e093217df,0,0
2140c4c4d5c6918a,0,0
158adcf486554e18,0,0
18305393df92eca7,0,0
877768b617ce90a8,0,0
8f764a90b9f81efc,0,0
2226ae368e546c3e,0,0
e4a637ac72c20801,0,0
999afc96643fad50,0,0
cb3a16fda551c680,0,0
ea6bc16e6bd07d3c,0,0
d793ce81bbbc52a0,0,0
0fefd06c2f9c2151,0,0
1eed942073f13df8,0,0
444c5c6d1ca9d87c,1,0
0000d3ec05944b51,0,1
940500457221d528,0,0
a386114000402f9a,0,0
0100420a0200420a,0,0
22ff80058913bfac,0,0
d8e1000046525051,0,0
7a8f919637060000,0,0
4bb29f562872d31b,0,0
fed22863c04c4d7e,0,0
b735e83e9e651d8b,0,0
c05d5e2950f5b560,0,0
b617ce90a8eb49e7,0,0
90b9f81efc877768,0,0
368e546c3e8f764a,0,0
ac72c208012226ae,0,0
96643fad50e4a637,0,0
fda551c680999afc,0,0
6e6bd07d3ccb3a16,0,0
81bbbc52a0ea6bc1,0,0
6c2f9c2151d793ce,0,0
2073f13df80fefd0,0,0
6d1ca9d87c1eed94,0,0
58e5841102444c5c,0,0
2dc97e5aa1c84d6f,0,0
fa4ba38c013335f9,0,0
ddd6a0fb7896752c,0,0
037779a540d5d782,0,0
d95e3843a2ae279d,0,0
41e6e27bf01fdea1,0,0
da3852b1f93cda29,0,0
b0ca0923048898b8,0,0
5b92fdb442919bde,0,0
f497461903666af2,0,0
bbad41f7f12ceb58,0,0
07eef24a81aaaf05,0,0
b3bd7086445d4f3a,0,0
82ccc5f7e03fbc43,0,0
b571a462f379b453,0,0
6195134608103171,0,0
b724fb69852237bd,0,0
e82f8d3206ccd4e4,0,0
765b83eee359d6b1,0,0
0edce59502555f0b,0,0
667be10c89ba9e74,0,0
04998befc17f7887,0,0
6ae348c5e6f368a7,0,0
c32a278c102062e2,0,0
6f49f6d30a456e7a,0,0
d15f1a650c98a9c9,0,0
ecb606ddc7b3ac63,0,0
1cb8cb2b05aabe16,0,0
cdf6c21912753de9,0,0
093217df83fff00e,0,0
d5c6918acde7d14e,0,0
86554e182140c4c4,0,0
df92eca7158adcf4,0,0
a2bf34ca18305393,0,0
d86d0dba8f6759c7,0,0
397097570a547d2d,0,0
9aed853324ea7ad2,0,0
12642ebe07ffe11d,0,0
ab8d23159bcfa39d,0,0
0dab9c3042808889,0,0
bf25d94f2b14b9e9,0,0
457f69943160a626,0,0
b0db1a741fcfb28e,0,0
73e02eaf14a8fa5a,0,0
34db0b6748d4f5a4,0,0
25c85c7c0ffec33b,0,0
571b472a369f473b,0,0
1b56396184001113,0,0
7e4bb29f562872d3,0,0
8bfed22863c04c4d,0,0
60b735e83e9e651d,0,0
e7c05d5e2950f5b5,0,0
68b617ce90a8eb49,0,0
4a90b9f81efc8777,0,0
ae368e546c3e8f76,0,0
37ac72c208012226,0,0
fc96643fad50e4a6,0,0
16fda551c680999a,0,0
c16e6bd07d3ccb3a,0,0
ce81bbbc52a0ea6b,0,0
d06c2f9c2151d793,0,0
942073f13df80fef,0,0
5c6d1ca9d87c1eed,0,0
6f58e5841102444c,0,0
f92dc97e5aa1c84d,0,0
2cfa4ba38c013335,0,0
82ddd6a0fb789675,0,0
9d037779a540d5d7,0,0
a1d95e3843a2ae27,0,0
2941e6e27bf01fde,0,0
b8da3852b1f93cda,0,0
deb0ca0923048898,0,0
f25b92fdb442919b,0,0
58f497461903666a,0,0
05bbad41f7f12ceb,0,0
3a07eef24a81aaaf,0,0
43b3bd7086445d4f,0,0
5382ccc5f7e03fbc,0,0
71b571a462f379b4,0,0
bd61951346081031,0,0
e4b724fb69852237,0,0
b1e82f8d3206ccd4,0,0
0b765b83eee359d6,0,0
740edce59502555f,0,0
87667be10c89ba9e,0,0
a704998befc17f78,0,0
e26ae348c5e6f368,0,0
7ac32a278c102062,0,0
c96f49f6d30a456e,0,0
63d15f1a650c98a9,0,0
16ecb606ddc7b3ac,0,0
e91cb8cb2b05aabe,0,0
0ecdf6c21912753d,0,0
4e093217df83fff0,0,0
c4d5c6918acde7d1,0,0
f486554e182140c4,0,0
93df92eca7158adc,0,0
c7a2bf34ca183053,0,0
2dd86d0dba8f6759,0,0
d2397097570a547d,0,0
1d9aed853324ea7a,0,0
9d12642ebe07ffe1,0,0
89ab8d23159bcfa3,0,0
e90dab9c30428088,0,0
26bf25d94f2b14b9,0,0
8e457f69943160a6,0,0
5ab0db1a741fcfb2,0,0
a473e02eaf14a8fa,0,0
3b34db0b6748d4f5,0,0
3b25c85c7c0ffec3,0,0
13571b472a369f47,0,0
d31b563961840011,0,0
4d7e4bb29f562872,0,0
1d8bfed22863c04c,0,0
b560b735e83e9e65,0,0
49e7c05d5e2950f5,0,0
7768b617ce90a8eb,0,0
764a90b9f81efc87,0,0
26ae368e546c3e8f,0,0
a637ac72c2080122,0,0
9afc96643fad50e4,0,0
3a16fda551c68099,0,0
6bc16e6bd07d3ccb,0,0
93ce81bbbc52a0ea,0,0
efd06c2f9c2151d7,0,0
ed942073f13df80f,0,0
4c5c6d1ca9d87c1e,0,0
4d6f58e584110244,0,0
35f92dc97e5aa1c8,0,0
752cfa4ba38c0133,0,0
d782ddd6a0fb7896,0,0
279d037779a540d5,0,0
dea1d95e3843a2ae,0,0
da2941e6e27bf01f,0,0
98b8da3852b1f93c,0,0
9bdeb0ca09230488,0,0
6af25b92fdb44291,0,0
eb58f49746190366,0,0
af05bbad41f7f12c,0,0
4f3a07eef24a81aa,0,0
bc43b3bd7086445d,0,0
b45382ccc5f7e03f,0,0
3171b571a462f379,0,0
37bd619513460810,0,0
d4e4b724fb698522,0,0
d6b1e82f8d3206cc,0,0
5f0b765b83eee359,0,0
9e740edce5950255,0,0
7887667be10c89ba,0,0
68a704998befc17f,0,0
62e26ae348c5e6f3,0,0
6e7ac32a278c1020,0,0
a9c96f49f6d30a45,0,0
ac63d15f1a650c98,0,0
be16ecb606ddc7b3,0,0
3de91cb8cb2b05aa,0,0
f00ecdf6c2191275,0,0
34ca18305393df92,0,0
0dba8f6759c7a2bf,0,0
97570a547d2dd86d,0,0
853324ea7ad23970,0,0
2ebe07ffe11d9aed,0,0
23159bcfa39d1264,0,0
9c3042808889ab8d,0,0
d94f2b14b9e90dab,0,0
69943160a626bf25,0,0
1a741fcfb28e457f,0,0
2eaf14a8fa5ab0db,1,0
0000d3ed05944b51,0,1
9405004585ce3484,0,0
a28611400040309a,0,0
0100420a0200420a,0,0
5ab680058913bfac,0,0
d9e1000046525051,0,0
e7f49c9637060000,0,0
f25b92fdb442919b,0,0
58f497461903666a,0,0
05bbad41f7f12ceb,0,0
3a07eef24a81aaaf,0,0
43b3bd7086445d4f,0,0
5382ccc5f7e03fbc,0,0
71b571a462f379b4,0,0
bd61951346081031,0,0
e4b724fb69852237,0,0
b1e82f8d3206ccd4,0,0
0b765b83eee359d6,0,0
740edce59502555f,0,0
87667be10c89ba9e,0,0
a704998befc17f78,0,0
e26ae348c5e6f368,0,0
7ac32a278c102062,0,0
c96f49f6d30a456e,0,0
63d15f1a650c98a9,0,0
16ecb606ddc7b3ac,0,0
e91cb8cb2b05aabe,0,0
0ecdf6c21912753d,0,0
4e093217df83fff0,0,0
c4d5c6918acde7d1,0,0
f486554e182140c4,0,0
93df92eca7158adc,0,0
c7a2bf34ca183053,0,0
2dd86d0dba8f6759,0,0
d2397097570a547d,0,0
1d9aed853324ea7a,0,0
9d12642ebe07ffe1,0,0
89ab8d23159bcfa3,0,0
e90dab9c30428088,0,0
26bf25d94f2b14b9,0,0
8e457f69943160a6,0,0
5ab0db1a741fcfb2,0,0
a473e02eaf14a8fa,0,0
3b34db0b6748d4f5,0,0
3b25c85c7c0ffec3,0,0
13571b472a369f47,0,0
d31b563961840011,0,0
4d7e4bb29f562872,0,0
1d8bfed22863c04c,0,0
b560b735e83e9e65,0,0
49e7c05d5e2950f5,0,0
7768b617ce90a8eb,0,0
764a90b9f81efc87,0,0
26ae368e546c3e8f,0,0
a637ac72c2080122,0,0
9afc96643fad50e4,0,0
3a16fda551c68099,0,0
6bc16e6bd07d3ccb,0,0
93ce81bbbc52a0ea,0,0
efd06c2f9c2151d7,0,0
ed942073f13df80f,0,0
4c5c6d1ca9d87c1e,0,0
4d6f58e584110244,0,0
35f92dc97e5aa1c8,0,0
752cfa4ba38c0133,0,0
d782ddd6a0fb7896,0,0
279d037779a540d5,0,0
dea1d95e3843a2ae,0,0
da2941e6e27bf01f,0,0
98b8da3852b1f93c,0,0
9bdeb0ca09230488,0,0
6af25b92fdb44291,0,0
eb58f49746190366,0,0
af05bbad41f7f12c,0,0
4f3a07eef24a81aa,0,0
bc43b3bd7086445d,0,0
b45382ccc5f7e03f,0,0
3171b571a462f379,0,0
37bd619513460810,0,0
d4e4b724fb698522,0,0
d6b1e82f8d3206cc,0,0
5f0b765b83eee359,0,0
9e740edce5950255,0,0
7887667be10c89ba,0,0
68a704998befc17f,0,0
62e26ae348c5e6f3,0,0
6e7ac32a278c1020,0,0
a9c96f49f6d30a45,0,0
ac63d15f1a650c98,0,0
be16ecb606ddc7b3,0,0
3de91cb8cb2b05aa,0,0
f00ecdf6c2191275,0,0
d14e093217df83ff,0,0
c4c4d5c6918acde7,0,0
dcf486554e182140,0,0
5393df92eca7158a,0,0
59c7a2bf34ca1830,0,0
7d2dd86d0dba8f67,0,0
7ad2397097570a54,0,0
e11d9aed853324ea,0,0
a39d12642ebe07ff,0,0
8889ab8d23159bcf,0,0
b9e90dab9c304280,0,0
a626bf25d94f2b14,0,0
b28e457f69943160,0,0
fa5ab0db1a741fcf,0,0
f5a473e02eaf14a8,0,0
c33b34db0b6748d4,0,0
473b25c85c7c0ffe,0,0
1113571b472a369f,0,0
72d31b5639618400,0,0
4c4d7e4bb29f5628,0,0
651d8bfed22863c0,0,0
f5b560b735e83e9e,0,0
eb49e7c05d5e2950,0,0
877768b617ce90a8,0,0
8f764a90b9f81efc,0,0
2226ae368e546c3e,0,0
e4a637ac72c20801,0,0
999afc96643fad50,0,0
cb3a16fda551c680,0,0
ea6bc16e6bd07d3c,0,0
d793ce81bbbc52a0,0,0
0fefd06c2f9c2151,0,0
1eed942073f13df8,0,0
444c5c6d1ca9d87c,0,0
c84d6f58e5841102,0,0
3335f92dc97e5aa1,0,0
96752cfa4ba38c01,0,0
d5d782ddd6a0fb78,0,0
ae279d037779a540,0,0
1fdea1d95e3843a2,0,0
3cda2941e6e27bf0,0,0
8898b8da3852b1f9,0,0
919bdeb0ca092304,0,0
666af25b92fdb442,0,0
2ceb58f497461903,0,0
aaaf05bbad41f7f1,0,0
5d4f3a07eef24a81,0,0
3fbc43b3bd708644,0,0
79b45382ccc5f7e0,0,0
103171b571a462f3,0,0
2237bd6195134608,0,0
ccd4e4b724fb6985,0,0
59d6b1e82f8d3206,0,0
555f0b765b83eee3,0,0
ba9e740edce59502,0,0
7f7887667be10c89,0,0
f368a704998befc1,0,0
2062e26ae348c5e6,0,0
456e7ac32a278c10,0,0
98a9c96f49f6d30a,0,0
b3ac63d15f1a650c,0,0
aabe16ecb606ddc7,0,0
753de91cb8cb2b05,0,0
fff00ecdf6c21912,0,0
e7d14e093217df83,0,0
40c4c4d5c6918acd,0,0
8adcf486554e1821,0,0
305393df92eca715,0,0
6759c7a2bf34ca18,0,0
547d2dd86d0dba8f,0,0
ea7ad2397097570a,0,0
ffe11d9aed853324,0,0
cfa39d12642ebe07,0,0
808889ab8d23159b,0,0
14b9e90dab9c3042,0,0
60a626bf25d94f2b,0,0
cfb28e457f699431,0,0
a8fa5ab0db1a741f,0,0
d4f5a473e02eaf14,0,0
fec33b34db0b6748,0,0
9f473b25c85c7c0f,0,0
001113571b472a36,0,0
2872d31b56396184,0,0
c04c4d7e4bb29f56,0,0
9e651d8bfed22863,0,0
50f5b560b735e83e,0,0
a8eb49e7c05d5e29,0,0
fc877768b617ce90,0,0
642ebe07ffe11d9a,0,0
8d23159bcfa39d12,0,0
ab9c3042808889ab,0,0
25d94f2b14b9e90d,0,0
7f69943160a626bf,0,0
db1a741fcfb28e45,0,0
e02eaf14a8fa5ab0,0,0
db0b6748d4f5a473,0,0
c85c7c0ffec33b34,0,0
1b472a369f473b25,0,0
5639618400111357,1,0
0000d3ee05944b51,0,1
94050045d01b1752,0,0
a18611400040319a,0,0
0100420a0200420a,0,0
330a80058913bfac,0,0
dae1000046525051,0,0
dc59a89637060000,0,0
97461903666af25b,0,0
ad41f7f12ceb58f4,0,0
eef24a81aaaf05bb,0,0
bd7086445d4f3a07,0,0
ccc5f7e03fbc43b3,0,0
71a462f379b45382,0,0
95134608103171b5,0,0
24fb69852237bd61,0,0
2f8d3206ccd4e4b7,0,0
5b83eee359d6b1e8,0,0
dce59502555f0b76,0,0
7be10c89ba9e740e,0,0
998befc17f788766,0,0
e348c5e6f368a704,0,0
2a278c102062e26a,0,0
49f6d30a456e7ac3,0,0
5f1a650c98a9c96f,0,0
b606ddc7b3ac63d1,0,0
b8cb2b05aabe16ec,0,0
f6c21912753de91c,0,0
3217df83fff00ecd,0,0
c6918acde7d14e09,0,0
554e182140c4c4d5,0,0
92eca7158adcf486,0,0
bf34ca18305393df,0,0
6d0dba8f6759c7a2,0,0
7097570a547d2dd8,0,0
ed853324ea7ad239,0,0
642ebe07ffe11d9a,0,0
8d23159bcfa39d12,0,0
ab9c3042808889ab,0,0
25d94f2b14b9e90d,0,0
7f69943160a626bf,0,0
db1a741fcfb28e45,0,0
e02eaf14a8fa5ab0,0,0
db0b6748d4f5a473,0,0
c85c7c0ffec33b34,0,0
1b472a369f473b25,0,0
5639618400111357,0,0
4bb29f562872d31b,0,0
fed22863c04c4d7e,0,0
b735e83e9e651d8b,0,0
c05d5e2950f5b560,0,0
b617ce90a8eb49e7,0,0
90b9f81efc877768,0,0
368e546c3e8f764a,0,0
ac72c208012226ae,0,0
96643fad50e4a637,0,0
fda551c680999afc,0,0
6e6bd07d3ccb3a16,0,0
81bbbc52a0ea6bc1,0,0
6c2f9c2151d793ce,0,0
2073f13df80fefd0,0,0
6d1ca9d87c1eed94,0,0
58e5841102444c5c,0,0
2dc97e5aa1c84d6f,0,0
fa4ba38c013335f9,0,0
ddd6a0fb7896752c,0,0
037779a540d5d782,0,0
d95e3843a2ae279d,0,0
41e6e27bf01fdea1,0,0
da3852b1f93cda29,0,0
b0ca0923048898b8,0,0
5b92fdb442919bde,0,0
f497461903666af2,0,0
bbad41f7f12ceb58,0,0
07eef24a81aaaf05,0,0
b3bd7086445d4f3a,0,0
82ccc5f7e03fbc43,0,0
b571a462f379b453,0,0
6195134608103171,0,0
b724fb69852237bd,0,0
e82f8d3206ccd4e4,0,0
765b83eee359d6b1,0,0
0edce59502555f0b,0,0
667be10c89ba9e74,0,0
04998befc17f7887,0,0
6ae348c5e6f368a7,0,0
c32a278c102062e2,0,0
6f49f6d30a456e7a,0,0
d15f1a650c98a9c9,0,0
ecb606ddc7b3ac63,0,0
1cb8cb2b05aabe16,0,0
cdf6c21912753de9,0,0
093217df83fff00e,0,0
d5c6918acde7d14e,0,0
86554e182140c4c4,0,0
df92eca7158adcf4,0,0
a2bf34ca18305393,0,0
d86d0dba8f6759c7,0,0
397097570a547d2d,0,0
9aed853324ea7ad2,0,0
12642ebe07ffe11d,0,0
ab8d23159bcfa39d,0,0
0dab9c3042808889,0,0
bf25d94f2b14b9e9,0,0
457f69943160a626,0,0
b0db1a741fcfb28e,0,0
73e02eaf14a8fa5a,0,0
34db0b6748d4f5a4,0,0
25c85c7c0ffec33b,0,0
571b472a369f473b,0,0
1b56396184001113,0,0
7e4bb29f562872d3,0,0
8bfed22863c04c4d,0,0
60b735e83e9e651d,0,0
e7c05d5e2950f5b5,0,0
68b617ce90a8eb49,0,0
4a90b9f81efc8777,0,0
ae368e546c3e8f76,0,0
37ac72c208012226,0,0
fc96643fad50e4a6,0,0
16fda551c680999a,0,0
c16e6bd07d3ccb3a,0,0
ce81bbbc52a0ea6b,0,0
d06c2f9c2151d793,0,0
942073f13df80fef,0,0
5c6d1ca9d87c1eed,0,0
6f58e5841102444c,0,0
f92dc97e5aa1c84d,0,0
2cfa4ba38c013335,0,0
82ddd6a0fb789675,0,0
9d037779a540d5d7,0,0
a1d95e3843a2ae27,0,0
2941e6e27bf01fde,0,0
b8da3852b1f93cda,0,0
deb0ca0923048898,0,0
f25b92fdb442919b,0,0
58f497461903666a,0,0
05bbad41f7f12ceb,0,0
3a07eef24a81aaaf,0,0
43b3bd7086445d4f,0,0
5382ccc5f7e03fbc,0,0
71b571a462f379b4,0,0
bd61951346081031,0,0
e4b724fb69852237,0,0
b1e82f8d3206ccd4,0,0
0b765b83eee359d6,0,0
740edce59502555f,0,0
87667be10c89ba9e,0,0
a704998befc17f78,0,0
e26ae348c5e6f368,0,0
7ac32a278c102062,0,0
c96f49f6d30a456e,0,0
63d15f1a650c98a9,0,0
16ecb606ddc7b3ac,0,0
e91cb8cb2b05aabe,0,0
0ecdf6c21912753d,0,0
4e093217df83fff0,0,0
c4d5c6918acde7d1,0,0
f486554e182140c4,0,0
93df92eca7158adc,0,0
c7a2bf34ca183053,0,0
2dd86d0dba8f6759,0,0
d2397097570a547d,0,0
1d9aed853324ea7a,0,0
9d12642ebe07ffe1,0,0
89ab8d23159bcfa3,0,0
e90dab9c30428088,0,0
26bf25d94f2b14b9,0,0
8e457f69943160a6,0,0
5ab0db1a741fcfb2,0,0
a473e02eaf14a8fa,0,0
3b34db0b6748d4f5,0,0
3b25c85c7c0ffec3,0,0
13571b472a369f47,0,0
d31b563961840011,0,0
4d7e4bb29f562872,0,0
1d8bfed22863c04c,0,0
b560b735e83e9e65,0,0
49e7c05d5e2950f5,0,0
7768b617ce90a8eb,0,0
764a90b9f81efc87,0,0
9502555f0b765b83,0,0
0c89ba9e740edce5,0,0
efc17f7887667be1,0,0
c5e6f368a704998b,0,0
8c102062e26ae348,0,0
d30a456e7ac32a27,0,0
650c98a9c96f49f6,0,0
ddc7b3ac63d15f1a,0,0
2b05aabe16ecb606,0,0
1912753de91cb8cb,0,0
df83fff00ecdf6c2,1,0
0000d3ef05944b51,0,1
94050045ed195eaa,0,0
a08611400040329a,0,0
0100420a0200420a,0,0
5cc680058913bfac,0,0
dbe1000046525051,0,0
2bbfb39637060000,0,0
2eaf14a8fa5ab0db,0,0
0b6748d4f5a473e0,0,0
5c7c0ffec33b34db,0,0
472a369f473b25c8,0,0
396184001113571b,0,0
b29f562872d31b56,0,0
d22863c04c4d7e4b,0,0
35e83e9e651d8bfe,0,0
5d5e2950f5b560b7,0,0
17ce90a8eb49e7c0,0,0
b9f81efc877768b6,0,0
8e546c3e8f764a90,0,0
72c208012226ae36,0,0
643fad50e4a637ac,0,0
a551c680999afc96,0,0
6bd07d3ccb3a16fd,0,0
bbbc52a0ea6bc16e,0,0
2f9c2151d793ce81,0,0
73f13df80fefd06c,0,0
1ca9d87c1eed9420,0,0
e5841102444c5c6d,0,0
c97e5aa1c84d6f58,0,0
4ba38c013335f92d,0,0
d6a0fb7896752cfa,0,0
7779a540d5d782dd,0,0
5e3843a2ae279d03,0,0
e6e27bf01fdea1d9,0,0
3852b1f93cda2941,0,0
ca0923048898b8da,0,0
92fdb442919bdeb0,0,0
97461903666af25b,0,0
ad41f7f12ceb58f4,0,0
eef24a81aaaf05bb,0,0
bd7086445d4f3a07,0,0
ccc5f7e03fbc43b3,0,0
71a462f379b45382,0,0
95134608103171b5,0,0
24fb69852237bd61,0,0
2f8d3206ccd4e4b7,0,0
5b83eee359d6b1e8,0,0
dce59502555f0b76,0,0
7be10c89ba9e740e,0,0
998befc17f788766,0,0
e348c5e6f368a704,0,0
2a278c102062e26a,0,0
49f6d30a456e7ac3,0,0
5f1a650c98a9c96f,0,0
b606ddc7b3ac63d1,0,0
b8cb2b05aabe16ec,0,0
f6c21912753de91c,0,0
3217df83fff00ecd,0,0
c6918acde7d14e09,0,0
554e182140c4c4d5,0,0
92eca7158adcf486,0,0
bf34ca18305393df,0,0
6d0dba8f6759c7a2,0,0
7097570a547d2dd8,0,0
ed853324ea7ad239,0,0
642ebe07ffe11d9a,0,0
8d23159bcfa39d12,0,0
ab9c3042808889ab,0,0
25d94f2b14b9e90d,0,0
7f69943160a626bf,0,0
db1a741fcfb28e45,0,0
e02eaf14a8fa5ab0,0,0
db0b6748d4f5a473,0,0
c85c7c0ffec33b34,0,0
1b472a369f473b25,0,0
5639618400111357,0,0
4bb29f562872d31b,0,0
fed22863c04c4d7e,0,0
b735e83e9e651d8b,0,0
c05d5e2950f5b560,0,0
b617ce90a8eb49e7,0,0
90b9f81efc877768,0,0
368e546c3e8f764a,0,0
ac72c208012226ae,0,0
96643fad50e4a637,0,0
fda551c680999afc,0,0
6e6bd07d3ccb3a16,0,0
81bbbc52a0ea6bc1,0,0
6c2f9c2151d793ce,0,0
2073f13df80fefd0,0,0
6d1ca9d87c1eed94,0,0
58e5841102444c5c,0,0
2dc97e5aa1c84d6f,0,0
fa4ba38c013335f9,0,0
ddd6a0fb7896752c,0,0
037779a540d5d782,0,0
d95e3843a2ae279d,0,0
41e6e27bf01fdea1,0,0
da3852b1f93cda29,0,0
b0ca0923048898b8,0,0
5b92fdb442919bde,0,0
f497461903666af2,0,0
bbad41f7f12ceb58,0,0
07eef24a81aaaf05,0,0
b3bd7086445d4f3a,0,0
82ccc5f7e03fbc43,0,0
b571a462f379b453,0,0
6195134608103171,0,0
b724fb69852237bd,0,0
e82f8d3206ccd4e4,0,0
765b83eee359d6b1,0,0
0edce59502555f0b,0,0
667be10c89ba9e74,0,0
04998befc17f7887,0,0
6ae348c5e6f368a7,0,0
c32a278c102062e2,0,0
6f49f6d30a456e7a,0,0
d15f1a650c98a9c9,0,0
ecb606ddc7b3ac63,0,0
1cb8cb2b05aabe16,0,0
cdf6c21912753de9,0,0
093217df83fff00e,0,0
d5c6918acde7d14e,0,0
86554e182140c4c4,0,0
df92eca7158adcf4,0,0
a2bf34ca18305393,0,0
d86d0dba8f6759c7,0,0
397097570a547d2d,0,0
9aed853324ea7ad2,0,0
12642ebe07ffe11d,0,0
ab8d23159bcfa39d,0,0
0dab9c3042808889,0,0
bf25d94f2b14b9e9,0,0
457f69943160a626,0,0
b0db1a741fcfb28e,0,0
73e02eaf14a8fa5a,0,0
34db0b6748d4f5a4,0,0
25c85c7c0ffec33b,0,0
571b472a369f473b,0,0
1b56396184001113,0,0
7e4bb29f562872d3,0,0
8bfed22863c04c4d,0,0
60b735e83e9e651d,0,0
e7c05d5e2950f5b5,0,0
68b617ce90a8eb49,0,0
4a90b9f81efc8777,0,0
ae368e546c3e8f76,0,0
37ac72c208012226,0,0
fc96643fad50e4a6,0,0
16fda551c680999a,0,0
c16e6bd07d3ccb3a,0,0
ce81bbbc52a0ea6b,0,0
d06c2f9c2151d793,0,0
942073f13df80fef,0,0
5c6d1ca9d87c1eed,0,0
6f58e5841102444c,0,0
f92dc97e5aa1c84d,0,0
2cfa4ba38c013335,0,0
82ddd6a0fb789675,0,0
9d037779a540d5d7,0,0
a1d95e3843a2ae27,0,0
2941e6e27bf01fde,0,0
b8da3852b1f93cda,0,0
deb0ca0923048898,0,0
f25b92fdb442919b,0,0
58f497461903666a,0,0
05bbad41f7f12ceb,0,0
3a07eef24a81aaaf,0,0
43b3bd7086445d4f,0,0
5382ccc5f7e03fbc,0,0
71b571a462f379b4,0,0
bd61951346081031,0,0
e4b724fb69852237,0,0
b1e82f8d3206ccd4,0,0
0b765b83eee359d6,0,0
740edce59502555f,0,0
87667be10c89ba9e,0,0
a704998befc17f78,0,0
e26ae348c5e6f368,0,0
7ac32a278c102062,0,0
c5e6f368a704998b,0,0
8c102062e26ae348,0,0
d30a456e7ac32a27,0,0
650c98a9c96f49f6,0,0
ddc7b3ac63d15f1a,0,0
2b05aabe16ecb606,0,0
1912753de91cb8cb,0,0
df83fff00ecdf6c2,0,0
8acde7d14e093217,0,0
182140c4c4d5c691,0,0
a7158adcf486554e,1,0
0000d3f005944b51,0,1
940500456b225e51,0,0
9e8611400040349a,0,0
0100420a0200420a,0,0
7c0680058913bfac,0,0
dde1000046525051,0,0
0688ca9637060000,0,0
9c2151d793ce81bb,0,0
f13df80fefd06c2f,0,0
a9d87c1eed942073,0,0
841102444c5c6d1c,0,0
7e5aa1c84d6f58e5,0,0
a38c013335f92dc9,0,0
a0fb7896752cfa4b,0,0
79a540d5d782ddd6,0,0
3843a2ae279d0377,0,0
e27bf01fdea1d95e,0,0
52b1f93cda2941e6,0,0
0923048898b8da38,0,0
fdb442919bdeb0ca,0,0
461903666af25b92,0,0
41f7f12ceb58f497,0,0
f24a81aaaf05bbad,0,0
7086445d4f3a07ee,0,0
c5f7e03fbc43b3bd,0,0
a462f379b45382cc,0,0
134608103171b571,0,0
fb69852237bd6195,0,0
8d3206ccd4e4b724,0,0
83eee359d6b1e82f,0,0
e59502555f0b765b,0,0
e10c89ba9e740edc,0,0
8befc17f7887667b,0,0
48c5e6f368a70499,0,0
278c102062e26ae3,0,0
f6d30a456e7ac32a,0,0
1a650c98a9c96f49,0,0
06ddc7b3ac63d15f,0,0
cb2b05aabe16ecb6,0,0
c21912753de91cb8,0,0
17df83fff00ecdf6,0,0
918acde7d14e0932,0,0
4e182140c4c4d5c6,0,0
eca7158adcf48655,0,0
34ca18305393df92,0,0
0dba8f6759c7a2bf,0,0
97570a547d2dd86d,0,0
853324ea7ad23970,0,0
2ebe07ffe11d9aed,0,0
23159bcfa39d1264,0,0
9c3042808889ab8d,0,0
d94f2b14b9e90dab,0,0
69943160a626bf25,0,0
1a741fcfb28e457f,0,0
2eaf14a8fa5ab0db,0,0
0b6748d4f5a473e0,0,0
5c7c0ffec33b34db,0,0
472a369f473b25c8,0,0
396184001113571b,0,0
b29f562872d31b56,0,0
d22863c04c4d7e4b,0,0
35e83e9e651d8bfe,0,0
5d5e2950f5b560b7,0,0
17ce90a8eb49e7c0,0,0
b9f81efc877768b6,0,0
8e546c3e8f764a90,0,0
72c208012226ae36,0,0
643fad50e4a637ac,0,0
a551c680999afc96,0,0
6bd07d3ccb3a16fd,0,0
bbbc52a0ea6bc16e,0,0
2f9c2151d793ce81,0,0
73f13df80fefd06c,0,0
1ca9d87c1eed9420,0,0
e5841102444c5c6d,0,0
c97e5aa1c84d6f58,0,0
4ba38c013335f92d,0,0
d6a0fb7896752cfa,0,0
7779a540d5d782dd,0,0
5e3843a2ae279d03,0,0
e6e27bf01fdea1d9,0,0
3852b1f93cda2941,0,0
ca0923048898b8da,0,0
92fdb442919bdeb0,0,0
97461903666af25b,0,0
ad41f7f12ceb58f4,0,0
eef24a81aaaf05bb,0,0
bd7086445d4f3a07,0,0
ccc5f7e03fbc43b3,0,0
71a462f379b45382,0,0
95134608103171b5,0,0
24fb69852237bd61,0,0
2f8d3206ccd4e4b7,0,0
5b83eee359d6b1e8,0,0
dce59502555f0b76,0,0
7be10c89ba9e740e,0,0
998befc17f788766,0,0
e348c5e6f368a704,0,0
2a278c102062e26a,0,0
49f6d30a456e7ac3,0,0
5f1a650c98a9c96f,0,0
b606ddc7b3ac63d1,0,0
b8cb2b05aabe16ec,0,0
f6c21912753de91c,0,0
3217df83fff00ecd,0,0
c6918acde7d14e09,0,0
554e182140c4c4d5,0,0
92eca7158adcf486,0,0
bf34ca18305393df,0,0
6d0dba8f6759c7a2,0,0
7097570a547d2dd8,0,0
ed853324ea7ad239,0,0
642ebe07ffe11d9a,0,0
8d23159bcfa39d12,0,0
ab9c3042808889ab,0,0
25d94f2b14b9e90d,0,0
7f69943160a626bf,0,0
db1a741fcfb28e45,0,0
e02eaf14a8fa5ab0,0,0
db0b6748d4f5a473,0,0
c85c7c0ffec33b34,0,0
1b472a369f473b25,0,0
5639618400111357,0,0
4bb29f562872d31b,0,0
fed22863c04c4d7e,0,0
b735e83e9e651d8b,0,0
c05d5e2950f5b560,0,0
b617ce90a8eb49e7,0,0
90b9f81efc877768,0,0
368e546c3e8f764a,0,0
ac72c208012226ae,0,0
96643fad50e4a637,0,0
fda551c680999afc,0,0
6e6bd07d3ccb3a16,0,0
81bbbc52a0ea6bc1,0,0
6c2f9c2151d793ce,0,0
2073f13df80fefd0,0,0
6d1ca9d87c1eed94,0,0
58e5841102444c5c,0,0
2dc97e5aa1c84d6f,0,0
fa4ba38c013335f9,0,0
ddd6a0fb7896752c,0,0
037779a540d5d782,0,0
d95e3843a2ae279d,0,0
41e6e27bf01fdea1,0,0
da3852b1f93cda29,0,0
b0ca0923048898b8,0,0
5b92fdb442919bde,0,0
f497461903666af2,0,0
bbad41f7f12ceb58,0,0
07eef24a81aaaf05,0,0
b3bd7086445d4f3a,0,0
82ccc5f7e03fbc43,0,0
b571a462f379b453,0,0
6195134608103171,0,0
b724fb69852237bd,0,0
e82f8d3206ccd4e4,0,0
765b83eee359d6b1,0,0
0edce59502555f0b,0,0
667be10c89ba9e74,0,0
04998befc17f7887,0,0
6ae348c5e6f368a7,0,0
c32a278c102062e2,0,0
6f49f6d30a456e7a,0,0
d15f1a650c98a9c9,0,0
ecb606ddc7b3ac63,0,0
1cb8cb2b05aabe16,0,0
cdf6c21912753de9,0,0
093217df83fff00e,0,0
d5c6918acde7d14e,0,0
86554e182140c4c4,0,0
df92eca7158adcf4,0,0
a2bf34ca18305393,0,0
d86d0dba8f6759c7,0,0
397097570a547d2d,0,0
9aed853324ea7ad2,0,0
12642ebe07ffe11d,0,0
ab8d23159bcfa39d,0,0
0dab9c3042808889,0,0
bf25d94f2b14b9e9,0,0
f93cda2941e6e27b,0,0
048898b8da3852b1,0,0
42919bdeb0ca0923,0,0
03666af25b92fdb4,0,0
f12ceb58f4974619,0,0
81aaaf05bbad41f7,0,0
445d4f3a07eef24a,0,0
e03fbc43b3bd7086,0,0
f379b45382ccc5f7,0,0
08103171b571a462,0,0
852237bd61951346,1,0
0000d3f105944b51,0,1
940500454b959adc,0,0
9d8611400040359a,0,0
0100420a0200420a,0,0
677f80058913bfac,0,0
dee1000046525051,0,0
afedd59637060000,0,0
f93cda2941e6e27b,0,0
048898b8da3852b1,0,0
42919bdeb0ca0923,0,0
03666af25b92fdb4,0,0
f12ceb58f4974619,0,0
81aaaf05bbad41f7,0,0
445d4f3a07eef24a,0,0
e03fbc43b3bd7086,0,0
f379b45382ccc5f7,0,0
08103171b571a462,0,0
852237bd61951346,0,0
06ccd4e4b724fb69,0,0
e359d6b1e82f8d32,0,0
02555f0b765b83ee,0,0
89ba9e740edce595,0,0
c17f7887667be10c,0,0
e6f368a704998bef,0,0
102062e26ae348c5,0,0
0a456e7ac32a278c,0,0
0c98a9c96f49f6d3,0,0
c7b3ac63d15f1a65,0,0
05aabe16ecb606dd,0,0
12753de91cb8cb2b,0,0
83fff00ecdf6c219,0,0
cde7d14e093217df,0,0
2140c4c4d5c6918a,0,0
158adcf486554e18,0,0
18305393df92eca7,0,0
8f6759c7a2bf34ca,0,0
0a547d2dd86d0dba,0,0
24ea7ad239709757,0,0
07ffe11d9aed8533,0,0
9bcfa39d12642ebe,0,0
42808889ab8d2315,0,0
2b14b9e90dab9c30,0,0
3160a626bf25d94f,0,0
1fcfb28e457f6994,0,0
14a8fa5ab0db1a74,0,0
48d4f5a473e02eaf,0,0
0ffec33b34db0b67,0,0
369f473b25c85c7c,0,0
84001113571b472a,0,0
562872d31b563961,0,0
63c04c4d7e4bb29f,0,0
3e9e651d8bfed228,0,0
2950f5b560b735e8,0,0
90a8eb49e7c05d5e,0,0
1efc877768b617ce,0,0
6c3e8f764a90b9f8,0,0
08012226ae368e54,0,0
ad50e4a637ac72c2,0,0
c680999afc96643f,0,0
7d3ccb3a16fda551,0,0
52a0ea6bc16e6bd0,0,0
2151d793ce81bbbc,0,0
3df80fefd06c2f9c,0,0
d87c1eed942073f1,0,0
1102444c5c6d1ca9,0,0
5aa1c84d6f58e584,0,0
8c013335f92dc97e,0,0
fb7896752cfa4ba3,0,0
a540d5d782ddd6a0,0,0
43a2ae279d037779,0,0
7bf01fdea1d95e38,0,0
b1f93cda2941e6e2,0,0
23048898b8da3852,0,0
b442919bdeb0ca09,0,0
1903666af25b92fd,0,0
f7f12ceb58f49746,0,0
4a81aaaf05bbad41,0,0
86445d4f3a07eef2,0,0
f7e03fbc43b3bd70,0,0
62f379b45382ccc5,0,0
4608103171b571a4,0,0
69852237bd619513,0,0
3206ccd4e4b724fb,0,0
eee359d6b1e82f8d,0,0
9502555f0b765b83,0,0
0c89ba9e740edce5,0,0
efc17f7887667be1,0,0
c5e6f368a704998b,0,0
8c102062e26ae348,0,0
d30a456e7ac32a27,0,0
650c98a9c96f49f6,0,0
ddc7b3ac63d15f1a,0,0
2b05aabe16ecb606,0,0
1912753de91cb8cb,0,0
df83fff00ecdf6c2,0,0
8acde7d14e093217,0,0
182140c4c4d5c691,0,0
a7158adcf486554e,0,0
ca18305393df92ec,0,0
ba8f6759c7a2bf34,0,0
570a547d2dd86d0d,0,0
3324ea7ad2397097,0,0
be07ffe11d9aed85,0,0
159bcfa39d12642e,0,0
3042808889ab8d23,0,0
4f2b14b9e90dab9c,0,0
943160a626bf25d9,0,0
741fcfb28e457f69,0,0
af14a8fa5ab0db1a,0,0
6748d4f5a473e02e,0,0
7c0ffec33b34db0b,0,0
2a369f473b25c85c,0,0
6184001113571b47,0,0
9f562872d31b5639,0,0
2863c04c4d7e4bb2,0,0
e83e9e651d8bfed2,0,0
5e2950f5b560b735,0,0
ce90a8eb49e7c05d,0,0
f81efc877768b617,0,0
546c3e8f764a90b9,0,0
c208012226ae368e,0,0
3fad50e4a637ac72,0,0
51c680999afc9664,0,0
d07d3ccb3a16fda5,0,0
bc52a0ea6bc16e6b,0,0
9c2151d793ce81bb,0,0
f13df80fefd06c2f,0,0
a9d87c1eed942073,0,0
841102444c5c6d1c,0,0
7e5aa1c84d6f58e5,0,0
a38c013335f92dc9,0,0
a0fb7896752cfa4b,0,0
79a540d5d782ddd6,0,0
3843a2ae279d0377,0,0
e27bf01fdea1d95e,0,0
52b1f93cda2941e6,0,0
0923048898b8da38,0,0
fdb442919bdeb0ca,0,0
461903666af25b92,0,0
41f7f12ceb58f497,0,0
f24a81aaaf05bbad,0,0
7086445d4f3a07ee,0,0
c5f7e03fbc43b3bd,0,0
a462f379b45382cc,0,0
134608103171b571,0,0
fb69852237bd6195,0,0
8d3206ccd4e4b724,0,0
83eee359d6b1e82f,0,0
e59502555f0b765b,0,0
e10c89ba9e740edc,0,0
8befc17f7887667b,0,0
48c5e6f368a70499,0,0
278c102062e26ae3,0,0
f6d30a456e7ac32a,0,0
1a650c98a9c96f49,0,0
06ddc7b3ac63d15f,0,0
cb2b05aabe16ecb6,0,0
c21912753de91cb8,0,0
17df83fff00ecdf6,0,0
918acde7d14e0932,0,0
4e182140c4c4d5c6,0,0
eca7158adcf48655,0,0
34ca18305393df92,0,0
0dba8f6759c7a2bf,0,0
97570a547d2dd86d,0,0
853324ea7ad23970,0,0
2ebe07ffe11d9aed,0,0
23159bcfa39d1264,0,0
9c3042808889ab8d,0,0
d94f2b14b9e90dab,0,0
69943160a626bf25,0,0
1a741fcfb28e457f,0,0
2eaf14a8fa5ab0db,0,0
0b6748d4f5a473e0,0,0
5c7c0ffec33b34db,0,0
472a369f473b25c8,0,0
396184001113571b,0,0
b29f562872d31b56,0,0
d22863c04c4d7e4b,0,0
35e83e9e651d8bfe,0,0
a9d87c1eed942073,0,0
841102444c5c6d1c,0,0
7e5aa1c84d6f58e5,0,0
a38c013335f92dc9,0,0
a0fb7896752cfa4b,0,0
79a540d5d782ddd6,0,0
3843a2ae279d0377,0,0
e27bf01fdea1d95e,0,0
52b1f93cda2941e6,0,0
0923048898b8da38,0,0
fdb442919bdeb0ca,1,0
0000d3f205944b51,0,1
940500459b005b31,0,0
9c8611400040369a,0,0
0100420a0200420a,0,0
3a3a80058913bfac,0,0
dfe1000046525051,0,0
0e52e19637060000,0,0
40d5d782ddd6a0fb,0,0
a2ae279d037779a5,0,0
f01fdea1d95e3843,0,0
f93cda2941e6e27b,0,0
048898b8da3852b1,0,0
42919bdeb0ca0923,0,0
03666af25b92fdb4,0,0
f12ceb58f4974619,0,0
81aaaf05bbad41f7,0,0
445d4f3a07eef24a,0,0
e03fbc43b3bd7086,0,0
f379b45382ccc5f7,0,0
08103171b571a462,0,0
852237bd61951346,0,0
06ccd4e4b724fb69,0,0
e359d6b1e82f8d32,0,0
02555f0b765b83ee,0,0
89ba9e740edce595,0,0
c17f7887667be10c,0,0
e6f368a704998bef,0,0
102062e26ae348c5,0,0
0a456e7ac32a278c,0,0
0c98a9c96f49f6d3,0,0
c7b3ac63d15f1a65,0,0
05aabe16ecb606dd,0,0
12753de91cb8cb2b,0,0
83fff00ecdf6c219,0,0
cde7d14e093217df,0,0
2140c4c4d5c6918a,0,0
158adcf486554e18,0,0
18305393df92eca7,0,0
8f6759c7a2bf34ca,0,0
0a547d2dd86d0dba,0,0
24ea7ad239709757,0,0
07ffe11d9aed8533,0,0
9bcfa39d12642ebe,0,0
42808889ab8d2315,0,0
2b14b9e90dab9c30,0,0
3160a626bf25d94f,0,0
1fcfb28e457f6994,0,0
14a8fa5ab0db1a74,0,0
48d4f5a473e02eaf,0,0
0ffec33b34db0b67,0,0
369f473b25c85c7c,0,0
84001113571b472a,0,0
562872d31b563961,0,0
63c04c4d7e4bb29f,0,0
3e9e651d8bfed228,0,0
2950f5b560b735e8,0,0
90a8eb49e7c05d5e,0,0
1efc877768b617ce,0,0
6c3e8f764a90b9f8,0,0
08012226ae368e54,0,0
ad50e4a637ac72c2,0,0
c680999afc96643f,0,0
7d3ccb3a16fda551,0,0
52a0ea6bc16e6bd0,0,0
2151d793ce81bbbc,0,0
3df80fefd06c2f9c,0,0
d87c1eed942073f1,0,0
1102444c5c6d1ca9,0,0
5aa1c84d6f58e584,0,0
8c013335f92dc97e,0,0
fb7896752cfa4ba3,0,0
a540d5d782ddd6a0,0,0
43a2ae279d037779,0,0
7bf01fdea1d95e38,0,0
b1f93cda2941e6e2,0,0
23048898b8da3852,0,0
b442919bdeb0ca09,0,0
1903666af25b92fd,0,0
f7f12ceb58f49746,0,0
4a81aaaf05bbad41,0,0
86445d4f3a07eef2,0,0
f7e03fbc43b3bd70,0,0
62f379b45382ccc5,0,0
4608103171b571a4,0,0
69852237bd619513,0,0
3206ccd4e4b724fb,0,0
eee359d6b1e82f8d,0,0
9502555f0b765b83,0,0
0c89ba9e740edce5,0,0
efc17f7887667be1,0,0
c5e6f368a704998b,0,0
8c102062e26ae348,0,0
d30a456e7ac32a27,0,0
650c98a9c96f49f6,0,0
ddc7b3ac63d15f1a,0,0
2b05aabe16ecb606,0,0
1912753de91cb8cb,0,0
df83fff00ecdf6c2,0,0
8acde7d14e093217,0,0
182140c4c4d5c691,0,0
a7158adcf486554e,0,0
ca18305393df92ec,0,0
ba8f6759c7a2bf34,0,0
570a547d2dd86d0d,0,0
3324ea7ad2397097,0,0
be07ffe11d9aed85,0,0
159bcfa39d12642e,0,0
3042808889ab8d23,0,0
4f2b14b9e90dab9c,0,0
943160a626bf25d9,0,0
741fcfb28e457f69,0,0
af14a8fa5ab0db1a,0,0
6748d4f5a473e02e,0,0
7c0ffec33b34db0b,0,0
2a369f473b25c85c,0,0
6184001113571b47,0,0
9f562872d31b5639,0,0
2863c04c4d7e4bb2,0,0
e83e9e651d8bfed2,0,0
5e2950f5b560b735,0,0
ce90a8eb49e7c05d,0,0
f81efc877768b617,0,0
546c3e8f764a90b9,0,0
c208012226ae368e,0,0
3fad50e4a637ac72,0,0
51c680999afc9664,0,0
d07d3ccb3a16fda5,0,0
bc52a0ea6bc16e6b,0,0
9c2151d793ce81bb,0,0
f13df80fefd06c2f,0,0
a9d87c1eed942073,0,0
841102444c5c6d1c,0,0
7e5aa1c84d6f58e5,0,0
a38c013335f92dc9,0,0
a0fb7896752cfa4b,0,0
79a540d5d782ddd6,0,0
3843a2ae279d0377,0,0
e27bf01fdea1d95e,0,0
52b1f93cda2941e6,0,0
0923048898b8da38,0,0
fdb442919bdeb0ca,0,0
461903666af25b92,0,0
41f7f12ceb58f497,0,0
f24a81aaaf05bbad,0,0
7086445d4f3a07ee,0,0
c5f7e03fbc43b3bd,0,0
a462f379b45382cc,0,0
134608103171b571,0,0
fb69852237bd6195,0,0
8d3206ccd4e4b724,0,0
83eee359d6b1e82f,0,0
e59502555f0b765b,0,0
e10c89ba9e740edc,0,0
8befc17f7887667b,0,0
48c5e6f368a70499,0,0
278c102062e26ae3,0,0
f6d30a456e7ac32a,0,0
1a650c98a9c96f49,0,0
06ddc7b3ac63d15f,0,0
cb2b05aabe16ecb6,0,0
c21912753de91cb8,0,0
17df83fff00ecdf6,0,0
918acde7d14e0932,0,0
4e182140c4c4d5c6,0,0
eca7158adcf48655,0,0
34ca18305393df92,0,0
0dba8f6759c7a2bf,0,0
97570a547d2dd86d,0,0
853324ea7ad23970,0,0
2ebe07ffe11d9aed,0,0
23159bcfa39d1264,0,0
9c3042808889ab8d,0,0
d94f2b14b9e90dab,0,0
69943160a626bf25,0,0
1a741fcfb28e457f,0,0
2eaf14a8fa5ab0db,0,0
0b6748d4f5a473e0,0,0
5c7c0ffec33b34db,0,0
472a369f473b25c8,0,0
396184001113571b,0,0
58f497461903666a,0,0
05bbad41f7f12ceb,0,0
3a07eef24a81aaaf,0,0
43b3bd7086445d4f,0,0
5382ccc5f7e03fbc,0,0
71b571a462f379b4,0,0
bd61951346081031,0,0
e4b724fb69852237,0,0
b1e82f8d3206ccd4,0,0
0b765b83eee359d6,0,0
740edce59502555f,1,0
0000d3f305944b51,0,1
94050045c60ff80d,0,0
9b8611400040379a,0,0
0100420a0200420a,0,0
1c3f80058913bfac,0,0
e0e1000046525051,0,0
5fb5ec9637060000,0,0
cfa39d12642ebe07,0,0
808889ab8d23159b,0,0
14b9e90dab9c3042,0,0
60a626bf25d94f2b,0,0
cfb28e457f699431,0,0
a8fa5ab0db1a741f,0,0
d4f5a473e02eaf14,0,0
fec33b34db0b6748,0,0
9f473b25c85c7c0f,0,0
001113571b472a36,0,0
2872d31b56396184,0,0
c04c4d7e4bb29f56,0,0
9e651d8bfed22863,0,0
50f5b560b735e83e,0,0
a8eb49e7c05d5e29,0,0
fc877768b617ce90,0,0
3e8f764a90b9f81e,0,0
012226ae368e546c,0,0
50e4a637ac72c208,0,0
80999afc96643fad,0,0
3ccb3a16fda551c6,0,0
a0ea6bc16e6bd07d,0,0
51d793ce81bbbc52,0,0
f80fefd06c2f9c21,0,0
7c1eed942073f13d,0,0
02444c5c6d1ca9d8,0,0
a1c84d6f58e58411,0,0
013335f92dc97e5a,0,0
7896752cfa4ba38c,0,0
40d5d782ddd6a0fb,0,0
a2ae279d037779a5,0,0
f01fdea1d95e3843,0,0
f93cda2941e6e27b,0,0
048898b8da3852b1,0,0
42919bdeb0ca0923,0,0
03666af25b92fdb4,0,0
f12ceb58f4974619,0,0
81aaaf05bbad41f7,0,0
445d4f3a07eef24a,0,0
e03fbc43b3bd7086,0,0
f379b45382ccc5f7,0,0
08103171b571a462,0,0
852237bd61951346,0,0
06ccd4e4b724fb69,0,0
e359d6b1e82f8d32,0,0
02555f0b765b83ee,0,0
89ba9e740edce595,0,0
c17f7887667be10c,0,0
e6f368a704998bef,0,0
102062e26ae348c5,0,0
0a456e7ac32a278c,0,0
0c98a9c96f49f6d3,0,0
c7b3ac63d15f1a65,0,0
05aabe16ecb606dd,0,0
12753de91cb8cb2b,0,0
83fff00ecdf6c219,0,0
cde7d14e093217df,0,0
2140c4c4d5c6918a,0,0
158adcf486554e18,0,0
18305393df92eca7,0,0
8f6759c7a2bf34ca,0,0
0a547d2dd86d0dba,0,0
24ea7ad239709757,0,0
07ffe11d9aed8533,0,0
9bcfa39d12642ebe,0,0
42808889ab8d2315,0,0
2b14b9e90dab9c30,0,0
3160a626bf25d94f,0,0
1fcfb28e457f6994,0,0
14a8fa5ab0db1a74,0,0
48d4f5a473e02eaf,0,0
0ffec33b34db0b67,0,0
369f473b25c85c7c,0,0
84001113571b472a,0,0
562872d31b563961,0,0
63c04c4d7e4bb29f,0,0
3e9e651d8bfed228,0,0
2950f5b560b735e8,0,0
90a8eb49e7c05d5e,0,0
1efc877768b617ce,0,0
6c3e8f764a90b9f8,0,0
08012226ae368e54,0,0
ad50e4a637ac72c2,0,0
c680999afc96643f,0,0
7d3ccb3a16fda551,0,0
52a0ea6bc16e6bd0,0,0
2151d793ce81bbbc,0,0
3df80fefd06c2f9c,0,0
d87c1eed942073f1,0,0
1102444c5c6d1ca9,0,0
5aa1c84d6f58e584,0,0
8c013335f92dc97e,0,0
fb7896752cfa4ba3,0,0
a540d5d782ddd6a0,0,0
43a2ae279d037779,0,0
7bf01fdea1d95e38,0,0
b1f93cda2941e6e2,0,0
23048898b8da3852,0,0
b442919bdeb0ca09,0,0
1903666af25b92fd,0,0
f7f12ceb58f49746,0,0
4a81aaaf05bbad41,0,0
86445d4f3a07eef2,0,0
f7e03fbc43b3bd70,0,0
62f379b45382ccc5,0,0
4608103171b571a4,0,0
69852237bd619513,0,0
3206ccd4e4b724fb,0,0
eee359d6b1e82f8d,0,0
9502555f0b765b83,0,0
0c89ba9e740edce5,0,0
efc17f7887667be1,0,0
c5e6f368a704998b,0,0
8c102062e26ae348,0,0
d30a456e7ac32a27,0,0
650c98a9c96f49f6,0,0
ddc7b3ac63d15f1a,0,0
2b05aabe16ecb606,0,0
1912753de91cb8cb,0,0
df83fff00ecdf6c2,0,0
8acde7d14e093217,0,0
182140c4c4d5c691,0,0
a7158adcf486554e,0,0
ca18305393df92ec,0,0
ba8f6759c7a2bf34,0,0
570a547d2dd86d0d,0,0
3324ea7ad2397097,0,0
be07ffe11d9aed85,0,0
159bcfa39d12642e,0,0
3042808889ab8d23,0,0
4f2b14b9e90dab9c,0,0
943160a626bf25d9,0,0
741fcfb28e457f69,0,0
af14a8fa5ab0db1a,0,0
6748d4f5a473e02e,0,0
7c0ffec33b34db0b,0,0
2a369f473b25c85c,0,0
6184001113571b47,0,0
9f562872d31b5639,0,0
2863c04c4d7e4bb2,0,0
e83e9e651d8bfed2,0,0
5e2950f5b560b735,0,0
ce90a8eb49e7c05d,0,0
f81efc877768b617,0,0
546c3e8f764a90b9,0,0
c208012226ae368e,0,0
3fad50e4a637ac72,0,0
51c680999afc9664,0,0
d07d3ccb3a16fda5,0,0
bc52a0ea6bc16e6b,0,0
9c2151d793ce81bb,0,0
f13df80fefd06c2f,0,0
a9d87c1eed942073,0,0
841102444c5c6d1c,0,0
7e5aa1c84d6f58e5,0,0
a38c013335f92dc9,0,0
a0fb7896752cfa4b,0,0
79a540d5d782ddd6,0,0
3843a2ae279d0377,0,0
e27bf01fdea1d95e,0,0
52b1f93cda2941e6,0,0
0923048898b8da38,0,0
fdb442919bdeb0ca,0,0
461903666af25b92,0,0
41f7f12ceb58f497,0,0
f24a81aaaf05bbad,0,0
7086445d4f3a07ee,0,0
c5f7e03fbc43b3bd,0,0
a462f379b45382cc,0,0
134608103171b571,0,0
fb69852237bd6195,0,0
8d3206ccd4e4b724,0,0
83eee359d6b1e82f,0,0
08103171b571a462,0,0
852237bd61951346,0,0
06ccd4e4b724fb69,0,0
e359d6b1e82f8d32,0,0
02555f0b765b83ee,0,0
89ba9e740edce595,0,0
c17f7887667be10c,0,0
e6f368a704998bef,0,0
102062e26ae348c5,0,0
0a456e7ac32a278c,0,0
0c98a9c96f49f6d3,1,0
0000d3f405944b51,0,1
940500454247cc3c,0,0
9a8611400040389a,0,0
0100420a0200420a,0,0
5ef080058913bfac,0,0
e1e1000046525051,0,0
081bf89637060000,0,0
764a90b9f81efc87,0,0
26ae368e546c3e8f,0,0
a637ac72c2080122,0,0
9afc96643fad50e4,0,0
3a16fda551c68099,0,0
6bc16e6bd07d3ccb,0,0
93ce81bbbc52a0ea,0,0
efd06c2f9c2151d7,0,0
ed942073f13df80f,0,0
4c5c6d1ca9d87c1e,0,0
4d6f58e584110244,0,0
35f92dc97e5aa1c8,0,0
752cfa4ba38c0133,0,0
d782ddd6a0fb7896,0,0
279d037779a540d5,0,0
dea1d95e3843a2ae,0,0
da2941e6e27bf01f,0,0
98b8da3852b1f93c,0,0
9bdeb0ca09230488,0,0
6af25b92fdb44291,0,0
eb58f49746190366,0,0
af05bbad41f7f12c,0,0
4f3a07eef24a81aa,0,0
bc43b3bd7086445d,0,0
b45382ccc5f7e03f,0,0
3171b571a462f379,0,0
37bd619513460810,0,0
d4e4b724fb698522,0,0
d6b1e82f8d3206cc,0,0
5f0b765b83eee359,0,0
9e740edce5950255,0,0
7887667be10c89ba,0,0
68a704998befc17f,0,0
62e26ae348c5e6f3,0,0
6e7ac32a278c1020,0,0
a9c96f49f6d30a45,0,0
ac63d15f1a650c98,0,0
be16ecb606ddc7b3,0,0
3de91cb8cb2b05aa,0,0
f00ecdf6c2191275,0,0
d14e093217df83ff,0,0
c4c4d5c6918acde7,0,0
dcf486554e182140,0,0
5393df92eca7158a,0,0
59c7a2bf34ca1830,0,0
7d2dd86d0dba8f67,0,0
7ad2397097570a54,0,0
e11d9aed853324ea,0,0
a39d12642ebe07ff,0,0
8889ab8d23159bcf,0,0
b9e90dab9c304280,0,0
a626bf25d94f2b14,0,0
b28e457f69943160,0,0
fa5ab0db1a741fcf,0,0
f5a473e02eaf14a8,0,0
c33b34db0b6748d4,0,0
473b25c85c7c0ffe,0,0
1113571b472a369f,0,0
72d31b5639618400,0,0
4c4d7e4bb29f5628,0,0
651d8bfed22863c0,0,0
f5b560b735e83e9e,0,0
eb49e7c05d5e2950,0,0
877768b617ce90a8,0,0
8f764a90b9f81efc,0,0
2226ae368e546c3e,0,0
e4a637ac72c20801,0,0
999afc96643fad50,0,0
cb3a16fda551c680,0,0
ea6bc16e6bd07d3c,0,0
d793ce81bbbc52a0,0,0
0fefd06c2f9c2151,0,0
1eed942073f13df8,0,0
444c5c6d1ca9d87c,0,0
c84d6f58e5841102,0,0
3335f92dc97e5aa1,0,0
96752cfa4ba38c01,0,0
d5d782ddd6a0fb78,0,0
ae279d037779a540,0,0
1fdea1d95e3843a2,0,0
3cda2941e6e27bf0,0,0
8898b8da3852b1f9,0,0
919bdeb0ca092304,0,0
666af25b92fdb442,0,0
2ceb58f497461903,0,0
aaaf05bbad41f7f1,0,0
5d4f3a07eef24a81,0,0
3fbc43b3bd708644,0,0
79b45382ccc5f7e0,0,0
103171b571a462f3,0,0
2237bd6195134608,0,0
ccd4e4b724fb6985,0,0
59d6b1e82f8d3206,0,0
555f0b765b83eee3,0,0
ba9e740edce59502,0,0
7f7887667be10c89,0,0
f368a704998befc1,0,0
2062e26ae348c5e6,0,0
456e7ac32a278c10,0,0
98a9c96f49f6d30a,0,0
b3ac63d15f1a650c,0,0
aabe16ecb606ddc7,0,0
753de91cb8cb2b05,0,0
fff00ecdf6c21912,0,0
e7d14e093217df83,0,0
40c4c4d5c6918acd,0,0
8adcf486554e1821,0,0
305393df92eca715,0,0
6759c7a2bf34ca18,0,0
547d2dd86d0dba8f,0,0
ea7ad2397097570a,0,0
ffe11d9aed853324,0,0
cfa39d12642ebe07,0,0
808889ab8d23159b,0,0
14b9e90dab9c3042,0,0
60a626bf25d94f2b,0,0
cfb28e457f699431,0,0
a8fa5ab0db1a741f,0,0
d4f5a473e02eaf14,0,0
fec33b34db0b6748,0,0
9f473b25c85c7c0f,0,0
001113571b472a36,0,0
2872d31b56396184,0,0
c04c4d7e4bb29f56,0,0
9e651d8bfed22863,0,0
50f5b560b735e83e,0,0
a8eb49e7c05d5e29,0,0
fc877768b617ce90,0,0
3e8f764a90b9f81e,0,0
012226ae368e546c,0,0
50e4a637ac72c208,0,0
80999afc96643fad,0,0
3ccb3a16fda551c6,0,0
a0ea6bc16e6bd07d,0,0
51d793ce81bbbc52,0,0
f80fefd06c2f9c21,0,0
7c1eed942073f13d,0,0
02444c5c6d1ca9d8,0,0
a1c84d6f58e58411,0,0
013335f92dc97e5a,0,0
7896752cfa4ba38c,0,0
40d5d782ddd6a0fb,0,0
a2ae279d037779a5,0,0
f01fdea1d95e3843,0,0
f93cda2941e6e27b,0,0
048898b8da3852b1,0,0
42919bdeb0ca0923,0,0
03666af25b92fdb4,0,0
f12ceb58f4974619,0,0
81aaaf05bbad41f7,0,0
445d4f3a07eef24a,0,0
e03fbc43b3bd7086,0,0
f379b45382ccc5f7,0,0
08103171b571a462,0,0
852237bd61951346,0,0
06ccd4e4b724fb69,0,0
e359d6b1e82f8d32,0,0
02555f0b765b83ee,0,0
89ba9e740edce595,0,0
c17f7887667be10c,0,0
e6f368a704998bef,0,0
102062e26ae348c5,0,0
0a456e7ac32a278c,0,0
0c98a9c96f49f6d3,0,0
c7b3ac63d15f1a65,0,0
05aabe16ecb606dd,0,0
12753de91cb8cb2b,0,0
83fff00ecdf6c219,0,0
cde7d14e093217df,0,0
2140c4c4d5c6918a,0,0
158adcf486554e18,0,0
18305393df92eca7,0,0
8f6759c7a2bf34ca,0,0
bbad41f7f12ceb58,0,0
07eef24a81aaaf05,0,0
b3bd7086445d4f3a,0,0
82ccc5f7e03fbc43,0,0
b571a462f379b453,0,0
6195134608103171,0,0
b724fb69852237bd,0,0
e82f8d3206ccd4e4,0,0
765b83eee359d6b1,0,0
0edce59502555f0b,0,0
667be10c89ba9e74,1,0
0000d3f505944b51,0,1
94050045037cf7c7,0,0
998611400040399a,0,0
0100420a0200420a,0,0
a48580058913bfac,0,0
e2e1000046525051,0,0
857f039737060000,0,0
13571b472a369f47,0,0
d31b563961840011,0,0
4d7e4bb29f562872,0,0
1d8bfed22863c04c,0,0
b560b735e83e9e65,0,0
49e7c05d5e2950f5,0,0
7768b617ce90a8eb,0,0
764a90b9f81efc87,0,0
26ae368e546c3e8f,0,0
a637ac72c2080122,0,0
9afc96643fad50e4,0,0
3a16fda551c68099,0,0
6bc16e6bd07d3ccb,0,0
93ce81bbbc52a0ea,0,0
efd06c2f9c2151d7,0,0
ed942073f13df80f,0,0
4c5c6d1ca9d87c1e,0,0
4d6f58e584110244,0,0
35f92dc97e5aa1c8,0,0
752cfa4ba38c0133,0,0
d782ddd6a0fb7896,0,0
279d037779a540d5,0,0
dea1d95e3843a2ae,0,0
da2941e6e27bf01f,0,0
98b8da3852b1f93c,0,0
9bdeb0ca09230488,0,0
6af25b92fdb44291,0,0
eb58f49746190366,0,0
af05bbad41f7f12c,0,0
4f3a07eef24a81aa,0,0
bc43b3bd7086445d,0,0
b45382ccc5f7e03f,0,0
3171b571a462f379,0,0
37bd619513460810,0,0
d4e4b724fb698522,0,0
d6b1e82f8d3206cc,0,0
5f0b765b83eee359,0,0
9e740edce5950255,0,0
7887667be10c89ba,0,0
68a704998befc17f,0,0
62e26ae348c5e6f3,0,0
6e7ac32a278c1020,0,0
a9c96f49f6d30a45,0,0
ac63d15f1a650c98,0,0
be16ecb606ddc7b3,0,0
3de91cb8cb2b05aa,0,0
f00ecdf6c2191275,0,0
d14e093217df83ff,0,0
c4c4d5c6918acde7,0,0
dcf486554e182140,0,0
5393df92eca7158a,0,0
59c7a2bf34ca1830,0,0
7d2dd86d0dba8f67,0,0
7ad2397097570a54,0,0
e11d9aed853324ea,0,0
a39d12642ebe07ff,0,0
8889ab8d23159bcf,0,0
b9e90dab9c304280,0,0
a626bf25d94f2b14,0,0
b28e457f69943160,0,0
fa5ab0db1a741fcf,0,0
f5a473e02eaf14a8,0,0
c33b34db0b6748d4,0,0
473b25c85c7c0ffe,0,0
1113571b472a369f,0,0
72d31b5639618400,0,0
4c4d7e4bb29f5628,0,0
651d8bfed22863c0,0,0
f5b560b735e83e9e,0,0
eb49e7c05d5e2950,0,0
877768b617ce90a8,0,0
8f764a90b9f81efc,0,0
2226ae368e546c3e,0,0
e4a637ac72c20801,0,0
999afc96643fad50,0,0
cb3a16fda551c680,0,0
ea6bc16e6bd07d3c,0,0
d793ce81bbbc52a0,0,0
0fefd06c2f9c2151,0,0
1eed942073f13df8,0,0
444c5c6d1ca9d87c,0,0
c84d6f58e5841102,0,0
3335f92dc97e5aa1,0,0
96752cfa4ba38c01,0,0
d5d782ddd6a0fb78,0,0
ae279d037779a540,0,0
1fdea1d95e3843a2,0,0
3cda2941e6e27bf0,0,0
8898b8da3852b1f9,0,0
919bdeb0ca092304,0,0
666af25b92fdb442,0,0
2ceb58f497461903,0,0
aaaf05bbad41f7f1,0,0
5d4f3a07eef24a81,0,0
3fbc43b3bd708644,0,0
79b45382ccc5f7e0,0,0
103171b571a462f3,0,0
2237bd6195134608,0,0
ccd4e4b724fb6985,0,0
59d6b1e82f8d3206,0,0
555f0b765b83eee3,0,0
ba9e740edce59502,0,0
7f7887667be10c89,0,0
f368a704998befc1,0,0
2062e26ae348c5e6,0,0
456e7ac32a278c10,0,0
98a9c96f49f6d30a,0,0
b3ac63d15f1a650c,0,0
aabe16ecb606ddc7,0,0
753de91cb8cb2b05,0,0
fff00ecdf6c21912,0,0
e7d14e093217df83,0,0
40c4c4d5c6918acd,0,0
8adcf486554e1821,0,0
305393df92eca715,0,0
6759c7a2bf34ca18,0,0
547d2dd86d0dba8f,0,0
ea7ad2397097570a,0,0
ffe11d9aed853324,0,0
cfa39d12642ebe07,0,0
808889ab8d23159b,0,0
14b9e90dab9c3042,0,0
60a626bf25d94f2b,0,0
cfb28e457f699431,0,0
a8fa5ab0db1a741f,0,0
d4f5a473e02eaf14,0,0
fec33b34db0b6748,0,0
9f473b25c85c7c0f,0,0
001113571b472a36,0,0
2872d31b56396184,0,0
c04c4d7e4bb29f56,0,0
9e651d8bfed22863,0,0
50f5b560b735e83e,0,0
a8eb49e7c05d5e29,0,0
fc877768b617ce90,0,0
3e8f764a90b9f81e,0,0
012226ae368e546c,0,0
50e4a637ac72c208,0,0
80999afc96643fad,0,0
3ccb3a16fda551c6,0,0
a0ea6bc16e6bd07d,0,0
51d793ce81bbbc52,0,0
f80fefd06c2f9c21,0,0
7c1eed942073f13d,0,0
02444c5c6d1ca9d8,0,0
a1c84d6f58e58411,0,0
013335f92dc97e5a,0,0
7896752cfa4ba38c,0,0
40d5d782ddd6a0fb,0,0
a2ae279d037779a5,0,0
f01fdea1d95e3843,0,0
f93cda2941e6e27b,0,0
048898b8da3852b1,0,0
42919bdeb0ca0923,0,0
03666af25b92fdb4,0,0
f12ceb58f4974619,0,0
81aaaf05bbad41f7,0,0
445d4f3a07eef24a,0,0
e03fbc43b3bd7086,0,0
f379b45382ccc5f7,0,0
08103171b571a462,0,0
852237bd61951346,0,0
06ccd4e4b724fb69,0,0
e359d6b1e82f8d32,0,0
02555f0b765b83ee,0,0
89ba9e740edce595,0,0
c17f7887667be10c,0,0
e6f368a704998bef,0,0
102062e26ae348c5,0,0
0a456e7ac32a278c,0,0
0c98a9c96f49f6d3,0,0
c7b3ac63d15f1a65,0,0
05aabe16ecb606dd,0,0
eb49e7c05d5e2950,0,0
877768b617ce90a8,0,0
8f764a90b9f81efc,0,0
2226ae368e546c3e,0,0
e4a637ac72c20801,0,0
999afc96643fad50,0,0
cb3a16fda551c680,0,0
ea6bc16e6bd07d3c,0,0
d793ce81bbbc52a0,0,0
0fefd06c2f9c2151,0,0
1eed942073f13df8,1,0
0000d3f605944b51,0,1
940500452e1b866c,0,0
9886114000403a9a,0,0
0100420a0200420a,0,0
04e180058913bfac,0,0
e3e1000046525051,0,0
cfe80e9737060000,0,0
aabe16ecb606ddc7,0,0
753de91cb8cb2b05,0,0
fff00ecdf6c21912,0,0
e7d14e093217df83,0,0
40c4c4d5c6918acd,0,0
8adcf486554e1821,0,0
305393df92eca715,0,0
6759c7a2bf34ca18,0,0
547d2dd86d0dba8f,0,0
ea7ad2397097570a,0,0
ffe11d9aed853324,0,0
cfa39d12642ebe07,0,0
808889ab8d23159b,0,0
14b9e90dab9c3042,0,0
60a626bf25d94f2b,0,0
cfb28e457f699431,0,0
a8fa5ab0db1a741f,0,0
d4f5a473e02eaf14,0,0
fec33b34db0b6748,0,0
9f473b25c85c7c0f,0,0
001113571b472a36,0,0
2872d31b56396184,0,0
c04c4d7e4bb29f56,0,0
9e651d8bfed22863,0,0
50f5b560b735e83e,0,0
a8eb49e7c05d5e29,0,0
fc877768b617ce90,0,0
3e8f764a90b9f81e,0,0
012226ae368e546c,0,0
50e4a637ac72c208,0,0
80999afc96643fad,0,0
3ccb3a16fda551c6,0,0
a0ea6bc16e6bd07d,0,0
51d793ce81bbbc52,0,0
f80fefd06c2f9c21,0,0
7c1eed942073f13d,0,0
02444c5c6d1ca9d8,0,0
a1c84d6f58e58411,0,0
013335f92dc97e5a,0,0
7896752cfa4ba38c,0,0
40d5d782ddd6a0fb,0,0
a2ae279d037779a5,0,0
f01fdea1d95e3843,0,0
f93cda2941e6e27b,0,0
048898b8da3852b1,0,0
42919bdeb0ca0923,0,0
03666af25b92fdb4,0,0
f12ceb58f4974619,0,0
81aaaf05bbad41f7,0,0
445d4f3a07eef24a,0,0
e03fbc43b3bd7086,0,0
f379b45382ccc5f7,0,0
08103171b571a462,0,0
852237bd61951346,0,0
06ccd4e4b724fb69,0,0
e359d6b1e82f8d32,0,0
02555f0b765b83ee,0,0
89ba9e740edce595,0,0
c17f7887667be10c,0,0
e6f368a704998bef,0,0
102062e26ae348c5,0,0
0a456e7ac32a278c,0,0
0c98a9c96f49f6d3,0,0
c7b3ac63d15f1a65,0,0
05aabe16ecb606dd,0,0
12753de91cb8cb2b,0,0
83fff00ecdf6c219,0,0
cde7d14e093217df,0,0
2140c4c4d5c6918a,0,0
158adcf486554e18,0,0
18305393df92eca7,0,0
8f6759c7a2bf34ca,0,0
0a547d2dd86d0dba,0,0
24ea7ad239709757,0,0
07ffe11d9aed8533,0,0
9bcfa39d12642ebe,0,0
42808889ab8d2315,0,0
2b14b9e90dab9c30,0,0
3160a626bf25d94f,0,0
1fcfb28e457f6994,0,0
14a8fa5ab0db1a74,0,0
48d4f5a473e02eaf,0,0
0ffec33b34db0b67,0,0
369f473b25c85c7c,0,0
84001113571b472a,0,0
562872d31b563961,0,0
63c04c4d7e4bb29f,0,0
3e9e651d8bfed228,0,0
2950f5b560b735e8,0,0
90a8eb49e7c05d5e,0,0
1efc877768b617ce,0,0
6c3e8f764a90b9f8,0,0
08012226ae368e54,0,0
ad50e4a637ac72c2,0,0
c680999afc96643f,0,0
7d3ccb3a16fda551,0,0
52a0ea6bc16e6bd0,0,0
2151d793ce81bbbc,0,0
3df80fefd06c2f9c,0,0
d87c1eed942073f1,0,0
1102444c5c6d1ca9,0,0
5aa1c84d6f58e584,0,0
8c013335f92dc97e,0,0
fb7896752cfa4ba3,0,0
a540d5d782ddd6a0,0,0
43a2ae279d037779,0,0
7bf01fdea1d95e38,0,0
b1f93cda2941e6e2,0,0
23048898b8da3852,0,0
b442919bdeb0ca09,0,0
1903666af25b92fd,0,0
f7f12ceb58f49746,0,0
4a81aaaf05bbad41,0,0
86445d4f3a07eef2,0,0
f7e03fbc43b3bd70,0,0
62f379b45382ccc5,0,0
4608103171b571a4,0,0
69852237bd619513,0,0
3206ccd4e4b724fb,0,0
eee359d6b1e82f8d,0,0
9502555f0b765b83,0,0
0c89ba9e740edce5,0,0
efc17f7887667be1,0,0
c5e6f368a704998b,0,0
8c102062e26ae348,0,0
d30a456e7ac32a27,0,0
650c98a9c96f49f6,0,0
ddc7b3ac63d15f1a,0,0
2b05aabe16ecb606,0,0
1912753de91cb8cb,0,0
df83fff00ecdf6c2,0,0
8acde7d14e093217,0,0
182140c4c4d5c691,0,0
a7158adcf486554e,0,0
ca18305393df92ec,0,0
ba8f6759c7a2bf34,0,0
570a547d2dd86d0d,0,0
3324ea7ad2397097,0,0
be07ffe11d9aed85,0,0
159bcfa39d12642e,0,0
3042808889ab8d23,0,0
4f2b14b9e90dab9c,0,0
943160a626bf25d9,0,0
741fcfb28e457f69,0,0
af14a8fa5ab0db1a,0,0
6748d4f5a473e02e,0,0
7c0ffec33b34db0b,0,0
2a369f473b25c85c,0,0
6184001113571b47,0,0
9f562872d31b5639,0,0
2863c04c4d7e4bb2,0,0
e83e9e651d8bfed2,0,0
5e2950f5b560b735,0,0
ce90a8eb49e7c05d,0,0
f81efc877768b617,0,0
546c3e8f764a90b9,0,0
c208012226ae368e,0,0
3fad50e4a637ac72,0,0
51c680999afc9664,0,0
d07d3ccb3a16fda5,0,0
bc52a0ea6bc16e6b,0,0
9c2151d793ce81bb,0,0
f13df80fefd06c2f,0,0
a9d87c1eed942073,0,0
841102444c5c6d1c,0,0
7e5aa1c84d6f58e5,0,0
a38c013335f92dc9,0,0
a0fb7896752cfa4b,0,0
79a540d5d782ddd6,0,0
3843a2ae279d0377,0,0
e27bf01fdea1d95e,0,0
52b1f93cda2941e6,0,0
0923048898b8da38,0,0
1a650c98a9c96f49,0,0
06ddc7b3ac63d15f,0,0
cb2b05aabe16ecb6,0,0
c21912753de91cb8,0,0
17df83fff00ecdf6,0,0
918acde7d14e0932,0,0
4e182140c4c4d5c6,0,0
eca7158adcf48655,0,0
34ca18305393df92,0,0
0dba8f6759c7a2bf,0,0
97570a547d2dd86d,1,0
0000d3f705944b51,0,1
94050045c19c4ba5,0,0
9786114000403b9a,0,0
0100420a0200420a,0,0
0c1f80058913bfac,0,0
e4e1000046525051,0,0
6e491a9737060000,0,0
a1d95e3843a2ae27,0,0
2941e6e27bf01fde,0,0
b8da3852b1f93cda,0,0
deb0ca0923048898,0,0
f25b92fdb442919b,0,0
58f497461903666a,0,0
05bbad41f7f12ceb,0,0
3a07eef24a81aaaf,0,0
43b3bd7086445d4f,0,0
5382ccc5f7e03fbc,0,0
71b571a462f379b4,0,0
bd61951346081031,0,0
e4b724fb69852237,0,0
b1e82f8d3206ccd4,0,0
0b765b83eee359d6,0,0
740edce59502555f,0,0
87667be10c89ba9e,0,0
a704998befc17f78,0,0
e26ae348c5e6f368,0,0
7ac32a278c102062,0,0
c96f49f6d30a456e,0,0
63d15f1a650c98a9,0,0
16ecb606ddc7b3ac,0,0
e91cb8cb2b05aabe,0,0
0ecdf6c21912753d,0,0
4e093217df83fff0,0,0
c4d5c6918acde7d1,0,0
f486554e182140c4,0,0
93df92eca7158adc,0,0
c7a2bf34ca183053,0,0
2dd86d0dba8f6759,0,0
d2397097570a547d,0,0
1d9aed853324ea7a,0,0
9d12642ebe07ffe1,0,0
89ab8d23159bcfa3,0,0
e90dab9c30428088,0,0
26bf25d94f2b14b9,0,0
8e457f69943160a6,0,0
5ab0db1a741fcfb2,0,0
a473e02eaf14a8fa,0,0
3b34db0b6748d4f5,0,0
3b25c85c7c0ffec3,0,0
13571b472a369f47,0,0
d31b563961840011,0,0
4d7e4bb29f562872,0,0
1d8bfed22863c04c,0,0
b560b735e83e9e65,0,0
49e7c05d5e2950f5,0,0
7768b617ce90a8eb,0,0
764a90b9f81efc87,0,0
26ae368e546c3e8f,0,0
a637ac72c2080122,0,0
9afc96643fad50e4,0,0
3a16fda551c68099,0,0
6bc16e6bd07d3ccb,0,0
93ce81bbbc52a0ea,0,0
efd06c2f9c2151d7,0,0
ed942073f13df80f,0,0
4c5c6d1ca9d87c1e,0,0
4d6f58e584110244,0,0
35f92dc97e5aa1c8,0,0
752cfa4ba38c0133,0,0
d782ddd6a0fb7896,0,0
279d037779a540d5,0,0
dea1d95e3843a2ae,0,0
da2941e6e27bf01f,0,0
98b8da3852b1f93c,0,0
9bdeb0ca09230488,0,0
6af25b92fdb44291,0,0
eb58f49746190366,0,0
af05bbad41f7f12c,0,0
4f3a07eef24a81aa,0,0
bc43b3bd7086445d,0,0
b45382ccc5f7e03f,0,0
3171b571a462f379,0,0
37bd619513460810,0,0
d4e4b724fb698522,0,0
d6b1e82f8d3206cc,0,0
5f0b765b83eee359,0,0
9e740edce5950255,0,0
7887667be10c89ba,0,0
68a704998befc17f,0,0
62e26ae348c5e6f3,0,0
6e7ac32a278c1020,0,0
a9c96f49f6d30a45,0,0
ac63d15f1a650c98,0,0
be16ecb606ddc7b3,0,0
3de91cb8cb2b05aa,0,0
f00ecdf6c2191275,0,0
d14e093217df83ff,0,0
c4c4d5c6918acde7,0,0
dcf486554e182140,0,0
5393df92eca7158a,0,0
59c7a2bf34ca1830,0,0
7d2dd86d0dba8f67,0,0
7ad2397097570a54,0,0
e11d9aed853324ea,0,0
a39d12642ebe07ff,0,0
8889ab8d23159bcf,0,0
b9e90dab9c304280,0,0
a626bf25d94f2b14,0,0
b28e457f69943160,0,0
fa5ab0db1a741fcf,0,0
f5a473e02eaf14a8,0,0
c33b34db0b6748d4,0,0
473b25c85c7c0ffe,0,0
1113571b472a369f,0,0
72d31b5639618400,0,0
4c4d7e4bb29f5628,0,0
651d8bfed22863c0,0,0
f5b560b735e83e9e,0,0
eb49e7c05d5e2950,0,0
877768b617ce90a8,0,0
8f764a90b9f81efc,0,0
2226ae368e546c3e,0,0
e4a637ac72c20801,0,0
999afc96643fad50,0,0
cb3a16fda551c680,0,0
ea6bc16e6bd07d3c,0,0
d793ce81bbbc52a0,0,0
0fefd06c2f9c2151,0,0
1eed942073f13df8,0,0
444c5c6d1ca9d87c,0,0
c84d6f58e5841102,0,0
3335f92dc97e5aa1,0,0
96752cfa4ba38c01,0,0
d5d782ddd6a0fb78,0,0
ae279d037779a540,0,0
1fdea1d95e3843a2,0,0
3cda2941e6e27bf0,0,0
8898b8da3852b1f9,0,0
919bdeb0ca092304,0,0
666af25b92fdb442,0,0
2ceb58f497461903,0,0
aaaf05bbad41f7f1,0,0
5d4f3a07eef24a81,0,0
3fbc43b3bd708644,0,0
79b45382ccc5f7e0,0,0
103171b571a462f3,0,0
2237bd6195134608,0,0
ccd4e4b724fb6985,0,0
59d6b1e82f8d3206,0,0
555f0b765b83eee3,0,0
ba9e740edce59502,0,0
7f7887667be10c89,0,0
f368a704998befc1,0,0
2062e26ae348c5e6,0,0
456e7ac32a278c10,0,0
98a9c96f49f6d30a,0,0
b3ac63d15f1a650c,0,0
aabe16ecb606ddc7,0,0
753de91cb8cb2b05,0,0
fff00ecdf6c21912,0,0
e7d14e093217df83,0,0
40c4c4d5c6918acd,0,0
8adcf486554e1821,0,0
305393df92eca715,0,0
6759c7a2bf34ca18,0,0
547d2dd86d0dba8f,0,0
ea7ad2397097570a,0,0
ffe11d9aed853324,0,0
cfa39d12642ebe07,0,0
808889ab8d23159b,0,0
14b9e90dab9c3042,0,0
60a626bf25d94f2b,0,0
cfb28e457f699431,0,0
a8fa5ab0db1a741f,0,0
d4f5a473e02eaf14,0,0
fec33b34db0b6748,0,0
9f473b25c85c7c0f,0,0
001113571b472a36,0,0
2872d31b56396184,0,0
c04c4d7e4bb29f56,0,0
4a81aaaf05bbad41,0,0
86445d4f3a07eef2,0,0
f7e03fbc43b3bd70,0,0
62f379b45382ccc5,0,0
4608103171b571a4,0,0
69852237bd619513,0,0
3206ccd4e4b724fb,0,0
eee359d6b1e82f8d,0,0
9502555f0b765b83,0,0
0c89ba9e740edce5,0,0
efc17f7887667be1,1,0
0000d3f805944b51,0,1
94050045fb8f96a9,0,0
9686114000403c9a,0,0
0100420a0200420a,0,0
035480058913bfac,0,0
e5e1000046525051,0,0
dbae259737060000,0,0
18305393df92eca7,0,0
8f6759c7a2bf34ca,0,0
0a547d2dd86d0dba,0,0
24ea7ad239709757,0,0
07ffe11d9aed8533,0,0
9bcfa39d12642ebe,0,0
42808889ab8d2315,0,0
2b14b9e90dab9c30,0,0
3160a626bf25d94f,0,0
1fcfb28e457f6994,0,0
14a8fa5ab0db1a74,0,0
48d4f5a473e02eaf,0,0
0ffec33b34db0b67,0,0
369f473b25c85c7c,0,0
84001113571b472a,0,0
562872d31b563961,0,0
63c04c4d7e4bb29f,0,0
3e9e651d8bfed228,0,0
2950f5b560b735e8,0,0
90a8eb49e7c05d5e,0,0
1efc877768b617ce,0,0
6c3e8f764a90b9f8,0,0
08012226ae368e54,0,0
ad50e4a637ac72c2,0,0
c680999afc96643f,0,0
7d3ccb3a16fda551,0,0
52a0ea6bc16e6bd0,0,0
2151d793ce81bbbc,0,0
3df80fefd06c2f9c,0,0
d87c1eed942073f1,0,0
1102444c5c6d1ca9,0,0
5aa1c84d6f58e584,0,0
8c013335f92dc97e,0,0
fb7896752cfa4ba3,0,0
a540d5d782ddd6a0,0,0
43a2ae279d037779,0,0
7bf01fdea1d95e38,0,0
b1f93cda2941e6e2,0,0
23048898b8da3852,0,0
b442919bdeb0ca09,0,0
1903666af25b92fd,0,0
f7f12ceb58f49746,0,0
4a81aaaf05bbad41,0,0
86445d4f3a07eef2,0,0
f7e03fbc43b3bd70,0,0
62f379b45382ccc5,0,0
4608103171b571a4,0,0
69852237bd619513,0,0
3206ccd4e4b724fb,0,0
eee359d6b1e82f8d,0,0
9502555f0b765b83,0,0
0c89ba9e740edce5,0,0
efc17f7887667be1,0,0
c5e6f368a704998b,0,0
8c102062e26ae348,0,0
d30a456e7ac32a27,0,0
650c98a9c96f49f6,0,0
ddc7b3ac63d15f1a,0,0
2b05aabe16ecb606,0,0
1912753de91cb8cb,0,0
df83fff00ecdf6c2,0,0
8acde7d14e093217,0,0
182140c4c4d5c691,0,0
a7158adcf486554e,0,0
ca18305393df92ec,0,0
ba8f6759c7a2bf34,0,0
570a547d2dd86d0d,0,0
3324ea7ad2397097,0,0
be07ffe11d9aed85,0,0
159bcfa39d12642e,0,0
3042808889ab8d23,0,0
4f2b14b9e90dab9c,0,0
943160a626bf25d9,0,0
741fcfb28e457f69,0,0
af14a8fa5ab0db1a,0,0
6748d4f5a473e02e,0,0
7c0ffec33b34db0b,0,0
2a369f473b25c85c,0,0
6184001113571b47,0,0
9f562872d31b5639,0,0
2863c04c4d7e4bb2,0,0
e83e9e651d8bfed2,0,0
5e2950f5b560b735,0,0
ce90a8eb49e7c05d,0,0
f81efc877768b617,0,0
546c3e8f764a90b9,0,0
c208012226ae368e,0,0
3fad50e4a637ac72,0,0
51c680999afc9664,0,0
d07d3ccb3a16fda5,0,0
bc52a0ea6bc16e6b,0,0
9c2151d793ce81bb,0,0
f13df80fefd06c2f,0,0
a9d87c1eed942073,0,0
841102444c5c6d1c,0,0
7e5aa1c84d6f58e5,0,0
a38c013335f92dc9,0,0
a0fb7896752cfa4b,0,0
79a540d5d782ddd6,0,0
3843a2ae279d0377,0,0
e27bf01fdea1d95e,0,0
52b1f93cda2941e6,0,0
0923048898b8da38,0,0
fdb442919bdeb0ca,0,0
461903666af25b92,0,0
41f7f12ceb58f497,0,0
f24a81aaaf05bbad,0,0
7086445d4f3a07ee,0,0
c5f7e03fbc43b3bd,0,0
a462f379b45382cc,0,0
134608103171b571,0,0
fb69852237bd6195,0,0
8d3206ccd4e4b724,0,0
83eee359d6b1e82f,0,0
e59502555f0b765b,0,0
e10c89ba9e740edc,0,0
8befc17f7887667b,0,0
48c5e6f368a70499,0,0
278c102062e26ae3,0,0
f6d30a456e7ac32a,0,0
1a650c98a9c96f49,0,0
06ddc7b3ac63d15f,0,0
cb2b05aabe16ecb6,0,0
c21912753de91cb8,0,0
17df83fff00ecdf6,0,0
918acde7d14e0932,0,0
4e182140c4c4d5c6,0,0
eca7158adcf48655,0,0
34ca18305393df92,0,0
0dba8f6759c7a2bf,0,0
97570a547d2dd86d,0,0
853324ea7ad23970,0,0
2ebe07ffe11d9aed,0,0
23159bcfa39d1264,0,0
9c3042808889ab8d,0,0
d94f2b14b9e90dab,0,0
69943160a626bf25,0,0
1a741fcfb28e457f,0,0
2eaf14a8fa5ab0db,0,0
0b6748d4f5a473e0,0,0
5c7c0ffec33b34db,0,0
472a369f473b25c8,0,0
396184001113571b,0,0
b29f562872d31b56,0,0
d22863c04c4d7e4b,0,0
35e83e9e651d8bfe,0,0
5d5e2950f5b560b7,0,0
17ce90a8eb49e7c0,0,0
b9f81efc877768b6,0,0
8e546c3e8f764a90,0,0
72c208012226ae36,0,0
643fad50e4a637ac,0,0
a551c680999afc96,0,0
6bd07d3ccb3a16fd,0,0
bbbc52a0ea6bc16e,0,0
2f9c2151d793ce81,0,0
73f13df80fefd06c,0,0
1ca9d87c1eed9420,0,0
e5841102444c5c6d,0,0
c97e5aa1c84d6f58,0,0
4ba38c013335f92d,0,0
d6a0fb7896752cfa,0,0
7779a540d5d782dd,0,0
5e3843a2ae279d03,0,0
e6e27bf01fdea1d9,0,0
3852b1f93cda2941,0,0
ca0923048898b8da,0,0
92fdb442919bdeb0,0,0
97461903666af25b,0,0
ad41f7f12ceb58f4,0,0
eef24a81aaaf05bb,0,0
bd7086445d4f3a07,0,0
ccc5f7e03fbc43b3,0,0
7c1eed942073f13d,0,0
02444c5c6d1ca9d8,0,0
a1c84d6f58e58411,0,0
013335f92dc97e5a,0,0
7896752cfa4ba38c,0,0
40d5d782ddd6a0fb,0,0
a2ae279d037779a5,0,0
f01fdea1d95e3843,0,0
f93cda2941e6e27b,0,0
048898b8da3852b1,0,0
42919bdeb0ca0923,1,0
0000d3f905944b51,0,1
9405004522cf0201,0,0
9586114000403d9a,0,0
0100420a0200420a,0,0
958380058913bfac,0,0
e6e1000046525051,0,0
3c11319737060000,0,0
7d2dd86d0dba8f67,0,0
7ad2397097570a54,0,0
e11d9aed853324ea,0,0
a39d12642ebe07ff,0,0
8889ab8d23159bcf,0,0
b9e90dab9c304280,0,0
a626bf25d94f2b14,0,0
b28e457f69943160,0,0
fa5ab0db1a741fcf,0,0
f5a473e02eaf14a8,0,0
c33b34db0b6748d4,0,0
473b25c85c7c0ffe,0,0
1113571b472a369f,0,0
72d31b5639618400,0,0
4c4d7e4bb29f5628,0,0
651d8bfed22863c0,0,0
f5b560b735e83e9e,0,0
eb49e7c05d5e2950,0,0
877768b617ce90a8,0,0
8f764a90b9f81efc,0,0
2226ae368e546c3e,0,0
e4a637ac72c20801,0,0
999afc96643fad50,0,0
cb3a16fda551c680,0,0
ea6bc16e6bd07d3c,0,0
d793ce81bbbc52a0,0,0
0fefd06c2f9c2151,0,0
1eed942073f13df8,0,0
444c5c6d1ca9d87c,0,0
c84d6f58e5841102,0,0
3335f92dc97e5aa1,0,0
96752cfa4ba38c01,0,0
d5d782ddd6a0fb78,0,0
ae279d037779a540,0,0
1fdea1d95e3843a2,0,0
3cda2941e6e27bf0,0,0
8898b8da3852b1f9,0,0
919bdeb0ca092304,0,0
666af25b92fdb442,0,0
2ceb58f497461903,0,0
aaaf05bbad41f7f1,0,0
5d4f3a07eef24a81,0,0
3fbc43b3bd708644,0,0
79b45382ccc5f7e0,0,0
103171b571a462f3,0,0
2237bd6195134608,0,0
ccd4e4b724fb6985,0,0
59d6b1e82f8d3206,0,0
555f0b765b83eee3,0,0
ba9e740edce59502,0,0
7f7887667be10c89,0,0
f368a704998befc1,0,0
2062e26ae348c5e6,0,0
456e7ac32a278c10,0,0
98a9c96f49f6d30a,0,0
b3ac63d15f1a650c,0,0
aabe16ecb606ddc7,0,0
753de91cb8cb2b05,0,0
fff00ecdf6c21912,0,0
e7d14e093217df83,0,0
40c4c4d5c6918acd,0,0
8adcf486554e1821,0,0
305393df92eca715,0,0
6759c7a2bf34ca18,0,0
547d2dd86d0dba8f,0,0
ea7ad2397097570a,0,0
ffe11d9aed853324,0,0
cfa39d12642ebe07,0,0
808889ab8d23159b,0,0
14b9e90dab9c3042,0,0
60a626bf25d94f2b,0,0
cfb28e457f699431,0,0
a8fa5ab0db1a741f,0,0
d4f5a473e02eaf14,0,0
fec33b34db0b6748,0,0
9f473b25c85c7c0f,0,0
001113571b472a36,0,0
2872d31b56396184,0,0
c04c4d7e4bb29f56,0,0
9e651d8bfed22863,0,0
50f5b560b735e83e,0,0
a8eb49e7c05d5e29,0,0
fc877768b617ce90,0,0
3e8f764a90b9f81e,0,0
012226ae368e546c,0,0
50e4a637ac72c208,0,0
80999afc96643fad,0,0
3ccb3a16fda551c6,0,0
a0ea6bc16e6bd07d,0,0
51d793ce81bbbc52,0,0
f80fefd06c2f9c21,0,0
7c1eed942073f13d,0,0
02444c5c6d1ca9d8,0,0
a1c84d6f58e58411,0,0
013335f92dc97e5a,0,0
7896752cfa4ba38c,0,0
40d5d782ddd6a0fb,0,0
a2ae279d037779a5,0,0
f01fdea1d95e3843,0,0
f93cda2941e6e27b,0,0
048898b8da3852b1,0,0
42919bdeb0ca0923,0,0
03666af25b92fdb4,0,0
f12ceb58f4974619,0,0
81aaaf05bbad41f7,0,0
445d4f3a07eef24a,0,0
e03fbc43b3bd7086,0,0
f379b45382ccc5f7,0,0
08103171b571a462,0,0
852237bd61951346,0,0
06ccd4e4b724fb69,0,0
e359d6b1e82f8d32,0,0
02555f0b765b83ee,0,0
89ba9e740edce595,0,0
c17f7887667be10c,0,0
e6f368a704998bef,0,0
102062e26ae348c5,0,0
0a456e7ac32a278c,0,0
0c98a9c96f49f6d3,0,0
c7b3ac63d15f1a65,0,0
05aabe16ecb606dd,0,0
12753de91cb8cb2b,0,0
83fff00ecdf6c219,0,0
cde7d14e093217df,0,0
2140c4c4d5c6918a,0,0
158adcf486554e18,0,0
18305393df92eca7,0,0
8f6759c7a2bf34ca,0,0
0a547d2dd86d0dba,0,0
24ea7ad239709757,0,0
07ffe11d9aed8533,0,0
9bcfa39d12642ebe,0,0
42808889ab8d2315,0,0
2b14b9e90dab9c30,0,0
3160a626bf25d94f,0,0
1fcfb28e457f6994,0,0
14a8fa5ab0db1a74,0,0
48d4f5a473e02eaf,0,0
0ffec33b34db0b67,0,0
369f473b25c85c7c,0,0
84001113571b472a,0,0
562872d31b563961,0,0
63c04c4d7e4bb29f,0,0
3e9e651d8bfed228,0,0
2950f5b560b735e8,0,0
90a8eb49e7c05d5e,0,0
1efc877768b617ce,0,0
6c3e8f764a90b9f8,0,0
08012226ae368e54,0,0
ad50e4a637ac72c2,0,0
c680999afc96643f,0,0
7d3ccb3a16fda551,0,0
52a0ea6bc16e6bd0,0,0
2151d793ce81bbbc,0,0
3df80fefd06c2f9c,0,0
d87c1eed942073f1,0,0
1102444c5c6d1ca9,0,0
5aa1c84d6f58e584,0,0
8c013335f92dc97e,0,0
fb7896752cfa4ba3,0,0
a540d5d782ddd6a0,0,0
43a2ae279d037779,0,0
7bf01fdea1d95e38,0,0
b1f93cda2941e6e2,0,0
23048898b8da3852,0,0
b442919bdeb0ca09,0,0
1903666af25b92fd,0,0
f7f12ceb58f49746,0,0
4a81aaaf05bbad41,0,0
86445d4f3a07eef2,0,0
f7e03fbc43b3bd70,0,0
62f379b45382ccc5,0,0
4608103171b571a4,0,0
2cfa4ba38c013335,0,0
82ddd6a0fb789675,0,0
9d037779a540d5d7,0,0
a1d95e3843a2ae27,0,0
2941e6e27bf01fde,0,0
b8da3852b1f93cda,0,0
deb0ca0923048898,0,0
f25b92fdb442919b,0,0
58f497461903666a,0,0
05bbad41f7f12ceb,0,0
3a07eef24a81aaaf,1,0
0000d3fa05944b51,0,1
94050045ed9360a4,0,0
9486114000403e9a,0,0
0100420a0200420a,0,0
c47680058913bfac,0,0
e7e1000046525051,0,0
31763c9737060000,0,0
c4c4d5c6918acde7,0,0
dcf486554e182140,0,0
5393df92eca7158a,0,0
59c7a2bf34ca1830,0,0
7d2dd86d0dba8f67,0,0
7ad2397097570a54,0,0
e11d9aed853324ea,0,0
a39d12642ebe07ff,0,0
8889ab8d23159bcf,0,0
b9e90dab9c304280,0,0
a626bf25d94f2b14,0,0
b28e457f69943160,0,0
fa5ab0db1a741fcf,0,0
f5a473e02eaf14a8,0,0
c33b34db0b6748d4,0,0
473b25c85c7c0ffe,0,0
1113571b472a369f,0,0
72d31b5639618400,0,0
4c4d7e4bb29f5628,0,0
651d8bfed22863c0,0,0
f5b560b735e83e9e,0,0
eb49e7c05d5e2950,0,0
877768b617ce90a8,0,0
8f764a90b9f81efc,0,0
2226ae368e546c3e,0,0
e4a637ac72c20801,0,0
999afc96643fad50,0,0
cb3a16fda551c680,0,0
ea6bc16e6bd07d3c,0,0
d793ce81bbbc52a0,0,0
0fefd06c2f9c2151,0,0
1eed942073f13df8,0,0
444c5c6d1ca9d87c,0,0
c84d6f58e5841102,0,0
3335f92dc97e5aa1,0,0
96752cfa4ba38c01,0,0
d5d782ddd6a0fb78,0,0
ae279d037779a540,0,0
1fdea1d95e3843a2,0,0
3cda2941e6e27bf0,0,0
8898b8da3852b1f9,0,0
919bdeb0ca092304,0,0
666af25b92fdb442,0,0
2ceb58f497461903,0,0
aaaf05bbad41f7f1,0,0
5d4f3a07eef24a81,0,0
3fbc43b3bd708644,0,0
79b45382ccc5f7e0,0,0
103171b571a462f3,0,0
2237bd6195134608,0,0
ccd4e4b724fb6985,0,0
59d6b1e82f8d3206,0,0
555f0b765b83eee3,0,0
ba9e740edce59502,0,0
7f7887667be10c89,0,0
f368a704998befc1,0,0
2062e26ae348c5e6,0,0
456e7ac32a278c10,0,0
98a9c96f49f6d30a,0,0
b3ac63d15f1a650c,0,0
aabe16ecb606ddc7,0,0
753de91cb8cb2b05,0,0
fff00ecdf6c21912,0,0
e7d14e093217df83,0,0
40c4c4d5c6918acd,0,0
8adcf486554e1821,0,0
305393df92eca715,0,0
6759c7a2bf34ca18,0,0
547d2dd86d0dba8f,0,0
ea7ad2397097570a,0,0
ffe11d9aed853324,0,0
cfa39d12642ebe07,0,0
808889ab8d23159b,0,0
14b9e90dab9c3042,0,0
60a626bf25d94f2b,0,0
cfb28e457f699431,0,0
a8fa5ab0db1a741f,0,0
d4f5a473e02eaf14,0,0
fec33b34db0b6748,0,0
9f473b25c85c7c0f,0,0
001113571b472a36,0,0
2872d31b56396184,0,0
c04c4d7e4bb29f56,0,0
9e651d8bfed22863,0,0
50f5b560b735e83e,0,0
a8eb49e7c05d5e29,0,0
fc877768b617ce90,0,0
3e8f764a90b9f81e,0,0
012226ae368e546c,0,0
50e4a637ac72c208,0,0
80999afc96643fad,0,0
3ccb3a16fda551c6,0,0
a0ea6bc16e6bd07d,0,0
51d793ce81bbbc52,0,0
f80fefd06c2f9c21,0,0
7c1eed942073f13d,0,0
02444c5c6d1ca9d8,0,0
a1c84d6f58e58411,0,0
013335f92dc97e5a,0,0
7896752cfa4ba38c,0,0
40d5d782ddd6a0fb,0,0
a2ae279d037779a5,0,0
f01fdea1d95e3843,0,0
f93cda2941e6e27b,0,0
048898b8da3852b1,0,0
42919bdeb0ca0923,0,0
03666af25b92fdb4,0,0
f12ceb58f4974619,0,0
81aaaf05bbad41f7,0,0
445d4f3a07eef24a,0,0
e03fbc43b3bd7086,0,0
f379b45382ccc5f7,0,0
08103171b571a462,0,0
852237bd61951346,0,0
06ccd4e4b724fb69,0,0
e359d6b1e82f8d32,0,0
02555f0b765b83ee,0,0
89ba9e740edce595,0,0
c17f7887667be10c,0,0
e6f368a704998bef,0,0
102062e26ae348c5,0,0
0a456e7ac32a278c,0,0
0c98a9c96f49f6d3,0,0
c7b3ac63d15f1a65,0,0
05aabe16ecb606dd,0,0
12753de91cb8cb2b,0,0
83fff00ecdf6c219,0,0
cde7d14e093217df,0,0
2140c4c4d5c6918a,0,0
158adcf486554e18,0,0
18305393df92eca7,0,0
8f6759c7a2bf34ca,0,0
0a547d2dd86d0dba,0,0
24ea7ad239709757,0,0
07ffe11d9aed8533,0,0
9bcfa39d12642ebe,0,0
42808889ab8d2315,0,0
2b14b9e90dab9c30,0,0
3160a626bf25d94f,0,0
1fcfb28e457f6994,0,0
14a8fa5ab0db1a74,0,0
48d4f5a473e02eaf,0,0
0ffec33b34db0b67,0,0
369f473b25c85c7c,0,0
84001113571b472a,0,0
562872d31b563961,0,0
63c04c4d7e4bb29f,0,0
3e9e651d8bfed228,0,0
2950f5b560b735e8,0,0
90a8eb49e7c05d5e,0,0
1efc877768b617ce,0,0
6c3e8f764a90b9f8,0,0
08012226ae368e54,0,0
ad50e4a637ac72c2,0,0
c680999afc96643f,0,0
7d3ccb3a16fda551,0,0
52a0ea6bc16e6bd0,0,0
2151d793ce81bbbc,0,0
3df80fefd06c2f9c,0,0
d87c1eed942073f1,0,0
1102444c5c6d1ca9,0,0
5aa1c84d6f58e584,0,0
8c013335f92dc97e,0,0
fb7896752cfa4ba3,0,0
a540d5d782ddd6a0,0,0
43a2ae279d037779,0,0
7bf01fdea1d95e38,0,0
b1f93cda2941e6e2,0,0
23048898b8da3852,0,0
b442919bdeb0ca09,0,0
1903666af25b92fd,0,0
f7f12ceb58f49746,0,0
4a81aaaf05bbad41,0,0
ddd6a0fb7896752c,0,0
037779a540d5d782,0,0
d95e3843a2ae279d,0,0
41e6e27bf01fdea1,0,0
da3852b1f93cda29,0,0
b0ca0923048898b8,0,0
5b92fdb442919bde,0,0
f497461903666af2,0,0
bbad41f7f12ceb58,0,0
07eef24a81aaaf05,0,0
b3bd7086445d4f3a,1,0
0000d3fb05944b51,0,1
940500454c940457,0,0
9386114000403f9a,0,0
0100420a0200420a,0,0
2ede80058913bfac,0,0
e8e1000046525051,0,0
9ddb479737060000,0,0
f81efc877768b617,0,0
546c3e8f764a90b9,0,0
c208012226ae368e,0,0
3fad50e4a637ac72,0,0
51c680999afc9664,0,0
d07d3ccb3a16fda5,0,0
bc52a0ea6bc16e6b,0,0
9c2151d793ce81bb,0,0
f13df80fefd06c2f,0,0
a9d87c1eed942073,0,0
841102444c5c6d1c,0,0
7e5aa1c84d6f58e5,0,0
a38c013335f92dc9,0,0
a0fb7896752cfa4b,0,0
79a540d5d782ddd6,0,0
3843a2ae279d0377,0,0
e27bf01fdea1d95e,0,0
52b1f93cda2941e6,0,0
0923048898b8da38,0,0
fdb442919bdeb0ca,0,0
461903666af25b92,0,0
41f7f12ceb58f497,0,0
f24a81aaaf05bbad,0,0
7086445d4f3a07ee,0,0
c5f7e03fbc43b3bd,0,0
a462f379b45382cc,0,0
134608103171b571,0,0
fb69852237bd6195,0,0
8d3206ccd4e4b724,0,0
83eee359d6b1e82f,0,0
e59502555f0b765b,0,0
e10c89ba9e740edc,0,0
8befc17f7887667b,0,0
48c5e6f368a70499,0,0
278c102062e26ae3,0,0
f6d30a456e7ac32a,0,0
1a650c98a9c96f49,0,0
06ddc7b3ac63d15f,0,0
cb2b05aabe16ecb6,0,0
c21912753de91cb8,0,0
17df83fff00ecdf6,0,0
918acde7d14e0932,0,0
4e182140c4c4d5c6,0,0
eca7158adcf48655,0,0
34ca18305393df92,0,0
0dba8f6759c7a2bf,0,0
97570a547d2dd86d,0,0
853324ea7ad23970,0,0
2ebe07ffe11d9aed,0,0
23159bcfa39d1264,0,0
9c3042808889ab8d,0,0
d94f2b14b9e90dab,0,0
69943160a626bf25,0,0
1a741fcfb28e457f,0,0
2eaf14a8fa5ab0db,0,0
0b6748d4f5a473e0,0,0
5c7c0ffec33b34db,0,0
472a369f473b25c8,0,0
396184001113571b,0,0
b29f562872d31b56,0,0
d22863c04c4d7e4b,0,0
35e83e9e651d8bfe,0,0
5d5e2950f5b560b7,0,0
17ce90a8eb49e7c0,0,0
b9f81efc877768b6,0,0
8e546c3e8f764a90,0,0
72c208012226ae36,0,0
643fad50e4a637ac,0,0
a551c680999afc96,0,0
6bd07d3ccb3a16fd,0,0
bbbc52a0ea6bc16e,0,0
2f9c2151d793ce81,0,0
73f13df80fefd06c,0,0
1ca9d87c1eed9420,0,0
e5841102444c5c6d,0,0
c97e5aa1c84d6f58,0,0
4ba38c013335f92d,0,0
d6a0fb7896752cfa,0,0
7779a540d5d782dd,0,0
5e3843a2ae279d03,0,0
e6e27bf01fdea1d9,0,0
3852b1f93cda2941,0,0
ca0923048898b8da,0,0
92fdb442919bdeb0,0,0
97461903666af25b,0,0
ad41f7f12ceb58f4,0,0
eef24a81aaaf05bb,0,0
bd7086445d4f3a07,0,0
ccc5f7e03fbc43b3,0,0
71a462f379b45382,0,0
95134608103171b5,0,0
24fb69852237bd61,0,0
2f8d3206ccd4e4b7,0,0
5b83eee359d6b1e8,0,0
dce59502555f0b76,0,0
7be10c89ba9e740e,0,0
998befc17f788766,0,0
e348c5e6f368a704,0,0
2a278c102062e26a,0,0
49f6d30a456e7ac3,0,0
5f1a650c98a9c96f,0,0
b606ddc7b3ac63d1,0,0
b8cb2b05aabe16ec,0,0
f6c21912753de91c,0,0
3217df83fff00ecd,0,0
c6918acde7d14e09,0,0
554e182140c4c4d5,0,0
92eca7158adcf486,0,0
bf34ca18305393df,0,0
6d0dba8f6759c7a2,0,0
7097570a547d2dd8,0,0
ed853324ea7ad239,0,0
642ebe07ffe11d9a,0,0
8d23159bcfa39d12,0,0
ab9c3042808889ab,0,0
25d94f2b14b9e90d,0,0
7f69943160a626bf,0,0
db1a741fcfb28e45,0,0
e02eaf14a8fa5ab0,0,0
db0b6748d4f5a473,0,0
c85c7c0ffec33b34,0,0
1b472a369f473b25,0,0
5639618400111357,0,0
4bb29f562872d31b,0,0
fed22863c04c4d7e,0,0
b735e83e9e651d8b,0,0
c05d5e2950f5b560,0,0
b617ce90a8eb49e7,0,0
90b9f81efc877768,0,0
368e546c3e8f764a,0,0
ac72c208012226ae,0,0
96643fad50e4a637,0,0
fda551c680999afc,0,0
6e6bd07d3ccb3a16,0,0
81bbbc52a0ea6bc1,0,0
6c2f9c2151d793ce,0,0
2073f13df80fefd0,0,0
6d1ca9d87c1eed94,0,0
58e5841102444c5c,0,0
2dc97e5aa1c84d6f,0,0
fa4ba38c013335f9,0,0
ddd6a0fb7896752c,0,0
037779a540d5d782,0,0
d95e3843a2ae279d,0,0
41e6e27bf01fdea1,0,0
da3852b1f93cda29,0,0
b0ca0923048898b8,0,0
5b92fdb442919bde,0,0
f497461903666af2,0,0
bbad41f7f12ceb58,0,0
07eef24a81aaaf05,0,0
b3bd7086445d4f3a,0,0
82ccc5f7e03fbc43,0,0
b571a462f379b453,0,0
6195134608103171,0,0
b724fb69852237bd,0,0
e82f8d3206ccd4e4,0,0
765b83eee359d6b1,0,0
0edce59502555f0b,0,0
667be10c89ba9e74,0,0
04998befc17f7887,0,0
6ae348c5e6f368a7,0,0
c32a278c102062e2,0,0
6f49f6d30a456e7a,0,0
d15f1a650c98a9c9,0,0
ecb606ddc7b3ac63,0,0
1cb8cb2b05aabe16,0,0
cdf6c21912753de9,0,0
093217df83fff00e,0,0
d5c6918acde7d14e,0,0
86554e182140c4c4,0,0
df92eca7158adcf4,0,0
a2bf34ca18305393,0,0
8d3206ccd4e4b724,0,0
83eee359d6b1e82f,0,0
e59502555f0b765b,0,0
e10c89ba9e740edc,0,0
8befc17f7887667b,0,0
48c5e6f368a70499,0,0
278c102062e26ae3,0,0
f6d30a456e7ac32a,0,0
1a650c98a9c96f49,0,0
06ddc7b3ac63d15f,0,0
cb2b05aabe16ecb6,1,0
0000d3fc05944b51,0,1
94050045f456c5b7,0,0
928611400040409a,0,0
0100420a0200420a,0,0
fba580058913bfac,0,0
e9e1000046525051,0,0
5640539737060000,0,0
41f7f12ceb58f497,0,0
f24a81aaaf05bbad,0,0
7086445d4f3a07ee,0,0
c5f7e03fbc43b3bd,0,0
a462f379b45382cc,0,0
134608103171b571,0,0
fb69852237bd6195,0,0
8d3206ccd4e4b724,0,0
83eee359d6b1e82f,0,0
e59502555f0b765b,0,0
e10c89ba9e740edc,0,0
8befc17f7887667b,0,0
48c5e6f368a70499,0,0
278c102062e26ae3,0,0
f6d30a456e7ac32a,0,0
1a650c98a9c96f49,0,0
06ddc7b3ac63d15f,0,0
cb2b05aabe16ecb6,0,0
c21912753de91cb8,0,0
17df83fff00ecdf6,0,0
918acde7d14e0932,0,0
4e182140c4c4d5c6,0,0
eca7158adcf48655,0,0
34ca18305393df92,0,0
0dba8f6759c7a2bf,0,0
97570a547d2dd86d,0,0
853324ea7ad23970,0,0
2ebe07ffe11d9aed,0,0
23159bcfa39d1264,0,0
9c3042808889ab8d,0,0
d94f2b14b9e90dab,0,0
69943160a626bf25,0,0
1a741fcfb28e457f,0,0
2eaf14a8fa5ab0db,0,0
0b6748d4f5a473e0,0,0
5c7c0ffec33b34db,0,0
472a369f473b25c8,0,0
396184001113571b,0,0
b29f562872d31b56,0,0
d22863c04c4d7e4b,0,0
35e83e9e651d8bfe,0,0
5d5e2950f5b560b7,0,0
17ce90a8eb49e7c0,0,0
b9f81efc877768b6,0,0
8e546c3e8f764a90,0,0
72c208012226ae36,0,0
643fad50e4a637ac,0,0
a551c680999afc96,0,0
6bd07d3ccb3a16fd,0,0
bbbc52a0ea6bc16e,0,0
2f9c2151d793ce81,0,0
73f13df80fefd06c,0,0
1ca9d87c1eed9420,0,0
e5841102444c5c6d,0,0
c97e5aa1c84d6f58,0,0
4ba38c013335f92d,0,0
d6a0fb7896752cfa,0,0
7779a540d5d782dd,0,0
5e3843a2ae279d03,0,0
e6e27bf01fdea1d9,0,0
3852b1f93cda2941,0,0
ca0923048898b8da,0,0
92fdb442919bdeb0,0,0
97461903666af25b,0,0
ad41f7f12ceb58f4,0,0
eef24a81aaaf05bb,0,0
bd7086445d4f3a07,0,0
ccc5f7e03fbc43b3,0,0
71a462f379b45382,0,0
95134608103171b5,0,0
24fb69852237bd61,0,0
2f8d3206ccd4e4b7,0,0
5b83eee359d6b1e8,0,0
dce59502555f0b76,0,0
7be10c89ba9e740e,0,0
998befc17f788766,0,0
e348c5e6f368a704,0,0
2a278c102062e26a,0,0
49f6d30a456e7ac3,0,0
5f1a650c98a9c96f,0,0
b606ddc7b3ac63d1,0,0
b8cb2b05aabe16ec,0,0
f6c21912753de91c,0,0
3217df83fff00ecd,0,0
c6918acde7d14e09,0,0
554e182140c4c4d5,0,0
92eca7158adcf486,0,0
bf34ca18305393df,0,0
6d0dba8f6759c7a2,0,0
7097570a547d2dd8,0,0
ed853324ea7ad239,0,0
642ebe07ffe11d9a,0,0
8d23159bcfa39d12,0,0
ab9c3042808889ab,0,0
25d94f2b14b9e90d,0,0
7f69943160a626bf,0,0
db1a741fcfb28e45,0,0
e02eaf14a8fa5ab0,0,0
db0b6748d4f5a473,0,0
c85c7c0ffec33b34,0,0
1b472a369f473b25,0,0
5639618400111357,0,0
4bb29f562872d31b,0,0
fed22863c04c4d7e,0,0
b735e83e9e651d8b,0,0
c05d5e2950f5b560,0,0
b617ce90a8eb49e7,0,0
90b9f81efc877768,0,0
368e546c3e8f764a,0,0
ac72c208012226ae,0,0
96643fad50e4a637,0,0
fda551c680999afc,0,0
6e6bd07d3ccb3a16,0,0
81bbbc52a0ea6bc1,0,0
6c2f9c2151d793ce,0,0
2073f13df80fefd0,0,0
6d1ca9d87c1eed94,0,0
58e5841102444c5c,0,0
2dc97e5aa1c84d6f,0,0
fa4ba38c013335f9,0,0
ddd6a0fb7896752c,0,0
037779a540d5d782,0,0
d95e3843a2ae279d,0,0
41e6e27bf01fdea1,0,0
da3852b1f93cda29,0,0
b0ca0923048898b8,0,0
5b92fdb442919bde,0,0
f497461903666af2,0,0
bbad41f7f12ceb58,0,0
07eef24a81aaaf05,0,0
b3bd7086445d4f3a,0,0
82ccc5f7e03fbc43,0,0
b571a462f379b453,0,0
6195134608103171,0,0
b724fb69852237bd,0,0
e82f8d3206ccd4e4,0,0
765b83eee359d6b1,0,0
0edce59502555f0b,0,0
667be10c89ba9e74,0,0
04998befc17f7887,0,0
6ae348c5e6f368a7,0,0
c32a278c102062e2,0,0
6f49f6d30a456e7a,0,0
d15f1a650c98a9c9,0,0
ecb606ddc7b3ac63,0,0
1cb8cb2b05aabe16,0,0
cdf6c21912753de9,0,0
093217df83fff00e,0,0
d5c6918acde7d14e,0,0
86554e182140c4c4,0,0
df92eca7158adcf4,0,0
a2bf34ca18305393,0,0
d86d0dba8f6759c7,0,0
397097570a547d2d,0,0
9aed853324ea7ad2,0,0
12642ebe07ffe11d,0,0
ab8d23159bcfa39d,0,0
0dab9c3042808889,0,0
bf25d94f2b14b9e9,0,0
457f69943160a626,0,0
b0db1a741fcfb28e,0,0
73e02eaf14a8fa5a,0,0
34db0b6748d4f5a4,0,0
25c85c7c0ffec33b,0,0
571b472a369f473b,0,0
1b56396184001113,0,0
7e4bb29f562872d3,0,0
8bfed22863c04c4d,0,0
60b735e83e9e651d,0,0
e7c05d5e2950f5b5,0,0
68b617ce90a8eb49,0,0
4a90b9f81efc8777,0,0
ae368e546c3e8f76,0,0
3e8f764a90b9f81e,0,0
012226ae368e546c,0,0
50e4a637ac72c208,0,0
80999afc96643fad,0,0
3ccb3a16fda551c6,0,0
a0ea6bc16e6bd07d,0,0
51d793ce81bbbc52,0,0
f80fefd06c2f9c21,0,0
7c1eed942073f13d,0,0
02444c5c6d1ca9d8,0,0
a1c84d6f58e58411,1,0
0000d3fd05944b51,0,1
940500453aa46ec9,0,0
918611400040419a,0,0
0100420a0200420a,0,0
6cd380058913bfac,0,0
eae1000046525051,0,0
2da55e9737060000,0,0
24ea7ad239709757,0,0
07ffe11d9aed8533,0,0
9bcfa39d12642ebe,0,0
42808889ab8d2315,0,0
2b14b9e90dab9c30,0,0
3160a626bf25d94f,0,0
1fcfb28e457f6994,0,0
14a8fa5ab0db1a74,0,0
48d4f5a473e02eaf,0,0
0ffec33b34db0b67,0,0
369f473b25c85c7c,0,0
84001113571b472a,0,0
562872d31b563961,0,0
63c04c4d7e4bb29f,0,0
3e9e651d8bfed228,0,0
2950f5b560b735e8,0,0
90a8eb49e7c05d5e,0,0
1efc877768b617ce,0,0
6c3e8f764a90b9f8,0,0
08012226ae368e54,0,0
ad50e4a637ac72c2,0,0
c680999afc96643f,0,0
7d3ccb3a16fda551,0,0
52a0ea6bc16e6bd0,0,0
2151d793ce81bbbc,0,0
3df80fefd06c2f9c,0,0
d87c1eed942073f1,0,0
1102444c5c6d1ca9,0,0
5aa1c84d6f58e584,0,0
8c013335f92dc97e,0,0
fb7896752cfa4ba3,0,0
a540d5d782ddd6a0,0,0
43a2ae279d037779,0,0
7bf01fdea1d95e38,0,0
b1f93cda2941e6e2,0,0
23048898b8da3852,0,0
b442919bdeb0ca09,0,0
1903666af25b92fd,0,0
f7f12ceb58f49746,0,0
4a81aaaf05bbad41,0,0
86445d4f3a07eef2,0,0
f7e03fbc43b3bd70,0,0
62f379b45382ccc5,0,0
4608103171b571a4,0,0
69852237bd619513,0,0
3206ccd4e4b724fb,0,0
eee359d6b1e82f8d,0,0
9502555f0b765b83,0,0
0c89ba9e740edce5,0,0
efc17f7887667be1,0,0
c5e6f368a704998b,0,0
8c102062e26ae348,0,0
d30a456e7ac32a27,0,0
650c98a9c96f49f6,0,0
ddc7b3ac63d15f1a,0,0
2b05aabe16ecb606,0,0
1912753de91cb8cb,0,0
df83fff00ecdf6c2,0,0
8acde7d14e093217,0,0
182140c4c4d5c691,0,0
a7158adcf486554e,0,0
ca18305393df92ec,0,0
ba8f6759c7a2bf34,0,0
570a547d2dd86d0d,0,0
3324ea7ad2397097,0,0
be07ffe11d9aed85,0,0
159bcfa39d12642e,0,0
3042808889ab8d23,0,0
4f2b14b9e90dab9c,0,0
943160a626bf25d9,0,0
741fcfb28e457f69,0,0
af14a8fa5ab0db1a,0,0
6748d4f5a473e02e,0,0
7c0ffec33b34db0b,0,0
2a369f473b25c85c,0,0
6184001113571b47,0,0
9f562872d31b5639,0,0
2863c04c4d7e4bb2,0,0
e83e9e651d8bfed2,0,0
5e2950f5b560b735,0,0
ce90a8eb49e7c05d,0,0
f81efc877768b617,0,0
546c3e8f764a90b9,0,0
c208012226ae368e,0,0
3fad50e4a637ac72,0,0
51c680999afc9664,0,0
d07d3ccb3a16fda5,0,0
bc52a0ea6bc16e6b,0,0
9c2151d793ce81bb,0,0
f13df80fefd06c2f,0,0
a9d87c1eed942073,0,0
841102444c5c6d1c,0,0
7e5aa1c84d6f58e5,0,0
a38c013335f92dc9,0,0
a0fb7896752cfa4b,0,0
79a540d5d782ddd6,0,0
3843a2ae279d0377,0,0
e27bf01fdea1d95e,0,0
52b1f93cda2941e6,0,0
0923048898b8da38,0,0
fdb442919bdeb0ca,0,0
461903666af25b92,0,0
41f7f12ceb58f497,0,0
f24a81aaaf05bbad,0,0
7086445d4f3a07ee,0,0
c5f7e03fbc43b3bd,0,0
a462f379b45382cc,0,0
134608103171b571,0,0
fb69852237bd6195,0,0
8d3206ccd4e4b724,0,0
83eee359d6b1e82f,0,0
e59502555f0b765b,0,0
e10c89ba9e740edc,0,0
8befc17f7887667b,0,0
48c5e6f368a70499,0,0
278c102062e26ae3,0,0
f6d30a456e7ac32a,0,0
1a650c98a9c96f49,0,0
06ddc7b3ac63d15f,0,0
cb2b05aabe16ecb6,0,0
c21912753de91cb8,0,0
17df83fff00ecdf6,0,0
918acde7d14e0932,0,0
4e182140c4c4d5c6,0,0
eca7158adcf48655,0,0
34ca18305393df92,0,0
0dba8f6759c7a2bf,0,0
97570a547d2dd86d,0,0
853324ea7ad23970,0,0
2ebe07ffe11d9aed,0,0
23159bcfa39d1264,0,0
9c3042808889ab8d,0,0
d94f2b14b9e90dab,0,0
69943160a626bf25,0,0
1a741fcfb28e457f,0,0
2eaf14a8fa5ab0db,0,0
0b6748d4f5a473e0,0,0
5c7c0ffec33b34db,0,0
472a369f473b25c8,0,0
396184001113571b,0,0
b29f562872d31b56,0,0
d22863c04c4d7e4b,0,0
35e83e9e651d8bfe,0,0
5d5e2950f5b560b7,0,0
17ce90a8eb49e7c0,0,0
b9f81efc877768b6,0,0
8e546c3e8f764a90,0,0
72c208012226ae36,0,0
643fad50e4a637ac,0,0
a551c680999afc96,0,0
6bd07d3ccb3a16fd,0,0
bbbc52a0ea6bc16e,0,0
2f9c2151d793ce81,0,0
73f13df80fefd06c,0,0
1ca9d87c1eed9420,0,0
e5841102444c5c6d,0,0
c97e5aa1c84d6f58,0,0
4ba38c013335f92d,0,0
d6a0fb7896752cfa,0,0
7779a540d5d782dd,0,0
5e3843a2ae279d03,0,0
e6e27bf01fdea1d9,0,0
3852b1f93cda2941,0,0
ca0923048898b8da,0,0
92fdb442919bdeb0,0,0
97461903666af25b,0,0
ad41f7f12ceb58f4,0,0
eef24a81aaaf05bb,0,0
bd7086445d4f3a07,0,0
ccc5f7e03fbc43b3,0,0
71a462f379b45382,0,0
95134608103171b5,0,0
24fb69852237bd61,0,0
6e6bd07d3ccb3a16,0,0
81bbbc52a0ea6bc1,0,0
6c2f9c2151d793ce,0,0
2073f13df80fefd0,0,0
6d1ca9d87c1eed94,0,0
58e5841102444c5c,0,0
2dc97e5aa1c84d6f,0,0
fa4ba38c013335f9,0,0
ddd6a0fb7896752c,0,0
037779a540d5d782,0,0
d95e3843a2ae279d,1,0
0000d3fe05944b51,0,1
94050045024afc8e,0,0
908611400040429a,0,0
0100420a0200420a,0,0
b29f80058913bfac,0,0
ebe1000046525051,0,0
da066a9737060000,0,0
9d037779a540d5d7,0,0
a1d95e3843a2ae27,0,0
2941e6e27bf01fde,0,0
b8da3852b1f93cda,0,0
deb0ca0923048898,0,0
f25b92fdb442919b,0,0
58f497461903666a,0,0
05bbad41f7f12ceb,0,0
3a07eef24a81aaaf,0,0
43b3bd7086445d4f,0,0
5382ccc5f7e03fbc,0,0
71b571a462f379b4,0,0
bd61951346081031,0,0
e4b724fb69852237,0,0
b1e82f8d3206ccd4,0,0
0b765b83eee359d6,0,0
740edce59502555f,0,0
87667be10c89ba9e,0,0
a704998befc17f78,0,0
e26ae348c5e6f368,0,0
7ac32a278c102062,0,0
c96f49f6d30a456e,0,0
63d15f1a650c98a9,0,0
16ecb606ddc7b3ac,0,0
e91cb8cb2b05aabe,0,0
0ecdf6c21912753d,0,0
4e093217df83fff0,0,0
c4d5c6918acde7d1,0,0
f486554e182140c4,0,0
93df92eca7158adc,0,0
c7a2bf34ca183053,0,0
2dd86d0dba8f6759,0,0
d2397097570a547d,0,0
1d9aed853324ea7a,0,0
9d12642ebe07ffe1,0,0
89ab8d23159bcfa3,0,0
e90dab9c30428088,0,0
26bf25d94f2b14b9,0,0
8e457f69943160a6,0,0
5ab0db1a741fcfb2,0,0
a473e02eaf14a8fa,0,0
3b34db0b6748d4f5,0,0
3b25c85c7c0ffec3,0,0
13571b472a369f47,0,0
d31b563961840011,0,0
4d7e4bb29f562872,0,0
1d8bfed22863c04c,0,0
b560b735e83e9e65,0,0
49e7c05d5e2950f5,0,0
7768b617ce90a8eb,0,0
764a90b9f81efc87,0,0
26ae368e546c3e8f,0,0
a637ac72c2080122,0,0
9afc96643fad50e4,0,0
3a16fda551c68099,0,0
6bc16e6bd07d3ccb,0,0
93ce81bbbc52a0ea,0,0
efd06c2f9c2151d7,0,0
ed942073f13df80f,0,0
4c5c6d1ca9d87c1e,0,0
4d6f58e584110244,0,0
35f92dc97e5aa1c8,0,0
752cfa4ba38c0133,0,0
d782ddd6a0fb7896,0,0
279d037779a540d5,0,0
dea1d95e3843a2ae,0,0
da2941e6e27bf01f,0,0
98b8da3852b1f93c,0,0
9bdeb0ca09230488,0,0
6af25b92fdb44291,0,0
eb58f49746190366,0,0
af05bbad41f7f12c,0,0
4f3a07eef24a81aa,0,0
bc43b3bd7086445d,0,0
b45382ccc5f7e03f,0,0
3171b571a462f379,0,0
37bd619513460810,0,0
d4e4b724fb698522,0,0
d6b1e82f8d3206cc,0,0
5f0b765b83eee359,0,0
9e740edce5950255,0,0
7887667be10c89ba,0,0
68a704998befc17f,0,0
62e26ae348c5e6f3,0,0
6e7ac32a278c1020,0,0
a9c96f49f6d30a45,0,0
ac63d15f1a650c98,0,0
be16ecb606ddc7b3,0,0
3de91cb8cb2b05aa,0,0
f00ecdf6c2191275,0,0
d14e093217df83ff,0,0
c4c4d5c6918acde7,0,0
dcf486554e182140,0,0
5393df92eca7158a,0,0
59c7a2bf34ca1830,0,0
7d2dd86d0dba8f67,0,0
7ad2397097570a54,0,0
e11d9aed853324ea,0,0
a39d12642ebe07ff,0,0
8889ab8d23159bcf,0,0
b9e90dab9c304280,0,0
a626bf25d94f2b14,0,0
b28e457f69943160,0,0
fa5ab0db1a741fcf,0,0
f5a473e02eaf14a8,0,0
c33b34db0b6748d4,0,0
473b25c85c7c0ffe,0,0
1113571b472a369f,0,0
72d31b5639618400,0,0
4c4d7e4bb29f5628,0,0
651d8bfed22863c0,0,0
f5b560b735e83e9e,0,0
eb49e7c05d5e2950,0,0
877768b617ce90a8,0,0
8f764a90b9f81efc,0,0
2226ae368e546c3e,0,0
e4a637ac72c20801,0,0
999afc96643fad50,0,0
cb3a16fda551c680,0,0
ea6bc16e6bd07d3c,0,0
d793ce81bbbc52a0,0,0
0fefd06c2f9c2151,0,0
1eed942073f13df8,0,0
444c5c6d1ca9d87c,0,0
c84d6f58e5841102,0,0
3335f92dc97e5aa1,0,0
96752cfa4ba38c01,0,0
d5d782ddd6a0fb78,0,0
ae279d037779a540,0,0
1fdea1d95e3843a2,0,0
3cda2941e6e27bf0,0,0
8898b8da3852b1f9,0,0
919bdeb0ca092304,0,0
666af25b92fdb442,0,0
2ceb58f497461903,0,0
aaaf05bbad41f7f1,0,0
5d4f3a07eef24a81,0,0
3fbc43b3bd708644,0,0
79b45382ccc5f7e0,0,0
103171b571a462f3,0,0
2237bd6195134608,0,0
ccd4e4b724fb6985,0,0
59d6b1e82f8d3206,0,0
555f0b765b83eee3,0,0
ba9e740edce59502,0,0
7f7887667be10c89,0,0
f368a704998befc1,0,0
2062e26ae348c5e6,0,0
456e7ac32a278c10,0,0
98a9c96f49f6d30a,0,0
b3ac63d15f1a650c,0,0
aabe16ecb606ddc7,0,0
753de91cb8cb2b05,0,0
fff00ecdf6c21912,0,0
e7d14e093217df83,0,0
40c4c4d5c6918acd,0,0
8adcf486554e1821,0,0
305393df92eca715,0,0
6759c7a2bf34ca18,0,0
547d2dd86d0dba8f,0,0
ea7ad2397097570a,0,0
ffe11d9aed853324,0,0
cfa39d12642ebe07,0,0
808889ab8d23159b,0,0
14b9e90dab9c3042,0,0
60a626bf25d94f2b,0,0
cfb28e457f699431,0,0
a8fa5ab0db1a741f,0,0
d4f5a473e02eaf14,0,0
fec33b34db0b6748,0,0
9f473b25c85c7c0f,0,0
001113571b472a36,0,0
2872d31b56396184,0,0
9f473b25c85c7c0f,0,0
001113571b472a36,0,0
2872d31b56396184,0,0
c04c4d7e4bb29f56,0,0
9e651d8bfed22863,0,0
50f5b560b735e83e,0,0
a8eb49e7c05d5e29,0,0
fc877768b617ce90,0,0
3e8f764a90b9f81e,0,0
012226ae368e546c,0,0
50e4a637ac72c208,1,0
0000d3ff05944b51,0,1
94050045badaa49b,0,0
8f8611400040439a,0,0
0100420a0200420a,0,0
31b280058913bfac,0,0
ece1000046525051,0,0
296c759737060000,0,0
96643fad50e4a637,0,0
fda551c680999afc,0,0
6e6bd07d3ccb3a16,0,0
81bbbc52a0ea6bc1,0,0
6c2f9c2151d793ce,0,0
2073f13df80fefd0,0,0
6d1ca9d87c1eed94,0,0
58e5841102444c5c,0,0
2dc97e5aa1c84d6f,0,0
fa4ba38c013335f9,0,0
ddd6a0fb7896752c,0,0
037779a540d5d782,0,0
d95e3843a2ae279d,0,0
41e6e27bf01fdea1,0,0
da3852b1f93cda29,0,0
b0ca0923048898b8,0,0
5b92fdb442919bde,0,0
f497461903666af2,0,0
bbad41f7f12ceb58,0,0
07eef24a81aaaf05,0,0
b3bd7086445d4f3a,0,0
82ccc5f7e03fbc43,0,0
b571a462f379b453,0,0
6195134608103171,0,0
b724fb69852237bd,0,0
e82f8d3206ccd4e4,0,0
765b83eee359d6b1,0,0
0edce59502555f0b,0,0
667be10c89ba9e74,0,0
04998befc17f7887,0,0
6ae348c5e6f368a7,0,0
c32a278c102062e2,0,0
6f49f6d30a456e7a,0,0
d15f1a650c98a9c9,0,0
ecb606ddc7b3ac63,0,0
1cb8cb2b05aabe16,0,0
cdf6c21912753de9,0,0
093217df83fff00e,0,0
d5c6918acde7d14e,0,0
86554e182140c4c4,0,0
df92eca7158adcf4,0,0
a2bf34ca18305393,0,0
d86d0dba8f6759c7,0,0
397097570a547d2d,0,0
9aed853324ea7ad2,0,0
12642ebe07ffe11d,0,0
ab8d23159bcfa39d,0,0
0dab9c3042808889,0,0
bf25d94f2b14b9e9,0,0
457f69943160a626,0,0
b0db1a741fcfb28e,0,0
73e02eaf14a8fa5a,0,0
34db0b6748d4f5a4,0,0
25c85c7c0ffec33b,0,0
571b472a369f473b,0,0
1b56396184001113,0,0
7e4bb29f562872d3,0,0
8bfed22863c04c4d,0,0
60b735e83e9e651d,0,0
e7c05d5e2950f5b5,0,0
68b617ce90a8eb49,0,0
4a90b9f81efc8777,0,0
ae368e546c3e8f76,0,0
37ac72c208012226,0,0
fc96643fad50e4a6,0,0
16fda551c680999a,0,0
c16e6bd07d3ccb3a,0,0
ce81bbbc52a0ea6b,0,0
d06c2f9c2151d793,0,0
942073f13df80fef,0,0
5c6d1ca9d87c1eed,0,0
6f58e5841102444c,0,0
f92dc97e5aa1c84d,0,0
2cfa4ba38c013335,0,0
82ddd6a0fb789675,0,0
9d037779a540d5d7,0,0
a1d95e3843a2ae27,0,0
2941e6e27bf01fde,0,0
b8da3852b1f93cda,0,0
deb0ca0923048898,0,0
f25b92fdb442919b,0,0
58f497461903666a,0,0
05bbad41f7f12ceb,0,0
3a07eef24a81aaaf,0,0
43b3bd7086445d4f,0,0
5382ccc5f7e03fbc,0,0
71b571a462f379b4,0,0
bd61951346081031,0,0
e4b724fb69852237,0,0
b1e82f8d3206ccd4,0,0
0b765b83eee359d6,0,0
740edce59502555f,0,0
87667be10c89ba9e,0,0
a704998befc17f78,0,0
e26ae348c5e6f368,0,0
7ac32a278c102062,0,0
c96f49f6d30a456e,0,0
63d15f1a650c98a9,0,0
16ecb606ddc7b3ac,0,0
e91cb8cb2b05aabe,0,0
0ecdf6c21912753d,0,0
4e093217df83fff0,0,0
c4d5c6918acde7d1,0,0
f486554e182140c4,0,0
93df92eca7158adc,0,0
c7a2bf34ca183053,0,0
2dd86d0dba8f6759,0,0
d2397097570a547d,0,0
1d9aed853324ea7a,0,0
9d12642ebe07ffe1,0,0
89ab8d23159bcfa3,0,0
e90dab9c30428088,0,0
26bf25d94f2b14b9,0,0
8e457f69943160a6,0,0
5ab0db1a741fcfb2,0,0
a473e02eaf14a8fa,0,0
3b34db0b6748d4f5,0,0
3b25c85c7c0ffec3,0,0
13571b472a369f47,0,0
d31b563961840011,0,0
4d7e4bb29f562872,0,0
1d8bfed22863c04c,0,0
b560b735e83e9e65,0,0
49e7c05d5e2950f5,0,0
7768b617ce90a8eb,0,0
764a90b9f81efc87,0,0
26ae368e546c3e8f,0,0
a637ac72c2080122,0,0
9afc96643fad50e4,0,0
3a16fda551c68099,0,0
6bc16e6bd07d3ccb,0,0
93ce81bbbc52a0ea,0,0
efd06c2f9c2151d7,0,0
ed942073f13df80f,0,0
4c5c6d1ca9d87c1e,0,0
4d6f58e584110244,0,0
35f92dc97e5aa1c8,0,0
752cfa4ba38c0133,0,0
d782ddd6a0fb7896,0,0
279d037779a540d5,0,0
dea1d95e3843a2ae,0,0
da2941e6e27bf01f,0,0
98b8da3852b1f93c,0,0
9bdeb0ca09230488,0,0
6af25b92fdb44291,0,0
eb58f49746190366,0,0
af05bbad41f7f12c,0,0
4f3a07eef24a81aa,0,0
bc43b3bd7086445d,0,0
b45382ccc5f7e03f,0,0
3171b571a462f379,0,0
37bd619513460810,0,0
d4e4b724fb698522,0,0
d6b1e82f8d3206cc,0,0
5f0b765b83eee359,0,0
9e740edce5950255,0,0
7887667be10c89ba,0,0
68a704998befc17f,0,0
62e26ae348c5e6f3,0,0
6e7ac32a278c1020,0,0
a9c96f49f6d30a45,0,0
ac63d15f1a650c98,0,0
be16ecb606ddc7b3,0,0
3de91cb8cb2b05aa,0,0
f00ecdf6c2191275,0,0
d14e093217df83ff,0,0
c4c4d5c6918acde7,0,0
dcf486554e182140,0,0
5393df92eca7158a,0,0
59c7a2bf34ca1830,0,0
7d2dd86d0dba8f67,0,0
7ad2397097570a54,0,0
e11d9aed853324ea,0,0
cfa39d12642ebe07,0,0
808889ab8d23159b,0,0
14b9e90dab9c3042,0,0
60a626bf25d94f2b,0,0
cfb28e457f699431,0,0
a8fa5ab0db1a741f,0,0
d4f5a473e02eaf14,0,0
fec33b34db0b6748,0,0
9f473b25c85c7c0f,0,0
001113571b472a36,0,0
2872d31b56396184,1,0
0000d40005944b51,0,1
940500459c0ac20f,0,0
8d8611400040459a,0,0
0100420a0200420a,0,0
39d080058913bfac,0,0
eee1000046525051,0,0
aa348c9737060000,0,0
4a90b9f81efc8777,0,0
ae368e546c3e8f76,0,0
37ac72c208012226,0,0
fc96643fad50e4a6,0,0
16fda551c680999a,0,0
c16e6bd07d3ccb3a,0,0
ce81bbbc52a0ea6b,0,0
d06c2f9c2151d793,0,0
942073f13df80fef,0,0
5c6d1ca9d87c1eed,0,0
6f58e5841102444c,0,0
f92dc97e5aa1c84d,0,0
2cfa4ba38c013335,0,0
82ddd6a0fb789675,0,0
9d037779a540d5d7,0,0
a1d95e3843a2ae27,0,0
2941e6e27bf01fde,0,0
b8da3852b1f93cda,0,0
deb0ca0923048898,0,0
f25b92fdb442919b,0,0
58f497461903666a,0,0
05bbad41f7f12ceb,0,0
3a07eef24a81aaaf,0,0
43b3bd7086445d4f,0,0
5382ccc5f7e03fbc,0,0
71b571a462f379b4,0,0
bd61951346081031,0,0
e4b724fb69852237,0,0
b1e82f8d3206ccd4,0,0
0b765b83eee359d6,0,0
740edce59502555f,0,0
87667be10c89ba9e,0,0
a704998befc17f78,0,0
e26ae348c5e6f368,0,0
7ac32a278c102062,0,0
c96f49f6d30a456e,0,0
63d15f1a650c98a9,0,0
16ecb606ddc7b3ac,0,0
e91cb8cb2b05aabe,0,0
0ecdf6c21912753d,0,0
4e093217df83fff0,0,0
c4d5c6918acde7d1,0,0
f486554e182140c4,0,0
93df92eca7158adc,0,0
c7a2bf34ca183053,0,0
2dd86d0dba8f6759,0,0
d2397097570a547d,0,0
1d9aed853324ea7a,0,0
9d12642ebe07ffe1,0,0
89ab8d23159bcfa3,0,0
e90dab9c30428088,0,0
26bf25d94f2b14b9,0,0
8e457f69943160a6,0,0
5ab0db1a741fcfb2,0,0
a473e02eaf14a8fa,0,0
3b34db0b6748d4f5,0,0
3b25c85c7c0ffec3,0,0
13571b472a369f47,0,0
d31b563961840011,0,0
4d7e4bb29f562872,0,0
1d8bfed22863c04c,0,0
b560b735e83e9e65,0,0
49e7c05d5e2950f5,0,0
7768b617ce90a8eb,0,0
764a90b9f81efc87,0,0
26ae368e546c3e8f,0,0
a637ac72c2080122,0,0
9afc96643fad50e4,0,0
3a16fda551c68099,0,0
6bc16e6bd07d3ccb,0,0
93ce81bbbc52a0ea,0,0
efd06c2f9c2151d7,0,0
ed942073f13df80f,0,0
4c5c6d1ca9d87c1e,0,0
4d6f58e584110244,0,0
35f92dc97e5aa1c8,0,0
752cfa4ba38c0133,0,0
d782ddd6a0fb7896,0,0
279d037779a540d5,0,0
dea1d95e3843a2ae,0,0
da2941e6e27bf01f,0,0
98b8da3852b1f93c,0,0
9bdeb0ca09230488,0,0
6af25b92fdb44291,0,0
eb58f49746190366,0,0
af05bbad41f7f12c,0,0
4f3a07eef24a81aa,0,0
bc43b3bd7086445d,0,0
b45382ccc5f7e03f,0,0
3171b571a462f379,0,0
37bd619513460810,0,0
d4e4b724fb698522,0,0
d6b1e82f8d3206cc,0,0
5f0b765b83eee359,0,0
9e740edce5950255,0,0
7887667be10c89ba,0,0
68a704998befc17f,0,0
62e26ae348c5e6f3,0,0
6e7ac32a278c1020,0,0
a9c96f49f6d30a45,0,0
ac63d15f1a650c98,0,0
be16ecb606ddc7b3,0,0
3de91cb8cb2b05aa,0,0
f00ecdf6c2191275,0,0
d14e093217df83ff,0,0
c4c4d5c6918acde7,0,0
dcf486554e182140,0,0
5393df92eca7158a,0,0
59c7a2bf34ca1830,0,0
7d2dd86d0dba8f67,0,0
7ad2397097570a54,0,0
e11d9aed853324ea,0,0
a39d12642ebe07ff,0,0
8889ab8d23159bcf,0,0
b9e90dab9c304280,0,0
a626bf25d94f2b14,0,0
b28e457f69943160,0,0
fa5ab0db1a741fcf,0,0
f5a473e02eaf14a8,0,0
c33b34db0b6748d4,0,0
473b25c85c7c0ffe,0,0
1113571b472a369f,0,0
72d31b5639618400,0,0
4c4d7e4bb29f5628,0,0
651d8bfed22863c0,0,0
f5b560b735e83e9e,0,0
eb49e7c05d5e2950,0,0
877768b617ce90a8,0,0
8f764a90b9f81efc,0,0
2226ae368e546c3e,0,0
e4a637ac72c20801,0,0
999afc96643fad50,0,0
cb3a16fda551c680,0,0
ea6bc16e6bd07d3c,0,0
d793ce81bbbc52a0,0,0
0fefd06c2f9c2151,0,0
1eed942073f13df8,0,0
444c5c6d1ca9d87c,0,0
c84d6f58e5841102,0,0
3335f92dc97e5aa1,0,0
96752cfa4ba38c01,0,0
d5d782ddd6a0fb78,0,0
ae279d037779a540,0,0
1fdea1d95e3843a2,0,0
3cda2941e6e27bf0,0,0
8898b8da3852b1f9,0,0
919bdeb0ca092304,0,0
666af25b92fdb442,0,0
2ceb58f497461903,0,0
aaaf05bbad41f7f1,0,0
5d4f3a07eef24a81,0,0
3fbc43b3bd708644,0,0
79b45382ccc5f7e0,0,0
103171b571a462f3,0,0
2237bd6195134608,0,0
ccd4e4b724fb6985,0,0
59d6b1e82f8d3206,0,0
555f0b765b83eee3,0,0
ba9e740edce59502,0,0
7f7887667be10c89,0,0
f368a704998befc1,0,0
2062e26ae348c5e6,0,0
456e7ac32a278c10,0,0
98a9c96f49f6d30a,0,0
b3ac63d15f1a650c,0,0
aabe16ecb606ddc7,0,0
753de91cb8cb2b05,0,0
fff00ecdf6c21912,0,0
e7d14e093217df83,0,0
40c4c4d5c6918acd,0,0
8adcf486554e1821,0,0
305393df92eca715,0,0
6759c7a2bf34ca18,0,0
cfa39d12642ebe07,0,0
808889ab8d23159b,0,0
14b9e90dab9c3042,0,0
60a626bf25d94f2b,0,0
cfb28e457f699431,0,0
a8fa5ab0db1a741f,0,0
d4f5a473e02eaf14,0,0
fec33b34db0b6748,0,0
9f473b25c85c7c0f,0,0
001113571b472a36,0,0
2872d31b56396184,1,0
0000d40105944b51,0,1
940500456d3195db,0,0
8c8611400040469a,0,0
0100420a0200420a,0,0
784280058913bfac,0,0
efe1000046525051,0,0
4599979737060000,0,0
f379b45382ccc5f7,0,0
08103171b571a462,0,0
852237bd61951346,0,0
06ccd4e4b724fb69,0,0
e359d6b1e82f8d32,0,0
02555f0b765b83ee,0,0
89ba9e740edce595,0,0
c17f7887667be10c,0,0
e6f368a704998bef,0,0
102062e26ae348c5,0,0
0a456e7ac32a278c,0,0
0c98a9c96f49f6d3,0,0
c7b3ac63d15f1a65,0,0
05aabe16ecb606dd,0,0
12753de91cb8cb2b,0,0
83fff00ecdf6c219,0,0
cde7d14e093217df,0,0
2140c4c4d5c6918a,0,0
158adcf486554e18,0,0
18305393df92eca7,0,0
8f6759c7a2bf34ca,0,0
0a547d2dd86d0dba,0,0
24ea7ad239709757,0,0
07ffe11d9aed8533,0,0
9bcfa39d12642ebe,0,0
42808889ab8d2315,0,0
2b14b9e90dab9c30,0,0
3160a626bf25d94f,0,0
1fcfb28e457f6994,0,0
14a8fa5ab0db1a74,0,0
48d4f5a473e02eaf,0,0
0ffec33b34db0b67,0,0
369f473b25c85c7c,0,0
84001113571b472a,0,0
562872d31b563961,0,0
63c04c4d7e4bb29f,0,0
3e9e651d8bfed228,0,0
2950f5b560b735e8,0,0
90a8eb49e7c05d5e,0,0
1efc877768b617ce,0,0
6c3e8f764a90b9f8,0,0
08012226ae368e54,0,0
ad50e4a637ac72c2,0,0
c680999afc96643f,0,0
7d3ccb3a16fda551,0,0
52a0ea6bc16e6bd0,0,0
2151d793ce81bbbc,0,0
3df80fefd06c2f9c,0,0
d87c1eed942073f1,0,0
1102444c5c6d1ca9,0,0
5aa1c84d6f58e584,0,0
8c013335f92dc97e,0,0
fb7896752cfa4ba3,0,0
a540d5d782ddd6a0,0,0
43a2ae279d037779,0,0
7bf01fdea1d95e38,0,0
b1f93cda2941e6e2,0,0
23048898b8da3852,0,0
b442919bdeb0ca09,0,0
1903666af25b92fd,0,0
f7f12ceb58f49746,0,0
4a81aaaf05bbad41,0,0
86445d4f3a07eef2,0,0
f7e03fbc43b3bd70,0,0
62f379b45382ccc5,0,0
4608103171b571a4,0,0
69852237bd619513,0,0
3206ccd4e4b724fb,0,0
eee359d6b1e82f8d,0,0
9502555f0b765b83,0,0
0c89ba9e740edce5,0,0
efc17f7887667be1,0,0
c5e6f368a704998b,0,0
8c102062e26ae348,0,0
d30a456e7ac32a27,0,0
650c98a9c96f49f6,0,0
ddc7b3ac63d15f1a,0,0
2b05aabe16ecb606,0,0
1912753de91cb8cb,0,0
df83fff00ecdf6c2,0,0
8acde7d14e093217,0,0
182140c4c4d5c691,0,0
a7158adcf486554e,0,0
ca18305393df92ec,0,0
ba8f6759c7a2bf34,0,0
570a547d2dd86d0d,0,0
3324ea7ad2397097,0,0
be07ffe11d9aed85,0,0
159bcfa39d12642e,0,0
3042808889ab8d23,0,0
4f2b14b9e90dab9c,0,0
943160a626bf25d9,0,0
741fcfb28e457f69,0,0
af14a8fa5ab0db1a,0,0
6748d4f5a473e02e,0,0
7c0ffec33b34db0b,0,0
2a369f473b25c85c,0,0
6184001113571b47,0,0
9f562872d31b5639,0,0
2863c04c4d7e4bb2,0,0
e83e9e651d8bfed2,0,0
5e2950f5b560b735,0,0
ce90a8eb49e7c05d,0,0
f81efc877768b617,0,0
546c3e8f764a90b9,0,0
c208012226ae368e,0,0
3fad50e4a637ac72,0,0
51c680999afc9664,0,0
d07d3ccb3a16fda5,0,0
bc52a0ea6bc16e6b,0,0
9c2151d793ce81bb,0,0
f13df80fefd06c2f,0,0
a9d87c1eed942073,0,0
841102444c5c6d1c,0,0
7e5aa1c84d6f58e5,0,0
a38c013335f92dc9,0,0
a0fb7896752cfa4b,0,0
79a540d5d782ddd6,0,0
3843a2ae279d0377,0,0
e27bf01fdea1d95e,0,0
52b1f93cda2941e6,0,0
0923048898b8da38,0,0
fdb442919bdeb0ca,0,0
461903666af25b92,0,0
41f7f12ceb58f497,0,0
f24a81aaaf05bbad,0,0
7086445d4f3a07ee,0,0
c5f7e03fbc43b3bd,0,0
a462f379b45382cc,0,0
134608103171b571,0,0
fb69852237bd6195,0,0
8d3206ccd4e4b724,0,0
83eee359d6b1e82f,0,0
e59502555f0b765b,0,0
e10c89ba9e740edc,0,0
8befc17f7887667b,0,0
48c5e6f368a70499,0,0
278c102062e26ae3,0,0
f6d30a456e7ac32a,0,0
1a650c98a9c96f49,0,0
06ddc7b3ac63d15f,0,0
cb2b05aabe16ecb6,0,0
c21912753de91cb8,0,0
17df83fff00ecdf6,0,0
918acde7d14e0932,0,0
4e182140c4c4d5c6,0,0
eca7158adcf48655,0,0
34ca18305393df92,0,0
0dba8f6759c7a2bf,0,0
97570a547d2dd86d,0,0
853324ea7ad23970,0,0
2ebe07ffe11d9aed,0,0
23159bcfa39d1264,0,0
9c3042808889ab8d,0,0
d94f2b14b9e90dab,0,0
69943160a626bf25,0,0
1a741fcfb28e457f,0,0
2eaf14a8fa5ab0db,0,0
0b6748d4f5a473e0,0,0
5c7c0ffec33b34db,0,0
472a369f473b25c8,0,0
396184001113571b,0,0
b29f562872d31b56,0,0
d22863c04c4d7e4b,0,0
35e83e9e651d8bfe,0,0
5d5e2950f5b560b7,0,0
17ce90a8eb49e7c0,0,0
b9f81efc877768b6,0,0
8e546c3e8f764a90,0,0
72c208012226ae36,0,0
643fad50e4a637ac,0,0
a551c680999afc96,0,0
6bd07d3ccb3a16fd,0,0
50e4a637ac72c208,0,0
80999afc96643fad,0,0
3ccb3a16fda551c6,0,0
a0ea6bc16e6bd07d,0,0
51d793ce81bbbc52,0,0
f80fefd06c2f9c21,0,0
7c1eed942073f13d,0,0
02444c5c6d1ca9d8,0,0
a1c84d6f58e58411,0,0
013335f92dc97e5a,0,0
7896752cfa4ba38c,1,0
0000d40205944b51,0,1
94050045729d7507,0,0
8b8611400040479a,0,0
0100420a0200420a,0,0
ed1780058913bfac,0,0
f0e1000046525051,0,0
b000a39737060000,0,0
ed942073f13df80f,0,0
4c5c6d1ca9d87c1e,0,0
4d6f58e584110244,0,0
35f92dc97e5aa1c8,0,0
752cfa4ba38c0133,0,0
d782ddd6a0fb7896,0,0
279d037779a540d5,0,0
dea1d95e3843a2ae,0,0
da2941e6e27bf01f,0,0
98b8da3852b1f93c,0,0
9bdeb0ca09230488,0,0
6af25b92fdb44291,0,0
eb58f49746190366,0,0
af05bbad41f7f12c,0,0
4f3a07eef24a81aa,0,0
bc43b3bd7086445d,0,0
b45382ccc5f7e03f,0,0
3171b571a462f379,0,0
37bd619513460810,0,0
d4e4b724fb698522,0,0
d6b1e82f8d3206cc,0,0
5f0b765b83eee359,0,0
9e740edce5950255,0,0
7887667be10c89ba,0,0
68a704998befc17f,0,0
62e26ae348c5e6f3,0,0
6e7ac32a278c1020,0,0
a9c96f49f6d30a45,0,0
ac63d15f1a650c98,0,0
be16ecb606ddc7b3,0,0
3de91cb8cb2b05aa,0,0
f00ecdf6c2191275,0,0
d14e093217df83ff,0,0
c4c4d5c6918acde7,0,0
dcf486554e182140,0,0
5393df92eca7158a,0,0
59c7a2bf34ca1830,0,0
7d2dd86d0dba8f67,0,0
7ad2397097570a54,0,0
e11d9aed853324ea,0,0
a39d12642ebe07ff,0,0
8889ab8d23159bcf,0,0
b9e90dab9c304280,0,0
a626bf25d94f2b14,0,0
b28e457f69943160,0,0
fa5ab0db1a741fcf,0,0
f5a473e02eaf14a8,0,0
c33b34db0b6748d4,0,0
473b25c85c7c0ffe,0,0
1113571b472a369f,0,0
72d31b5639618400,0,0
4c4d7e4bb29f5628,0,0
651d8bfed22863c0,0,0
f5b560b735e83e9e,0,0
eb49e7c05d5e2950,0,0
877768b617ce90a8,0,0
8f764a90b9f81efc,0,0
2226ae368e546c3e,0,0
e4a637ac72c20801,0,0
999afc96643fad50,0,0
cb3a16fda551c680,0,0
ea6bc16e6bd07d3c,0,0
d793ce81bbbc52a0,0,0
0fefd06c2f9c2151,0,0
1eed942073f13df8,0,0
444c5c6d1ca9d87c,0,0
c84d6f58e5841102,0,0
3335f92dc97e5aa1,0,0
96752cfa4ba38c01,0,0
d5d782ddd6a0fb78,0,0
ae279d037779a540,0,0
1fdea1d95e3843a2,0,0
3cda2941e6e27bf0,0,0
8898b8da3852b1f9,0,0
919bdeb0ca092304,0,0
666af25b92fdb442,0,0
2ceb58f497461903,0,0
aaaf05bbad41f7f1,0,0
5d4f3a07eef24a81,0,0
3fbc43b3bd708644,0,0
79b45382ccc5f7e0,0,0
103171b571a462f3,0,0
2237bd6195134608,0,0
ccd4e4b724fb6985,0,0
59d6b1e82f8d3206,0,0
555f0b765b83eee3,0,0
ba9e740edce59502,0,0
7f7887667be10c89,0,0
f368a704998befc1,0,0
2062e26ae348c5e6,0,0
456e7ac32a278c10,0,0
98a9c96f49f6d30a,0,0
b3ac63d15f1a650c,0,0
aabe16ecb606ddc7,0,0
753de91cb8cb2b05,0,0
fff00ecdf6c21912,0,0
e7d14e093217df83,0,0
40c4c4d5c6918acd,0,0
8adcf486554e1821,0,0
305393df92eca715,0,0
6759c7a2bf34ca18,0,0
547d2dd86d0dba8f,0,0
ea7ad2397097570a,0,0
ffe11d9aed853324,0,0
cfa39d12642ebe07,0,0
808889ab8d23159b,0,0
14b9e90dab9c3042,0,0
60a626bf25d94f2b,0,0
cfb28e457f699431,0,0
a8fa5ab0db1a741f,0,0
d4f5a473e02eaf14,0,0
fec33b34db0b6748,0,0
9f473b25c85c7c0f,0,0
001113571b472a36,0,0
2872d31b56396184,0,0
c04c4d7e4bb29f56,0,0
9e651d8bfed22863,0,0
50f5b560b735e83e,0,0
a8eb49e7c05d5e29,0,0
fc877768b617ce90,0,0
3e8f764a90b9f81e,0,0
012226ae368e546c,0,0
50e4a637ac72c208,0,0
80999afc96643fad,0,0
3ccb3a16fda551c6,0,0
a0ea6bc16e6bd07d,0,0
51d793ce81bbbc52,0,0
f80fefd06c2f9c21,0,0
7c1eed942073f13d,0,0
02444c5c6d1ca9d8,0,0
a1c84d6f58e58411,0,0
013335f92dc97e5a,0,0
7896752cfa4ba38c,0,0
40d5d782ddd6a0fb,0,0
a2ae279d037779a5,0,0
f01fdea1d95e3843,0,0
f93cda2941e6e27b,0,0
048898b8da3852b1,0,0
42919bdeb0ca0923,0,0
03666af25b92fdb4,0,0
f12ceb58f4974619,0,0
81aaaf05bbad41f7,0,0
445d4f3a07eef24a,0,0
e03fbc43b3bd7086,0,0
f379b45382ccc5f7,0,0
08103171b571a462,0,0
852237bd61951346,0,0
06ccd4e4b724fb69,0,0
e359d6b1e82f8d32,0,0
02555f0b765b83ee,0,0
89ba9e740edce595,0,0
c17f7887667be10c,0,0
e6f368a704998bef,0,0
102062e26ae348c5,0,0
0a456e7ac32a278c,0,0
0c98a9c96f49f6d3,0,0
c7b3ac63d15f1a65,0,0
05aabe16ecb606dd,0,0
12753de91cb8cb2b,0,0
83fff00ecdf6c219,0,0
cde7d14e093217df,0,0
2140c4c4d5c6918a,0,0
158adcf486554e18,0,0
18305393df92eca7,0,0
8f6759c7a2bf34ca,0,0
0a547d2dd86d0dba,0,0
24ea7ad239709757,0,0
07ffe11d9aed8533,0,0
9bcfa39d12642ebe,0,0
42808889ab8d2315,0,0
2b14b9e90dab9c30,0,0
3160a626bf25d94f,0,0
1fcfb28e457f6994,0,0
a1c84d6f58e58411,0,0
013335f92dc97e5a,0,0
7896752cfa4ba38c,0,0
40d5d782ddd6a0fb,0,0
a2ae279d037779a5,0,0
f01fdea1d95e3843,0,0
f93cda2941e6e27b,0,0
048898b8da3852b1,0,0
42919bdeb0ca0923,0,0
03666af25b92fdb4,0,0
f12ceb58f4974619,1,0
0000d40305944b51,0,1
94050045937a0768,0,0
8a8611400040489a,0,0
0100420a0200420a,0,0
d92f80058913bfac,0,0
f1e1000046525051,0,0
c365ae9737060000,0,0
547d2dd86d0dba8f,0,0
ea7ad2397097570a,0,0
ffe11d9aed853324,0,0
cfa39d12642ebe07,0,0
808889ab8d23159b,0,0
14b9e90dab9c3042,0,0
60a626bf25d94f2b,0,0
cfb28e457f699431,0,0
a8fa5ab0db1a741f,0,0
d4f5a473e02eaf14,0,0
fec33b34db0b6748,0,0
9f473b25c85c7c0f,0,0
001113571b472a36,0,0
2872d31b56396184,0,0
c04c4d7e4bb29f56,0,0
9e651d8bfed22863,0,0
50f5b560b735e83e,0,0
a8eb49e7c05d5e29,0,0
fc877768b617ce90,0,0
3e8f764a90b9f81e,0,0
012226ae368e546c,0,0
50e4a637ac72c208,0,0
80999afc96643fad,0,0
3ccb3a16fda551c6,0,0
a0ea6bc16e6bd07d,0,0
51d793ce81bbbc52,0,0
f80fefd06c2f9c21,0,0
7c1eed942073f13d,0,0
02444c5c6d1ca9d8,0,0
a1c84d6f58e58411,0,0
013335f92dc97e5a,0,0
7896752cfa4ba38c,0,0
40d5d782ddd6a0fb,0,0
a2ae279d037779a5,0,0
f01fdea1d95e3843,0,0
f93cda2941e6e27b,0,0
048898b8da3852b1,0,0
42919bdeb0ca0923,0,0
03666af25b92fdb4,0,0
f12ceb58f4974619,0,0
81aaaf05bbad41f7,0,0
445d4f3a07eef24a,0,0
e03fbc43b3bd7086,0,0
f379b45382ccc5f7,0,0
08103171b571a462,0,0
852237bd61951346,0,0
06ccd4e4b724fb69,0,0
e359d6b1e82f8d32,0,0
02555f0b765b83ee,0,0
89ba9e740edce595,0,0
c17f7887667be10c,0,0
e6f368a704998bef,0,0
102062e26ae348c5,0,0
0a456e7ac32a278c,0,0
0c98a9c96f49f6d3,0,0
c7b3ac63d15f1a65,0,0
05aabe16ecb606dd,0,0
12753de91cb8cb2b,0,0
83fff00ecdf6c219,0,0
cde7d14e093217df,0,0
2140c4c4d5c6918a,0,0
158adcf486554e18,0,0
18305393df92eca7,0,0
8f6759c7a2bf34ca,0,0
0a547d2dd86d0dba,0,0
24ea7ad239709757,0,0
07ffe11d9aed8533,0,0
9bcfa39d12642ebe,0,0
42808889ab8d2315,0,0
2b14b9e90dab9c30,0,0
3160a626bf25d94f,0,0
1fcfb28e457f6994,0,0
14a8fa5ab0db1a74,0,0
48d4f5a473e02eaf,0,0
0ffec33b34db0b67,0,0
369f473b25c85c7c,0,0
84001113571b472a,0,0
562872d31b563961,0,0
63c04c4d7e4bb29f,0,0
3e9e651d8bfed228,0,0
2950f5b560b735e8,0,0
90a8eb49e7c05d5e,0,0
1efc877768b617ce,0,0
6c3e8f764a90b9f8,0,0
08012226ae368e54,0,0
ad50e4a637ac72c2,0,0
c680999afc96643f,0,0
7d3ccb3a16fda551,0,0
52a0ea6bc16e6bd0,0,0
2151d793ce81bbbc,0,0
3df80fefd06c2f9c,0,0
d87c1eed942073f1,0,0
1102444c5c6d1ca9,0,0
5aa1c84d6f58e584,0,0
8c013335f92dc97e,0,0
fb7896752cfa4ba3,0,0
a540d5d782ddd6a0,0,0
43a2ae279d037779,0,0
7bf01fdea1d95e38,0,0
b1f93cda2941e6e2,0,0
23048898b8da3852,0,0
b442919bdeb0ca09,0,0
1903666af25b92fd,0,0
f7f12ceb58f49746,0,0
4a81aaaf05bbad41,0,0
86445d4f3a07eef2,0,0
f7e03fbc43b3bd70,0,0
62f379b45382ccc5,0,0
4608103171b571a4,0,0
69852237bd619513,0,0
3206ccd4e4b724fb,0,0
eee359d6b1e82f8d,0,0
9502555f0b765b83,0,0
0c89ba9e740edce5,0,0
efc17f7887667be1,0,0
c5e6f368a704998b,0,0
8c102062e26ae348,0,0
d30a456e7ac32a27,0,0
650c98a9c96f49f6,0,0
ddc7b3ac63d15f1a,0,0
2b05aabe16ecb606,0,0
1912753de91cb8cb,0,0
df83fff00ecdf6c2,0,0
8acde7d14e093217,0,0
182140c4c4d5c691,0,0
a7158adcf486554e,0,0
ca18305393df92ec,0,0
ba8f6759c7a2bf34,0,0
570a547d2dd86d0d,0,0
3324ea7ad2397097,0,0
be07ffe11d9aed85,0,0
159bcfa39d12642e,0,0
3042808889ab8d23,0,0
4f2b14b9e90dab9c,0,0
943160a626bf25d9,0,0
741fcfb28e457f69,0,0
af14a8fa5ab0db1a,0,0
6748d4f5a473e02e,0,0
7c0ffec33b34db0b,0,0
2a369f473b25c85c,0,0
6184001113571b47,0,0
9f562872d31b5639,0,0
2863c04c4d7e4bb2,0,0
e83e9e651d8bfed2,0,0
5e2950f5b560b735,0,0
ce90a8eb49e7c05d,0,0
f81efc877768b617,0,0
546c3e8f764a90b9,0,0
c208012226ae368e,0,0
3fad50e4a637ac72,0,0
51c680999afc9664,0,0
d07d3ccb3a16fda5,0,0
bc52a0ea6bc16e6b,0,0
9c2151d793ce81bb,0,0
f13df80fefd06c2f,0,0
a9d87c1eed942073,0,0
841102444c5c6d1c,0,0
7e5aa1c84d6f58e5,0,0
a38c013335f92dc9,0,0
a0fb7896752cfa4b,0,0
79a540d5d782ddd6,0,0
3843a2ae279d0377,0,0
e27bf01fdea1d95e,0,0
52b1f93cda2941e6,0,0
0923048898b8da38,0,0
fdb442919bdeb0ca,0,0
461903666af25b92,0,0
41f7f12ceb58f497,0,0
f24a81aaaf05bbad,0,0
7086445d4f3a07ee,0,0
c5f7e03fbc43b3bd,0,0
a462f379b45382cc,0,0
134608103171b571,0,0
f12ceb58f4974619,0,0
81aaaf05bbad41f7,0,0
445d4f3a07eef24a,0,0
e03fbc43b3bd7086,0,0
f379b45382ccc5f7,0,0
08103171b571a462,0,0
852237bd61951346,0,0
06ccd4e4b724fb69,0,0
e359d6b1e82f8d32,0,0
02555f0b765b83ee,0,0
89ba9e740edce595,1,0
0000d40405944b51,0,1
94050045ec8a71a6,0,0
898611400040499a,0,0
0100420a0200420a,0,0
4a3e80058913bfac,0,0
f2e1000046525051,0,0
8cc9b99737060000,0,0
3160a626bf25d94f,0,0
1fcfb28e457f6994,0,0
14a8fa5ab0db1a74,0,0
48d4f5a473e02eaf,0,0
0ffec33b34db0b67,0,0
369f473b25c85c7c,0,0
84001113571b472a,0,0
562872d31b563961,0,0
63c04c4d7e4bb29f,0,0
3e9e651d8bfed228,0,0
2950f5b560b735e8,0,0
90a8eb49e7c05d5e,0,0
1efc877768b617ce,0,0
6c3e8f764a90b9f8,0,0
08012226ae368e54,0,0
ad50e4a637ac72c2,0,0
c680999afc96643f,0,0
7d3ccb3a16fda551,0,0
52a0ea6bc16e6bd0,0,0
2151d793ce81bbbc,0,0
3df80fefd06c2f9c,0,0
d87c1eed942073f1,0,0
1102444c5c6d1ca9,0,0
5aa1c84d6f58e584,0,0
8c013335f92dc97e,0,0
fb7896752cfa4ba3,0,0
a540d5d782ddd6a0,0,0
43a2ae279d037779,0,0
7bf01fdea1d95e38,0,0
b1f93cda2941e6e2,0,0
23048898b8da3852,0,0
b442919bdeb0ca09,0,0
1903666af25b92fd,0,0
f7f12ceb58f49746,0,0
4a81aaaf05bbad41,0,0
86445d4f3a07eef2,0,0
f7e03fbc43b3bd70,0,0
62f379b45382ccc5,0,0
4608103171b571a4,0,0
69852237bd619513,0,0
3206ccd4e4b724fb,0,0
eee359d6b1e82f8d,0,0
9502555f0b765b83,0,0
0c89ba9e740edce5,0,0
efc17f7887667be1,0,0
c5e6f368a704998b,0,0
8c102062e26ae348,0,0
d30a456e7ac32a27,0,0
650c98a9c96f49f6,0,0
ddc7b3ac63d15f1a,0,0
2b05aabe16ecb606,0,0
1912753de91cb8cb,0,0
df83fff00ecdf6c2,0,0
8acde7d14e093217,0,0
182140c4c4d5c691,0,0
a7158adcf486554e,0,0
ca18305393df92ec,0,0
ba8f6759c7a2bf34,0,0
570a547d2dd86d0d,0,0
3324ea7ad2397097,0,0
be07ffe11d9aed85,0,0
159bcfa39d12642e,0,0
3042808889ab8d23,0,0
4f2b14b9e90dab9c,0,0
943160a626bf25d9,0,0
741fcfb28e457f69,0,0
af14a8fa5ab0db1a,0,0
6748d4f5a473e02e,0,0
7c0ffec33b34db0b,0,0
2a369f473b25c85c,0,0
6184001113571b47,0,0
9f562872d31b5639,0,0
2863c04c4d7e4bb2,0,0
e83e9e651d8bfed2,0,0
5e2950f5b560b735,0,0
ce90a8eb49e7c05d,0,0
f81efc877768b617,0,0
546c3e8f764a90b9,0,0
c208012226ae368e,0,0
3fad50e4a637ac72,0,0
51c680999afc9664,0,0
d07d3ccb3a16fda5,0,0
bc52a0ea6bc16e6b,0,0
9c2151d793ce81bb,0,0
f13df80fefd06c2f,0,0
a9d87c1eed942073,0,0
841102444c5c6d1c,0,0
7e5aa1c84d6f58e5,0,0
a38c013335f92dc9,0,0
a0fb7896752cfa4b,0,0
79a540d5d782ddd6,0,0
3843a2ae279d0377,0,0
e27bf01fdea1d95e,0,0
52b1f93cda2941e6,0,0
0923048898b8da38,0,0
fdb442919bdeb0ca,0,0
461903666af25b92,0,0
41f7f12ceb58f497,0,0
f24a81aaaf05bbad,0,0
7086445d4f3a07ee,0,0
c5f7e03fbc43b3bd,0,0
a462f379b45382cc,0,0
134608103171b571,0,0
fb69852237bd6195,0,0
8d3206ccd4e4b724,0,0
83eee359d6b1e82f,0,0
e59502555f0b765b,0,0
e10c89ba9e740edc,0,0
8befc17f7887667b,0,0
48c5e6f368a70499,0,0
278c102062e26ae3,0,0
f6d30a456e7ac32a,0,0
1a650c98a9c96f49,0,0
06ddc7b3ac63d15f,0,0
cb2b05aabe16ecb6,0,0
c21912753de91cb8,0,0
17df83fff00ecdf6,0,0
918acde7d14e0932,0,0
4e182140c4c4d5c6,0,0
eca7158adcf48655,0,0
34ca18305393df92,0,0
0dba8f6759c7a2bf,0,0
97570a547d2dd86d,0,0
853324ea7ad23970,0,0
2ebe07ffe11d9aed,0,0
23159bcfa39d1264,0,0
9c3042808889ab8d,0,0
d94f2b14b9e90dab,0,0
69943160a626bf25,0,0
1a741fcfb28e457f,0,0
2eaf14a8fa5ab0db,0,0
0b6748d4f5a473e0,0,0
5c7c0ffec33b34db,0,0
472a369f473b25c8,0,0
396184001113571b,0,0
b29f562872d31b56,0,0
d22863c04c4d7e4b,0,0
35e83e9e651d8bfe,0,0
5d5e2950f5b560b7,0,0
17ce90a8eb49e7c0,0,0
b9f81efc877768b6,0,0
8e546c3e8f764a90,0,0
72c208012226ae36,0,0
643fad50e4a637ac,0,0
a551c680999afc96,0,0
6bd07d3ccb3a16fd,0,0
bbbc52a0ea6bc16e,0,0
2f9c2151d793ce81,0,0
73f13df80fefd06c,0,0
1ca9d87c1eed9420,0,0
e5841102444c5c6d,0,0
c97e5aa1c84d6f58,0,0
4ba38c013335f92d,0,0
d6a0fb7896752cfa,0,0
7779a540d5d782dd,0,0
5e3843a2ae279d03,0,0
e6e27bf01fdea1d9,0,0
3852b1f93cda2941,0,0
ca0923048898b8da,0,0
92fdb442919bdeb0,0,0
97461903666af25b,0,0
ad41f7f12ceb58f4,0,0
eef24a81aaaf05bb,0,0
bd7086445d4f3a07,0,0
ccc5f7e03fbc43b3,0,0
71a462f379b45382,0,0
95134608103171b5,0,0
24fb69852237bd61,0,0
2f8d3206ccd4e4b7,0,0
5b83eee359d6b1e8,0,0
dce59502555f0b76,0,0
7be10c89ba9e740e,0,0
998befc17f788766,0,0
42919bdeb0ca0923,0,0
03666af25b92fdb4,0,0
f12ceb58f4974619,0,0
81aaaf05bbad41f7,0,0
445d4f3a07eef24a,0,0
e03fbc43b3bd7086,0,0
f379b45382ccc5f7,0,0
08103171b571a462,0,0
852237bd61951346,0,0
06ccd4e4b724fb69,0,0
e359d6b1e82f8d32,1,0
0000d40505944b51,0,1
9405004563868469,0,0
8886114000404a9a,0,0
0100420a0200420a,0,0
4fad80058913bfac,0,0
f3e1000046525051,0,0
da2ec59737060000,0,0
8889ab8d23159bcf,0,0
b9e90dab9c304280,0,0
a626bf25d94f2b14,0,0
b28e457f69943160,0,0
fa5ab0db1a741fcf,0,0
f5a473e02eaf14a8,0,0
c33b34db0b6748d4,0,0
473b25c85c7c0ffe,0,0
1113571b472a369f,0,0
72d31b5639618400,0,0
4c4d7e4bb29f5628,0,0
651d8bfed22863c0,0,0
f5b560b735e83e9e,0,0
eb49e7c05d5e2950,0,0
877768b617ce90a8,0,0
8f764a90b9f81efc,0,0
2226ae368e546c3e,0,0
e4a637ac72c20801,0,0
999afc96643fad50,0,0
cb3a16fda551c680,0,0
ea6bc16e6bd07d3c,0,0
d793ce81bbbc52a0,0,0
0fefd06c2f9c2151,0,0
1eed942073f13df8,0,0
444c5c6d1ca9d87c,0,0
c84d6f58e5841102,0,0
3335f92dc97e5aa1,0,0
96752cfa4ba38c01,0,0
d5d782ddd6a0fb78,0,0
ae279d037779a540,0,0
1fdea1d95e3843a2,0,0
3cda2941e6e27bf0,0,0
8898b8da3852b1f9,0,0
919bdeb0ca092304,0,0
666af25b92fdb442,0,0
2ceb58f497461903,0,0
aaaf05bbad41f7f1,0,0
5d4f3a07eef24a81,0,0
3fbc43b3bd708644,0,0
79b45382ccc5f7e0,0,0
103171b571a462f3,0,0
2237bd6195134608,0,0
ccd4e4b724fb6985,0,0
59d6b1e82f8d3206,0,0
555f0b765b83eee3,0,0
ba9e740edce59502,0,0
7f7887667be10c89,0,0
f368a704998befc1,0,0
2062e26ae348c5e6,0,0
456e7ac32a278c10,0,0
98a9c96f49f6d30a,0,0
b3ac63d15f1a650c,0,0
aabe16ecb606ddc7,0,0
753de91cb8cb2b05,0,0
fff00ecdf6c21912,0,0
e7d14e093217df83,0,0
40c4c4d5c6918acd,0,0
8adcf486554e1821,0,0
305393df92eca715,0,0
6759c7a2bf34ca18,0,0
547d2dd86d0dba8f,0,0
ea7ad2397097570a,0,0
ffe11d9aed853324,0,0
cfa39d12642ebe07,0,0
808889ab8d23159b,0,0
14b9e90dab9c3042,0,0
60a626bf25d94f2b,0,0
cfb28e457f699431,0,0
a8fa5ab0db1a741f,0,0
d4f5a473e02eaf14,0,0
fec33b34db0b6748,0,0
9f473b25c85c7c0f,0,0
001113571b472a36,0,0
2872d31b56396184,0,0
c04c4d7e4bb29f56,0,0
9e651d8bfed22863,0,0
50f5b560b735e83e,0,0
a8eb49e7c05d5e29,0,0
fc877768b617ce90,0,0
3e8f764a90b9f81e,0,0
012226ae368e546c,0,0
50e4a637ac72c208,0,0
80999afc96643fad,0,0
3ccb3a16fda551c6,0,0
a0ea6bc16e6bd07d,0,0
51d793ce81bbbc52,0,0
f80fefd06c2f9c21,0,0
7c1eed942073f13d,0,0
02444c5c6d1ca9d8,0,0
a1c84d6f58e58411,0,0
013335f92dc97e5a,0,0
7896752cfa4ba38c,0,0
40d5d782ddd6a0fb,0,0
a2ae279d037779a5,0,0
f01fdea1d95e3843,0,0
f93cda2941e6e27b,0,0
048898b8da3852b1,0,0
42919bdeb0ca0923,0,0
03666af25b92fdb4,0,0
f12ceb58f4974619,0,0
81aaaf05bbad41f7,0,0
445d4f3a07eef24a,0,0
e03fbc43b3bd7086,0,0
f379b45382ccc5f7,0,0
08103171b571a462,0,0
852237bd61951346,0,0
06ccd4e4b724fb69,0,0
e359d6b1e82f8d32,0,0
02555f0b765b83ee,0,0
89ba9e740edce595,0,0
c17f7887667be10c,0,0
e6f368a704998bef,0,0
102062e26ae348c5,0,0
0a456e7ac32a278c,0,0
0c98a9c96f49f6d3,0,0
c7b3ac63d15f1a65,0,0
05aabe16ecb606dd,0,0
12753de91cb8cb2b,0,0
83fff00ecdf6c219,0,0
cde7d14e093217df,0,0
2140c4c4d5c6918a,0,0
158adcf486554e18,0,0
18305393df92eca7,0,0
8f6759c7a2bf34ca,0,0
0a547d2dd86d0dba,0,0
24ea7ad239709757,0,0
07ffe11d9aed8533,0,0
9bcfa39d12642ebe,0,0
42808889ab8d2315,0,0
2b14b9e90dab9c30,0,0
3160a626bf25d94f,0,0
1fcfb28e457f6994,0,0
14a8fa5ab0db1a74,0,0
48d4f5a473e02eaf,0,0
0ffec33b34db0b67,0,0
369f473b25c85c7c,0,0
84001113571b472a,0,0
562872d31b563961,0,0
63c04c4d7e4bb29f,0,0
3e9e651d8bfed228,0,0
2950f5b560b735e8,0,0
90a8eb49e7c05d5e,0,0
1efc877768b617ce,0,0
6c3e8f764a90b9f8,0,0
08012226ae368e54,0,0
ad50e4a637ac72c2,0,0
c680999afc96643f,0,0
7d3ccb3a16fda551,0,0
52a0ea6bc16e6bd0,0,0
2151d793ce81bbbc,0,0
3df80fefd06c2f9c,0,0
d87c1eed942073f1,0,0
1102444c5c6d1ca9,0,0
5aa1c84d6f58e584,0,0
8c013335f92dc97e,0,0
fb7896752cfa4ba3,0,0
a540d5d782ddd6a0,0,0
43a2ae279d037779,0,0
7bf01fdea1d95e38,0,0
b1f93cda2941e6e2,0,0
23048898b8da3852,0,0
b442919bdeb0ca09,0,0
1903666af25b92fd,0,0
f7f12ceb58f49746,0,0
4a81aaaf05bbad41,0,0
86445d4f3a07eef2,0,0
f7e03fbc43b3bd70,0,0
62f379b45382ccc5,0,0
4608103171b571a4,0,0
69852237bd619513,0,0
3206ccd4e4b724fb,0,0
eee359d6b1e82f8d,0,0
9502555f0b765b83,0,0
12753de91cb8cb2b,0,0
83fff00ecdf6c219,0,0
cde7d14e093217df,0,0
2140c4c4d5c6918a,0,0
158adcf486554e18,0,0
18305393df92eca7,0,0
8f6759c7a2bf34ca,0,0
0a547d2dd86d0dba,0,0
24ea7ad239709757,0,0
07ffe11d9aed8533,0,0
9bcfa39d12642ebe,1,0
0000d40605944b51,0,1
9405004581467051,0,0
8786114000404b9a,0,0
0100420a0200420a,0,0
af3d80058913bfac,0,0
f4e1000046525051,0,0
5991d09737060000,0,0
83eee359d6b1e82f,0,0
e59502555f0b765b,0,0
e10c89ba9e740edc,0,0
8befc17f7887667b,0,0
48c5e6f368a70499,0,0
278c102062e26ae3,0,0
f6d30a456e7ac32a,0,0
1a650c98a9c96f49,0,0
06ddc7b3ac63d15f,0,0
cb2b05aabe16ecb6,0,0
c21912753de91cb8,0,0
17df83fff00ecdf6,0,0
918acde7d14e0932,0,0
4e182140c4c4d5c6,0,0
eca7158adcf48655,0,0
34ca18305393df92,0,0
0dba8f6759c7a2bf,0,0
97570a547d2dd86d,0,0
853324ea7ad23970,0,0
2ebe07ffe11d9aed,0,0
23159bcfa39d1264,0,0
9c3042808889ab8d,0,0
d94f2b14b9e90dab,0,0
69943160a626bf25,0,0
1a741fcfb28e457f,0,0
2eaf14a8fa5ab0db,0,0
0b6748d4f5a473e0,0,0
5c7c0ffec33b34db,0,0
472a369f473b25c8,0,0
396184001113571b,0,0
b29f562872d31b56,0,0
d22863c04c4d7e4b,0,0
35e83e9e651d8bfe,0,0
5d5e2950f5b560b7,0,0
17ce90a8eb49e7c0,0,0
b9f81efc877768b6,0,0
8e546c3e8f764a90,0,0
72c208012226ae36,0,0
643fad50e4a637ac,0,0
a551c680999afc96,0,0
6bd07d3ccb3a16fd,0,0
bbbc52a0ea6bc16e,0,0
2f9c2151d793ce81,0,0
73f13df80fefd06c,0,0
1ca9d87c1eed9420,0,0
e5841102444c5c6d,0,0
c97e5aa1c84d6f58,0,0
4ba38c013335f92d,0,0
d6a0fb7896752cfa,0,0
7779a540d5d782dd,0,0
5e3843a2ae279d03,0,0
e6e27bf01fdea1d9,0,0
3852b1f93cda2941,0,0
ca0923048898b8da,0,0
92fdb442919bdeb0,0,0
97461903666af25b,0,0
ad41f7f12ceb58f4,0,0
eef24a81aaaf05bb,0,0
bd7086445d4f3a07,0,0
ccc5f7e03fbc43b3,0,0
71a462f379b45382,0,0
95134608103171b5,0,0
24fb69852237bd61,0,0
2f8d3206ccd4e4b7,0,0
5b83eee359d6b1e8,0,0
dce59502555f0b76,0,0
7be10c89ba9e740e,0,0
998befc17f788766,0,0
e348c5e6f368a704,0,0
2a278c102062e26a,0,0
49f6d30a456e7ac3,0,0
5f1a650c98a9c96f,0,0
b606ddc7b3ac63d1,0,0
b8cb2b05aabe16ec,0,0
f6c21912753de91c,0,0
3217df83fff00ecd,0,0
c6918acde7d14e09,0,0
554e182140c4c4d5,0,0
92eca7158adcf486,0,0
bf34ca18305393df,0,0
6d0dba8f6759c7a2,0,0
7097570a547d2dd8,0,0
ed853324ea7ad239,0,0
642ebe07ffe11d9a,0,0
8d23159bcfa39d12,0,0
ab9c3042808889ab,0,0
25d94f2b14b9e90d,0,0
7f69943160a626bf,0,0
db1a741fcfb28e45,0,0
e02eaf14a8fa5ab0,0,0
db0b6748d4f5a473,0,0
c85c7c0ffec33b34,0,0
1b472a369f473b25,0,0
5639618400111357,0,0
4bb29f562872d31b,0,0
fed22863c04c4d7e,0,0
b735e83e9e651d8b,0,0
c05d5e2950f5b560,0,0
b617ce90a8eb49e7,0,0
90b9f81efc877768,0,0
368e546c3e8f764a,0,0
ac72c208012226ae,0,0
96643fad50e4a637,0,0
fda551c680999afc,0,0
6e6bd07d3ccb3a16,0,0
81bbbc52a0ea6bc1,0,0
6c2f9c2151d793ce,0,0
2073f13df80fefd0,0,0
6d1ca9d87c1eed94,0,0
58e5841102444c5c,0,0
2dc97e5aa1c84d6f,0,0
fa4ba38c013335f9,0,0
ddd6a0fb7896752c,0,0
037779a540d5d782,0,0
d95e3843a2ae279d,0,0
41e6e27bf01fdea1,0,0
da3852b1f93cda29,0,0
b0ca0923048898b8,0,0
5b92fdb442919bde,0,0
f497461903666af2,0,0
bbad41f7f12ceb58,0,0
07eef24a81aaaf05,0,0
b3bd7086445d4f3a,0,0
82ccc5f7e03fbc43,0,0
b571a462f379b453,0,0
6195134608103171,0,0
b724fb69852237bd,0,0
e82f8d3206ccd4e4,0,0
765b83eee359d6b1,0,0
0edce59502555f0b,0,0
667be10c89ba9e74,0,0
04998befc17f7887,0,0
6ae348c5e6f368a7,0,0
c32a278c102062e2,0,0
6f49f6d30a456e7a,0,0
d15f1a650c98a9c9,0,0
ecb606ddc7b3ac63,0,0
1cb8cb2b05aabe16,0,0
cdf6c21912753de9,0,0
093217df83fff00e,0,0
d5c6918acde7d14e,0,0
86554e182140c4c4,0,0
df92eca7158adcf4,0,0
a2bf34ca18305393,0,0
d86d0dba8f6759c7,0,0
397097570a547d2d,0,0
9aed853324ea7ad2,0,0
12642ebe07ffe11d,0,0
ab8d23159bcfa39d,0,0
0dab9c3042808889,0,0
bf25d94f2b14b9e9,0,0
457f69943160a626,0,0
b0db1a741fcfb28e,0,0
73e02eaf14a8fa5a,0,0
34db0b6748d4f5a4,0,0
25c85c7c0ffec33b,0,0
571b472a369f473b,0,0
1b56396184001113,0,0
7e4bb29f562872d3,0,0
8bfed22863c04c4d,0,0
60b735e83e9e651d,0,0
e7c05d5e2950f5b5,0,0
68b617ce90a8eb49,0,0
4a90b9f81efc8777,0,0
ae368e546c3e8f76,0,0
37ac72c208012226,0,0
fc96643fad50e4a6,0,0
16fda551c680999a,0,0
c16e6bd07d3ccb3a,0,0
ce81bbbc52a0ea6b,0,0
d06c2f9c2151d793,0,0
942073f13df80fef,0,0
5c6d1ca9d87c1eed,0,0
e359d6b1e82f8d32,0,0
02555f0b765b83ee,0,0
89ba9e740edce595,0,0
c17f7887667be10c,0,0
e6f368a704998bef,0,0
102062e26ae348c5,0,0
0a456e7ac32a278c,0,0
0c98a9c96f49f6d3,0,0
c7b3ac63d15f1a65,0,0
05aabe16ecb606dd,0,0
12753de91cb8cb2b,1,0
0000d40705944b51,0,1
940500456a607803,0,0
8686114000404c9a,0,0
0100420a0200420a,0,0
855680058913bfac,0,0
f5e1000046525051,0,0
1ef9db9737060000,0,0
3a07eef24a81aaaf,0,0
43b3bd7086445d4f,0,0
5382ccc5f7e03fbc,0,0
71b571a462f379b4,0,0
bd61951346081031,0,0
e4b724fb69852237,0,0
b1e82f8d3206ccd4,0,0
0b765b83eee359d6,0,0
740edce59502555f,0,0
87667be10c89ba9e,0,0
a704998befc17f78,0,0
e26ae348c5e6f368,0,0
7ac32a278c102062,0,0
c96f49f6d30a456e,0,0
63d15f1a650c98a9,0,0
16ecb606ddc7b3ac,0,0
e91cb8cb2b05aabe,0,0
0ecdf6c21912753d,0,0
4e093217df83fff0,0,0
c4d5c6918acde7d1,0,0
f486554e182140c4,0,0
93df92eca7158adc,0,0
c7a2bf34ca183053,0,0
2dd86d0dba8f6759,0,0
d2397097570a547d,0,0
1d9aed853324ea7a,0,0
9d12642ebe07ffe1,0,0
89ab8d23159bcfa3,0,0
e90dab9c30428088,0,0
26bf25d94f2b14b9,0,0
8e457f69943160a6,0,0
5ab0db1a741fcfb2,0,0
a473e02eaf14a8fa,0,0
3b34db0b6748d4f5,0,0
3b25c85c7c0ffec3,0,0
13571b472a369f47,0,0
d31b563961840011,0,0
4d7e4bb29f562872,0,0
1d8bfed22863c04c,0,0
b560b735e83e9e65,0,0
49e7c05d5e2950f5,0,0
7768b617ce90a8eb,0,0
764a90b9f81efc87,0,0
26ae368e546c3e8f,0,0
a637ac72c2080122,0,0
9afc96643fad50e4,0,0
3a16fda551c68099,0,0
6bc16e6bd07d3ccb,0,0
93ce81bbbc52a0ea,0,0
efd06c2f9c2151d7,0,0
ed942073f13df80f,0,0
4c5c6d1ca9d87c1e,0,0
4d6f58e584110244,0,0
35f92dc97e5aa1c8,0,0
752cfa4ba38c0133,0,0
d782ddd6a0fb7896,0,0
279d037779a540d5,0,0
dea1d95e3843a2ae,0,0
da2941e6e27bf01f,0,0
98b8da3852b1f93c,0,0
9bdeb0ca09230488,0,0
6af25b92fdb44291,0,0
eb58f49746190366,0,0
af05bbad41f7f12c,0,0
4f3a07eef24a81aa,0,0
bc43b3bd7086445d,0,0
b45382ccc5f7e03f,0,0
3171b571a462f379,0,0
37bd619513460810,0,0
d4e4b724fb698522,0,0
d6b1e82f8d3206cc,0,0
5f0b765b83eee359,0,0
9e740edce5950255,0,0
7887667be10c89ba,0,0
68a704998befc17f,0,0
62e26ae348c5e6f3,0,0
6e7ac32a278c1020,0,0
a9c96f49f6d30a45,0,0
ac63d15f1a650c98,0,0
be16ecb606ddc7b3,0,0
3de91cb8cb2b05aa,0,0
f00ecdf6c2191275,0,0
d14e093217df83ff,0,0
c4c4d5c6918acde7,0,0
dcf486554e182140,0,0
5393df92eca7158a,0,0
59c7a2bf34ca1830,0,0
7d2dd86d0dba8f67,0,0
7ad2397097570a54,0,0
e11d9aed853324ea,0,0
a39d12642ebe07ff,0,0
8889ab8d23159bcf,0,0
b9e90dab9c304280,0,0
a626bf25d94f2b14,0,0
b28e457f69943160,0,0
fa5ab0db1a741fcf,0,0
f5a473e02eaf14a8,0,0
c33b34db0b6748d4,0,0
473b25c85c7c0ffe,0,0
1113571b472a369f,0,0
72d31b5639618400,0,0
4c4d7e4bb29f5628,0,0
651d8bfed22863c0,0,0
f5b560b735e83e9e,0,0
eb49e7c05d5e2950,0,0
877768b617ce90a8,0,0
8f764a90b9f81efc,0,0
2226ae368e546c3e,0,0
e4a637ac72c20801,0,0
999afc96643fad50,0,0
cb3a16fda551c680,0,0
ea6bc16e6bd07d3c,0,0
d793ce81bbbc52a0,0,0
0fefd06c2f9c2151,0,0
1eed942073f13df8,0,0
444c5c6d1ca9d87c,0,0
c84d6f58e5841102,0,0
3335f92dc97e5aa1,0,0
96752cfa4ba38c01,0,0
d5d782ddd6a0fb78,0,0
ae279d037779a540,0,0
1fdea1d95e3843a2,0,0
3cda2941e6e27bf0,0,0
8898b8da3852b1f9,0,0
919bdeb0ca092304,0,0
666af25b92fdb442,0,0
2ceb58f497461903,0,0
aaaf05bbad41f7f1,0,0
5d4f3a07eef24a81,0,0
3fbc43b3bd708644,0,0
79b45382ccc5f7e0,0,0
103171b571a462f3,0,0
2237bd6195134608,0,0
ccd4e4b724fb6985,0,0
59d6b1e82f8d3206,0,0
555f0b765b83eee3,0,0
ba9e740edce59502,0,0
7f7887667be10c89,0,0
f368a704998befc1,0,0
2062e26ae348c5e6,0,0
456e7ac32a278c10,0,0
98a9c96f49f6d30a,0,0
b3ac63d15f1a650c,0,0
aabe16ecb606ddc7,0,0
753de91cb8cb2b05,0,0
fff00ecdf6c21912,0,0
e7d14e093217df83,0,0
40c4c4d5c6918acd,0,0
8adcf486554e1821,0,0
305393df92eca715,0,0
6759c7a2bf34ca18,0,0
547d2dd86d0dba8f,0,0
ea7ad2397097570a,0,0
ffe11d9aed853324,0,0
cfa39d12642ebe07,0,0
808889ab8d23159b,0,0
14b9e90dab9c3042,0,0
60a626bf25d94f2b,0,0
cfb28e457f699431,0,0
a8fa5ab0db1a741f,0,0
d4f5a473e02eaf14,0,0
fec33b34db0b6748,0,0
9f473b25c85c7c0f,0,0
001113571b472a36,0,0
2872d31b56396184,0,0
c04c4d7e4bb29f56,0,0
9e651d8bfed22863,0,0
50f5b560b735e83e,0,0
a8eb49e7c05d5e29,0,0
fc877768b617ce90,0,0
3e8f764a90b9f81e,0,0
012226ae368e546c,0,0
50e4a637ac72c208,0,0
b3bd7086445d4f3a,0,0
82ccc5f7e03fbc43,0,0
b571a462f379b453,0,0
6195134608103171,0,0
b724fb69852237bd,0,0
e82f8d3206ccd4e4,0,0
765b83eee359d6b1,0,0
0edce59502555f0b,0,0
667be10c89ba9e74,0,0
04998befc17f7887,0,0
6ae348c5e6f368a7,1,0
0000d40805944b51,0,1
9405004525849238,0,0
8586114000404d9a,0,0
0100420a0200420a,0,0
cc3880058913bfac,0,0
f6e1000046525051,0,0
ab5ce79737060000,0,0
5f1a650c98a9c96f,0,0
b606ddc7b3ac63d1,0,0
b8cb2b05aabe16ec,0,0
f6c21912753de91c,0,0
3217df83fff00ecd,0,0
c6918acde7d14e09,0,0
554e182140c4c4d5,0,0
92eca7158adcf486,0,0
bf34ca18305393df,0,0
6d0dba8f6759c7a2,0,0
7097570a547d2dd8,0,0
ed853324ea7ad239,0,0
642ebe07ffe11d9a,0,0
8d23159bcfa39d12,0,0
ab9c3042808889ab,0,0
25d94f2b14b9e90d,0,0
7f69943160a626bf,0,0
db1a741fcfb28e45,0,0
e02eaf14a8fa5ab0,0,0
db0b6748d4f5a473,0,0
c85c7c0ffec33b34,0,0
1b472a369f473b25,0,0
5639618400111357,0,0
4bb29f562872d31b,0,0
fed22863c04c4d7e,0,0
b735e83e9e651d8b,0,0
c05d5e2950f5b560,0,0
b617ce90a8eb49e7,0,0
90b9f81efc877768,0,0
368e546c3e8f764a,0,0
ac72c208012226ae,0,0
96643fad50e4a637,0,0
fda551c680999afc,0,0
6e6bd07d3ccb3a16,0,0
81bbbc52a0ea6bc1,0,0
6c2f9c2151d793ce,0,0
2073f13df80fefd0,0,0
6d1ca9d87c1eed94,0,0
58e5841102444c5c,0,0
2dc97e5aa1c84d6f,0,0
fa4ba38c013335f9,0,0
ddd6a0fb7896752c,0,0
037779a540d5d782,0,0
d95e3843a2ae279d,0,0
41e6e27bf01fdea1,0,0
da3852b1f93cda29,0,0
b0ca0923048898b8,0,0
5b92fdb442919bde,0,0
f497461903666af2,0,0
bbad41f7f12ceb58,0,0
07eef24a81aaaf05,0,0
b3bd7086445d4f3a,0,0
82ccc5f7e03fbc43,0,0
b571a462f379b453,0,0
6195134608103171,0,0
b724fb69852237bd,0,0
e82f8d3206ccd4e4,0,0
765b83eee359d6b1,0,0
0edce59502555f0b,0,0
667be10c89ba9e74,0,0
04998befc17f7887,0,0
6ae348c5e6f368a7,0,0
c32a278c102062e2,0,0
6f49f6d30a456e7a,0,0
d15f1a650c98a9c9,0,0
ecb606ddc7b3ac63,0,0
1cb8cb2b05aabe16,0,0
cdf6c21912753de9,0,0
093217df83fff00e,0,0
d5c6918acde7d14e,0,0
86554e182140c4c4,0,0
df92eca7158adcf4,0,0
a2bf34ca18305393,0,0
d86d0dba8f6759c7,0,0
397097570a547d2d,0,0
9aed853324ea7ad2,0,0
12642ebe07ffe11d,0,0
ab8d23159bcfa39d,0,0
0dab9c3042808889,0,0
bf25d94f2b14b9e9,0,0
457f69943160a626,0,0
b0db1a741fcfb28e,0,0
73e02eaf14a8fa5a,0,0
34db0b6748d4f5a4,0,0
25c85c7c0ffec33b,0,0
571b472a369f473b,0,0
1b56396184001113,0,0
7e4bb29f562872d3,0,0
8bfed22863c04c4d,0,0
60b735e83e9e651d,0,0
e7c05d5e2950f5b5,0,0
68b617ce90a8eb49,0,0
4a90b9f81efc8777,0,0
ae368e546c3e8f76,0,0
37ac72c208012226,0,0
fc96643fad50e4a6,0,0
16fda551c680999a,0,0
c16e6bd07d3ccb3a,0,0
ce81bbbc52a0ea6b,0,0
d06c2f9c2151d793,0,0
942073f13df80fef,0,0
5c6d1ca9d87c1eed,0,0
6f58e5841102444c,0,0
f92dc97e5aa1c84d,0,0
2cfa4ba38c013335,0,0
82ddd6a0fb789675,0,0
9d037779a540d5d7,0,0
a1d95e3843a2ae27,0,0
2941e6e27bf01fde,0,0
b8da3852b1f93cda,0,0
deb0ca0923048898,0,0
f25b92fdb442919b,0,0
58f497461903666a,0,0
05bbad41f7f12ceb,0,0
3a07eef24a81aaaf,0,0
43b3bd7086445d4f,0,0
5382ccc5f7e03fbc,0,0
71b571a462f379b4,0,0
bd61951346081031,0,0
e4b724fb69852237,0,0
b1e82f8d3206ccd4,0,0
0b765b83eee359d6,0,0
740edce59502555f,0,0
87667be10c89ba9e,0,0
a704998befc17f78,0,0
e26ae348c5e6f368,0,0
7ac32a278c102062,0,0
c96f49f6d30a456e,0,0
63d15f1a650c98a9,0,0
16ecb606ddc7b3ac,0,0
e91cb8cb2b05aabe,0,0
0ecdf6c21912753d,0,0
4e093217df83fff0,0,0
c4d5c6918acde7d1,0,0
f486554e182140c4,0,0
93df92eca7158adc,0,0
c7a2bf34ca183053,0,0
2dd86d0dba8f6759,0,0
d2397097570a547d,0,0
1d9aed853324ea7a,0,0
9d12642ebe07ffe1,0,0
89ab8d23159bcfa3,0,0
e90dab9c30428088,0,0
26bf25d94f2b14b9,0,0
8e457f69943160a6,0,0
5ab0db1a741fcfb2,0,0
a473e02eaf14a8fa,0,0
3b34db0b6748d4f5,0,0
3b25c85c7c0ffec3,0,0
13571b472a369f47,0,0
d31b563961840011,0,0
4d7e4bb29f562872,0,0
1d8bfed22863c04c,0,0
b560b735e83e9e65,0,0
49e7c05d5e2950f5,0,0
7768b617ce90a8eb,0,0
764a90b9f81efc87,0,0
26ae368e546c3e8f,0,0
a637ac72c2080122,0,0
9afc96643fad50e4,0,0
3a16fda551c68099,0,0
6bc16e6bd07d3ccb,0,0
93ce81bbbc52a0ea,0,0
efd06c2f9c2151d7,0,0
ed942073f13df80f,0,0
4c5c6d1ca9d87c1e,0,0
4d6f58e584110244,0,0
35f92dc97e5aa1c8,0,0
752cfa4ba38c0133,0,0
d782ddd6a0fb7896,0,0
279d037779a540d5,0,0
dea1d95e3843a2ae,0,0
da2941e6e27bf01f,0,0
852237bd61951346,0,0
06ccd4e4b724fb69,0,0
e359d6b1e82f8d32,0,0
02555f0b765b83ee,0,0
89ba9e740edce595,0,0
c17f7887667be10c,0,0
e6f368a704998bef,0,0
102062e26ae348c5,0,0
0a456e7ac32a278c,0,0
0c98a9c96f49f6d3,0,0
c7b3ac63d15f1a65,1,0
0000d40905944b51,0,1
94050045552ad626,0,0
8486114000404e9a,0,0
0100420a0200420a,0,0
18f880058913bfac,0,0
f7e1000046525051,0,0
36c2f29737060000,0,0
e6f368a704998bef,0,0
102062e26ae348c5,0,0
0a456e7ac32a278c,0,0
0c98a9c96f49f6d3,0,0
c7b3ac63d15f1a65,0,0
05aabe16ecb606dd,0,0
12753de91cb8cb2b,0,0
83fff00ecdf6c219,0,0
cde7d14e093217df,0,0
2140c4c4d5c6918a,0,0
158adcf486554e18,0,0
18305393df92eca7,0,0
8f6759c7a2bf34ca,0,0
0a547d2dd86d0dba,0,0
24ea7ad239709757,0,0
07ffe11d9aed8533,0,0
9bcfa39d12642ebe,0,0
42808889ab8d2315,0,0
2b14b9e90dab9c30,0,0
3160a626bf25d94f,0,0
1fcfb28e457f6994,0,0
14a8fa5ab0db1a74,0,0
48d4f5a473e02eaf,0,0
0ffec33b34db0b67,0,0
369f473b25c85c7c,0,0
84001113571b472a,0,0
562872d31b563961,0,0
63c04c4d7e4bb29f,0,0
3e9e651d8bfed228,0,0
2950f5b560b735e8,0,0
90a8eb49e7c05d5e,0,0
1efc877768b617ce,0,0
6c3e8f764a90b9f8,0,0
08012226ae368e54,0,0
ad50e4a637ac72c2,0,0
c680999afc96643f,0,0
7d3ccb3a16fda551,0,0
52a0ea6bc16e6bd0,0,0
2151d793ce81bbbc,0,0
3df80fefd06c2f9c,0,0
d87c1eed942073f1,0,0
1102444c5c6d1ca9,0,0
5aa1c84d6f58e584,0,0
8c013335f92dc97e,0,0
fb7896752cfa4ba3,0,0
a540d5d782ddd6a0,0,0
43a2ae279d037779,0,0
7bf01fdea1d95e38,0,0
b1f93cda2941e6e2,0,0
23048898b8da3852,0,0
b442919bdeb0ca09,0,0
1903666af25b92fd,0,0
f7f12ceb58f49746,0,0
4a81aaaf05bbad41,0,0
86445d4f3a07eef2,0,0
f7e03fbc43b3bd70,0,0
62f379b45382ccc5,0,0
4608103171b571a4,0,0
69852237bd619513,0,0
3206ccd4e4b724fb,0,0
eee359d6b1e82f8d,0,0
9502555f0b765b83,0,0
0c89ba9e740edce5,0,0
efc17f7887667be1,0,0
c5e6f368a704998b,0,0
8c102062e26ae348,0,0
d30a456e7ac32a27,0,0
650c98a9c96f49f6,0,0
ddc7b3ac63d15f1a,0,0
2b05aabe16ecb606,0,0
1912753de91cb8cb,0,0
df83fff00ecdf6c2,0,0
8acde7d14e093217,0,0
182140c4c4d5c691,0,0
a7158adcf486554e,0,0
ca18305393df92ec,0,0
ba8f6759c7a2bf34,0,0
570a547d2dd86d0d,0,0
3324ea7ad2397097,0,0
be07ffe11d9aed85,0,0
159bcfa39d12642e,0,0
3042808889ab8d23,0,0
4f2b14b9e90dab9c,0,0
943160a626bf25d9,0,0
741fcfb28e457f69,0,0
af14a8fa5ab0db1a,0,0
6748d4f5a473e02e,0,0
7c0ffec33b34db0b,0,0
2a369f473b25c85c,0,0
6184001113571b47,0,0
9f562872d31b5639,0,0
2863c04c4d7e4bb2,0,0
e83e9e651d8bfed2,0,0
5e2950f5b560b735,0,0
ce90a8eb49e7c05d,0,0
f81efc877768b617,0,0
546c3e8f764a90b9,0,0
c208012226ae368e,0,0
3fad50e4a637ac72,0,0
51c680999afc9664,0,0
d07d3ccb3a16fda5,0,0
bc52a0ea6bc16e6b,0,0
9c2151d793ce81bb,0,0
f13df80fefd06c2f,0,0
a9d87c1eed942073,0,0
841102444c5c6d1c,0,0
7e5aa1c84d6f58e5,0,0
a38c013335f92dc9,0,0
a0fb7896752cfa4b,0,0
79a540d5d782ddd6,0,0
3843a2ae279d0377,0,0
e27bf01fdea1d95e,0,0
52b1f93cda2941e6,0,0
0923048898b8da38,0,0
fdb442919bdeb0ca,0,0
461903666af25b92,0,0
41f7f12ceb58f497,0,0
f24a81aaaf05bbad,0,0
7086445d4f3a07ee,0,0
c5f7e03fbc43b3bd,0,0
a462f379b45382cc,0,0
134608103171b571,0,0
fb69852237bd6195,0,0
8d3206ccd4e4b724,0,0
83eee359d6b1e82f,0,0
e59502555f0b765b,0,0
e10c89ba9e740edc,0,0
8befc17f7887667b,0,0
48c5e6f368a70499,0,0
278c102062e26ae3,0,0
f6d30a456e7ac32a,0,0
1a650c98a9c96f49,0,0
06ddc7b3ac63d15f,0,0
cb2b05aabe16ecb6,0,0
c21912753de91cb8,0,0
17df83fff00ecdf6,0,0
918acde7d14e0932,0,0
4e182140c4c4d5c6,0,0
eca7158adcf48655,0,0
34ca18305393df92,0,0
0dba8f6759c7a2bf,0,0
97570a547d2dd86d,0,0
853324ea7ad23970,0,0
2ebe07ffe11d9aed,0,0
23159bcfa39d1264,0,0
9c3042808889ab8d,0,0
d94f2b14b9e90dab,0,0
69943160a626bf25,0,0
1a741fcfb28e457f,0,0
2eaf14a8fa5ab0db,0,0
0b6748d4f5a473e0,0,0
5c7c0ffec33b34db,0,0
472a369f473b25c8,0,0
396184001113571b,0,0
b29f562872d31b56,0,0
d22863c04c4d7e4b,0,0
35e83e9e651d8bfe,0,0
5d5e2950f5b560b7,0,0
17ce90a8eb49e7c0,0,0
b9f81efc877768b6,0,0
8e546c3e8f764a90,0,0
72c208012226ae36,0,0
643fad50e4a637ac,0,0
a551c680999afc96,0,0
6bd07d3ccb3a16fd,0,0
bbbc52a0ea6bc16e,0,0
2f9c2151d793ce81,0,0
73f13df80fefd06c,0,0
1ca9d87c1eed9420,0,0
e5841102444c5c6d,0,0
c97e5aa1c84d6f58,0,0
4ba38c013335f92d,0,0
d6a0fb7896752cfa,0,0
d5c6918acde7d14e,0,0
86554e182140c4c4,0,0
df92eca7158adcf4,0,0
a2bf34ca18305393,0,0
d86d0dba8f6759c7,0,0
397097570a547d2d,0,0
9aed853324ea7ad2,0,0
12642ebe07ffe11d,0,0
ab8d23159bcfa39d,0,0
0dab9c3042808889,0,0
bf25d94f2b14b9e9,1,0
0000d40a05944b51,0,1
940500458f1e5733,0,0
8386114000404f9a,0,0
0100420a0200420a,0,0
fd0d80058913bfac,0,0
f8e1000046525051,0,0
1d26fe9737060000,0,0
da2941e6e27bf01f,0,0
98b8da3852b1f93c,0,0
9bdeb0ca09230488,0,0
6af25b92fdb44291,0,0
eb58f49746190366,0,0
af05bbad41f7f12c,0,0
4f3a07eef24a81aa,0,0
bc43b3bd7086445d,0,0
b45382ccc5f7e03f,0,0
3171b571a462f379,0,0
37bd619513460810,0,0
d4e4b724fb698522,0,0
d6b1e82f8d3206cc,0,0
5f0b765b83eee359,0,0
9e740edce5950255,0,0
7887667be10c89ba,0,0
68a704998befc17f,0,0
62e26ae348c5e6f3,0,0
6e7ac32a278c1020,0,0
a9c96f49f6d30a45,0,0
ac63d15f1a650c98,0,0
be16ecb606ddc7b3,0,0
3de91cb8cb2b05aa,0,0
f00ecdf6c2191275,0,0
d14e093217df83ff,0,0
c4c4d5c6918acde7,0,0
dcf486554e182140,0,0
5393df92eca7158a,0,0
59c7a2bf34ca1830,0,0
7d2dd86d0dba8f67,0,0
7ad2397097570a54,0,0
e11d9aed853324ea,0,0
a39d12642ebe07ff,0,0
8889ab8d23159bcf,0,0
b9e90dab9c304280,0,0
a626bf25d94f2b14,0,0
b28e457f69943160,0,0
fa5ab0db1a741fcf,0,0
f5a473e02eaf14a8,0,0
c33b34db0b6748d4,0,0
473b25c85c7c0ffe,0,0
1113571b472a369f,0,0
72d31b5639618400,0,0
4c4d7e4bb29f5628,0,0
651d8bfed22863c0,0,0
f5b560b735e83e9e,0,0
eb49e7c05d5e2950,0,0
877768b617ce90a8,0,0
8f764a90b9f81efc,0,0
2226ae368e546c3e,0,0
e4a637ac72c20801,0,0
999afc96643fad50,0,0
cb3a16fda551c680,0,0
ea6bc16e6bd07d3c,0,0
d793ce81bbbc52a0,0,0
0fefd06c2f9c2151,0,0
1eed942073f13df8,0,0
444c5c6d1ca9d87c,0,0
c84d6f58e5841102,0,0
3335f92dc97e5aa1,0,0
96752cfa4ba38c01,0,0
d5d782ddd6a0fb78,0,0
ae279d037779a540,0,0
1fdea1d95e3843a2,0,0
3cda2941e6e27bf0,0,0
8898b8da3852b1f9,0,0
919bdeb0ca092304,0,0
666af25b92fdb442,0,0
2ceb58f497461903,0,0
aaaf05bbad41f7f1,0,0
5d4f3a07eef24a81,0,0
3fbc43b3bd708644,0,0
79b45382ccc5f7e0,0,0
103171b571a462f3,0,0
2237bd6195134608,0,0
ccd4e4b724fb6985,0,0
59d6b1e82f8d3206,0,0
555f0b765b83eee3,0,0
ba9e740edce59502,0,0
7f7887667be10c89,0,0
f368a704998befc1,0,0
2062e26ae348c5e6,0,0
456e7ac32a278c10,0,0
98a9c96f49f6d30a,0,0
b3ac63d15f1a650c,0,0
aabe16ecb606ddc7,0,0
753de91cb8cb2b05,0,0
fff00ecdf6c21912,0,0
e7d14e093217df83,0,0
40c4c4d5c6918acd,0,0
8adcf486554e1821,0,0
305393df92eca715,0,0
6759c7a2bf34ca18,0,0
547d2dd86d0dba8f,0,0
ea7ad2397097570a,0,0
ffe11d9aed853324,0,0
cfa39d12642ebe07,0,0
808889ab8d23159b,0,0
14b9e90dab9c3042,0,0
60a626bf25d94f2b,0,0
cfb28e457f699431,0,0
a8fa5ab0db1a741f,0,0
d4f5a473e02eaf14,0,0
fec33b34db0b6748,0,0
9f473b25c85c7c0f,0,0
001113571b472a36,0,0
2872d31b56396184,0,0
c04c4d7e4bb29f56,0,0
9e651d8bfed22863,0,0
50f5b560b735e83e,0,0
a8eb49e7c05d5e29,0,0
fc877768b617ce90,0,0
3e8f764a90b9f81e,0,0
012226ae368e546c,0,0
50e4a637ac72c208,0,0
80999afc96643fad,0,0
3ccb3a16fda551c6,0,0
a0ea6bc16e6bd07d,0,0
51d793ce81bbbc52,0,0
f80fefd06c2f9c21,0,0
7c1eed942073f13d,0,0
02444c5c6d1ca9d8,0,0
a1c84d6f58e58411,0,0
013335f92dc97e5a,0,0
7896752cfa4ba38c,0,0
40d5d782ddd6a0fb,0,0
a2ae279d037779a5,0,0
f01fdea1d95e3843,0,0
f93cda2941e6e27b,0,0
048898b8da3852b1,0,0
42919bdeb0ca0923,0,0
03666af25b92fdb4,0,0
f12ceb58f4974619,0,0
81aaaf05bbad41f7,0,0
445d4f3a07eef24a,0,0
e03fbc43b3bd7086,0,0
f379b45382ccc5f7,0,0
08103171b571a462,0,0
852237bd61951346,0,0
06ccd4e4b724fb69,0,0
e359d6b1e82f8d32,0,0
02555f0b765b83ee,0,0
89ba9e740edce595,0,0
c17f7887667be10c,0,0
e6f368a704998bef,0,0
102062e26ae348c5,0,0
0a456e7ac32a278c,0,0
0c98a9c96f49f6d3,0,0
c7b3ac63d15f1a65,0,0
05aabe16ecb606dd,0,0
12753de91cb8cb2b,0,0
83fff00ecdf6c219,0,0
cde7d14e093217df,0,0
2140c4c4d5c6918a,0,0
158adcf486554e18,0,0
18305393df92eca7,0,0
8f6759c7a2bf34ca,0,0
0a547d2dd86d0dba,0,0
24ea7ad239709757,0,0
07ffe11d9aed8533,0,0
9bcfa39d12642ebe,0,0
42808889ab8d2315,0,0
2b14b9e90dab9c30,0,0
3160a626bf25d94f,0,0
1fcfb28e457f6994,0,0
14a8fa5ab0db1a74,0,0
48d4f5a473e02eaf,0,0
0ffec33b34db0b67,0,0
369f473b25c85c7c,0,0
84001113571b472a,0,0
562872d31b563961,0,0
63c04c4d7e4bb29f,0,0
3e9e651d8bfed228,0,0
24ea7ad239709757,0,0
07ffe11d9aed8533,0,0
9bcfa39d12642ebe,0,0
42808889ab8d2315,0,0
2b14b9e90dab9c30,0,0
3160a626bf25d94f,0,0
1fcfb28e457f6994,0,0
14a8fa5ab0db1a74,0,0
48d4f5a473e02eaf,0,0
0ffec33b34db0b67,0,0
369f473b25c85c7c,1,0
0000d40b05944b51,0,1
940500459557e4e2,0,0
828611400040509a,0,0
0100420a0200420a,0,0
268980058913bfac,0,0
f9e1000046525051,0,0
8b89099837060000,0,0
63c04c4d7e4bb29f,0,0
3e9e651d8bfed228,0,0
2950f5b560b735e8,0,0
90a8eb49e7c05d5e,0,0
1efc877768b617ce,0,0
6c3e8f764a90b9f8,0,0
08012226ae368e54,0,0
ad50e4a637ac72c2,0,0
c680999afc96643f,0,0
7d3ccb3a16fda551,0,0
52a0ea6bc16e6bd0,0,0
2151d793ce81bbbc,0,0
3df80fefd06c2f9c,0,0
d87c1eed942073f1,0,0
1102444c5c6d1ca9,0,0
5aa1c84d6f58e584,0,0
8c013335f92dc97e,0,0
fb7896752cfa4ba3,0,0
a540d5d782ddd6a0,0,0
43a2ae279d037779,0,0
7bf01fdea1d95e38,0,0
b1f93cda2941e6e2,0,0
23048898b8da3852,0,0
b442919bdeb0ca09,0,0
1903666af25b92fd,0,0
f7f12ceb58f49746,0,0
4a81aaaf05bbad41,0,0
86445d4f3a07eef2,0,0
f7e03fbc43b3bd70,0,0
62f379b45382ccc5,0,0
4608103171b571a4,0,0
69852237bd619513,0,0
3206ccd4e4b724fb,0,0
eee359d6b1e82f8d,0,0
9502555f0b765b83,0,0
0c89ba9e740edce5,0,0
efc17f7887667be1,0,0
c5e6f368a704998b,0,0
8c102062e26ae348,0,0
d30a456e7ac32a27,0,0
650c98a9c96f49f6,0,0
ddc7b3ac63d15f1a,0,0
2b05aabe16ecb606,0,0
1912753de91cb8cb,0,0
df83fff00ecdf6c2,0,0
8acde7d14e093217,0,0
182140c4c4d5c691,0,0
a7158adcf486554e,0,0
ca18305393df92ec,0,0
ba8f6759c7a2bf34,0,0
570a547d2dd86d0d,0,0
3324ea7ad2397097,0,0
be07ffe11d9aed85,0,0
159bcfa39d12642e,0,0
3042808889ab8d23,0,0
4f2b14b9e90dab9c,0,0
943160a626bf25d9,0,0
741fcfb28e457f69,0,0
af14a8fa5ab0db1a,0,0
6748d4f5a473e02e,0,0
7c0ffec33b34db0b,0,0
2a369f473b25c85c,0,0
6184001113571b47,0,0
9f562872d31b5639,0,0
2863c04c4d7e4bb2,0,0
e83e9e651d8bfed2,0,0
5e2950f5b560b735,0,0
ce90a8eb49e7c05d,0,0
f81efc877768b617,0,0
546c3e8f764a90b9,0,0
c208012226ae368e,0,0
3fad50e4a637ac72,0,0
51c680999afc9664,0,0
d07d3ccb3a16fda5,0,0
bc52a0ea6bc16e6b,0,0
9c2151d793ce81bb,0,0
f13df80fefd06c2f,0,0
a9d87c1eed942073,0,0
841102444c5c6d1c,0,0
7e5aa1c84d6f58e5,0,0
a38c013335f92dc9,0,0
a0fb7896752cfa4b,0,0
79a540d5d782ddd6,0,0
3843a2ae279d0377,0,0
e27bf01fdea1d95e,0,0
52b1f93cda2941e6,0,0
0923048898b8da38,0,0
fdb442919bdeb0ca,0,0
461903666af25b92,0,0
41f7f12ceb58f497,0,0
f24a81aaaf05bbad,0,0
7086445d4f3a07ee,0,0
c5f7e03fbc43b3bd,0,0
a462f379b45382cc,0,0
134608103171b571,0,0
fb69852237bd6195,0,0
8d3206ccd4e4b724,0,0
83eee359d6b1e82f,0,0
e59502555f0b765b,0,0
e10c89ba9e740edc,0,0
8befc17f7887667b,0,0
48c5e6f368a70499,0,0
278c102062e26ae3,0,0
f6d30a456e7ac32a,0,0
1a650c98a9c96f49,0,0
06ddc7b3ac63d15f,0,0
cb2b05aabe16ecb6,0,0
c21912753de91cb8,0,0
17df83fff00ecdf6,0,0
918acde7d14e0932,0,0
4e182140c4c4d5c6,0,0
eca7158adcf48655,0,0
34ca18305393df92,0,0
0dba8f6759c7a2bf,0,0
97570a547d2dd86d,0,0
853324ea7ad23970,0,0
2ebe07ffe11d9aed,0,0
23159bcfa39d1264,0,0
9c3042808889ab8d,0,0
d94f2b14b9e90dab,0,0
69943160a626bf25,0,0
1a741fcfb28e457f,0,0
2eaf14a8fa5ab0db,0,0
0b6748d4f5a473e0,0,0
5c7c0ffec33b34db,0,0
472a369f473b25c8,0,0
396184001113571b,0,0
b29f562872d31b56,0,0
d22863c04c4d7e4b,0,0
35e83e9e651d8bfe,0,0
5d5e2950f5b560b7,0,0
17ce90a8eb49e7c0,0,0
b9f81efc877768b6,0,0
8e546c3e8f764a90,0,0
72c208012226ae36,0,0
643fad50e4a637ac,0,0
a551c680999afc96,0,0
6bd07d3ccb3a16fd,0,0
bbbc52a0ea6bc16e,0,0
2f9c2151d793ce81,0,0
73f13df80fefd06c,0,0
1ca9d87c1eed9420,0,0
e5841102444c5c6d,0,0
c97e5aa1c84d6f58,0,0
4ba38c013335f92d,0,0
d6a0fb7896752cfa,0,0
7779a540d5d782dd,0,0
5e3843a2ae279d03,0,0
e6e27bf01fdea1d9,0,0
3852b1f93cda2941,0,0
ca0923048898b8da,0,0
92fdb442919bdeb0,0,0
97461903666af25b,0,0
ad41f7f12ceb58f4,0,0
eef24a81aaaf05bb,0,0
bd7086445d4f3a07,0,0
ccc5f7e03fbc43b3,0,0
71a462f379b45382,0,0
95134608103171b5,0,0
24fb69852237bd61,0,0
2f8d3206ccd4e4b7,0,0
5b83eee359d6b1e8,0,0
dce59502555f0b76,0,0
7be10c89ba9e740e,0,0
998befc17f788766,0,0
e348c5e6f368a704,0,0
2a278c102062e26a,0,0
49f6d30a456e7ac3,0,0
5f1a650c98a9c96f,0,0
b606ddc7b3ac63d1,0,0
b8cb2b05aabe16ec,0,0
f6c21912753de91c,0,0
3217df83fff00ecd,0,0
740edce59502555f,0,0
87667be10c89ba9e,0,0
a704998befc17f78,0,0
e26ae348c5e6f368,0,0
7ac32a278c102062,0,0
c96f49f6d30a456e,0,0
63d15f1a650c98a9,0,0
16ecb606ddc7b3ac,0,0
e91cb8cb2b05aabe,0,0
0ecdf6c21912753d,0,0
4e093217df83fff0,1,0
0000d40c05944b51,0,1
94050045b8cca881,0,0
818611400040519a,0,0
0100420a0200420a,0,0
8eb180058913bfac,0,0
fae1000046525051,0,0
acef149837060000,0,0
06ddc7b3ac63d15f,0,0
cb2b05aabe16ecb6,0,0
c21912753de91cb8,0,0
17df83fff00ecdf6,0,0
918acde7d14e0932,0,0
4e182140c4c4d5c6,0,0
eca7158adcf48655,0,0
34ca18305393df92,0,0
0dba8f6759c7a2bf,0,0
97570a547d2dd86d,0,0
853324ea7ad23970,0,0
2ebe07ffe11d9aed,0,0
23159bcfa39d1264,0,0
9c3042808889ab8d,0,0
d94f2b14b9e90dab,0,0
69943160a626bf25,0,0
1a741fcfb28e457f,0,0
2eaf14a8fa5ab0db,0,0
0b6748d4f5a473e0,0,0
5c7c0ffec33b34db,0,0
472a369f473b25c8,0,0
396184001113571b,0,0
b29f562872d31b56,0,0
d22863c04c4d7e4b,0,0
35e83e9e651d8bfe,0,0
5d5e2950f5b560b7,0,0
17ce90a8eb49e7c0,0,0
b9f81efc877768b6,0,0
8e546c3e8f764a90,0,0
72c208012226ae36,0,0
643fad50e4a637ac,0,0
a551c680999afc96,0,0
6bd07d3ccb3a16fd,0,0
bbbc52a0ea6bc16e,0,0
2f9c2151d793ce81,0,0
73f13df80fefd06c,0,0
1ca9d87c1eed9420,0,0
e5841102444c5c6d,0,0
c97e5aa1c84d6f58,0,0
4ba38c013335f92d,0,0
d6a0fb7896752cfa,0,0
7779a540d5d782dd,0,0
5e3843a2ae279d03,0,0
e6e27bf01fdea1d9,0,0
3852b1f93cda2941,0,0
ca0923048898b8da,0,0
92fdb442919bdeb0,0,0
97461903666af25b,0,0
ad41f7f12ceb58f4,0,0
eef24a81aaaf05bb,0,0
bd7086445d4f3a07,0,0
ccc5f7e03fbc43b3,0,0
71a462f379b45382,0,0
95134608103171b5,0,0
24fb69852237bd61,0,0
2f8d3206ccd4e4b7,0,0
5b83eee359d6b1e8,0,0
dce59502555f0b76,0,0
7be10c89ba9e740e,0,0
998befc17f788766,0,0
e348c5e6f368a704,0,0
2a278c102062e26a,0,0
49f6d30a456e7ac3,0,0
5f1a650c98a9c96f,0,0
b606ddc7b3ac63d1,0,0
b8cb2b05aabe16ec,0,0
f6c21912753de91c,0,0
3217df83fff00ecd,0,0
c6918acde7d14e09,0,0
554e182140c4c4d5,0,0
92eca7158adcf486,0,0
bf34ca18305393df,0,0
6d0dba8f6759c7a2,0,0
7097570a547d2dd8,0,0
ed853324ea7ad239,0,0
642ebe07ffe11d9a,0,0
8d23159bcfa39d12,0,0
ab9c3042808889ab,0,0
25d94f2b14b9e90d,0,0
7f69943160a626bf,0,0
db1a741fcfb28e45,0,0
e02eaf14a8fa5ab0,0,0
db0b6748d4f5a473,0,0
c85c7c0ffec33b34,0,0
1b472a369f473b25,0,0
5639618400111357,0,0
4bb29f562872d31b,0,0
fed22863c04c4d7e,0,0
b735e83e9e651d8b,0,0
c05d5e2950f5b560,0,0
b617ce90a8eb49e7,0,0
90b9f81efc877768,0,0
368e546c3e8f764a,0,0
ac72c208012226ae,0,0
96643fad50e4a637,0,0
fda551c680999afc,0,0
6e6bd07d3ccb3a16,0,0
81bbbc52a0ea6bc1,0,0
6c2f9c2151d793ce,0,0
2073f13df80fefd0,0,0
6d1ca9d87c1eed94,0,0
58e5841102444c5c,0,0
2dc97e5aa1c84d6f,0,0
fa4ba38c013335f9,0,0
ddd6a0fb7896752c,0,0
037779a540d5d782,0,0
d95e3843a2ae279d,0,0
41e6e27bf01fdea1,0,0
da3852b1f93cda29,0,0
b0ca0923048898b8,0,0
5b92fdb442919bde,0,0
f497461903666af2,0,0
bbad41f7f12ceb58,0,0
07eef24a81aaaf05,0,0
b3bd7086445d4f3a,0,0
82ccc5f7e03fbc43,0,0
b571a462f379b453,0,0
6195134608103171,0,0
b724fb69852237bd,0,0
e82f8d3206ccd4e4,0,0
765b83eee359d6b1,0,0
0edce59502555f0b,0,0
667be10c89ba9e74,0,0
04998befc17f7887,0,0
6ae348c5e6f368a7,0,0
c32a278c102062e2,0,0
6f49f6d30a456e7a,0,0
d15f1a650c98a9c9,0,0
ecb606ddc7b3ac63,0,0
1cb8cb2b05aabe16,0,0
cdf6c21912753de9,0,0
093217df83fff00e,0,0
d5c6918acde7d14e,0,0
86554e182140c4c4,0,0
df92eca7158adcf4,0,0
a2bf34ca18305393,0,0
d86d0dba8f6759c7,0,0
397097570a547d2d,0,0
9aed853324ea7ad2,0,0
12642ebe07ffe11d,0,0
ab8d23159bcfa39d,0,0
0dab9c3042808889,0,0
bf25d94f2b14b9e9,0,0
457f69943160a626,0,0
b0db1a741fcfb28e,0,0
73e02eaf14a8fa5a,0,0
34db0b6748d4f5a4,0,0
25c85c7c0ffec33b,0,0
571b472a369f473b,0,0
1b56396184001113,0,0
7e4bb29f562872d3,0,0
8bfed22863c04c4d,0,0
60b735e83e9e651d,0,0
e7c05d5e2950f5b5,0,0
68b617ce90a8eb49,0,0
4a90b9f81efc8777,0,0
ae368e546c3e8f76,0,0
37ac72c208012226,0,0
fc96643fad50e4a6,0,0
16fda551c680999a,0,0
c16e6bd07d3ccb3a,0,0
ce81bbbc52a0ea6b,0,0
d06c2f9c2151d793,0,0
942073f13df80fef,0,0
5c6d1ca9d87c1eed,0,0
6f58e5841102444c,0,0
f92dc97e5aa1c84d,0,0
2cfa4ba38c013335,0,0
82ddd6a0fb789675,0,0
9d037779a540d5d7,0,0
a1d95e3843a2ae27,0,0
2941e6e27bf01fde,0,0
b8da3852b1f93cda,0,0
c7b3ac63d15f1a65,0,0
05aabe16ecb606dd,0,0
12753de91cb8cb2b,0,0
83fff00ecdf6c219,0,0
cde7d14e093217df,0,0
2140c4c4d5c6918a,0,0
158adcf486554e18,0,0
18305393df92eca7,0,0
8f6759c7a2bf34ca,0,0
0a547d2dd86d0dba,0,0
24ea7ad239709757,1,0
0000d40d05944b51,0,1
94050045326623f3,0,0
808611400040529a,0,0
0100420a0200420a,0,0
50da80058913bfac,0,0
fbe1000046525051,0,0
ed53209837060000,0,0
bf34ca18305393df,0,0
6d0dba8f6759c7a2,0,0
7097570a547d2dd8,0,0
ed853324ea7ad239,0,0
642ebe07ffe11d9a,0,0
8d23159bcfa39d12,0,0
ab9c3042808889ab,0,0
25d94f2b14b9e90d,0,0
7f69943160a626bf,0,0
db1a741fcfb28e45,0,0
e02eaf14a8fa5ab0,0,0
db0b6748d4f5a473,0,0
c85c7c0ffec33b34,0,0
1b472a369f473b25,0,0
5639618400111357,0,0
4bb29f562872d31b,0,0
fed22863c04c4d7e,0,0
b735e83e9e651d8b,0,0
c05d5e2950f5b560,0,0
b617ce90a8eb49e7,0,0
90b9f81efc877768,0,0
368e546c3e8f764a,0,0
ac72c208012226ae,0,0
96643fad50e4a637,0,0
fda551c680999afc,0,0
6e6bd07d3ccb3a16,0,0
81bbbc52a0ea6bc1,0,0
6c2f9c2151d793ce,0,0
2073f13df80fefd0,0,0
6d1ca9d87c1eed94,0,0
58e5841102444c5c,0,0
2dc97e5aa1c84d6f,0,0
fa4ba38c013335f9,0,0
ddd6a0fb7896752c,0,0
037779a540d5d782,0,0
d95e3843a2ae279d,0,0
41e6e27bf01fdea1,0,0
da3852b1f93cda29,0,0
b0ca0923048898b8,0,0
5b92fdb442919bde,0,0
f497461903666af2,0,0
bbad41f7f12ceb58,0,0
07eef24a81aaaf05,0,0
b3bd7086445d4f3a,0,0
82ccc5f7e03fbc43,0,0
b571a462f379b453,0,0
6195134608103171,0,0
b724fb69852237bd,0,0
e82f8d3206ccd4e4,0,0
765b83eee359d6b1,0,0
0edce59502555f0b,0,0
667be10c89ba9e74,0,0
04998befc17f7887,0,0
6ae348c5e6f368a7,0,0
c32a278c102062e2,0,0
6f49f6d30a456e7a,0,0
d15f1a650c98a9c9,0,0
ecb606ddc7b3ac63,0,0
1cb8cb2b05aabe16,0,0
cdf6c21912753de9,0,0
093217df83fff00e,0,0
d5c6918acde7d14e,0,0
86554e182140c4c4,0,0
df92eca7158adcf4,0,0
a2bf34ca18305393,0,0
d86d0dba8f6759c7,0,0
397097570a547d2d,0,0
9aed853324ea7ad2,0,0
12642ebe07ffe11d,0,0
ab8d23159bcfa39d,0,0
0dab9c3042808889,0,0
bf25d94f2b14b9e9,0,0
457f69943160a626,0,0
b0db1a741fcfb28e,0,0
73e02eaf14a8fa5a,0,0
34db0b6748d4f5a4,0,0
25c85c7c0ffec33b,0,0
571b472a369f473b,0,0
1b56396184001113,0,0
7e4bb29f562872d3,0,0
8bfed22863c04c4d,0,0
60b735e83e9e651d,0,0
e7c05d5e2950f5b5,0,0
68b617ce90a8eb49,0,0
4a90b9f81efc8777,0,0
ae368e546c3e8f76,0,0
37ac72c208012226,0,0
fc96643fad50e4a6,0,0
16fda551c680999a,0,0
c16e6bd07d3ccb3a,0,0
ce81bbbc52a0ea6b,0,0
d06c2f9c2151d793,0,0
942073f13df80fef,0,0
5c6d1ca9d87c1eed,0,0
6f58e5841102444c,0,0
f92dc97e5aa1c84d,0,0
2cfa4ba38c013335,0,0
82ddd6a0fb789675,0,0
9d037779a540d5d7,0,0
a1d95e3843a2ae27,0,0
2941e6e27bf01fde,0,0
b8da3852b1f93cda,0,0
deb0ca0923048898,0,0
f25b92fdb442919b,0,0
58f497461903666a,0,0
05bbad41f7f12ceb,0,0
3a07eef24a81aaaf,0,0
43b3bd7086445d4f,0,0
5382ccc5f7e03fbc,0,0
71b571a462f379b4,0,0
bd61951346081031,0,0
e4b724fb69852237,0,0
b1e82f8d3206ccd4,0,0
0b765b83eee359d6,0,0
740edce59502555f,0,0
87667be10c89ba9e,0,0
a704998befc17f78,0,0
e26ae348c5e6f368,0,0
7ac32a278c102062,0,0
c96f49f6d30a456e,0,0
63d15f1a650c98a9,0,0
16ecb606ddc7b3ac,0,0
e91cb8cb2b05aabe,0,0
0ecdf6c21912753d,0,0
4e093217df83fff0,0,0
c4d5c6918acde7d1,0,0
f486554e182140c4,0,0
93df92eca7158adc,0,0
c7a2bf34ca183053,0,0
2dd86d0dba8f6759,0,0
d2397097570a547d,0,0
1d9aed853324ea7a,0,0
9d12642ebe07ffe1,0,0
89ab8d23159bcfa3,0,0
e90dab9c30428088,0,0
26bf25d94f2b14b9,0,0
8e457f69943160a6,0,0
5ab0db1a741fcfb2,0,0
a473e02eaf14a8fa,0,0
3b34db0b6748d4f5,0,0
3b25c85c7c0ffec3,0,0
13571b472a369f47,0,0
d31b563961840011,0,0
4d7e4bb29f562872,0,0
1d8bfed22863c04c,0,0
b560b735e83e9e65,0,0
49e7c05d5e2950f5,0,0
7768b617ce90a8eb,0,0
764a90b9f81efc87,0,0
26ae368e546c3e8f,0,0
a637ac72c2080122,0,0
9afc96643fad50e4,0,0
3a16fda551c68099,0,0
6bc16e6bd07d3ccb,0,0
93ce81bbbc52a0ea,0,0
efd06c2f9c2151d7,0,0
ed942073f13df80f,0,0
4c5c6d1ca9d87c1e,0,0
4d6f58e584110244,0,0
35f92dc97e5aa1c8,0,0
752cfa4ba38c0133,0,0
d782ddd6a0fb7896,0,0
279d037779a540d5,0,0
dea1d95e3843a2ae,0,0
da2941e6e27bf01f,0,0
98b8da3852b1f93c,0,0
9bdeb0ca09230488,0,0
6af25b92fdb44291,0,0
eb58f49746190366,0,0
af05bbad41f7f12c,0,0
4f3a07eef24a81aa,0,0
bc43b3bd7086445d,0,0
b45382ccc5f7e03f,0,0
97570a547d2dd86d,0,0
853324ea7ad23970,0,0
2ebe07ffe11d9aed,0,0
23159bcfa39d1264,0,0
9c3042808889ab8d,0,0
d94f2b14b9e90dab,0,0
69943160a626bf25,0,0
1a741fcfb28e457f,0,0
2eaf14a8fa5ab0db,0,0
0b6748d4f5a473e0,0,0
5c7c0ffec33b34db,1,0
0000d40e05944b51,0,1
94050045dbf45d01,0,0
7f8611400040539a,0,0
0100420a0200420a,0,0
b5b380058913bfac,0,0
fce1000046525051,0,0
f2b72b9837060000,0,0
b45382ccc5f7e03f,0,0
3171b571a462f379,0,0
37bd619513460810,0,0
d4e4b724fb698522,0,0
d6b1e82f8d3206cc,0,0
5f0b765b83eee359,0,0
9e740edce5950255,0,0
7887667be10c89ba,0,0
68a704998befc17f,0,0
62e26ae348c5e6f3,0,0
6e7ac32a278c1020,0,0
a9c96f49f6d30a45,0,0
ac63d15f1a650c98,0,0
be16ecb606ddc7b3,0,0
3de91cb8cb2b05aa,0,0
f00ecdf6c2191275,0,0
d14e093217df83ff,0,0
c4c4d5c6918acde7,0,0
dcf486554e182140,0,0
5393df92eca7158a,0,0
59c7a2bf34ca1830,0,0
7d2dd86d0dba8f67,0,0
7ad2397097570a54,0,0
e11d9aed853324ea,0,0
a39d12642ebe07ff,0,0
8889ab8d23159bcf,0,0
b9e90dab9c304280,0,0
a626bf25d94f2b14,0,0
b28e457f69943160,0,0
fa5ab0db1a741fcf,0,0
f5a473e02eaf14a8,0,0
c33b34db0b6748d4,0,0
473b25c85c7c0ffe,0,0
1113571b472a369f,0,0
72d31b5639618400,0,0
4c4d7e4bb29f5628,0,0
651d8bfed22863c0,0,0
f5b560b735e83e9e,0,0
eb49e7c05d5e2950,0,0
877768b617ce90a8,0,0
8f764a90b9f81efc,0,0
2226ae368e546c3e,0,0
e4a637ac72c20801,0,0
999afc96643fad50,0,0
cb3a16fda551c680,0,0
ea6bc16e6bd07d3c,0,0
d793ce81bbbc52a0,0,0
0fefd06c2f9c2151,0,0
1eed942073f13df8,0,0
444c5c6d1ca9d87c,0,0
c84d6f58e5841102,0,0
3335f92dc97e5aa1,0,0
96752cfa4ba38c01,0,0
d5d782ddd6a0fb78,0,0
ae279d037779a540,0,0
1fdea1d95e3843a2,0,0
3cda2941e6e27bf0,0,0
8898b8da3852b1f9,0,0
919bdeb0ca092304,0,0
666af25b92fdb442,0,0
2ceb58f497461903,0,0
aaaf05bbad41f7f1,0,0
5d4f3a07eef24a81,0,0
3fbc43b3bd708644,0,0
79b45382ccc5f7e0,0,0
103171b571a462f3,0,0
2237bd6195134608,0,0
ccd4e4b724fb6985,0,0
59d6b1e82f8d3206,0,0
555f0b765b83eee3,0,0
ba9e740edce59502,0,0
7f7887667be10c89,0,0
f368a704998befc1,0,0
2062e26ae348c5e6,0,0
456e7ac32a278c10,0,0
98a9c96f49f6d30a,0,0
b3ac63d15f1a650c,0,0
aabe16ecb606ddc7,0,0
753de91cb8cb2b05,0,0
fff00ecdf6c21912,0,0
e7d14e093217df83,0,0
40c4c4d5c6918acd,0,0
8adcf486554e1821,0,0
305393df92eca715,0,0
6759c7a2bf34ca18,0,0
547d2dd86d0dba8f,0,0
ea7ad2397097570a,0,0
ffe11d9aed853324,0,0
cfa39d12642ebe07,0,0
808889ab8d23159b,0,0
14b9e90dab9c3042,0,0
60a626bf25d94f2b,0,0
cfb28e457f699431,0,0
a8fa5ab0db1a741f,0,0
d4f5a473e02eaf14,0,0
fec33b34db0b6748,0,0
9f473b25c85c7c0f,0,0
001113571b472a36,0,0
2872d31b56396184,0,0
c04c4d7e4bb29f56,0,0
9e651d8bfed22863,0,0
50f5b560b735e83e,0,0
a8eb49e7c05d5e29,0,0
fc877768b617ce90,0,0
3e8f764a90b9f81e,0,0
012226ae368e546c,0,0
50e4a637ac72c208,0,0
80999afc96643fad,0,0
3ccb3a16fda551c6,0,0
a0ea6bc16e6bd07d,0,0
51d793ce81bbbc52,0,0
f80fefd06c2f9c21,0,0
7c1eed942073f13d,0,0
02444c5c6d1ca9d8,0,0
a1c84d6f58e58411,0,0
013335f92dc97e5a,0,0
7896752cfa4ba38c,0,0
40d5d782ddd6a0fb,0,0
a2ae279d037779a5,0,0
f01fdea1d95e3843,0,0
f93cda2941e6e27b,0,0
048898b8da3852b1,0,0
42919bdeb0ca0923,0,0
03666af25b92fdb4,0,0
f12ceb58f4974619,0,0
81aaaf05bbad41f7,0,0
445d4f3a07eef24a,0,0
e03fbc43b3bd7086,0,0
f379b45382ccc5f7,0,0
08103171b571a462,0,0
852237bd61951346,0,0
06ccd4e4b724fb69,0,0
e359d6b1e82f8d32,0,0
02555f0b765b83ee,0,0
89ba9e740edce595,0,0
c17f7887667be10c,0,0
e6f368a704998bef,0,0
102062e26ae348c5,0,0
0a456e7ac32a278c,0,0
0c98a9c96f49f6d3,0,0
c7b3ac63d15f1a65,0,0
05aabe16ecb606dd,0,0
12753de91cb8cb2b,0,0
83fff00ecdf6c219,0,0
cde7d14e093217df,0,0
2140c4c4d5c6918a,0,0
158adcf486554e18,0,0
18305393df92eca7,0,0
8f6759c7a2bf34ca,0,0
0a547d2dd86d0dba,0,0
24ea7ad239709757,0,0
07ffe11d9aed8533,0,0
9bcfa39d12642ebe,0,0
42808889ab8d2315,0,0
2b14b9e90dab9c30,0,0
3160a626bf25d94f,0,0
1fcfb28e457f6994,0,0
14a8fa5ab0db1a74,0,0
48d4f5a473e02eaf,0,0
0ffec33b34db0b67,0,0
369f473b25c85c7c,0,0
84001113571b472a,0,0
562872d31b563961,0,0
63c04c4d7e4bb29f,0,0
3e9e651d8bfed228,0,0
2950f5b560b735e8,0,0
90a8eb49e7c05d5e,0,0
1efc877768b617ce,0,0
6c3e8f764a90b9f8,0,0
08012226ae368e54,0,0
ad50e4a637ac72c2,0,0
c680999afc96643f,0,0
7d3ccb3a16fda551,0,0
667be10c89ba9e74,0,0
04998befc17f7887,0,0
6ae348c5e6f368a7,0,0
c32a278c102062e2,0,0
6f49f6d30a456e7a,0,0
d15f1a650c98a9c9,0,0
ecb606ddc7b3ac63,0,0
1cb8cb2b05aabe16,0,0
cdf6c21912753de9,0,0
093217df83fff00e,0,0
d5c6918acde7d14e,1,0
0000d40f05944b51,0,1
940500450d35fc15,0,0
7e8611400040549a,0,0
0100420a0200420a,0,0
eb2880058913bfac,0,0
fde1000046525051,0,0
231d379837060000,0,0
0dba8f6759c7a2bf,0,0
97570a547d2dd86d,0,0
853324ea7ad23970,0,0
2ebe07ffe11d9aed,0,0
23159bcfa39d1264,0,0
9c3042808889ab8d,0,0
d94f2b14b9e90dab,0,0
69943160a626bf25,0,0
1a741fcfb28e457f,0,0
2eaf14a8fa5ab0db,0,0
0b6748d4f5a473e0,0,0
5c7c0ffec33b34db,0,0
472a369f473b25c8,0,0
396184001113571b,0,0
b29f562872d31b56,0,0
d22863c04c4d7e4b,0,0
35e83e9e651d8bfe,0,0
5d5e2950f5b560b7,0,0
17ce90a8eb49e7c0,0,0
b9f81efc877768b6,0,0
8e546c3e8f764a90,0,0
72c208012226ae36,0,0
643fad50e4a637ac,0,0
a551c680999afc96,0,0
6bd07d3ccb3a16fd,0,0
bbbc52a0ea6bc16e,0,0
2f9c2151d793ce81,0,0
73f13df80fefd06c,0,0
1ca9d87c1eed9420,0,0
e5841102444c5c6d,0,0
c97e5aa1c84d6f58,0,0
4ba38c013335f92d,0,0
d6a0fb7896752cfa,0,0
7779a540d5d782dd,0,0
5e3843a2ae279d03,0,0
e6e27bf01fdea1d9,0,0
3852b1f93cda2941,0,0
ca0923048898b8da,0,0
92fdb442919bdeb0,0,0
97461903666af25b,0,0
ad41f7f12ceb58f4,0,0
eef24a81aaaf05bb,0,0
bd7086445d4f3a07,0,0
ccc5f7e03fbc43b3,0,0
71a462f379b45382,0,0
95134608103171b5,0,0
24fb69852237bd61,0,0
2f8d3206ccd4e4b7,0,0
5b83eee359d6b1e8,0,0
dce59502555f0b76,0,0
7be10c89ba9e740e,0,0
998befc17f788766,0,0
e348c5e6f368a704,0,0
2a278c102062e26a,0,0
49f6d30a456e7ac3,0,0
5f1a650c98a9c96f,0,0
b606ddc7b3ac63d1,0,0
b8cb2b05aabe16ec,0,0
f6c21912753de91c,0,0
3217df83fff00ecd,0,0
c6918acde7d14e09,0,0
554e182140c4c4d5,0,0
92eca7158adcf486,0,0
bf34ca18305393df,0,0
6d0dba8f6759c7a2,0,0
7097570a547d2dd8,0,0
ed853324ea7ad239,0,0
642ebe07ffe11d9a,0,0
8d23159bcfa39d12,0,0
ab9c3042808889ab,0,0
25d94f2b14b9e90d,0,0
7f69943160a626bf,0,0
db1a741fcfb28e45,0,0
e02eaf14a8fa5ab0,0,0
db0b6748d4f5a473,0,0
c85c7c0ffec33b34,0,0
1b472a369f473b25,0,0
5639618400111357,0,0
4bb29f562872d31b,0,0
fed22863c04c4d7e,0,0
b735e83e9e651d8b,0,0
c05d5e2950f5b560,0,0
b617ce90a8eb49e7,0,0
90b9f81efc877768,0,0
368e546c3e8f764a,0,0
ac72c208012226ae,0,0
96643fad50e4a637,0,0
fda551c680999afc,0,0
6e6bd07d3ccb3a16,0,0
81bbbc52a0ea6bc1,0,0
6c2f9c2151d793ce,0,0
2073f13df80fefd0,0,0
6d1ca9d87c1eed94,0,0
58e5841102444c5c,0,0
2dc97e5aa1c84d6f,0,0
fa4ba38c013335f9,0,0
ddd6a0fb7896752c,0,0
037779a540d5d782,0,0
d95e3843a2ae279d,0,0
41e6e27bf01fdea1,0,0
da3852b1f93cda29,0,0
b0ca0923048898b8,0,0
5b92fdb442919bde,0,0
f497461903666af2,0,0
bbad41f7f12ceb58,0,0
07eef24a81aaaf05,0,0
b3bd7086445d4f3a,0,0
82ccc5f7e03fbc43,0,0
b571a462f379b453,0,0
6195134608103171,0,0
b724fb69852237bd,0,0
e82f8d3206ccd4e4,0,0
765b83eee359d6b1,0,0
0edce59502555f0b,0,0
667be10c89ba9e74,0,0
04998befc17f7887,0,0
6ae348c5e6f368a7,0,0
c32a278c102062e2,0,0
6f49f6d30a456e7a,0,0
d15f1a650c98a9c9,0,0
ecb606ddc7b3ac63,0,0
1cb8cb2b05aabe16,0,0
cdf6c21912753de9,0,0
093217df83fff00e,0,0
d5c6918acde7d14e,0,0
86554e182140c4c4,0,0
df92eca7158adcf4,0,0
a2bf34ca18305393,0,0
d86d0dba8f6759c7,0,0
397097570a547d2d,0,0
9aed853324ea7ad2,0,0
12642ebe07ffe11d,0,0
ab8d23159bcfa39d,0,0
0dab9c3042808889,0,0
bf25d94f2b14b9e9,0,0
457f69943160a626,0,0
b0db1a741fcfb28e,0,0
73e02eaf14a8fa5a,0,0
34db0b6748d4f5a4,0,0
25c85c7c0ffec33b,0,0
571b472a369f473b,0,0
1b56396184001113,0,0
7e4bb29f562872d3,0,0
8bfed22863c04c4d,0,0
60b735e83e9e651d,0,0
e7c05d5e2950f5b5,0,0
68b617ce90a8eb49,0,0
4a90b9f81efc8777,0,0
ae368e546c3e8f76,0,0
37ac72c208012226,0,0
fc96643fad50e4a6,0,0
16fda551c680999a,0,0
c16e6bd07d3ccb3a,0,0
ce81bbbc52a0ea6b,0,0
d06c2f9c2151d793,0,0
942073f13df80fef,0,0
5c6d1ca9d87c1eed,0,0
6f58e5841102444c,0,0
f92dc97e5aa1c84d,0,0
2cfa4ba38c013335,0,0
82ddd6a0fb789675,0,0
9d037779a540d5d7,0,0
a1d95e3843a2ae27,0,0
2941e6e27bf01fde,0,0
b8da3852b1f93cda,0,0
deb0ca0923048898,0,0
f25b92fdb442919b,0,0
58f497461903666a,0,0
05bbad41f7f12ceb,0,0
3a07eef24a81aaaf,0,0
43b3bd7086445d4f,0,0
5382ccc5f7e03fbc,0,0
71b571a462f379b4,0,0
369f473b25c85c7c,0,0
84001113571b472a,0,0
562872d31b563961,0,0
63c04c4d7e4bb29f,0,0
3e9e651d8bfed228,0,0
2950f5b560b735e8,0,0
90a8eb49e7c05d5e,0,0
1efc877768b617ce,0,0
6c3e8f764a90b9f8,0,0
08012226ae368e54,0,0
ad50e4a637ac72c2,1,0
0000d41005944b51,0,1
94050045a94e4e21,0,0
7c8611400040569a,0,0
0100420a0200420a,0,0
3bd480058913bfac,0,0
ffe1000046525051,0,0
c2e54d9837060000,0,0
d14e093217df83ff,0,0
c4c4d5c6918acde7,0,0
dcf486554e182140,0,0
5393df92eca7158a,0,0
59c7a2bf34ca1830,0,0
7d2dd86d0dba8f67,0,0
7ad2397097570a54,0,0
e11d9aed853324ea,0,0
a39d12642ebe07ff,0,0
8889ab8d23159bcf,0,0
b9e90dab9c304280,0,0
a626bf25d94f2b14,0,0
b28e457f69943160,0,0
fa5ab0db1a741fcf,0,0
f5a473e02eaf14a8,0,0
c33b34db0b6748d4,0,0
473b25c85c7c0ffe,0,0
1113571b472a369f,0,0
72d31b5639618400,0,0
4c4d7e4bb29f5628,0,0
651d8bfed22863c0,0,0
f5b560b735e83e9e,0,0
eb49e7c05d5e2950,0,0
877768b617ce90a8,0,0
8f764a90b9f81efc,0,0
2226ae368e546c3e,0,0
e4a637ac72c20801,0,0
999afc96643fad50,0,0
cb3a16fda551c680,0,0
ea6bc16e6bd07d3c,0,0
d793ce81bbbc52a0,0,0
0fefd06c2f9c2151,0,0
1eed942073f13df8,0,0
444c5c6d1ca9d87c,0,0
c84d6f58e5841102,0,0
3335f92dc97e5aa1,0,0
96752cfa4ba38c01,0,0
d5d782ddd6a0fb78,0,0
ae279d037779a540,0,0
1fdea1d95e3843a2,0,0
3cda2941e6e27bf0,0,0
8898b8da3852b1f9,0,0
919bdeb0ca092304,0,0
666af25b92fdb442,0,0
2ceb58f497461903,0,0
aaaf05bbad41f7f1,0,0
5d4f3a07eef24a81,0,0
3fbc43b3bd708644,0,0
79b45382ccc5f7e0,0,0
103171b571a462f3,0,0
2237bd6195134608,0,0
ccd4e4b724fb6985,0,0
59d6b1e82f8d3206,0,0
555f0b765b83eee3,0,0
ba9e740edce59502,0,0
7f7887667be10c89,0,0
f368a704998befc1,0,0
2062e26ae348c5e6,0,0
456e7ac32a278c10,0,0
98a9c96f49f6d30a,0,0
b3ac63d15f1a650c,0,0
aabe16ecb606ddc7,0,0
753de91cb8cb2b05,0,0
fff00ecdf6c21912,0,0
e7d14e093217df83,0,0
40c4c4d5c6918acd,0,0
8adcf486554e1821,0,0
305393df92eca715,0,0
6759c7a2bf34ca18,0,0
547d2dd86d0dba8f,0,0
ea7ad2397097570a,0,0
ffe11d9aed853324,0,0
cfa39d12642ebe07,0,0
808889ab8d23159b,0,0
14b9e90dab9c3042,0,0
60a626bf25d94f2b,0,0
cfb28e457f699431,0,0
a8fa5ab0db1a741f,0,0
d4f5a473e02eaf14,0,0
fec33b34db0b6748,0,0
9f473b25c85c7c0f,0,0
001113571b472a36,0,0
2872d31b56396184,0,0
c04c4d7e4bb29f56,0,0
9e651d8bfed22863,0,0
50f5b560b735e83e,0,0
a8eb49e7c05d5e29,0,0
fc877768b617ce90,0,0
3e8f764a90b9f81e,0,0
012226ae368e546c,0,0
50e4a637ac72c208,0,0
80999afc96643fad,0,0
3ccb3a16fda551c6,0,0
a0ea6bc16e6bd07d,0,0
51d793ce81bbbc52,0,0
f80fefd06c2f9c21,0,0
7c1eed942073f13d,0,0
02444c5c6d1ca9d8,0,0
a1c84d6f58e58411,0,0
013335f92dc97e5a,0,0
7896752cfa4ba38c,0,0
40d5d782ddd6a0fb,0,0
a2ae279d037779a5,0,0
f01fdea1d95e3843,0,0
f93cda2941e6e27b,0,0
048898b8da3852b1,0,0
42919bdeb0ca0923,0,0
03666af25b92fdb4,0,0
f12ceb58f4974619,0,0
81aaaf05bbad41f7,0,0
445d4f3a07eef24a,0,0
e03fbc43b3bd7086,0,0
f379b45382ccc5f7,0,0
08103171b571a462,0,0
852237bd61951346,0,0
06ccd4e4b724fb69,0,0
e359d6b1e82f8d32,0,0
02555f0b765b83ee,0,0
89ba9e740edce595,0,0
c17f7887667be10c,0,0
e6f368a704998bef,0,0
102062e26ae348c5,0,0
0a456e7ac32a278c,0,0
0c98a9c96f49f6d3,0,0
c7b3ac63d15f1a65,0,0
05aabe16ecb606dd,0,0
12753de91cb8cb2b,0,0
83fff00ecdf6c219,0,0
cde7d14e093217df,0,0
2140c4c4d5c6918a,0,0
158adcf486554e18,0,0
18305393df92eca7,0,0
8f6759c7a2bf34ca,0,0
0a547d2dd86d0dba,0,0
24ea7ad239709757,0,0
07ffe11d9aed8533,0,0
9bcfa39d12642ebe,0,0
42808889ab8d2315,0,0
2b14b9e90dab9c30,0,0
3160a626bf25d94f,0,0
1fcfb28e457f6994,0,0
14a8fa5ab0db1a74,0,0
48d4f5a473e02eaf,0,0
0ffec33b34db0b67,0,0
369f473b25c85c7c,0,0
84001113571b472a,0,0
562872d31b563961,0,0
63c04c4d7e4bb29f,0,0
3e9e651d8bfed228,0,0
2950f5b560b735e8,0,0
90a8eb49e7c05d5e,0,0
1efc877768b617ce,0,0
6c3e8f764a90b9f8,0,0
08012226ae368e54,0,0
ad50e4a637ac72c2,0,0
c680999afc96643f,0,0
7d3ccb3a16fda551,0,0
52a0ea6bc16e6bd0,0,0
2151d793ce81bbbc,0,0
3df80fefd06c2f9c,0,0
d87c1eed942073f1,0,0
1102444c5c6d1ca9,0,0
5aa1c84d6f58e584,0,0
8c013335f92dc97e,0,0
fb7896752cfa4ba3,0,0
a540d5d782ddd6a0,0,0
43a2ae279d037779,0,0
7bf01fdea1d95e38,0,0
b1f93cda2941e6e2,0,0
23048898b8da3852,0,0
b442919bdeb0ca09,0,0
1903666af25b92fd,0,0
f7f12ceb58f49746,0,0
0a456e7ac32a278c,0,0
0c98a9c96f49f6d3,0,0
c7b3ac63d15f1a65,0,0
05aabe16ecb606dd,0,0
12753de91cb8cb2b,0,0
83fff00ecdf6c219,0,0
cde7d14e093217df,0,0
2140c4c4d5c6918a,0,0
158adcf486554e18,0,0
18305393df92eca7,0,0
8f6759c7a2bf34ca,1,0
0000d41105944b51,0,1
9405004531ca0e38,0,0
7b8611400040579a,0,0
0100420a0200420a,0,0
586f80058913bfac,0,0
00e2000046525051,0,0
994a599837060000,0,0
d14e093217df83ff,0,0
c4c4d5c6918acde7,0,0
dcf486554e182140,0,0
5393df92eca7158a,0,0
59c7a2bf34ca1830,0,0
7d2dd86d0dba8f67,0,0
7ad2397097570a54,0,0
e11d9aed853324ea,0,0
a39d12642ebe07ff,0,0
8889ab8d23159bcf,0,0
b9e90dab9c304280,0,0
a626bf25d94f2b14,0,0
b28e457f69943160,0,0
fa5ab0db1a741fcf,0,0
f5a473e02eaf14a8,0,0
c33b34db0b6748d4,0,0
473b25c85c7c0ffe,0,0
1113571b472a369f,0,0
72d31b5639618400,0,0
4c4d7e4bb29f5628,0,0
651d8bfed22863c0,0,0
f5b560b735e83e9e,0,0
eb49e7c05d5e2950,0,0
877768b617ce90a8,0,0
8f764a90b9f81efc,0,0
2226ae368e546c3e,0,0
e4a637ac72c20801,0,0
999afc96643fad50,0,0
cb3a16fda551c680,0,0
ea6bc16e6bd07d3c,0,0
d793ce81bbbc52a0,0,0
0fefd06c2f9c2151,0,0
1eed942073f13df8,0,0
444c5c6d1ca9d87c,0,0
c84d6f58e5841102,0,0
3335f92dc97e5aa1,0,0
96752cfa4ba38c01,0,0
d5d782ddd6a0fb78,0,0
ae279d037779a540,0,0
1fdea1d95e3843a2,0,0
3cda2941e6e27bf0,0,0
8898b8da3852b1f9,0,0
919bdeb0ca092304,0,0
666af25b92fdb442,0,0
2ceb58f497461903,0,0
aaaf05bbad41f7f1,0,0
5d4f3a07eef24a81,0,0
3fbc43b3bd708644,0,0
79b45382ccc5f7e0,0,0
103171b571a462f3,0,0
2237bd6195134608,0,0
ccd4e4b724fb6985,0,0
59d6b1e82f8d3206,0,0
555f0b765b83eee3,0,0
ba9e740edce59502,0,0
7f7887667be10c89,0,0
f368a704998befc1,0,0
2062e26ae348c5e6,0,0
456e7ac32a278c10,0,0
98a9c96f49f6d30a,0,0
b3ac63d15f1a650c,0,0
aabe16ecb606ddc7,0,0
753de91cb8cb2b05,0,0
fff00ecdf6c21912,0,0
e7d14e093217df83,0,0
40c4c4d5c6918acd,0,0
8adcf486554e1821,0,0
305393df92eca715,0,0
6759c7a2bf34ca18,0,0
547d2dd86d0dba8f,0,0
ea7ad2397097570a,0,0
ffe11d9aed853324,0,0
cfa39d12642ebe07,0,0
808889ab8d23159b,0,0
14b9e90dab9c3042,0,0
60a626bf25d94f2b,0,0
cfb28e457f699431,0,0
a8fa5ab0db1a741f,0,0
d4f5a473e02eaf14,0,0
fec33b34db0b6748,0,0
9f473b25c85c7c0f,0,0
001113571b472a36,0,0
2872d31b56396184,0,0
c04c4d7e4bb29f56,0,0
9e651d8bfed22863,0,0
50f5b560b735e83e,0,0
a8eb49e7c05d5e29,0,0
fc877768b617ce90,0,0
3e8f764a90b9f81e,0,0
012226ae368e546c,0,0
50e4a637ac72c208,0,0
80999afc96643fad,0,0
3ccb3a16fda551c6,0,0
a0ea6bc16e6bd07d,0,0
51d793ce81bbbc52,0,0
f80fefd06c2f9c21,0,0
7c1eed942073f13d,0,0
02444c5c6d1ca9d8,0,0
a1c84d6f58e58411,0,0
013335f92dc97e5a,0,0
7896752cfa4ba38c,0,0
40d5d782ddd6a0fb,0,0
a2ae279d037779a5,0,0
f01fdea1d95e3843,0,0
f93cda2941e6e27b,0,0
048898b8da3852b1,0,0
42919bdeb0ca0923,0,0
03666af25b92fdb4,0,0
f12ceb58f4974619,0,0
81aaaf05bbad41f7,0,0
445d4f3a07eef24a,0,0
e03fbc43b3bd7086,0,0
f379b45382ccc5f7,0,0
08103171b571a462,0,0
852237bd61951346,0,0
06ccd4e4b724fb69,0,0
e359d6b1e82f8d32,0,0
02555f0b765b83ee,0,0
89ba9e740edce595,0,0
c17f7887667be10c,0,0
e6f368a704998bef,0,0
102062e26ae348c5,0,0
0a456e7ac32a278c,0,0
0c98a9c96f49f6d3,0,0
c7b3ac63d15f1a65,0,0
05aabe16ecb606dd,0,0
12753de91cb8cb2b,0,0
83fff00ecdf6c219,0,0
cde7d14e093217df,0,0
2140c4c4d5c6918a,0,0
158adcf486554e18,0,0
18305393df92eca7,0,0
8f6759c7a2bf34ca,0,0
0a547d2dd86d0dba,0,0
24ea7ad239709757,0,0
07ffe11d9aed8533,0,0
9bcfa39d12642ebe,0,0
42808889ab8d2315,0,0
2b14b9e90dab9c30,0,0
3160a626bf25d94f,0,0
1fcfb28e457f6994,0,0
14a8fa5ab0db1a74,0,0
48d4f5a473e02eaf,0,0
0ffec33b34db0b67,0,0
369f473b25c85c7c,0,0
84001113571b472a,0,0
562872d31b563961,0,0
63c04c4d7e4bb29f,0,0
3e9e651d8bfed228,0,0
2950f5b560b735e8,0,0
90a8eb49e7c05d5e,0,0
1efc877768b617ce,0,0
6c3e8f764a90b9f8,0,0
08012226ae368e54,0,0
ad50e4a637ac72c2,0,0
c680999afc96643f,0,0
7d3ccb3a16fda551,0,0
52a0ea6bc16e6bd0,0,0
2151d793ce81bbbc,0,0
3df80fefd06c2f9c,0,0
d87c1eed942073f1,0,0
1102444c5c6d1ca9,0,0
5aa1c84d6f58e584,0,0
8c013335f92dc97e,0,0
fb7896752cfa4ba3,0,0
a540d5d782ddd6a0,0,0
43a2ae279d037779,0,0
7bf01fdea1d95e38,0,0
b1f93cda2941e6e2,0,0
23048898b8da3852,0,0
b442919bdeb0ca09,0,0
1903666af25b92fd,0,0
f7f12ceb58f49746,0,0
5aa1c84d6f58e584,0,0
8c013335f92dc97e,0,0
fb7896752cfa4ba3,0,0
a540d5d782ddd6a0,0,0
43a2ae279d037779,0,0
7bf01fdea1d95e38,0,0
b1f93cda2941e6e2,0,0
23048898b8da3852,0,0
b442919bdeb0ca09,0,0
1903666af25b92fd,0,0
f7f12ceb58f49746,1,0
0000d41205944b51,0,1
9405004584ffe878,0,0
7a8611400040589a,0,0
0100420a0200420a,0,0
150b80058913bfac,0,0
01e2000046525051,0,0
42b0649837060000,0,0
b9e90dab9c304280,0,0
a626bf25d94f2b14,0,0
b28e457f69943160,0,0
fa5ab0db1a741fcf,0,0
f5a473e02eaf14a8,0,0
c33b34db0b6748d4,0,0
473b25c85c7c0ffe,0,0
1113571b472a369f,0,0
72d31b5639618400,0,0
4c4d7e4bb29f5628,0,0
651d8bfed22863c0,0,0
f5b560b735e83e9e,0,0
eb49e7c05d5e2950,0,0
877768b617ce90a8,0,0
8f764a90b9f81efc,0,0
2226ae368e546c3e,0,0
e4a637ac72c20801,0,0
999afc96643fad50,0,0
cb3a16fda551c680,0,0
ea6bc16e6bd07d3c,0,0
d793ce81bbbc52a0,0,0
0fefd06c2f9c2151,0,0
1eed942073f13df8,0,0
444c5c6d1ca9d87c,0,0
c84d6f58e5841102,0,0
3335f92dc97e5aa1,0,0
96752cfa4ba38c01,0,0
d5d782ddd6a0fb78,0,0
ae279d037779a540,0,0
1fdea1d95e3843a2,0,0
3cda2941e6e27bf0,0,0
8898b8da3852b1f9,0,0
919bdeb0ca092304,0,0
666af25b92fdb442,0,0
2ceb58f497461903,0,0
aaaf05bbad41f7f1,0,0
5d4f3a07eef24a81,0,0
3fbc43b3bd708644,0,0
79b45382ccc5f7e0,0,0
103171b571a462f3,0,0
2237bd6195134608,0,0
ccd4e4b724fb6985,0,0
59d6b1e82f8d3206,0,0
555f0b765b83eee3,0,0
ba9e740edce59502,0,0
7f7887667be10c89,0,0
f368a704998befc1,0,0
2062e26ae348c5e6,0,0
456e7ac32a278c10,0,0
98a9c96f49f6d30a,0,0
b3ac63d15f1a650c,0,0
aabe16ecb606ddc7,0,0
753de91cb8cb2b05,0,0
fff00ecdf6c21912,0,0
e7d14e093217df83,0,0
40c4c4d5c6918acd,0,0
8adcf486554e1821,0,0
305393df92eca715,0,0
6759c7a2bf34ca18,0,0
547d2dd86d0dba8f,0,0
ea7ad2397097570a,0,0
ffe11d9aed853324,0,0
cfa39d12642ebe07,0,0
808889ab8d23159b,0,0
14b9e90dab9c3042,0,0
60a626bf25d94f2b,0,0
cfb28e457f699431,0,0
a8fa5ab0db1a741f,0,0
d4f5a473e02eaf14,0,0
fec33b34db0b6748,0,0
9f473b25c85c7c0f,0,0
001113571b472a36,0,0
2872d31b56396184,0,0
c04c4d7e4bb29f56,0,0
9e651d8bfed22863,0,0
50f5b560b735e83e,0,0
a8eb49e7c05d5e29,0,0
fc877768b617ce90,0,0
3e8f764a90b9f81e,0,0
012226ae368e546c,0,0
50e4a637ac72c208,0,0
80999afc96643fad,0,0
3ccb3a16fda551c6,0,0
a0ea6bc16e6bd07d,0,0
51d793ce81bbbc52,0,0
f80fefd06c2f9c21,0,0
7c1eed942073f13d,0,0
02444c5c6d1ca9d8,0,0
a1c84d6f58e58411,0,0
013335f92dc97e5a,0,0
7896752cfa4ba38c,0,0
40d5d782ddd6a0fb,0,0
a2ae279d037779a5,0,0
f01fdea1d95e3843,0,0
f93cda2941e6e27b,0,0
048898b8da3852b1,0,0
42919bdeb0ca0923,0,0
03666af25b92fdb4,0,0
f12ceb58f4974619,0,0
81aaaf05bbad41f7,0,0
445d4f3a07eef24a,0,0
e03fbc43b3bd7086,0,0
f379b45382ccc5f7,0,0
08103171b571a462,0,0
852237bd61951346,0,0
06ccd4e4b724fb69,0,0
e359d6b1e82f8d32,0,0
02555f0b765b83ee,0,0
89ba9e740edce595,0,0
c17f7887667be10c,0,0
e6f368a704998bef,0,0
102062e26ae348c5,0,0
0a456e7ac32a278c,0,0
0c98a9c96f49f6d3,0,0
c7b3ac63d15f1a65,0,0
05aabe16ecb606dd,0,0
12753de91cb8cb2b,0,0
83fff00ecdf6c219,0,0
cde7d14e093217df,0,0
2140c4c4d5c6918a,0,0
158adcf486554e18,0,0
18305393df92eca7,0,0
8f6759c7a2bf34ca,0,0
0a547d2dd86d0dba,0,0
24ea7ad239709757,0,0
07ffe11d9aed8533,0,0
9bcfa39d12642ebe,0,0
42808889ab8d2315,0,0
2b14b9e90dab9c30,0,0
3160a626bf25d94f,0,0
1fcfb28e457f6994,0,0
14a8fa5ab0db1a74,0,0
48d4f5a473e02eaf,0,0
0ffec33b34db0b67,0,0
369f473b25c85c7c,0,0
84001113571b472a,0,0
562872d31b563961,0,0
63c04c4d7e4bb29f,0,0
3e9e651d8bfed228,0,0
2950f5b560b735e8,0,0
90a8eb49e7c05d5e,0,0
1efc877768b617ce,0,0
6c3e8f764a90b9f8,0,0
08012226ae368e54,0,0
ad50e4a637ac72c2,0,0
c680999afc96643f,0,0
7d3ccb3a16fda551,0,0
52a0ea6bc16e6bd0,0,0
2151d793ce81bbbc,0,0
3df80fefd06c2f9c,0,0
d87c1eed942073f1,0,0
1102444c5c6d1ca9,0,0
5aa1c84d6f58e584,0,0
8c013335f92dc97e,0,0
fb7896752cfa4ba3,0,0
a540d5d782ddd6a0,0,0
43a2ae279d037779,0,0
7bf01fdea1d95e38,0,0
b1f93cda2941e6e2,0,0
23048898b8da3852,0,0
b442919bdeb0ca09,0,0
1903666af25b92fd,0,0
f7f12ceb58f49746,0,0
4a81aaaf05bbad41,0,0
86445d4f3a07eef2,0,0
f7e03fbc43b3bd70,0,0
62f379b45382ccc5,0,0
4608103171b571a4,0,0
69852237bd619513,0,0
3206ccd4e4b724fb,0,0
eee359d6b1e82f8d,0,0
9502555f0b765b83,0,0
0c89ba9e740edce5,0,0
ab8d23159bcfa39d,0,0
0dab9c3042808889,0,0
bf25d94f2b14b9e9,0,0
457f69943160a626,0,0
b0db1a741fcfb28e,0,0
73e02eaf14a8fa5a,0,0
34db0b6748d4f5a4,0,0
25c85c7c0ffec33b,0,0
571b472a369f473b,0,0
1b56396184001113,0,0
7e4bb29f562872d3,1,0
0000d41305944b51,0,1
9405004559fe5d0d,0,0
798611400040599a,0,0
0100420a0200420a,0,0
114780058913bfac,0,0
02e2000046525051,0,0
8314709837060000,0,0
dcf486554e182140,0,0
5393df92eca7158a,0,0
59c7a2bf34ca1830,0,0
7d2dd86d0dba8f67,0,0
7ad2397097570a54,0,0
e11d9aed853324ea,0,0
a39d12642ebe07ff,0,0
8889ab8d23159bcf,0,0
b9e90dab9c304280,0,0
a626bf25d94f2b14,0,0
b28e457f69943160,0,0
fa5ab0db1a741fcf,0,0
f5a473e02eaf14a8,0,0
c33b34db0b6748d4,0,0
473b25c85c7c0ffe,0,0
1113571b472a369f,0,0
72d31b5639618400,0,0
4c4d7e4bb29f5628,0,0
651d8bfed22863c0,0,0
f5b560b735e83e9e,0,0
eb49e7c05d5e2950,0,0
877768b617ce90a8,0,0
8f764a90b9f81efc,0,0
2226ae368e546c3e,0,0
e4a637ac72c20801,0,0
999afc96643fad50,0,0
cb3a16fda551c680,0,0
ea6bc16e6bd07d3c,0,0
d793ce81bbbc52a0,0,0
0fefd06c2f9c2151,0,0
1eed942073f13df8,0,0
444c5c6d1ca9d87c,0,0
c84d6f58e5841102,0,0
3335f92dc97e5aa1,0,0
96752cfa4ba38c01,0,0
d5d782ddd6a0fb78,0,0
ae279d037779a540,0,0
1fdea1d95e3843a2,0,0
3cda2941e6e27bf0,0,0
8898b8da3852b1f9,0,0
919bdeb0ca092304,0,0
666af25b92fdb442,0,0
2ceb58f497461903,0,0
aaaf05bbad41f7f1,0,0
5d4f3a07eef24a81,0,0
3fbc43b3bd708644,0,0
79b45382ccc5f7e0,0,0
103171b571a462f3,0,0
2237bd6195134608,0,0
ccd4e4b724fb6985,0,0
59d6b1e82f8d3206,0,0
555f0b765b83eee3,0,0
ba9e740edce59502,0,0
7f7887667be10c89,0,0
f368a704998befc1,0,0
2062e26ae348c5e6,0,0
456e7ac32a278c10,0,0
98a9c96f49f6d30a,0,0
b3ac63d15f1a650c,0,0
aabe16ecb606ddc7,0,0
753de91cb8cb2b05,0,0
fff00ecdf6c21912,0,0
e7d14e093217df83,0,0
40c4c4d5c6918acd,0,0
8adcf486554e1821,0,0
305393df92eca715,0,0
6759c7a2bf34ca18,0,0
547d2dd86d0dba8f,0,0
ea7ad2397097570a,0,0
ffe11d9aed853324,0,0
cfa39d12642ebe07,0,0
808889ab8d23159b,0,0
14b9e90dab9c3042,0,0
60a626bf25d94f2b,0,0
cfb28e457f699431,0,0
a8fa5ab0db1a741f,0,0
d4f5a473e02eaf14,0,0
fec33b34db0b6748,0,0
9f473b25c85c7c0f,0,0
001113571b472a36,0,0
2872d31b56396184,0,0
c04c4d7e4bb29f56,0,0
9e651d8bfed22863,0,0
50f5b560b735e83e,0,0
a8eb49e7c05d5e29,0,0
fc877768b617ce90,0,0
3e8f764a90b9f81e,0,0
012226ae368e546c,0,0
50e4a637ac72c208,0,0
80999afc96643fad,0,0
3ccb3a16fda551c6,0,0
a0ea6bc16e6bd07d,0,0
51d793ce81bbbc52,0,0
f80fefd06c2f9c21,0,0
7c1eed942073f13d,0,0
02444c5c6d1ca9d8,0,0
a1c84d6f58e58411,0,0
013335f92dc97e5a,0,0
7896752cfa4ba38c,0,0
40d5d782ddd6a0fb,0,0
a2ae279d037779a5,0,0
f01fdea1d95e3843,0,0
f93cda2941e6e27b,0,0
048898b8da3852b1,0,0
42919bdeb0ca0923,0,0
03666af25b92fdb4,0,0
f12ceb58f4974619,0,0
81aaaf05bbad41f7,0,0
445d4f3a07eef24a,0,0
e03fbc43b3bd7086,0,0
f379b45382ccc5f7,0,0
08103171b571a462,0,0
852237bd61951346,0,0
06ccd4e4b724fb69,0,0
e359d6b1e82f8d32,0,0
02555f0b765b83ee,0,0
89ba9e740edce595,0,0
c17f7887667be10c,0,0
e6f368a704998bef,0,0
102062e26ae348c5,0,0
0a456e7ac32a278c,0,0
0c98a9c96f49f6d3,0,0
c7b3ac63d15f1a65,0,0
05aabe16ecb606dd,0,0
12753de91cb8cb2b,0,0
83fff00ecdf6c219,0,0
cde7d14e093217df,0,0
2140c4c4d5c6918a,0,0
158adcf486554e18,0,0
18305393df92eca7,0,0
8f6759c7a2bf34ca,0,0
0a547d2dd86d0dba,0,0
24ea7ad239709757,0,0
07ffe11d9aed8533,0,0
9bcfa39d12642ebe,0,0
42808889ab8d2315,0,0
2b14b9e90dab9c30,0,0
3160a626bf25d94f,0,0
1fcfb28e457f6994,0,0
14a8fa5ab0db1a74,0,0
48d4f5a473e02eaf,0,0
0ffec33b34db0b67,0,0
369f473b25c85c7c,0,0
84001113571b472a,0,0
562872d31b563961,0,0
63c04c4d7e4bb29f,0,0
3e9e651d8bfed228,0,0
2950f5b560b735e8,0,0
90a8eb49e7c05d5e,0,0
1efc877768b617ce,0,0
6c3e8f764a90b9f8,0,0
08012226ae368e54,0,0
ad50e4a637ac72c2,0,0
c680999afc96643f,0,0
7d3ccb3a16fda551,0,0
52a0ea6bc16e6bd0,0,0
2151d793ce81bbbc,0,0
3df80fefd06c2f9c,0,0
d87c1eed942073f1,0,0
1102444c5c6d1ca9,0,0
5aa1c84d6f58e584,0,0
8c013335f92dc97e,0,0
fb7896752cfa4ba3,0,0
a540d5d782ddd6a0,0,0
43a2ae279d037779,0,0
7bf01fdea1d95e38,0,0
b1f93cda2941e6e2,0,0
23048898b8da3852,0,0
b442919bdeb0ca09,0,0
1903666af25b92fd,0,0
f7f12ceb58f49746,0,0
4a81aaaf05bbad41,0,0
86445d4f3a07eef2,0,0
fb69852237bd6195,0,0
8d3206ccd4e4b724,0,0
83eee359d6b1e82f,0,0
e59502555f0b765b,0,0
e10c89ba9e740edc,0,0
8befc17f7887667b,0,0
48c5e6f368a70499,0,0
278c102062e26ae3,0,0
f6d30a456e7ac32a,0,0
1a650c98a9c96f49,0,0
06ddc7b3ac63d15f,1,0
0000d41405944b51,0,1
940500451e37fe08,0,0
7886114000405a9a,0,0
0100420a0200420a,0,0
4c2980058913bfac,0,0
03e2000046525051,0,0
a6787b9837060000,0,0
651d8bfed22863c0,0,0
f5b560b735e83e9e,0,0
eb49e7c05d5e2950,0,0
877768b617ce90a8,0,0
8f764a90b9f81efc,0,0
2226ae368e546c3e,0,0
e4a637ac72c20801,0,0
999afc96643fad50,0,0
cb3a16fda551c680,0,0
ea6bc16e6bd07d3c,0,0
d793ce81bbbc52a0,0,0
0fefd06c2f9c2151,0,0
1eed942073f13df8,0,0
444c5c6d1ca9d87c,0,0
c84d6f58e5841102,0,0
3335f92dc97e5aa1,0,0
96752cfa4ba38c01,0,0
d5d782ddd6a0fb78,0,0
ae279d037779a540,0,0
1fdea1d95e3843a2,0,0
3cda2941e6e27bf0,0,0
8898b8da3852b1f9,0,0
919bdeb0ca092304,0,0
666af25b92fdb442,0,0
2ceb58f497461903,0,0
aaaf05bbad41f7f1,0,0
5d4f3a07eef24a81,0,0
3fbc43b3bd708644,0,0
79b45382ccc5f7e0,0,0
103171b571a462f3,0,0
2237bd6195134608,0,0
ccd4e4b724fb6985,0,0
59d6b1e82f8d3206,0,0
555f0b765b83eee3,0,0
ba9e740edce59502,0,0
7f7887667be10c89,0,0
f368a704998befc1,0,0
2062e26ae348c5e6,0,0
456e7ac32a278c10,0,0
98a9c96f49f6d30a,0,0
b3ac63d15f1a650c,0,0
aabe16ecb606ddc7,0,0
753de91cb8cb2b05,0,0
fff00ecdf6c21912,0,0
e7d14e093217df83,0,0
40c4c4d5c6918acd,0,0
8adcf486554e1821,0,0
305393df92eca715,0,0
6759c7a2bf34ca18,0,0
547d2dd86d0dba8f,0,0
ea7ad2397097570a,0,0
ffe11d9aed853324,0,0
cfa39d12642ebe07,0,0
808889ab8d23159b,0,0
14b9e90dab9c3042,0,0
60a626bf25d94f2b,0,0
cfb28e457f699431,0,0
a8fa5ab0db1a741f,0,0
d4f5a473e02eaf14,0,0
fec33b34db0b6748,0,0
9f473b25c85c7c0f,0,0
001113571b472a36,0,0
2872d31b56396184,0,0
c04c4d7e4bb29f56,0,0
9e651d8bfed22863,0,0
50f5b560b735e83e,0,0
a8eb49e7c05d5e29,0,0
fc877768b617ce90,0,0
3e8f764a90b9f81e,0,0
012226ae368e546c,0,0
50e4a637ac72c208,0,0
80999afc96643fad,0,0
3ccb3a16fda551c6,0,0
a0ea6bc16e6bd07d,0,0
51d793ce81bbbc52,0,0
f80fefd06c2f9c21,0,0
7c1eed942073f13d,0,0
02444c5c6d1ca9d8,0,0
a1c84d6f58e58411,0,0
013335f92dc97e5a,0,0
7896752cfa4ba38c,0,0
40d5d782ddd6a0fb,0,0
a2ae279d037779a5,0,0
f01fdea1d95e3843,0,0
f93cda2941e6e27b,0,0
048898b8da3852b1,0,0
42919bdeb0ca0923,0,0
03666af25b92fdb4,0,0
f12ceb58f4974619,0,0
81aaaf05bbad41f7,0,0
445d4f3a07eef24a,0,0
e03fbc43b3bd7086,0,0
f379b45382ccc5f7,0,0
08103171b571a462,0,0
852237bd61951346,0,0
06ccd4e4b724fb69,0,0
e359d6b1e82f8d32,0,0
02555f0b765b83ee,0,0
89ba9e740edce595,0,0
c17f7887667be10c,0,0
e6f368a704998bef,0,0
102062e26ae348c5,0,0
0a456e7ac32a278c,0,0
0c98a9c96f49f6d3,0,0
c7b3ac63d15f1a65,0,0
05aabe16ecb606dd,0,0
12753de91cb8cb2b,0,0
83fff00ecdf6c219,0,0
cde7d14e093217df,0,0
2140c4c4d5c6918a,0,0
158adcf486554e18,0,0
18305393df92eca7,0,0
8f6759c7a2bf34ca,0,0
0a547d2dd86d0dba,0,0
24ea7ad239709757,0,0
07ffe11d9aed8533,0,0
9bcfa39d12642ebe,0,0
42808889ab8d2315,0,0
2b14b9e90dab9c30,0,0
3160a626bf25d94f,0,0
1fcfb28e457f6994,0,0
14a8fa5ab0db1a74,0,0
48d4f5a473e02eaf,0,0
0ffec33b34db0b67,0,0
369f473b25c85c7c,0,0
84001113571b472a,0,0
562872d31b563961,0,0
63c04c4d7e4bb29f,0,0
3e9e651d8bfed228,0,0
2950f5b560b735e8,0,0
90a8eb49e7c05d5e,0,0
1efc877768b617ce,0,0
6c3e8f764a90b9f8,0,0
08012226ae368e54,0,0
ad50e4a637ac72c2,0,0
c680999afc96643f,0,0
7d3ccb3a16fda551,0,0
52a0ea6bc16e6bd0,0,0
2151d793ce81bbbc,0,0
3df80fefd06c2f9c,0,0
d87c1eed942073f1,0,0
1102444c5c6d1ca9,0,0
5aa1c84d6f58e584,0,0
8c013335f92dc97e,0,0
fb7896752cfa4ba3,0,0
a540d5d782ddd6a0,0,0
43a2ae279d037779,0,0
7bf01fdea1d95e38,0,0
b1f93cda2941e6e2,0,0
23048898b8da3852,0,0
b442919bdeb0ca09,0,0
1903666af25b92fd,0,0
f7f12ceb58f49746,0,0
4a81aaaf05bbad41,0,0
86445d4f3a07eef2,0,0
f7e03fbc43b3bd70,0,0
62f379b45382ccc5,0,0
4608103171b571a4,0,0
69852237bd619513,0,0
3206ccd4e4b724fb,0,0
eee359d6b1e82f8d,0,0
9502555f0b765b83,0,0
0c89ba9e740edce5,0,0
efc17f7887667be1,0,0
c5e6f368a704998b,0,0
8c102062e26ae348,0,0
d30a456e7ac32a27,0,0
650c98a9c96f49f6,0,0
ddc7b3ac63d15f1a,0,0
2b05aabe16ecb606,0,0
1912753de91cb8cb,0,0
df83fff00ecdf6c2,0,0
8acde7d14e093217,0,0
48d4f5a473e02eaf,0,0
0ffec33b34db0b67,0,0
369f473b25c85c7c,0,0
84001113571b472a,0,0
562872d31b563961,0,0
63c04c4d7e4bb29f,0,0
3e9e651d8bfed228,0,0
2950f5b560b735e8,0,0
90a8eb49e7c05d5e,0,0
1efc877768b617ce,0,0
6c3e8f764a90b9f8,1,0
0000d41505944b51,0,1
94050045400efc8e,0,0
7786114000405b9a,0,0
0100420a0200420a,0,0
704d80058913bfac,0,0
04e2000046525051,0,0
30de869837060000,0,0
6e7ac32a278c1020,0,0
a9c96f49f6d30a45,0,0
ac63d15f1a650c98,0,0
be16ecb606ddc7b3,0,0
3de91cb8cb2b05aa,0,0
f00ecdf6c2191275,0,0
d14e093217df83ff,0,0
c4c4d5c6918acde7,0,0
dcf486554e182140,0,0
5393df92eca7158a,0,0
59c7a2bf34ca1830,0,0
7d2dd86d0dba8f67,0,0
7ad2397097570a54,0,0
e11d9aed853324ea,0,0
a39d12642ebe07ff,0,0
8889ab8d23159bcf,0,0
b9e90dab9c304280,0,0
a626bf25d94f2b14,0,0
b28e457f69943160,0,0
fa5ab0db1a741fcf,0,0
f5a473e02eaf14a8,0,0
c33b34db0b6748d4,0,0
473b25c85c7c0ffe,0,0
1113571b472a369f,0,0
72d31b5639618400,0,0
4c4d7e4bb29f5628,0,0
651d8bfed22863c0,0,0
f5b560b735e83e9e,0,0
eb49e7c05d5e2950,0,0
877768b617ce90a8,0,0
8f764a90b9f81efc,0,0
2226ae368e546c3e,0,0
e4a637ac72c20801,0,0
999afc96643fad50,0,0
cb3a16fda551c680,0,0
ea6bc16e6bd07d3c,0,0
d793ce81bbbc52a0,0,0
0fefd06c2f9c2151,0,0
1eed942073f13df8,0,0
444c5c6d1ca9d87c,0,0
c84d6f58e5841102,0,0
3335f92dc97e5aa1,0,0
96752cfa4ba38c01,0,0
d5d782ddd6a0fb78,0,0
ae279d037779a540,0,0
1fdea1d95e3843a2,0,0
3cda2941e6e27bf0,0,0
8898b8da3852b1f9,0,0
919bdeb0ca092304,0,0
666af25b92fdb442,0,0
2ceb58f497461903,0,0
aaaf05bbad41f7f1,0,0
5d4f3a07eef24a81,0,0
3fbc43b3bd708644,0,0
79b45382ccc5f7e0,0,0
103171b571a462f3,0,0
2237bd6195134608,0,0
ccd4e4b724fb6985,0,0
59d6b1e82f8d3206,0,0
555f0b765b83eee3,0,0
ba9e740edce59502,0,0
7f7887667be10c89,0,0
f368a704998befc1,0,0
2062e26ae348c5e6,0,0
456e7ac32a278c10,0,0
98a9c96f49f6d30a,0,0
b3ac63d15f1a650c,0,0
aabe16ecb606ddc7,0,0
753de91cb8cb2b05,0,0
fff00ecdf6c21912,0,0
e7d14e093217df83,0,0
40c4c4d5c6918acd,0,0
8adcf486554e1821,0,0
305393df92eca715,0,0
6759c7a2bf34ca18,0,0
547d2dd86d0dba8f,0,0
ea7ad2397097570a,0,0
ffe11d9aed853324,0,0
cfa39d12642ebe07,0,0
808889ab8d23159b,0,0
14b9e90dab9c3042,0,0
60a626bf25d94f2b,0,0
cfb28e457f699431,0,0
a8fa5ab0db1a741f,0,0
d4f5a473e02eaf14,0,0
fec33b34db0b6748,0,0
9f473b25c85c7c0f,0,0
001113571b472a36,0,0
2872d31b56396184,0,0
c04c4d7e4bb29f56,0,0
9e651d8bfed22863,0,0
50f5b560b735e83e,0,0
a8eb49e7c05d5e29,0,0
fc877768b617ce90,0,0
3e8f764a90b9f81e,0,0
012226ae368e546c,0,0
50e4a637ac72c208,0,0
80999afc96643fad,0,0
3ccb3a16fda551c6,0,0
a0ea6bc16e6bd07d,0,0
51d793ce81bbbc52,0,0
f80fefd06c2f9c21,0,0
7c1eed942073f13d,0,0
02444c5c6d1ca9d8,0,0
a1c84d6f58e58411,0,0
013335f92dc97e5a,0,0
7896752cfa4ba38c,0,0
40d5d782ddd6a0fb,0,0
a2ae279d037779a5,0,0
f01fdea1d95e3843,0,0
f93cda2941e6e27b,0,0
048898b8da3852b1,0,0
42919bdeb0ca0923,0,0
03666af25b92fdb4,0,0
f12ceb58f4974619,0,0
81aaaf05bbad41f7,0,0
445d4f3a07eef24a,0,0
e03fbc43b3bd7086,0,0
f379b45382ccc5f7,0,0
08103171b571a462,0,0
852237bd61951346,0,0
06ccd4e4b724fb69,0,0
e359d6b1e82f8d32,0,0
02555f0b765b83ee,0,0
89ba9e740edce595,0,0
c17f7887667be10c,0,0
e6f368a704998bef,0,0
102062e26ae348c5,0,0
0a456e7ac32a278c,0,0
0c98a9c96f49f6d3,0,0
c7b3ac63d15f1a65,0,0
05aabe16ecb606dd,0,0
12753de91cb8cb2b,0,0
83fff00ecdf6c219,0,0
cde7d14e093217df,0,0
2140c4c4d5c6918a,0,0
158adcf486554e18,0,0
18305393df92eca7,0,0
8f6759c7a2bf34ca,0,0
0a547d2dd86d0dba,0,0
24ea7ad239709757,0,0
07ffe11d9aed8533,0,0
9bcfa39d12642ebe,0,0
42808889ab8d2315,0,0
2b14b9e90dab9c30,0,0
3160a626bf25d94f,0,0
1fcfb28e457f6994,0,0
14a8fa5ab0db1a74,0,0
48d4f5a473e02eaf,0,0
0ffec33b34db0b67,0,0
369f473b25c85c7c,0,0
84001113571b472a,0,0
562872d31b563961,0,0
63c04c4d7e4bb29f,0,0
3e9e651d8bfed228,0,0
2950f5b560b735e8,0,0
90a8eb49e7c05d5e,0,0
1efc877768b617ce,0,0
6c3e8f764a90b9f8,0,0
08012226ae368e54,0,0
ad50e4a637ac72c2,0,0
c680999afc96643f,0,0
7d3ccb3a16fda551,0,0
52a0ea6bc16e6bd0,0,0
2151d793ce81bbbc,0,0
3df80fefd06c2f9c,0,0
d87c1eed942073f1,0,0
1102444c5c6d1ca9,0,0
5aa1c84d6f58e584,0,0
8c013335f92dc97e,0,0
fb7896752cfa4ba3,0,0
a540d5d782ddd6a0,0,0
43a2ae279d037779,0,0
18305393df92eca7,0,0
8f6759c7a2bf34ca,0,0
0a547d2dd86d0dba,0,0
24ea7ad239709757,0,0
07ffe11d9aed8533,0,0
9bcfa39d12642ebe,0,0
42808889ab8d2315,0,0
2b14b9e90dab9c30,0,0
3160a626bf25d94f,0,0
1fcfb28e457f6994,0,0
14a8fa5ab0db1a74,1,0
0000d41605944b51,0,1
94050045b685abf7,0,0
7686114000405c9a,0,0
0100420a0200420a,0,0
43cd80058913bfac,0,0
05e2000046525051,0,0
d943929837060000,0,0
d793ce81bbbc52a0,0,0
0fefd06c2f9c2151,0,0
1eed942073f13df8,0,0
444c5c6d1ca9d87c,0,0
c84d6f58e5841102,0,0
3335f92dc97e5aa1,0,0
96752cfa4ba38c01,0,0
d5d782ddd6a0fb78,0,0
ae279d037779a540,0,0
1fdea1d95e3843a2,0,0
3cda2941e6e27bf0,0,0
8898b8da3852b1f9,0,0
919bdeb0ca092304,0,0
666af25b92fdb442,0,0
2ceb58f497461903,0,0
aaaf05bbad41f7f1,0,0
5d4f3a07eef24a81,0,0
3fbc43b3bd708644,0,0
79b45382ccc5f7e0,0,0
103171b571a462f3,0,0
2237bd6195134608,0,0
ccd4e4b724fb6985,0,0
59d6b1e82f8d3206,0,0
555f0b765b83eee3,0,0
ba9e740edce59502,0,0
7f7887667be10c89,0,0
f368a704998befc1,0,0
2062e26ae348c5e6,0,0
456e7ac32a278c10,0,0
98a9c96f49f6d30a,0,0
b3ac63d15f1a650c,0,0
aabe16ecb606ddc7,0,0
753de91cb8cb2b05,0,0
fff00ecdf6c21912,0,0
e7d14e093217df83,0,0
40c4c4d5c6918acd,0,0
8adcf486554e1821,0,0
305393df92eca715,0,0
6759c7a2bf34ca18,0,0
547d2dd86d0dba8f,0,0
ea7ad2397097570a,0,0
ffe11d9aed853324,0,0
cfa39d12642ebe07,0,0
808889ab8d23159b,0,0
14b9e90dab9c3042,0,0
60a626bf25d94f2b,0,0
cfb28e457f699431,0,0
a8fa5ab0db1a741f,0,0
d4f5a473e02eaf14,0,0
fec33b34db0b6748,0,0
9f473b25c85c7c0f,0,0
001113571b472a36,0,0
2872d31b56396184,0,0
c04c4d7e4bb29f56,0,0
9e651d8bfed22863,0,0
50f5b560b735e83e,0,0
a8eb49e7c05d5e29,0,0
fc877768b617ce90,0,0
3e8f764a90b9f81e,0,0
012226ae368e546c,0,0
50e4a637ac72c208,0,0
80999afc96643fad,0,0
3ccb3a16fda551c6,0,0
a0ea6bc16e6bd07d,0,0
51d793ce81bbbc52,0,0
f80fefd06c2f9c21,0,0
7c1eed942073f13d,0,0
02444c5c6d1ca9d8,0,0
a1c84d6f58e58411,0,0
013335f92dc97e5a,0,0
7896752cfa4ba38c,0,0
40d5d782ddd6a0fb,0,0
a2ae279d037779a5,0,0
f01fdea1d95e3843,0,0
f93cda2941e6e27b,0,0
048898b8da3852b1,0,0
42919bdeb0ca0923,0,0
03666af25b92fdb4,0,0
f12ceb58f4974619,0,0
81aaaf05bbad41f7,0,0
445d4f3a07eef24a,0,0
e03fbc43b3bd7086,0,0
f379b45382ccc5f7,0,0
08103171b571a462,0,0
852237bd61951346,0,0
06ccd4e4b724fb69,0,0
e359d6b1e82f8d32,0,0
02555f0b765b83ee,0,0
89ba9e740edce595,0,0
c17f7887667be10c,0,0
e6f368a704998bef,0,0
102062e26ae348c5,0,0
0a456e7ac32a278c,0,0
0c98a9c96f49f6d3,0,0
c7b3ac63d15f1a65,0,0
05aabe16ecb606dd,0,0
12753de91cb8cb2b,0,0
83fff00ecdf6c219,0,0
cde7d14e093217df,0,0
2140c4c4d5c6918a,0,0
158adcf486554e18,0,0
18305393df92eca7,0,0
8f6759c7a2bf34ca,0,0
0a547d2dd86d0dba,0,0
24ea7ad239709757,0,0
07ffe11d9aed8533,0,0
9bcfa39d12642ebe,0,0
42808889ab8d2315,0,0
2b14b9e90dab9c30,0,0
3160a626bf25d94f,0,0
1fcfb28e457f6994,0,0
14a8fa5ab0db1a74,0,0
48d4f5a473e02eaf,0,0
0ffec33b34db0b67,0,0
369f473b25c85c7c,0,0
84001113571b472a,0,0
562872d31b563961,0,0
63c04c4d7e4bb29f,0,0
3e9e651d8bfed228,0,0
2950f5b560b735e8,0,0
90a8eb49e7c05d5e,0,0
1efc877768b617ce,0,0
6c3e8f764a90b9f8,0,0
08012226ae368e54,0,0
ad50e4a637ac72c2,0,0
c680999afc96643f,0,0
7d3ccb3a16fda551,0,0
52a0ea6bc16e6bd0,0,0
2151d793ce81bbbc,0,0
3df80fefd06c2f9c,0,0
d87c1eed942073f1,0,0
1102444c5c6d1ca9,0,0
5aa1c84d6f58e584,0,0
8c013335f92dc97e,0,0
fb7896752cfa4ba3,0,0
a540d5d782ddd6a0,0,0
43a2ae279d037779,0,0
7bf01fdea1d95e38,0,0
b1f93cda2941e6e2,0,0
23048898b8da3852,0,0
b442919bdeb0ca09,0,0
1903666af25b92fd,0,0
f7f12ceb58f49746,0,0
4a81aaaf05bbad41,0,0
86445d4f3a07eef2,0,0
f7e03fbc43b3bd70,0,0
62f379b45382ccc5,0,0
4608103171b571a4,0,0
69852237bd619513,0,0
3206ccd4e4b724fb,0,0
eee359d6b1e82f8d,0,0
9502555f0b765b83,0,0
0c89ba9e740edce5,0,0
efc17f7887667be1,0,0
c5e6f368a704998b,0,0
8c102062e26ae348,0,0
d30a456e7ac32a27,0,0
650c98a9c96f49f6,0,0
ddc7b3ac63d15f1a,0,0
2b05aabe16ecb606,0,0
1912753de91cb8cb,0,0
df83fff00ecdf6c2,0,0
8acde7d14e093217,0,0
182140c4c4d5c691,0,0
a7158adcf486554e,0,0
ca18305393df92ec,0,0
ba8f6759c7a2bf34,0,0
570a547d2dd86d0d,0,0
3324ea7ad2397097,0,0
be07ffe11d9aed85,0,0
159bcfa39d12642e,0,0
3042808889ab8d23,0,0
4f2b14b9e90dab9c,0,0
e91cb8cb2b05aabe,0,0
0ecdf6c21912753d,0,0
4e093217df83fff0,0,0
c4d5c6918acde7d1,0,0
f486554e182140c4,0,0
93df92eca7158adc,0,0
c7a2bf34ca183053,0,0
2dd86d0dba8f6759,0,0
d2397097570a547d,0,0
1d9aed853324ea7a,0,0
9d12642ebe07ffe1,1,0
0000d41705944b51,0,1
94050045099a382f,0,0
7586114000405d9a,0,0
0100420a0200420a,0,0
0aa880058913bfac,0,0
06e2000046525051,0,0
b2a69d9837060000,0,0
b28e457f69943160,0,0
fa5ab0db1a741fcf,0,0
f5a473e02eaf14a8,0,0
c33b34db0b6748d4,0,0
473b25c85c7c0ffe,0,0
1113571b472a369f,0,0
72d31b5639618400,0,0
4c4d7e4bb29f5628,0,0
651d8bfed22863c0,0,0
f5b560b735e83e9e,0,0
eb49e7c05d5e2950,0,0
877768b617ce90a8,0,0
8f764a90b9f81efc,0,0
2226ae368e546c3e,0,0
e4a637ac72c20801,0,0
999afc96643fad50,0,0
cb3a16fda551c680,0,0
ea6bc16e6bd07d3c,0,0
d793ce81bbbc52a0,0,0
0fefd06c2f9c2151,0,0
1eed942073f13df8,0,0
444c5c6d1ca9d87c,0,0
c84d6f58e5841102,0,0
3335f92dc97e5aa1,0,0
96752cfa4ba38c01,0,0
d5d782ddd6a0fb78,0,0
ae279d037779a540,0,0
1fdea1d95e3843a2,0,0
3cda2941e6e27bf0,0,0
8898b8da3852b1f9,0,0
919bdeb0ca092304,0,0
666af25b92fdb442,0,0
2ceb58f497461903,0,0
aaaf05bbad41f7f1,0,0
5d4f3a07eef24a81,0,0
3fbc43b3bd708644,0,0
79b45382ccc5f7e0,0,0
103171b571a462f3,0,0
2237bd6195134608,0,0
ccd4e4b724fb6985,0,0
59d6b1e82f8d3206,0,0
555f0b765b83eee3,0,0
ba9e740edce59502,0,0
7f7887667be10c89,0,0
f368a704998befc1,0,0
2062e26ae348c5e6,0,0
456e7ac32a278c10,0,0
98a9c96f49f6d30a,0,0
b3ac63d15f1a650c,0,0
aabe16ecb606ddc7,0,0
753de91cb8cb2b05,0,0
fff00ecdf6c21912,0,0
e7d14e093217df83,0,0
40c4c4d5c6918acd,0,0
8adcf486554e1821,0,0
305393df92eca715,0,0
6759c7a2bf34ca18,0,0
547d2dd86d0dba8f,0,0
ea7ad2397097570a,0,0
ffe11d9aed853324,0,0
cfa39d12642ebe07,0,0
808889ab8d23159b,0,0
14b9e90dab9c3042,0,0
60a626bf25d94f2b,0,0
cfb28e457f699431,0,0
a8fa5ab0db1a741f,0,0
d4f5a473e02eaf14,0,0
fec33b34db0b6748,0,0
9f473b25c85c7c0f,0,0
001113571b472a36,0,0
2872d31b56396184,0,0
c04c4d7e4bb29f56,0,0
9e651d8bfed22863,0,0
50f5b560b735e83e,0,0
a8eb49e7c05d5e29,0,0
fc877768b617ce90,0,0
3e8f764a90b9f81e,0,0
012226ae368e546c,0,0
50e4a637ac72c208,0,0
80999afc96643fad,0,0
3ccb3a16fda551c6,0,0
a0ea6bc16e6bd07d,0,0
51d793ce81bbbc52,0,0
f80fefd06c2f9c21,0,0
7c1eed942073f13d,0,0
02444c5c6d1ca9d8,0,0
a1c84d6f58e58411,0,0
013335f92dc97e5a,0,0
7896752cfa4ba38c,0,0
40d5d782ddd6a0fb,0,0
a2ae279d037779a5,0,0
f01fdea1d95e3843,0,0
f93cda2941e6e27b,0,0
048898b8da3852b1,0,0
42919bdeb0ca0923,0,0
03666af25b92fdb4,0,0
f12ceb58f4974619,0,0
81aaaf05bbad41f7,0,0
445d4f3a07eef24a,0,0
e03fbc43b3bd7086,0,0
f379b45382ccc5f7,0,0
08103171b571a462,0,0
852237bd61951346,0,0
06ccd4e4b724fb69,0,0
e359d6b1e82f8d32,0,0
02555f0b765b83ee,0,0
89ba9e740edce595,0,0
c17f7887667be10c,0,0
e6f368a704998bef,0,0
102062e26ae348c5,0,0
0a456e7ac32a278c,0,0
0c98a9c96f49f6d3,0,0
c7b3ac63d15f1a65,0,0
05aabe16ecb606dd,0,0
12753de91cb8cb2b,0,0
83fff00ecdf6c219,0,0
cde7d14e093217df,0,0
2140c4c4d5c6918a,0,0
158adcf486554e18,0,0
18305393df92eca7,0,0
8f6759c7a2bf34ca,0,0
0a547d2dd86d0dba,0,0
24ea7ad239709757,0,0
07ffe11d9aed8533,0,0
9bcfa39d12642ebe,0,0
42808889ab8d2315,0,0
2b14b9e90dab9c30,0,0
3160a626bf25d94f,0,0
1fcfb28e457f6994,0,0
14a8fa5ab0db1a74,0,0
48d4f5a473e02eaf,0,0
0ffec33b34db0b67,0,0
369f473b25c85c7c,0,0
84001113571b472a,0,0
562872d31b563961,0,0
63c04c4d7e4bb29f,0,0
3e9e651d8bfed228,0,0
2950f5b560b735e8,0,0
90a8eb49e7c05d5e,0,0
1efc877768b617ce,0,0
6c3e8f764a90b9f8,0,0
08012226ae368e54,0,0
ad50e4a637ac72c2,0,0
c680999afc96643f,0,0
7d3ccb3a16fda551,0,0
52a0ea6bc16e6bd0,0,0
2151d793ce81bbbc,0,0
3df80fefd06c2f9c,0,0
d87c1eed942073f1,0,0
1102444c5c6d1ca9,0,0
5aa1c84d6f58e584,0,0
8c013335f92dc97e,0,0
fb7896752cfa4ba3,0,0
a540d5d782ddd6a0,0,0
43a2ae279d037779,0,0
7bf01fdea1d95e38,0,0
b1f93cda2941e6e2,0,0
23048898b8da3852,0,0
b442919bdeb0ca09,0,0
1903666af25b92fd,0,0
f7f12ceb58f49746,0,0
4a81aaaf05bbad41,0,0
86445d4f3a07eef2,0,0
f7e03fbc43b3bd70,0,0
62f379b45382ccc5,0,0
4608103171b571a4,0,0
69852237bd619513,0,0
3206ccd4e4b724fb,0,0
eee359d6b1e82f8d,0,0
9502555f0b765b83,0,0
0c89ba9e740edce5,0,0
efc17f7887667be1,0,0
c5e6f368a704998b,0,0
b9f81efc877768b6,0,0
8e546c3e8f764a90,0,0
72c208012226ae36,0,0
643fad50e4a637ac,0,0
a551c680999afc96,0,0
6bd07d3ccb3a16fd,0,0
bbbc52a0ea6bc16e,0,0
2f9c2151d793ce81,0,0
73f13df80fefd06c,0,0
1ca9d87c1eed9420,0,0
e5841102444c5c6d,1,0
0000d41805944b51,0,1
94050045adf4d098,0,0
7486114000405e9a,0,0
0100420a0200420a,0,0
722780058913bfac,0,0
07e2000046525051,0,0
b70aa99837060000,0,0
0b6748d4f5a473e0,0,0
5c7c0ffec33b34db,0,0
472a369f473b25c8,0,0
396184001113571b,0,0
b29f562872d31b56,0,0
d22863c04c4d7e4b,0,0
35e83e9e651d8bfe,0,0
5d5e2950f5b560b7,0,0
17ce90a8eb49e7c0,0,0
b9f81efc877768b6,0,0
8e546c3e8f764a90,0,0
72c208012226ae36,0,0
643fad50e4a637ac,0,0
a551c680999afc96,0,0
6bd07d3ccb3a16fd,0,0
bbbc52a0ea6bc16e,0,0
2f9c2151d793ce81,0,0
73f13df80fefd06c,0,0
1ca9d87c1eed9420,0,0
e5841102444c5c6d,0,0
c97e5aa1c84d6f58,0,0
4ba38c013335f92d,0,0
d6a0fb7896752cfa,0,0
7779a540d5d782dd,0,0
5e3843a2ae279d03,0,0
e6e27bf01fdea1d9,0,0
3852b1f93cda2941,0,0
ca0923048898b8da,0,0
92fdb442919bdeb0,0,0
97461903666af25b,0,0
ad41f7f12ceb58f4,0,0
eef24a81aaaf05bb,0,0
bd7086445d4f3a07,0,0
ccc5f7e03fbc43b3,0,0
71a462f379b45382,0,0
95134608103171b5,0,0
24fb69852237bd61,0,0
2f8d3206ccd4e4b7,0,0
5b83eee359d6b1e8,0,0
dce59502555f0b76,0,0
7be10c89ba9e740e,0,0
998befc17f788766,0,0
e348c5e6f368a704,0,0
2a278c102062e26a,0,0
49f6d30a456e7ac3,0,0
5f1a650c98a9c96f,0,0
b606ddc7b3ac63d1,0,0
b8cb2b05aabe16ec,0,0
f6c21912753de91c,0,0
3217df83fff00ecd,0,0
c6918acde7d14e09,0,0
554e182140c4c4d5,0,0
92eca7158adcf486,0,0
bf34ca18305393df,0,0
6d0dba8f6759c7a2,0,0
7097570a547d2dd8,0,0
ed853324ea7ad239,0,0
642ebe07ffe11d9a,0,0
8d23159bcfa39d12,0,0
ab9c3042808889ab,0,0
25d94f2b14b9e90d,0,0
7f69943160a626bf,0,0
db1a741fcfb28e45,0,0
e02eaf14a8fa5ab0,0,0
db0b6748d4f5a473,0,0
c85c7c0ffec33b34,0,0
1b472a369f473b25,0,0
5639618400111357,0,0
4bb29f562872d31b,0,0
fed22863c04c4d7e,0,0
b735e83e9e651d8b,0,0
c05d5e2950f5b560,0,0
b617ce90a8eb49e7,0,0
90b9f81efc877768,0,0
368e546c3e8f764a,0,0
ac72c208012226ae,0,0
96643fad50e4a637,0,0
fda551c680999afc,0,0
6e6bd07d3ccb3a16,0,0
81bbbc52a0ea6bc1,0,0
6c2f9c2151d793ce,0,0
2073f13df80fefd0,0,0
6d1ca9d87c1eed94,0,0
58e5841102444c5c,0,0
2dc97e5aa1c84d6f,0,0
fa4ba38c013335f9,0,0
ddd6a0fb7896752c,0,0
037779a540d5d782,0,0
d95e3843a2ae279d,0,0
41e6e27bf01fdea1,0,0
da3852b1f93cda29,0,0
b0ca0923048898b8,0,0
5b92fdb442919bde,0,0
f497461903666af2,0,0
bbad41f7f12ceb58,0,0
07eef24a81aaaf05,0,0
b3bd7086445d4f3a,0,0
82ccc5f7e03fbc43,0,0
b571a462f379b453,0,0
6195134608103171,0,0
b724fb69852237bd,0,0
e82f8d3206ccd4e4,0,0
765b83eee359d6b1,0,0
0edce59502555f0b,0,0
667be10c89ba9e74,0,0
04998befc17f7887,0,0
6ae348c5e6f368a7,0,0
c32a278c102062e2,0,0
6f49f6d30a456e7a,0,0
d15f1a650c98a9c9,0,0
ecb606ddc7b3ac63,0,0
1cb8cb2b05aabe16,0,0
cdf6c21912753de9,0,0
093217df83fff00e,0,0
d5c6918acde7d14e,0,0
86554e182140c4c4,0,0
df92eca7158adcf4,0,0
a2bf34ca18305393,0,0
d86d0dba8f6759c7,0,0
397097570a547d2d,0,0
9aed853324ea7ad2,0,0
12642ebe07ffe11d,0,0
ab8d23159bcfa39d,0,0
0dab9c3042808889,0,0
bf25d94f2b14b9e9,0,0
457f69943160a626,0,0
b0db1a741fcfb28e,0,0
73e02eaf14a8fa5a,0,0
34db0b6748d4f5a4,0,0
25c85c7c0ffec33b,0,0
571b472a369f473b,0,0
1b56396184001113,0,0
7e4bb29f562872d3,0,0
8bfed22863c04c4d,0,0
60b735e83e9e651d,0,0
e7c05d5e2950f5b5,0,0
68b617ce90a8eb49,0,0
4a90b9f81efc8777,0,0
ae368e546c3e8f76,0,0
37ac72c208012226,0,0
fc96643fad50e4a6,0,0
16fda551c680999a,0,0
c16e6bd07d3ccb3a,0,0
ce81bbbc52a0ea6b,0,0
d06c2f9c2151d793,0,0
942073f13df80fef,0,0
5c6d1ca9d87c1eed,0,0
6f58e5841102444c,0,0
f92dc97e5aa1c84d,0,0
2cfa4ba38c013335,0,0
82ddd6a0fb789675,0,0
9d037779a540d5d7,0,0
a1d95e3843a2ae27,0,0
2941e6e27bf01fde,0,0
b8da3852b1f93cda,0,0
deb0ca0923048898,0,0
f25b92fdb442919b,0,0
58f497461903666a,0,0
05bbad41f7f12ceb,0,0
3a07eef24a81aaaf,0,0
43b3bd7086445d4f,0,0
5382ccc5f7e03fbc,0,0
71b571a462f379b4,0,0
bd61951346081031,0,0
e4b724fb69852237,0,0
b1e82f8d3206ccd4,0,0
0b765b83eee359d6,0,0
740edce59502555f,0,0
87667be10c89ba9e,0,0
a704998befc17f78,0,0
e26ae348c5e6f368,0,0
7ac32a278c102062,0,0
c96f49f6d30a456e,0,0
8f6759c7a2bf34ca,0,0
0a547d2dd86d0dba,0,0
24ea7ad239709757,0,0
07ffe11d9aed8533,0,0
9bcfa39d12642ebe,0,0
42808889ab8d2315,0,0
2b14b9e90dab9c30,0,0
3160a626bf25d94f,0,0
1fcfb28e457f6994,0,0
14a8fa5ab0db1a74,0,0
48d4f5a473e02eaf,1,0
0000d41905944b51,0,1
94050045cd555b21,0,0
7386114000405f9a,0,0
0100420a0200420a,0,0
21a380058913bfac,0,0
08e2000046525051,0,0
6070b49837060000,0,0
37bd619513460810,0,0
d4e4b724fb698522,0,0
d6b1e82f8d3206cc,0,0
5f0b765b83eee359,0,0
9e740edce5950255,0,0
7887667be10c89ba,0,0
68a704998befc17f,0,0
62e26ae348c5e6f3,0,0
6e7ac32a278c1020,0,0
a9c96f49f6d30a45,0,0
ac63d15f1a650c98,0,0
be16ecb606ddc7b3,0,0
3de91cb8cb2b05aa,0,0
f00ecdf6c2191275,0,0
d14e093217df83ff,0,0
c4c4d5c6918acde7,0,0
dcf486554e182140,0,0
5393df92eca7158a,0,0
59c7a2bf34ca1830,0,0
7d2dd86d0dba8f67,0,0
7ad2397097570a54,0,0
e11d9aed853324ea,0,0
a39d12642ebe07ff,0,0
8889ab8d23159bcf,0,0
b9e90dab9c304280,0,0
a626bf25d94f2b14,0,0
b28e457f69943160,0,0
fa5ab0db1a741fcf,0,0
f5a473e02eaf14a8,0,0
c33b34db0b6748d4,0,0
473b25c85c7c0ffe,0,0
1113571b472a369f,0,0
72d31b5639618400,0,0
4c4d7e4bb29f5628,0,0
651d8bfed22863c0,0,0
f5b560b735e83e9e,0,0
eb49e7c05d5e2950,0,0
877768b617ce90a8,0,0
8f764a90b9f81efc,0,0
2226ae368e546c3e,0,0
e4a637ac72c20801,0,0
999afc96643fad50,0,0
cb3a16fda551c680,0,0
ea6bc16e6bd07d3c,0,0
d793ce81bbbc52a0,0,0
0fefd06c2f9c2151,0,0
1eed942073f13df8,0,0
444c5c6d1ca9d87c,0,0
c84d6f58e5841102,0,0
3335f92dc97e5aa1,0,0
96752cfa4ba38c01,0,0
d5d782ddd6a0fb78,0,0
ae279d037779a540,0,0
1fdea1d95e3843a2,0,0
3cda2941e6e27bf0,0,0
8898b8da3852b1f9,0,0
919bdeb0ca092304,0,0
666af25b92fdb442,0,0
2ceb58f497461903,0,0
aaaf05bbad41f7f1,0,0
5d4f3a07eef24a81,0,0
3fbc43b3bd708644,0,0
79b45382ccc5f7e0,0,0
103171b571a462f3,0,0
2237bd6195134608,0,0
ccd4e4b724fb6985,0,0
59d6b1e82f8d3206,0,0
555f0b765b83eee3,0,0
ba9e740edce59502,0,0
7f7887667be10c89,0,0
f368a704998befc1,0,0
2062e26ae348c5e6,0,0
456e7ac32a278c10,0,0
98a9c96f49f6d30a,0,0
b3ac63d15f1a650c,0,0
aabe16ecb606ddc7,0,0
753de91cb8cb2b05,0,0
fff00ecdf6c21912,0,0
e7d14e093217df83,0,0
40c4c4d5c6918acd,0,0
8adcf486554e1821,0,0
305393df92eca715,0,0
6759c7a2bf34ca18,0,0
547d2dd86d0dba8f,0,0
ea7ad2397097570a,0,0
ffe11d9aed853324,0,0
cfa39d12642ebe07,0,0
808889ab8d23159b,0,0
14b9e90dab9c3042,0,0
60a626bf25d94f2b,0,0
cfb28e457f699431,0,0
a8fa5ab0db1a741f,0,0
d4f5a473e02eaf14,0,0
fec33b34db0b6748,0,0
9f473b25c85c7c0f,0,0
001113571b472a36,0,0
2872d31b56396184,0,0
c04c4d7e4bb29f56,0,0
9e651d8bfed22863,0,0
50f5b560b735e83e,0,0
a8eb49e7c05d5e29,0,0
fc877768b617ce90,0,0
3e8f764a90b9f81e,0,0
012226ae368e546c,0,0
50e4a637ac72c208,0,0
80999afc96643fad,0,0
3ccb3a16fda551c6,0,0
a0ea6bc16e6bd07d,0,0
51d793ce81bbbc52,0,0
f80fefd06c2f9c21,0,0
7c1eed942073f13d,0,0
02444c5c6d1ca9d8,0,0
a1c84d6f58e58411,0,0
013335f92dc97e5a,0,0
7896752cfa4ba38c,0,0
40d5d782ddd6a0fb,0,0
a2ae279d037779a5,0,0
f01fdea1d95e3843,0,0
f93cda2941e6e27b,0,0
048898b8da3852b1,0,0
42919bdeb0ca0923,0,0
03666af25b92fdb4,0,0
f12ceb58f4974619,0,0
81aaaf05bbad41f7,0,0
445d4f3a07eef24a,0,0
e03fbc43b3bd7086,0,0
f379b45382ccc5f7,0,0
08103171b571a462,0,0
852237bd61951346,0,0
06ccd4e4b724fb69,0,0
e359d6b1e82f8d32,0,0
02555f0b765b83ee,0,0
89ba9e740edce595,0,0
c17f7887667be10c,0,0
e6f368a704998bef,0,0
102062e26ae348c5,0,0
0a456e7ac32a278c,0,0
0c98a9c96f49f6d3,0,0
c7b3ac63d15f1a65,0,0
05aabe16ecb606dd,0,0
12753de91cb8cb2b,0,0
83fff00ecdf6c219,0,0
cde7d14e093217df,0,0
2140c4c4d5c6918a,0,0
158adcf486554e18,0,0
18305393df92eca7,0,0
8f6759c7a2bf34ca,0,0
0a547d2dd86d0dba,0,0
24ea7ad239709757,0,0
07ffe11d9aed8533,0,0
9bcfa39d12642ebe,0,0
42808889ab8d2315,0,0
2b14b9e90dab9c30,0,0
3160a626bf25d94f,0,0
1fcfb28e457f6994,0,0
14a8fa5ab0db1a74,0,0
48d4f5a473e02eaf,0,0
0ffec33b34db0b67,0,0
369f473b25c85c7c,0,0
84001113571b472a,0,0
562872d31b563961,0,0
63c04c4d7e4bb29f,0,0
3e9e651d8bfed228,0,0
2950f5b560b735e8,0,0
90a8eb49e7c05d5e,0,0
1efc877768b617ce,0,0
6c3e8f764a90b9f8,0,0
08012226ae368e54,0,0
ad50e4a637ac72c2,0,0
c680999afc96643f,0,0
7d3ccb3a16fda551,0,0
52a0ea6bc16e6bd0,0,0
2151d793ce81bbbc,0,0
df83fff00ecdf6c2,0,0
8acde7d14e093217,0,0
182140c4c4d5c691,0,0
a7158adcf486554e,0,0
ca18305393df92ec,0,0
ba8f6759c7a2bf34,0,0
570a547d2dd86d0d,0,0
3324ea7ad2397097,0,0
be07ffe11d9aed85,0,0
159bcfa39d12642e,0,0
3042808889ab8d23,1,0
0000d41a05944b51,0,1
94050045ed522e8e,0,0
728611400040609a,0,0
0100420a0200420a,0,0
982480058913bfac,0,0
09e2000046525051,0,0
08d6bf9837060000,0,0
8e546c3e8f764a90,0,0
72c208012226ae36,0,0
643fad50e4a637ac,0,0
a551c680999afc96,0,0
6bd07d3ccb3a16fd,0,0
bbbc52a0ea6bc16e,0,0
2f9c2151d793ce81,0,0
73f13df80fefd06c,0,0
1ca9d87c1eed9420,0,0
e5841102444c5c6d,0,0
c97e5aa1c84d6f58,0,0
4ba38c013335f92d,0,0
d6a0fb7896752cfa,0,0
7779a540d5d782dd,0,0
5e3843a2ae279d03,0,0
e6e27bf01fdea1d9,0,0
3852b1f93cda2941,0,0
ca0923048898b8da,0,0
92fdb442919bdeb0,0,0
97461903666af25b,0,0
ad41f7f12ceb58f4,0,0
eef24a81aaaf05bb,0,0
bd7086445d4f3a07,0,0
ccc5f7e03fbc43b3,0,0
71a462f379b45382,0,0
95134608103171b5,0,0
24fb69852237bd61,0,0
2f8d3206ccd4e4b7,0,0
5b83eee359d6b1e8,0,0
dce59502555f0b76,0,0
7be10c89ba9e740e,0,0
998befc17f788766,0,0
e348c5e6f368a704,0,0
2a278c102062e26a,0,0
49f6d30a456e7ac3,0,0
5f1a650c98a9c96f,0,0
b606ddc7b3ac63d1,0,0
b8cb2b05aabe16ec,0,0
f6c21912753de91c,0,0
3217df83fff00ecd,0,0
c6918acde7d14e09,0,0
554e182140c4c4d5,0,0
92eca7158adcf486,0,0
bf34ca18305393df,0,0
6d0dba8f6759c7a2,0,0
7097570a547d2dd8,0,0
ed853324ea7ad239,0,0
642ebe07ffe11d9a,0,0
8d23159bcfa39d12,0,0
ab9c3042808889ab,0,0
25d94f2b14b9e90d,0,0
7f69943160a626bf,0,0
db1a741fcfb28e45,0,0
e02eaf14a8fa5ab0,0,0
db0b6748d4f5a473,0,0
c85c7c0ffec33b34,0,0
1b472a369f473b25,0,0
5639618400111357,0,0
4bb29f562872d31b,0,0
fed22863c04c4d7e,0,0
b735e83e9e651d8b,0,0
c05d5e2950f5b560,0,0
b617ce90a8eb49e7,0,0
90b9f81efc877768,0,0
368e546c3e8f764a,0,0
ac72c208012226ae,0,0
96643fad50e4a637,0,0
fda551c680999afc,0,0
6e6bd07d3ccb3a16,0,0
81bbbc52a0ea6bc1,0,0
6c2f9c2151d793ce,0,0
2073f13df80fefd0,0,0
6d1ca9d87c1eed94,0,0
58e5841102444c5c,0,0
2dc97e5aa1c84d6f,0,0
fa4ba38c013335f9,0,0
ddd6a0fb7896752c,0,0
037779a540d5d782,0,0
d95e3843a2ae279d,0,0
41e6e27bf01fdea1,0,0
da3852b1f93cda29,0,0
b0ca0923048898b8,0,0
5b92fdb442919bde,0,0
f497461903666af2,0,0
bbad41f7f12ceb58,0,0
07eef24a81aaaf05,0,0
b3bd7086445d4f3a,0,0
82ccc5f7e03fbc43,0,0
b571a462f379b453,0,0
6195134608103171,0,0
b724fb69852237bd,0,0
e82f8d3206ccd4e4,0,0
765b83eee359d6b1,0,0
0edce59502555f0b,0,0
667be10c89ba9e74,0,0
04998befc17f7887,0,0
6ae348c5e6f368a7,0,0
c32a278c102062e2,0,0
6f49f6d30a456e7a,0,0
d15f1a650c98a9c9,0,0
ecb606ddc7b3ac63,0,0
1cb8cb2b05aabe16,0,0
cdf6c21912753de9,0,0
093217df83fff00e,0,0
d5c6918acde7d14e,0,0
86554e182140c4c4,0,0
df92eca7158adcf4,0,0
a2bf34ca18305393,0,0
d86d0dba8f6759c7,0,0
397097570a547d2d,0,0
9aed853324ea7ad2,0,0
12642ebe07ffe11d,0,0
ab8d23159bcfa39d,0,0
0dab9c3042808889,0,0
bf25d94f2b14b9e9,0,0
457f69943160a626,0,0
b0db1a741fcfb28e,0,0
73e02eaf14a8fa5a,0,0
34db0b6748d4f5a4,0,0
25c85c7c0ffec33b,0,0
571b472a369f473b,0,0
1b56396184001113,0,0
7e4bb29f562872d3,0,0
8bfed22863c04c4d,0,0
60b735e83e9e651d,0,0
e7c05d5e2950f5b5,0,0
68b617ce90a8eb49,0,0
4a90b9f81efc8777,0,0
ae368e546c3e8f76,0,0
37ac72c208012226,0,0
fc96643fad50e4a6,0,0
16fda551c680999a,0,0
c16e6bd07d3ccb3a,0,0
ce81bbbc52a0ea6b,0,0
d06c2f9c2151d793,0,0
942073f13df80fef,0,0
5c6d1ca9d87c1eed,0,0
6f58e5841102444c,0,0
f92dc97e5aa1c84d,0,0
2cfa4ba38c013335,0,0
82ddd6a0fb789675,0,0
9d037779a540d5d7,0,0
a1d95e3843a2ae27,0,0
2941e6e27bf01fde,0,0
b8da3852b1f93cda,0,0
deb0ca0923048898,0,0
f25b92fdb442919b,0,0
58f497461903666a,0,0
05bbad41f7f12ceb,0,0
3a07eef24a81aaaf,0,0
43b3bd7086445d4f,0,0
5382ccc5f7e03fbc,0,0
71b571a462f379b4,0,0
bd61951346081031,0,0
e4b724fb69852237,0,0
b1e82f8d3206ccd4,0,0
0b765b83eee359d6,0,0
740edce59502555f,0,0
87667be10c89ba9e,0,0
a704998befc17f78,0,0
e26ae348c5e6f368,0,0
7ac32a278c102062,0,0
c96f49f6d30a456e,0,0
63d15f1a650c98a9,0,0
16ecb606ddc7b3ac,0,0
e91cb8cb2b05aabe,0,0
0ecdf6c21912753d,0,0
4e093217df83fff0,0,0
c4d5c6918acde7d1,0,0
f486554e182140c4,0,0
93df92eca7158adc,0,0
c7a2bf34ca183053,0,0
2dd86d0dba8f6759,0,0
2eaf14a8fa5ab0db,0,0
0b6748d4f5a473e0,0,0
5c7c0ffec33b34db,0,0
472a369f473b25c8,0,0
396184001113571b,0,0
b29f562872d31b56,0,0
d22863c04c4d7e4b,0,0
35e83e9e651d8bfe,0,0
5d5e2950f5b560b7,0,0
17ce90a8eb49e7c0,0,0
b9f81efc877768b6,1,0
0000d41b05944b51,0,1
940500459b43be59,0,0
718611400040619a,0,0
0100420a0200420a,0,0
e44b80058913bfac,0,0
0ae2000046525051,0,0
493acb9837060000,0,0
eb49e7c05d5e2950,0,0
877768b617ce90a8,0,0
8f764a90b9f81efc,0,0
2226ae368e546c3e,0,0
e4a637ac72c20801,0,0
999afc96643fad50,0,0
cb3a16fda551c680,0,0
ea6bc16e6bd07d3c,0,0
d793ce81bbbc52a0,0,0
0fefd06c2f9c2151,0,0
1eed942073f13df8,0,0
444c5c6d1ca9d87c,0,0
c84d6f58e5841102,0,0
3335f92dc97e5aa1,0,0
96752cfa4ba38c01,0,0
d5d782ddd6a0fb78,0,0
ae279d037779a540,0,0
1fdea1d95e3843a2,0,0
3cda2941e6e27bf0,0,0
8898b8da3852b1f9,0,0
919bdeb0ca092304,0,0
666af25b92fdb442,0,0
2ceb58f497461903,0,0
aaaf05bbad41f7f1,0,0
5d4f3a07eef24a81,0,0
3fbc43b3bd708644,0,0
79b45382ccc5f7e0,0,0
103171b571a462f3,0,0
2237bd6195134608,0,0
ccd4e4b724fb6985,0,0
59d6b1e82f8d3206,0,0
555f0b765b83eee3,0,0
ba9e740edce59502,0,0
7f7887667be10c89,0,0
f368a704998befc1,0,0
2062e26ae348c5e6,0,0
456e7ac32a278c10,0,0
98a9c96f49f6d30a,0,0
b3ac63d15f1a650c,0,0
aabe16ecb606ddc7,0,0
753de91cb8cb2b05,0,0
fff00ecdf6c21912,0,0
e7d14e093217df83,0,0
40c4c4d5c6918acd,0,0
8adcf486554e1821,0,0
305393df92eca715,0,0
6759c7a2bf34ca18,0,0
547d2dd86d0dba8f,0,0
ea7ad2397097570a,0,0
ffe11d9aed853324,0,0
cfa39d12642ebe07,0,0
808889ab8d23159b,0,0
14b9e90dab9c3042,0,0
60a626bf25d94f2b,0,0
cfb28e457f699431,0,0
a8fa5ab0db1a741f,0,0
d4f5a473e02eaf14,0,0
fec33b34db0b6748,0,0
9f473b25c85c7c0f,0,0
001113571b472a36,0,0
2872d31b56396184,0,0
c04c4d7e4bb29f56,0,0
9e651d8bfed22863,0,0
50f5b560b735e83e,0,0
a8eb49e7c05d5e29,0,0
fc877768b617ce90,0,0
3e8f764a90b9f81e,0,0
012226ae368e546c,0,0
50e4a637ac72c208,0,0
80999afc96643fad,0,0
3ccb3a16fda551c6,0,0
a0ea6bc16e6bd07d,0,0
51d793ce81bbbc52,0,0
f80fefd06c2f9c21,0,0
7c1eed942073f13d,0,0
02444c5c6d1ca9d8,0,0
a1c84d6f58e58411,0,0
013335f92dc97e5a,0,0
7896752cfa4ba38c,0,0
40d5d782ddd6a0fb,0,0
a2ae279d037779a5,0,0
f01fdea1d95e3843,0,0
f93cda2941e6e27b,0,0
048898b8da3852b1,0,0
42919bdeb0ca0923,0,0
03666af25b92fdb4,0,0
f12ceb58f4974619,0,0
81aaaf05bbad41f7,0,0
445d4f3a07eef24a,0,0
e03fbc43b3bd7086,0,0
f379b45382ccc5f7,0,0
08103171b571a462,0,0
852237bd61951346,0,0
06ccd4e4b724fb69,0,0
e359d6b1e82f8d32,0,0
02555f0b765b83ee,0,0
89ba9e740edce595,0,0
c17f7887667be10c,0,0
e6f368a704998bef,0,0
102062e26ae348c5,0,0
0a456e7ac32a278c,0,0
0c98a9c96f49f6d3,0,0
c7b3ac63d15f1a65,0,0
05aabe16ecb606dd,0,0
12753de91cb8cb2b,0,0
83fff00ecdf6c219,0,0
cde7d14e093217df,0,0
2140c4c4d5c6918a,0,0
158adcf486554e18,0,0
18305393df92eca7,0,0
8f6759c7a2bf34ca,0,0
0a547d2dd86d0dba,0,0
24ea7ad239709757,0,0
07ffe11d9aed8533,0,0
9bcfa39d12642ebe,0,0
42808889ab8d2315,0,0
2b14b9e90dab9c30,0,0
3160a626bf25d94f,0,0
1fcfb28e457f6994,0,0
14a8fa5ab0db1a74,0,0
48d4f5a473e02eaf,0,0
0ffec33b34db0b67,0,0
369f473b25c85c7c,0,0
84001113571b472a,0,0
562872d31b563961,0,0
63c04c4d7e4bb29f,0,0
3e9e651d8bfed228,0,0
2950f5b560b735e8,0,0
90a8eb49e7c05d5e,0,0
1efc877768b617ce,0,0
6c3e8f764a90b9f8,0,0
08012226ae368e54,0,0
ad50e4a637ac72c2,0,0
c680999afc96643f,0,0
7d3ccb3a16fda551,0,0
52a0ea6bc16e6bd0,0,0
2151d793ce81bbbc,0,0
3df80fefd06c2f9c,0,0
d87c1eed942073f1,0,0
1102444c5c6d1ca9,0,0
5aa1c84d6f58e584,0,0
8c013335f92dc97e,0,0
fb7896752cfa4ba3,0,0
a540d5d782ddd6a0,0,0
43a2ae279d037779,0,0
7bf01fdea1d95e38,0,0
b1f93cda2941e6e2,0,0
23048898b8da3852,0,0
b442919bdeb0ca09,0,0
1903666af25b92fd,0,0
f7f12ceb58f49746,0,0
4a81aaaf05bbad41,0,0
86445d4f3a07eef2,0,0
f7e03fbc43b3bd70,0,0
62f379b45382ccc5,0,0
4608103171b571a4,0,0
69852237bd619513,0,0
3206ccd4e4b724fb,0,0
eee359d6b1e82f8d,0,0
9502555f0b765b83,0,0
0c89ba9e740edce5,0,0
efc17f7887667be1,0,0
c5e6f368a704998b,0,0
8c102062e26ae348,0,0
d30a456e7ac32a27,0,0
650c98a9c96f49f6,0,0
ddc7b3ac63d15f1a,0,0
2b05aabe16ecb606,0,0
1912753de91cb8cb,0,0
df83fff00ecdf6c2,0,0
8acde7d14e093217,0,0
182140c4c4d5c691,0,0
a7158adcf486554e,0,0
7e4bb29f562872d3,0,0
8bfed22863c04c4d,0,0
60b735e83e9e651d,0,0
e7c05d5e2950f5b5,0,0
68b617ce90a8eb49,0,0
4a90b9f81efc8777,0,0
ae368e546c3e8f76,0,0
37ac72c208012226,0,0
fc96643fad50e4a6,0,0
16fda551c680999a,0,0
c16e6bd07d3ccb3a,1,0
0000d41c05944b51,0,1
9405004518362004,0,0
708611400040629a,0,0
0100420a0200420a,0,0
13ba80058913bfac,0,0
0be2000046525051,0,0
f49dd69837060000,0,0
52a0ea6bc16e6bd0,0,0
2151d793ce81bbbc,0,0
3df80fefd06c2f9c,0,0
d87c1eed942073f1,0,0
1102444c5c6d1ca9,0,0
5aa1c84d6f58e584,0,0
8c013335f92dc97e,0,0
fb7896752cfa4ba3,0,0
a540d5d782ddd6a0,0,0
43a2ae279d037779,0,0
7bf01fdea1d95e38,0,0
b1f93cda2941e6e2,0,0
23048898b8da3852,0,0
b442919bdeb0ca09,0,0
1903666af25b92fd,0,0
f7f12ceb58f49746,0,0
4a81aaaf05bbad41,0,0
86445d4f3a07eef2,0,0
f7e03fbc43b3bd70,0,0
62f379b45382ccc5,0,0
4608103171b571a4,0,0
69852237bd619513,0,0
3206ccd4e4b724fb,0,0
eee359d6b1e82f8d,0,0
9502555f0b765b83,0,0
0c89ba9e740edce5,0,0
efc17f7887667be1,0,0
c5e6f368a704998b,0,0
8c102062e26ae348,0,0
d30a456e7ac32a27,0,0
650c98a9c96f49f6,0,0
ddc7b3ac63d15f1a,0,0
2b05aabe16ecb606,0,0
1912753de91cb8cb,0,0
df83fff00ecdf6c2,0,0
8acde7d14e093217,0,0
182140c4c4d5c691,0,0
a7158adcf486554e,0,0
ca18305393df92ec,0,0
ba8f6759c7a2bf34,0,0
570a547d2dd86d0d,0,0
3324ea7ad2397097,0,0
be07ffe11d9aed85,0,0
159bcfa39d12642e,0,0
3042808889ab8d23,0,0
4f2b14b9e90dab9c,0,0
943160a626bf25d9,0,0
741fcfb28e457f69,0,0
af14a8fa5ab0db1a,0,0
6748d4f5a473e02e,0,0
7c0ffec33b34db0b,0,0
2a369f473b25c85c,0,0
6184001113571b47,0,0
9f562872d31b5639,0,0
2863c04c4d7e4bb2,0,0
e83e9e651d8bfed2,0,0
5e2950f5b560b735,0,0
ce90a8eb49e7c05d,0,0
f81efc877768b617,0,0
546c3e8f764a90b9,0,0
c208012226ae368e,0,0
3fad50e4a637ac72,0,0
51c680999afc9664,0,0
d07d3ccb3a16fda5,0,0
bc52a0ea6bc16e6b,0,0
9c2151d793ce81bb,0,0
f13df80fefd06c2f,0,0
a9d87c1eed942073,0,0
841102444c5c6d1c,0,0
7e5aa1c84d6f58e5,0,0
a38c013335f92dc9,0,0
a0fb7896752cfa4b,0,0
79a540d5d782ddd6,0,0
3843a2ae279d0377,0,0
e27bf01fdea1d95e,0,0
52b1f93cda2941e6,0,0
0923048898b8da38,0,0
fdb442919bdeb0ca,0,0
461903666af25b92,0,0
41f7f12ceb58f497,0,0
f24a81aaaf05bbad,0,0
7086445d4f3a07ee,0,0
c5f7e03fbc43b3bd,0,0
a462f379b45382cc,0,0
134608103171b571,0,0
fb69852237bd6195,0,0
8d3206ccd4e4b724,0,0
83eee359d6b1e82f,0,0
e59502555f0b765b,0,0
e10c89ba9e740edc,0,0
8befc17f7887667b,0,0
48c5e6f368a70499,0,0
278c102062e26ae3,0,0
f6d30a456e7ac32a,0,0
1a650c98a9c96f49,0,0
06ddc7b3ac63d15f,0,0
cb2b05aabe16ecb6,0,0
c21912753de91cb8,0,0
17df83fff00ecdf6,0,0
918acde7d14e0932,0,0
4e182140c4c4d5c6,0,0
eca7158adcf48655,0,0
34ca18305393df92,0,0
0dba8f6759c7a2bf,0,0
97570a547d2dd86d,0,0
853324ea7ad23970,0,0
2ebe07ffe11d9aed,0,0
23159bcfa39d1264,0,0
9c3042808889ab8d,0,0
d94f2b14b9e90dab,0,0
69943160a626bf25,0,0
1a741fcfb28e457f,0,0
2eaf14a8fa5ab0db,0,0
0b6748d4f5a473e0,0,0
5c7c0ffec33b34db,0,0
472a369f473b25c8,0,0
396184001113571b,0,0
b29f562872d31b56,0,0
d22863c04c4d7e4b,0,0
35e83e9e651d8bfe,0,0
5d5e2950f5b560b7,0,0
17ce90a8eb49e7c0,0,0
b9f81efc877768b6,0,0
8e546c3e8f764a90,0,0
72c208012226ae36,0,0
643fad50e4a637ac,0,0
a551c680999afc96,0,0
6bd07d3ccb3a16fd,0,0
bbbc52a0ea6bc16e,0,0
2f9c2151d793ce81,0,0
73f13df80fefd06c,0,0
1ca9d87c1eed9420,0,0
e5841102444c5c6d,0,0
c97e5aa1c84d6f58,0,0
4ba38c013335f92d,0,0
d6a0fb7896752cfa,0,0
7779a540d5d782dd,0,0
5e3843a2ae279d03,0,0
e6e27bf01fdea1d9,0,0
3852b1f93cda2941,0,0
ca0923048898b8da,0,0
92fdb442919bdeb0,0,0
97461903666af25b,0,0
ad41f7f12ceb58f4,0,0
eef24a81aaaf05bb,0,0
bd7086445d4f3a07,0,0
ccc5f7e03fbc43b3,0,0
71a462f379b45382,0,0
95134608103171b5,0,0
24fb69852237bd61,0,0
2f8d3206ccd4e4b7,0,0
5b83eee359d6b1e8,0,0
dce59502555f0b76,0,0
7be10c89ba9e740e,0,0
998befc17f788766,0,0
e348c5e6f368a704,0,0
2a278c102062e26a,0,0
49f6d30a456e7ac3,0,0
5f1a650c98a9c96f,0,0
b606ddc7b3ac63d1,0,0
b8cb2b05aabe16ec,0,0
f6c21912753de91c,0,0
3217df83fff00ecd,0,0
c6918acde7d14e09,0,0
554e182140c4c4d5,0,0
92eca7158adcf486,0,0
bf34ca18305393df,0,0
6d0dba8f6759c7a2,0,0
7097570a547d2dd8,0,0
ed853324ea7ad239,0,0
642ebe07ffe11d9a,0,0
8d23159bcfa39d12,0,0
ab9c3042808889ab,0,0
cdf6c21912753de9,0,0
093217df83fff00e,0,0
d5c6918acde7d14e,0,0
86554e182140c4c4,0,0
df92eca7158adcf4,0,0
a2bf34ca18305393,0,0
d86d0dba8f6759c7,0,0
397097570a547d2d,0,0
9aed853324ea7ad2,0,0
12642ebe07ffe11d,0,0
ab8d23159bcfa39d,1,0
0000d41d05944b51,0,1
940500455e4ccae3,0,0
6f8611400040639a,0,0
0100420a0200420a,0,0
6ba180058913bfac,0,0
0ce2000046525051,0,0
7f03e29837060000,0,0
59c7a2bf34ca1830,0,0
7d2dd86d0dba8f67,0,0
7ad2397097570a54,0,0
e11d9aed853324ea,0,0
a39d12642ebe07ff,0,0
8889ab8d23159bcf,0,0
b9e90dab9c304280,0,0
a626bf25d94f2b14,0,0
b28e457f69943160,0,0
fa5ab0db1a741fcf,0,0
f5a473e02eaf14a8,0,0
c33b34db0b6748d4,0,0
473b25c85c7c0ffe,0,0
1113571b472a369f,0,0
72d31b5639618400,0,0
4c4d7e4bb29f5628,0,0
651d8bfed22863c0,0,0
f5b560b735e83e9e,0,0
eb49e7c05d5e2950,0,0
877768b617ce90a8,0,0
8f764a90b9f81efc,0,0
2226ae368e546c3e,0,0
e4a637ac72c20801,0,0
999afc96643fad50,0,0
cb3a16fda551c680,0,0
ea6bc16e6bd07d3c,0,0
d793ce81bbbc52a0,0,0
0fefd06c2f9c2151,0,0
1eed942073f13df8,0,0
444c5c6d1ca9d87c,0,0
c84d6f58e5841102,0,0
3335f92dc97e5aa1,0,0
96752cfa4ba38c01,0,0
d5d782ddd6a0fb78,0,0
ae279d037779a540,0,0
1fdea1d95e3843a2,0,0
3cda2941e6e27bf0,0,0
8898b8da3852b1f9,0,0
919bdeb0ca092304,0,0
666af25b92fdb442,0,0
2ceb58f497461903,0,0
aaaf05bbad41f7f1,0,0
5d4f3a07eef24a81,0,0
3fbc43b3bd708644,0,0
79b45382ccc5f7e0,0,0
103171b571a462f3,0,0
2237bd6195134608,0,0
ccd4e4b724fb6985,0,0
59d6b1e82f8d3206,0,0
555f0b765b83eee3,0,0
ba9e740edce59502,0,0
7f7887667be10c89,0,0
f368a704998befc1,0,0
2062e26ae348c5e6,0,0
456e7ac32a278c10,0,0
98a9c96f49f6d30a,0,0
b3ac63d15f1a650c,0,0
aabe16ecb606ddc7,0,0
753de91cb8cb2b05,0,0
fff00ecdf6c21912,0,0
e7d14e093217df83,0,0
40c4c4d5c6918acd,0,0
8adcf486554e1821,0,0
305393df92eca715,0,0
6759c7a2bf34ca18,0,0
547d2dd86d0dba8f,0,0
ea7ad2397097570a,0,0
ffe11d9aed853324,0,0
cfa39d12642ebe07,0,0
808889ab8d23159b,0,0
14b9e90dab9c3042,0,0
60a626bf25d94f2b,0,0
cfb28e457f699431,0,0
a8fa5ab0db1a741f,0,0
d4f5a473e02eaf14,0,0
fec33b34db0b6748,0,0
9f473b25c85c7c0f,0,0
001113571b472a36,0,0
2872d31b56396184,0,0
c04c4d7e4bb29f56,0,0
9e651d8bfed22863,0,0
50f5b560b735e83e,0,0
a8eb49e7c05d5e29,0,0
fc877768b617ce90,0,0
3e8f764a90b9f81e,0,0
012226ae368e546c,0,0
50e4a637ac72c208,0,0
80999afc96643fad,0,0
3ccb3a16fda551c6,0,0
a0ea6bc16e6bd07d,0,0
51d793ce81bbbc52,0,0
f80fefd06c2f9c21,0,0
7c1eed942073f13d,0,0
02444c5c6d1ca9d8,0,0
a1c84d6f58e58411,0,0
013335f92dc97e5a,0,0
7896752cfa4ba38c,0,0
40d5d782ddd6a0fb,0,0
a2ae279d037779a5,0,0
f01fdea1d95e3843,0,0
f93cda2941e6e27b,0,0
048898b8da3852b1,0,0
42919bdeb0ca0923,0,0
03666af25b92fdb4,0,0
f12ceb58f4974619,0,0
81aaaf05bbad41f7,0,0
445d4f3a07eef24a,0,0
e03fbc43b3bd7086,0,0
f379b45382ccc5f7,0,0
08103171b571a462,0,0
852237bd61951346,0,0
06ccd4e4b724fb69,0,0
e359d6b1e82f8d32,0,0
02555f0b765b83ee,0,0
89ba9e740edce595,0,0
c17f7887667be10c,0,0
e6f368a704998bef,0,0
102062e26ae348c5,0,0
0a456e7ac32a278c,0,0
0c98a9c96f49f6d3,0,0
c7b3ac63d15f1a65,0,0
05aabe16ecb606dd,0,0
12753de91cb8cb2b,0,0
83fff00ecdf6c219,0,0
cde7d14e093217df,0,0
2140c4c4d5c6918a,0,0
158adcf486554e18,0,0
18305393df92eca7,0,0
8f6759c7a2bf34ca,0,0
0a547d2dd86d0dba,0,0
24ea7ad239709757,0,0
07ffe11d9aed8533,0,0
9bcfa39d12642ebe,0,0
42808889ab8d2315,0,0
2b14b9e90dab9c30,0,0
3160a626bf25d94f,0,0
1fcfb28e457f6994,0,0
14a8fa5ab0db1a74,0,0
48d4f5a473e02eaf,0,0
0ffec33b34db0b67,0,0
369f473b25c85c7c,0,0
84001113571b472a,0,0
562872d31b563961,0,0
63c04c4d7e4bb29f,0,0
3e9e651d8bfed228,0,0
2950f5b560b735e8,0,0
90a8eb49e7c05d5e,0,0
1efc877768b617ce,0,0
6c3e8f764a90b9f8,0,0
08012226ae368e54,0,0
ad50e4a637ac72c2,0,0
c680999afc96643f,0,0
7d3ccb3a16fda551,0,0
52a0ea6bc16e6bd0,0,0
2151d793ce81bbbc,0,0
3df80fefd06c2f9c,0,0
d87c1eed942073f1,0,0
1102444c5c6d1ca9,0,0
5aa1c84d6f58e584,0,0
8c013335f92dc97e,0,0
fb7896752cfa4ba3,0,0
a540d5d782ddd6a0,0,0
43a2ae279d037779,0,0
7bf01fdea1d95e38,0,0
b1f93cda2941e6e2,0,0
23048898b8da3852,0,0
b442919bdeb0ca09,0,0
1903666af25b92fd,0,0
f7f12ceb58f49746,0,0
4a81aaaf05bbad41,0,0
86445d4f3a07eef2,0,0
f7e03fbc43b3bd70,0,0
62f379b45382ccc5,0,0
9d12642ebe07ffe1,0,0
89ab8d23159bcfa3,0,0
e90dab9c30428088,0,0
26bf25d94f2b14b9,0,0
8e457f69943160a6,0,0
5ab0db1a741fcfb2,0,0
a473e02eaf14a8fa,0,0
3b34db0b6748d4f5,0,0
3b25c85c7c0ffec3,0,0
13571b472a369f47,0,0
d31b563961840011,1,0
0000d41e05944b51,0,1
9405004547ab5462,0,0
6e8611400040649a,0,0
0100420a0200420a,0,0
025b80058913bfac,0,0
0de2000046525051,0,0
4867ed9837060000,0,0
e02eaf14a8fa5ab0,0,0
db0b6748d4f5a473,0,0
c85c7c0ffec33b34,0,0
1b472a369f473b25,0,0
5639618400111357,0,0
4bb29f562872d31b,0,0
fed22863c04c4d7e,0,0
b735e83e9e651d8b,0,0
c05d5e2950f5b560,0,0
b617ce90a8eb49e7,0,0
90b9f81efc877768,0,0
368e546c3e8f764a,0,0
ac72c208012226ae,0,0
96643fad50e4a637,0,0
fda551c680999afc,0,0
6e6bd07d3ccb3a16,0,0
81bbbc52a0ea6bc1,0,0
6c2f9c2151d793ce,0,0
2073f13df80fefd0,0,0
6d1ca9d87c1eed94,0,0
58e5841102444c5c,0,0
2dc97e5aa1c84d6f,0,0
fa4ba38c013335f9,0,0
ddd6a0fb7896752c,0,0
037779a540d5d782,0,0
d95e3843a2ae279d,0,0
41e6e27bf01fdea1,0,0
da3852b1f93cda29,0,0
b0ca0923048898b8,0,0
5b92fdb442919bde,0,0
f497461903666af2,0,0
bbad41f7f12ceb58,0,0
07eef24a81aaaf05,0,0
b3bd7086445d4f3a,0,0
82ccc5f7e03fbc43,0,0
b571a462f379b453,0,0
6195134608103171,0,0
b724fb69852237bd,0,0
e82f8d3206ccd4e4,0,0
765b83eee359d6b1,0,0
0edce59502555f0b,0,0
667be10c89ba9e74,0,0
04998befc17f7887,0,0
6ae348c5e6f368a7,0,0
c32a278c102062e2,0,0
6f49f6d30a456e7a,0,0
d15f1a650c98a9c9,0,0
ecb606ddc7b3ac63,0,0
1cb8cb2b05aabe16,0,0
cdf6c21912753de9,0,0
093217df83fff00e,0,0
d5c6918acde7d14e,0,0
86554e182140c4c4,0,0
df92eca7158adcf4,0,0
a2bf34ca18305393,0,0
d86d0dba8f6759c7,0,0
397097570a547d2d,0,0
9aed853324ea7ad2,0,0
12642ebe07ffe11d,0,0
ab8d23159bcfa39d,0,0
0dab9c3042808889,0,0
bf25d94f2b14b9e9,0,0
457f69943160a626,0,0
b0db1a741fcfb28e,0,0
73e02eaf14a8fa5a,0,0
34db0b6748d4f5a4,0,0
25c85c7c0ffec33b,0,0
571b472a369f473b,0,0
1b56396184001113,0,0
7e4bb29f562872d3,0,0
8bfed22863c04c4d,0,0
60b735e83e9e651d,0,0
e7c05d5e2950f5b5,0,0
68b617ce90a8eb49,0,0
4a90b9f81efc8777,0,0
ae368e546c3e8f76,0,0
37ac72c208012226,0,0
fc96643fad50e4a6,0,0
16fda551c680999a,0,0
c16e6bd07d3ccb3a,0,0
ce81bbbc52a0ea6b,0,0
d06c2f9c2151d793,0,0
942073f13df80fef,0,0
5c6d1ca9d87c1eed,0,0
6f58e5841102444c,0,0
f92dc97e5aa1c84d,0,0
2cfa4ba38c013335,0,0
82ddd6a0fb789675,0,0
9d037779a540d5d7,0,0
a1d95e3843a2ae27,0,0
2941e6e27bf01fde,0,0
b8da3852b1f93cda,0,0
deb0ca0923048898,0,0
f25b92fdb442919b,0,0
58f497461903666a,0,0
05bbad41f7f12ceb,0,0
3a07eef24a81aaaf,0,0
43b3bd7086445d4f,0,0
5382ccc5f7e03fbc,0,0
71b571a462f379b4,0,0
bd61951346081031,0,0
e4b724fb69852237,0,0
b1e82f8d3206ccd4,0,0
0b765b83eee359d6,0,0
740edce59502555f,0,0
87667be10c89ba9e,0,0
a704998befc17f78,0,0
e26ae348c5e6f368,0,0
7ac32a278c102062,0,0
c96f49f6d30a456e,0,0
63d15f1a650c98a9,0,0
16ecb606ddc7b3ac,0,0
e91cb8cb2b05aabe,0,0
0ecdf6c21912753d,0,0
4e093217df83fff0,0,0
c4d5c6918acde7d1,0,0
f486554e182140c4,0,0
93df92eca7158adc,0,0
c7a2bf34ca183053,0,0
2dd86d0dba8f6759,0,0
d2397097570a547d,0,0
1d9aed853324ea7a,0,0
9d12642ebe07ffe1,0,0
89ab8d23159bcfa3,0,0
e90dab9c30428088,0,0
26bf25d94f2b14b9,0,0
8e457f69943160a6,0,0
5ab0db1a741fcfb2,0,0
a473e02eaf14a8fa,0,0
3b34db0b6748d4f5,0,0
3b25c85c7c0ffec3,0,0
13571b472a369f47,0,0
d31b563961840011,0,0
4d7e4bb29f562872,0,0
1d8bfed22863c04c,0,0
b560b735e83e9e65,0,0
49e7c05d5e2950f5,0,0
7768b617ce90a8eb,0,0
764a90b9f81efc87,0,0
26ae368e546c3e8f,0,0
a637ac72c2080122,0,0
9afc96643fad50e4,0,0
3a16fda551c68099,0,0
6bc16e6bd07d3ccb,0,0
93ce81bbbc52a0ea,0,0
efd06c2f9c2151d7,0,0
ed942073f13df80f,0,0
4c5c6d1ca9d87c1e,0,0
4d6f58e584110244,0,0
35f92dc97e5aa1c8,0,0
752cfa4ba38c0133,0,0
d782ddd6a0fb7896,0,0
279d037779a540d5,0,0
dea1d95e3843a2ae,0,0
da2941e6e27bf01f,0,0
98b8da3852b1f93c,0,0
9bdeb0ca09230488,0,0
6af25b92fdb44291,0,0
eb58f49746190366,0,0
af05bbad41f7f12c,0,0
4f3a07eef24a81aa,0,0
bc43b3bd7086445d,0,0
b45382ccc5f7e03f,0,0
3171b571a462f379,0,0
37bd619513460810,0,0
d4e4b724fb698522,0,0
d6b1e82f8d3206cc,0,0
5f0b765b83eee359,0,0
9e740edce5950255,0,0
7887667be10c89ba,0,0
68a704998befc17f,0,0
62e26ae348c5e6f3,0,0
6e7ac32a278c1020,0,0
6c3e8f764a90b9f8,0,0
08012226ae368e54,0,0
ad50e4a637ac72c2,0,0
c680999afc96643f,0,0
7d3ccb3a16fda551,0,0
52a0ea6bc16e6bd0,0,0
2151d793ce81bbbc,0,0
3df80fefd06c2f9c,0,0
d87c1eed942073f1,0,0
1102444c5c6d1ca9,0,0
5aa1c84d6f58e584,1,0
0000d41f05944b51,0,1
940500456cc6dc81,0,0
6d8611400040659a,0,0
0100420a0200420a,0,0
554680058913bfac,0,0
0ee2000046525051,0,0
39d0f89837060000,0,0
853324ea7ad23970,0,0
2ebe07ffe11d9aed,0,0
23159bcfa39d1264,0,0
9c3042808889ab8d,0,0
d94f2b14b9e90dab,0,0
69943160a626bf25,0,0
1a741fcfb28e457f,0,0
2eaf14a8fa5ab0db,0,0
0b6748d4f5a473e0,0,0
5c7c0ffec33b34db,0,0
472a369f473b25c8,0,0
396184001113571b,0,0
b29f562872d31b56,0,0
d22863c04c4d7e4b,0,0
35e83e9e651d8bfe,0,0
5d5e2950f5b560b7,0,0
17ce90a8eb49e7c0,0,0
b9f81efc877768b6,0,0
8e546c3e8f764a90,0,0
72c208012226ae36,0,0
643fad50e4a637ac,0,0
a551c680999afc96,0,0
6bd07d3ccb3a16fd,0,0
bbbc52a0ea6bc16e,0,0
2f9c2151d793ce81,0,0
73f13df80fefd06c,0,0
1ca9d87c1eed9420,0,0
e5841102444c5c6d,0,0
c97e5aa1c84d6f58,0,0
4ba38c013335f92d,0,0
d6a0fb7896752cfa,0,0
7779a540d5d782dd,0,0
5e3843a2ae279d03,0,0
e6e27bf01fdea1d9,0,0
3852b1f93cda2941,0,0
ca0923048898b8da,0,0
92fdb442919bdeb0,0,0
97461903666af25b,0,0
ad41f7f12ceb58f4,0,0
eef24a81aaaf05bb,0,0
bd7086445d4f3a07,0,0
ccc5f7e03fbc43b3,0,0
71a462f379b45382,0,0
95134608103171b5,0,0
24fb69852237bd61,0,0
2f8d3206ccd4e4b7,0,0
5b83eee359d6b1e8,0,0
dce59502555f0b76,0,0
7be10c89ba9e740e,0,0
998befc17f788766,0,0
e348c5e6f368a704,0,0
2a278c102062e26a,0,0
49f6d30a456e7ac3,0,0
5f1a650c98a9c96f,0,0
b606ddc7b3ac63d1,0,0
b8cb2b05aabe16ec,0,0
f6c21912753de91c,0,0
3217df83fff00ecd,0,0
c6918acde7d14e09,0,0
554e182140c4c4d5,0,0
92eca7158adcf486,0,0
bf34ca18305393df,0,0
6d0dba8f6759c7a2,0,0
7097570a547d2dd8,0,0
ed853324ea7ad239,0,0
642ebe07ffe11d9a,0,0
8d23159bcfa39d12,0,0
ab9c3042808889ab,0,0
25d94f2b14b9e90d,0,0
7f69943160a626bf,0,0
db1a741fcfb28e45,0,0
e02eaf14a8fa5ab0,0,0
db0b6748d4f5a473,0,0
c85c7c0ffec33b34,0,0
1b472a369f473b25,0,0
5639618400111357,0,0
4bb29f562872d31b,0,0
fed22863c04c4d7e,0,0
b735e83e9e651d8b,0,0
c05d5e2950f5b560,0,0
b617ce90a8eb49e7,0,0
90b9f81efc877768,0,0
368e546c3e8f764a,0,0
ac72c208012226ae,0,0
96643fad50e4a637,0,0
fda551c680999afc,0,0
6e6bd07d3ccb3a16,0,0
81bbbc52a0ea6bc1,0,0
6c2f9c2151d793ce,0,0
2073f13df80fefd0,0,0
6d1ca9d87c1eed94,0,0
58e5841102444c5c,0,0
2dc97e5aa1c84d6f,0,0
fa4ba38c013335f9,0,0
ddd6a0fb7896752c,0,0
037779a540d5d782,0,0
d95e3843a2ae279d,0,0
41e6e27bf01fdea1,0,0
da3852b1f93cda29,0,0
b0ca0923048898b8,0,0
5b92fdb442919bde,0,0
f497461903666af2,0,0
bbad41f7f12ceb58,0,0
07eef24a81aaaf05,0,0
b3bd7086445d4f3a,0,0
82ccc5f7e03fbc43,0,0
b571a462f379b453,0,0
6195134608103171,0,0
b724fb69852237bd,0,0
e82f8d3206ccd4e4,0,0
765b83eee359d6b1,0,0
0edce59502555f0b,0,0
667be10c89ba9e74,0,0
04998befc17f7887,0,0
6ae348c5e6f368a7,0,0
c32a278c102062e2,0,0
6f49f6d30a456e7a,0,0
d15f1a650c98a9c9,0,0
ecb606ddc7b3ac63,0,0
1cb8cb2b05aabe16,0,0
cdf6c21912753de9,0,0
093217df83fff00e,0,0
d5c6918acde7d14e,0,0
86554e182140c4c4,0,0
df92eca7158adcf4,0,0
a2bf34ca18305393,0,0
d86d0dba8f6759c7,0,0
397097570a547d2d,0,0
9aed853324ea7ad2,0,0
12642ebe07ffe11d,0,0
ab8d23159bcfa39d,0,0
0dab9c3042808889,0,0
bf25d94f2b14b9e9,0,0
457f69943160a626,0,0
b0db1a741fcfb28e,0,0
73e02eaf14a8fa5a,0,0
34db0b6748d4f5a4,0,0
25c85c7c0ffec33b,0,0
571b472a369f473b,0,0
1b56396184001113,0,0
7e4bb29f562872d3,0,0
8bfed22863c04c4d,0,0
60b735e83e9e651d,0,0
e7c05d5e2950f5b5,0,0
68b617ce90a8eb49,0,0
4a90b9f81efc8777,0,0
ae368e546c3e8f76,0,0
37ac72c208012226,0,0
fc96643fad50e4a6,0,0
16fda551c680999a,0,0
c16e6bd07d3ccb3a,0,0
ce81bbbc52a0ea6b,0,0
d06c2f9c2151d793,0,0
942073f13df80fef,0,0
5c6d1ca9d87c1eed,0,0
6f58e5841102444c,0,0
f92dc97e5aa1c84d,0,0
2cfa4ba38c013335,0,0
82ddd6a0fb789675,0,0
9d037779a540d5d7,0,0
a1d95e3843a2ae27,0,0
2941e6e27bf01fde,0,0
b8da3852b1f93cda,0,0
deb0ca0923048898,0,0
f25b92fdb442919b,0,0
58f497461903666a,0,0
05bbad41f7f12ceb,0,0
3a07eef24a81aaaf,0,0
43b3bd7086445d4f,0,0
5382ccc5f7e03fbc,0,0
71b571a462f379b4,0,0
bd61951346081031,0,0
e4b724fb69852237,0,0
3cda2941e6e27bf0,0,0
8898b8da3852b1f9,0,0
919bdeb0ca092304,0,0
666af25b92fdb442,0,0
2ceb58f497461903,0,0
aaaf05bbad41f7f1,0,0
5d4f3a07eef24a81,0,0
3fbc43b3bd708644,0,0
79b45382ccc5f7e0,0,0
103171b571a462f3,0,0
2237bd6195134608,1,0
0000d42005944b51,0,1
9405004514f11bc6,0,0
6a8611400040689a,0,0
0100420a0200420a,0,0
ca1480058913bfac,0,0
11e2000046525051,0,0
51f21a9937060000,0,0
9bdeb0ca09230488,0,0
6af25b92fdb44291,0,0
eb58f49746190366,0,0
af05bbad41f7f12c,0,0
4f3a07eef24a81aa,0,0
bc43b3bd7086445d,0,0
b45382ccc5f7e03f,0,0
3171b571a462f379,0,0
37bd619513460810,0,0
d4e4b724fb698522,0,0
d6b1e82f8d3206cc,0,0
5f0b765b83eee359,0,0
9e740edce5950255,0,0
7887667be10c89ba,0,0
68a704998befc17f,0,0
62e26ae348c5e6f3,0,0
6e7ac32a278c1020,0,0
a9c96f49f6d30a45,0,0
ac63d15f1a650c98,0,0
be16ecb606ddc7b3,0,0
3de91cb8cb2b05aa,0,0
f00ecdf6c2191275,0,0
d14e093217df83ff,0,0
c4c4d5c6918acde7,0,0
dcf486554e182140,0,0
5393df92eca7158a,0,0
59c7a2bf34ca1830,0,0
7d2dd86d0dba8f67,0,0
7ad2397097570a54,0,0
e11d9aed853324ea,0,0
a39d12642ebe07ff,0,0
8889ab8d23159bcf,0,0
b9e90dab9c304280,0,0
a626bf25d94f2b14,0,0
b28e457f69943160,0,0
fa5ab0db1a741fcf,0,0
f5a473e02eaf14a8,0,0
c33b34db0b6748d4,0,0
473b25c85c7c0ffe,0,0
1113571b472a369f,0,0
72d31b5639618400,0,0
4c4d7e4bb29f5628,0,0
651d8bfed22863c0,0,0
f5b560b735e83e9e,0,0
eb49e7c05d5e2950,0,0
877768b617ce90a8,0,0
8f764a90b9f81efc,0,0
2226ae368e546c3e,0,0
e4a637ac72c20801,0,0
999afc96643fad50,0,0
cb3a16fda551c680,0,0
ea6bc16e6bd07d3c,0,0
d793ce81bbbc52a0,0,0
0fefd06c2f9c2151,0,0
1eed942073f13df8,0,0
444c5c6d1ca9d87c,0,0
c84d6f58e5841102,0,0
3335f92dc97e5aa1,0,0
96752cfa4ba38c01,0,0
d5d782ddd6a0fb78,0,0
ae279d037779a540,0,0
1fdea1d95e3843a2,0,0
3cda2941e6e27bf0,0,0
8898b8da3852b1f9,0,0
919bdeb0ca092304,0,0
666af25b92fdb442,0,0
2ceb58f497461903,0,0
aaaf05bbad41f7f1,0,0
5d4f3a07eef24a81,0,0
3fbc43b3bd708644,0,0
79b45382ccc5f7e0,0,0
103171b571a462f3,0,0
2237bd6195134608,0,0
ccd4e4b724fb6985,0,0
59d6b1e82f8d3206,0,0
555f0b765b83eee3,0,0
ba9e740edce59502,0,0
7f7887667be10c89,0,0
f368a704998befc1,0,0
2062e26ae348c5e6,0,0
456e7ac32a278c10,0,0
98a9c96f49f6d30a,0,0
b3ac63d15f1a650c,0,0
aabe16ecb606ddc7,0,0
753de91cb8cb2b05,0,0
fff00ecdf6c21912,0,0
e7d14e093217df83,0,0
40c4c4d5c6918acd,0,0
8adcf486554e1821,0,0
305393df92eca715,0,0
6759c7a2bf34ca18,0,0
547d2dd86d0dba8f,0,0
ea7ad2397097570a,0,0
ffe11d9aed853324,0,0
cfa39d12642ebe07,0,0
808889ab8d23159b,0,0
14b9e90dab9c3042,0,0
60a626bf25d94f2b,0,0
cfb28e457f699431,0,0
a8fa5ab0db1a741f,0,0
d4f5a473e02eaf14,0,0
fec33b34db0b6748,0,0
9f473b25c85c7c0f,0,0
001113571b472a36,0,0
2872d31b56396184,0,0
c04c4d7e4bb29f56,0,0
9e651d8bfed22863,0,0
50f5b560b735e83e,0,0
a8eb49e7c05d5e29,0,0
fc877768b617ce90,0,0
3e8f764a90b9f81e,0,0
012226ae368e546c,0,0
50e4a637ac72c208,0,0
80999afc96643fad,0,0
3ccb3a16fda551c6,0,0
a0ea6bc16e6bd07d,0,0
51d793ce81bbbc52,0,0
f80fefd06c2f9c21,0,0
7c1eed942073f13d,0,0
02444c5c6d1ca9d8,0,0
a1c84d6f58e58411,0,0
013335f92dc97e5a,0,0
7896752cfa4ba38c,0,0
40d5d782ddd6a0fb,0,0
a2ae279d037779a5,0,0
f01fdea1d95e3843,0,0
f93cda2941e6e27b,0,0
048898b8da3852b1,0,0
42919bdeb0ca0923,0,0
03666af25b92fdb4,0,0
f12ceb58f4974619,0,0
81aaaf05bbad41f7,0,0
445d4f3a07eef24a,0,0
e03fbc43b3bd7086,0,0
f379b45382ccc5f7,0,0
08103171b571a462,0,0
852237bd61951346,0,0
06ccd4e4b724fb69,0,0
e359d6b1e82f8d32,0,0
02555f0b765b83ee,0,0
89ba9e740edce595,0,0
c17f7887667be10c,0,0
e6f368a704998bef,0,0
102062e26ae348c5,0,0
0a456e7ac32a278c,0,0
0c98a9c96f49f6d3,0,0
c7b3ac63d15f1a65,0,0
05aabe16ecb606dd,0,0
12753de91cb8cb2b,0,0
83fff00ecdf6c219,0,0
cde7d14e093217df,0,0
2140c4c4d5c6918a,0,0
158adcf486554e18,0,0
18305393df92eca7,0,0
8f6759c7a2bf34ca,0,0
0a547d2dd86d0dba,0,0
24ea7ad239709757,0,0
07ffe11d9aed8533,0,0
9bcfa39d12642ebe,0,0
42808889ab8d2315,0,0
2b14b9e90dab9c30,0,0
3160a626bf25d94f,0,0
1fcfb28e457f6994,0,0
14a8fa5ab0db1a74,0,0
48d4f5a473e02eaf,0,0
0ffec33b34db0b67,0,0
369f473b25c85c7c,0,0
84001113571b472a,0,0
562872d31b563961,0,0
63c04c4d7e4bb29f,0,0
3e9e651d8bfed228,0,0
2950f5b560b735e8,0,0
90a8eb49e7c05d5e,0,0
456e7ac32a278c10,0,0
98a9c96f49f6d30a,0,0
b3ac63d15f1a650c,0,0
aabe16ecb606ddc7,0,0
753de91cb8cb2b05,0,0
fff00ecdf6c21912,0,0
e7d14e093217df83,0,0
40c4c4d5c6918acd,0,0
8adcf486554e1821,0,0
305393df92eca715,0,0
6759c7a2bf34ca18,1,0
0000d42105944b51,0,1
94050045ebc23f9c,0,0
698611400040699a,0,0
0100420a0200420a,0,0
af9980058913bfac,0,0
12e2000046525051,0,0
2857269937060000,0,0
fec33b34db0b6748,0,0
9f473b25c85c7c0f,0,0
001113571b472a36,0,0
2872d31b56396184,0,0
c04c4d7e4bb29f56,0,0
9e651d8bfed22863,0,0
50f5b560b735e83e,0,0
a8eb49e7c05d5e29,0,0
fc877768b617ce90,0,0
3e8f764a90b9f81e,0,0
012226ae368e546c,0,0
50e4a637ac72c208,0,0
80999afc96643fad,0,0
3ccb3a16fda551c6,0,0
a0ea6bc16e6bd07d,0,0
51d793ce81bbbc52,0,0
f80fefd06c2f9c21,0,0
7c1eed942073f13d,0,0
02444c5c6d1ca9d8,0,0
a1c84d6f58e58411,0,0
013335f92dc97e5a,0,0
7896752cfa4ba38c,0,0
40d5d782ddd6a0fb,0,0
a2ae279d037779a5,0,0
f01fdea1d95e3843,0,0
f93cda2941e6e27b,0,0
048898b8da3852b1,0,0
42919bdeb0ca0923,0,0
03666af25b92fdb4,0,0
f12ceb58f4974619,0,0
81aaaf05bbad41f7,0,0
445d4f3a07eef24a,0,0
e03fbc43b3bd7086,0,0
f379b45382ccc5f7,0,0
08103171b571a462,0,0
852237bd61951346,0,0
06ccd4e4b724fb69,0,0
e359d6b1e82f8d32,0,0
02555f0b765b83ee,0,0
89ba9e740edce595,0,0
c17f7887667be10c,0,0
e6f368a704998bef,0,0
102062e26ae348c5,0,0
0a456e7ac32a278c,0,0
0c98a9c96f49f6d3,0,0
c7b3ac63d15f1a65,0,0
05aabe16ecb606dd,0,0
12753de91cb8cb2b,0,0
83fff00ecdf6c219,0,0
cde7d14e093217df,0,0
2140c4c4d5c6918a,0,0
158adcf486554e18,0,0
18305393df92eca7,0,0
8f6759c7a2bf34ca,0,0
0a547d2dd86d0dba,0,0
24ea7ad239709757,0,0
07ffe11d9aed8533,0,0
9bcfa39d12642ebe,0,0
42808889ab8d2315,0,0
2b14b9e90dab9c30,0,0
3160a626bf25d94f,0,0
1fcfb28e457f6994,0,0
14a8fa5ab0db1a74,0,0
48d4f5a473e02eaf,0,0
0ffec33b34db0b67,0,0
369f473b25c85c7c,0,0
84001113571b472a,0,0
562872d31b563961,0,0
63c04c4d7e4bb29f,0,0
3e9e651d8bfed228,0,0
2950f5b560b735e8,0,0
90a8eb49e7c05d5e,0,0
1efc877768b617ce,0,0
6c3e8f764a90b9f8,0,0
08012226ae368e54,0,0
ad50e4a637ac72c2,0,0
c680999afc96643f,0,0
7d3ccb3a16fda551,0,0
52a0ea6bc16e6bd0,0,0
2151d793ce81bbbc,0,0
3df80fefd06c2f9c,0,0
d87c1eed942073f1,0,0
1102444c5c6d1ca9,0,0
5aa1c84d6f58e584,0,0
8c013335f92dc97e,0,0
fb7896752cfa4ba3,0,0
a540d5d782ddd6a0,0,0
43a2ae279d037779,0,0
7bf01fdea1d95e38,0,0
b1f93cda2941e6e2,0,0
23048898b8da3852,0,0
b442919bdeb0ca09,0,0
1903666af25b92fd,0,0
f7f12ceb58f49746,0,0
4a81aaaf05bbad41,0,0
86445d4f3a07eef2,0,0
f7e03fbc43b3bd70,0,0
62f379b45382ccc5,0,0
4608103171b571a4,0,0
69852237bd619513,0,0
3206ccd4e4b724fb,0,0
eee359d6b1e82f8d,0,0
9502555f0b765b83,0,0
0c89ba9e740edce5,0,0
efc17f7887667be1,0,0
c5e6f368a704998b,0,0
8c102062e26ae348,0,0
d30a456e7ac32a27,0,0
650c98a9c96f49f6,0,0
ddc7b3ac63d15f1a,0,0
2b05aabe16ecb606,0,0
1912753de91cb8cb,0,0
df83fff00ecdf6c2,0,0
8acde7d14e093217,0,0
182140c4c4d5c691,0,0
a7158adcf486554e,0,0
ca18305393df92ec,0,0
ba8f6759c7a2bf34,0,0
570a547d2dd86d0d,0,0
3324ea7ad2397097,0,0
be07ffe11d9aed85,0,0
159bcfa39d12642e,0,0
3042808889ab8d23,0,0
4f2b14b9e90dab9c,0,0
943160a626bf25d9,0,0
741fcfb28e457f69,0,0
af14a8fa5ab0db1a,0,0
6748d4f5a473e02e,0,0
7c0ffec33b34db0b,0,0
2a369f473b25c85c,0,0
6184001113571b47,0,0
9f562872d31b5639,0,0
2863c04c4d7e4bb2,0,0
e83e9e651d8bfed2,0,0
5e2950f5b560b735,0,0
ce90a8eb49e7c05d,0,0
f81efc877768b617,0,0
546c3e8f764a90b9,0,0
c208012226ae368e,0,0
3fad50e4a637ac72,0,0
51c680999afc9664,0,0
d07d3ccb3a16fda5,0,0
bc52a0ea6bc16e6b,0,0
9c2151d793ce81bb,0,0
f13df80fefd06c2f,0,0
a9d87c1eed942073,0,0
841102444c5c6d1c,0,0
7e5aa1c84d6f58e5,0,0
a38c013335f92dc9,0,0
a0fb7896752cfa4b,0,0
79a540d5d782ddd6,0,0
3843a2ae279d0377,0,0
e27bf01fdea1d95e,0,0
52b1f93cda2941e6,0,0
0923048898b8da38,0,0
fdb442919bdeb0ca,0,0
461903666af25b92,0,0
41f7f12ceb58f497,0,0
f24a81aaaf05bbad,0,0
7086445d4f3a07ee,0,0
c5f7e03fbc43b3bd,0,0
a462f379b45382cc,0,0
134608103171b571,0,0
fb69852237bd6195,0,0
8d3206ccd4e4b724,0,0
83eee359d6b1e82f,0,0
e59502555f0b765b,0,0
e10c89ba9e740edc,0,0
8befc17f7887667b,0,0
48c5e6f368a70499,0,0
278c102062e26ae3,0,0
f6d30a456e7ac32a,0,0
1a650c98a9c96f49,0,0
158adcf486554e18,0,0
18305393df92eca7,0,0
8f6759c7a2bf34ca,0,0
0a547d2dd86d0dba,0,0
24ea7ad239709757,0,0
07ffe11d9aed8533,0,0
9bcfa39d12642ebe,0,0
42808889ab8d2315,0,0
2b14b9e90dab9c30,0,0
3160a626bf25d94f,0,0
1fcfb28e457f6994,1,0
0000d42205944b51,0,1
94050045ae3c884c,0,0
6886114000406a9a,0,0
0100420a0200420a,0,0
7abe80058913bfac,0,0
13e2000046525051,0,0
1dbc319937060000,0,0
472a369f473b25c8,0,0
396184001113571b,0,0
b29f562872d31b56,0,0
d22863c04c4d7e4b,0,0
35e83e9e651d8bfe,0,0
5d5e2950f5b560b7,0,0
17ce90a8eb49e7c0,0,0
b9f81efc877768b6,0,0
8e546c3e8f764a90,0,0
72c208012226ae36,0,0
643fad50e4a637ac,0,0
a551c680999afc96,0,0
6bd07d3ccb3a16fd,0,0
bbbc52a0ea6bc16e,0,0
2f9c2151d793ce81,0,0
73f13df80fefd06c,0,0
1ca9d87c1eed9420,0,0
e5841102444c5c6d,0,0
c97e5aa1c84d6f58,0,0
4ba38c013335f92d,0,0
d6a0fb7896752cfa,0,0
7779a540d5d782dd,0,0
5e3843a2ae279d03,0,0
e6e27bf01fdea1d9,0,0
3852b1f93cda2941,0,0
ca0923048898b8da,0,0
92fdb442919bdeb0,0,0
97461903666af25b,0,0
ad41f7f12ceb58f4,0,0
eef24a81aaaf05bb,0,0
bd7086445d4f3a07,0,0
ccc5f7e03fbc43b3,0,0
71a462f379b45382,0,0
95134608103171b5,0,0
24fb69852237bd61,0,0
2f8d3206ccd4e4b7,0,0
5b83eee359d6b1e8,0,0
dce59502555f0b76,0,0
7be10c89ba9e740e,0,0
998befc17f788766,0,0
e348c5e6f368a704,0,0
2a278c102062e26a,0,0
49f6d30a456e7ac3,0,0
5f1a650c98a9c96f,0,0
b606ddc7b3ac63d1,0,0
b8cb2b05aabe16ec,0,0
f6c21912753de91c,0,0
3217df83fff00ecd,0,0
c6918acde7d14e09,0,0
554e182140c4c4d5,0,0
92eca7158adcf486,0,0
bf34ca18305393df,0,0
6d0dba8f6759c7a2,0,0
7097570a547d2dd8,0,0
ed853324ea7ad239,0,0
642ebe07ffe11d9a,0,0
8d23159bcfa39d12,0,0
ab9c3042808889ab,0,0
25d94f2b14b9e90d,0,0
7f69943160a626bf,0,0
db1a741fcfb28e45,0,0
e02eaf14a8fa5ab0,0,0
db0b6748d4f5a473,0,0
c85c7c0ffec33b34,0,0
1b472a369f473b25,0,0
5639618400111357,0,0
4bb29f562872d31b,0,0
fed22863c04c4d7e,0,0
b735e83e9e651d8b,0,0
c05d5e2950f5b560,0,0
b617ce90a8eb49e7,0,0
90b9f81efc877768,0,0
368e546c3e8f764a,0,0
ac72c208012226ae,0,0
96643fad50e4a637,0,0
fda551c680999afc,0,0
6e6bd07d3ccb3a16,0,0
81bbbc52a0ea6bc1,0,0
6c2f9c2151d793ce,0,0
2073f13df80fefd0,0,0
6d1ca9d87c1eed94,0,0
58e5841102444c5c,0,0
2dc97e5aa1c84d6f,0,0
fa4ba38c013335f9,0,0
ddd6a0fb7896752c,0,0
037779a540d5d782,0,0
d95e3843a2ae279d,0,0
41e6e27bf01fdea1,0,0
da3852b1f93cda29,0,0
b0ca0923048898b8,0,0
5b92fdb442919bde,0,0
f497461903666af2,0,0
bbad41f7f12ceb58,0,0
07eef24a81aaaf05,0,0
b3bd7086445d4f3a,0,0
82ccc5f7e03fbc43,0,0
b571a462f379b453,0,0
6195134608103171,0,0
b724fb69852237bd,0,0
e82f8d3206ccd4e4,0,0
765b83eee359d6b1,0,0
0edce59502555f0b,0,0
667be10c89ba9e74,0,0
04998befc17f7887,0,0
6ae348c5e6f368a7,0,0
c32a278c102062e2,0,0
6f49f6d30a456e7a,0,0
d15f1a650c98a9c9,0,0
ecb606ddc7b3ac63,0,0
1cb8cb2b05aabe16,0,0
cdf6c21912753de9,0,0
093217df83fff00e,0,0
d5c6918acde7d14e,0,0
86554e182140c4c4,0,0
df92eca7158adcf4,0,0
a2bf34ca18305393,0,0
d86d0dba8f6759c7,0,0
397097570a547d2d,0,0
9aed853324ea7ad2,0,0
12642ebe07ffe11d,0,0
ab8d23159bcfa39d,0,0
0dab9c3042808889,0,0
bf25d94f2b14b9e9,0,0
457f69943160a626,0,0
b0db1a741fcfb28e,0,0
73e02eaf14a8fa5a,0,0
34db0b6748d4f5a4,0,0
25c85c7c0ffec33b,0,0
571b472a369f473b,0,0
1b56396184001113,0,0
7e4bb29f562872d3,0,0
8bfed22863c04c4d,0,0
60b735e83e9e651d,0,0
e7c05d5e2950f5b5,0,0
68b617ce90a8eb49,0,0
4a90b9f81efc8777,0,0
ae368e546c3e8f76,0,0
37ac72c208012226,0,0
fc96643fad50e4a6,0,0
16fda551c680999a,0,0
c16e6bd07d3ccb3a,0,0
ce81bbbc52a0ea6b,0,0
d06c2f9c2151d793,0,0
942073f13df80fef,0,0
5c6d1ca9d87c1eed,0,0
6f58e5841102444c,0,0
f92dc97e5aa1c84d,0,0
2cfa4ba38c013335,0,0
82ddd6a0fb789675,0,0
9d037779a540d5d7,0,0
a1d95e3843a2ae27,0,0
2941e6e27bf01fde,0,0
b8da3852b1f93cda,0,0
deb0ca0923048898,0,0
f25b92fdb442919b,0,0
58f497461903666a,0,0
05bbad41f7f12ceb,0,0
3a07eef24a81aaaf,0,0
43b3bd7086445d4f,0,0
5382ccc5f7e03fbc,0,0
71b571a462f379b4,0,0
bd61951346081031,0,0
e4b724fb69852237,0,0
b1e82f8d3206ccd4,0,0
0b765b83eee359d6,0,0
740edce59502555f,0,0
87667be10c89ba9e,0,0
a704998befc17f78,0,0
e26ae348c5e6f368,0,0
7ac32a278c102062,0,0
c96f49f6d30a456e,0,0
63d15f1a650c98a9,0,0
16ecb606ddc7b3ac,0,0
e4a637ac72c20801,0,0
999afc96643fad50,0,0
cb3a16fda551c680,0,0
ea6bc16e6bd07d3c,0,0
d793ce81bbbc52a0,0,0
0fefd06c2f9c2151,0,0
1eed942073f13df8,0,0
444c5c6d1ca9d87c,0,0
c84d6f58e5841102,0,0
3335f92dc97e5aa1,0,0
96752cfa4ba38c01,1,0
0000d42305944b51,0,1
940500454a518627,0,0
6786114000406b9a,0,0
0100420a0200420a,0,0
77e080058913bfac,0,0
14e2000046525051,0,0
c71f3d9937060000,0,0
4c4d7e4bb29f5628,0,0
651d8bfed22863c0,0,0
f5b560b735e83e9e,0,0
eb49e7c05d5e2950,0,0
877768b617ce90a8,0,0
8f764a90b9f81efc,0,0
2226ae368e546c3e,0,0
e4a637ac72c20801,0,0
999afc96643fad50,0,0
cb3a16fda551c680,0,0
ea6bc16e6bd07d3c,0,0
d793ce81bbbc52a0,0,0
0fefd06c2f9c2151,0,0
1eed942073f13df8,0,0
444c5c6d1ca9d87c,0,0
c84d6f58e5841102,0,0
3335f92dc97e5aa1,0,0
96752cfa4ba38c01,0,0
d5d782ddd6a0fb78,0,0
ae279d037779a540,0,0
1fdea1d95e3843a2,0,0
3cda2941e6e27bf0,0,0
8898b8da3852b1f9,0,0
919bdeb0ca092304,0,0
666af25b92fdb442,0,0
2ceb58f497461903,0,0
aaaf05bbad41f7f1,0,0
5d4f3a07eef24a81,0,0
3fbc43b3bd708644,0,0
79b45382ccc5f7e0,0,0
103171b571a462f3,0,0
2237bd6195134608,0,0
ccd4e4b724fb6985,0,0
59d6b1e82f8d3206,0,0
555f0b765b83eee3,0,0
ba9e740edce59502,0,0
7f7887667be10c89,0,0
f368a704998befc1,0,0
2062e26ae348c5e6,0,0
456e7ac32a278c10,0,0
98a9c96f49f6d30a,0,0
b3ac63d15f1a650c,0,0
aabe16ecb606ddc7,0,0
753de91cb8cb2b05,0,0
fff00ecdf6c21912,0,0
e7d14e093217df83,0,0
40c4c4d5c6918acd,0,0
8adcf486554e1821,0,0
305393df92eca715,0,0
6759c7a2bf34ca18,0,0
547d2dd86d0dba8f,0,0
ea7ad2397097570a,0,0
ffe11d9aed853324,0,0
cfa39d12642ebe07,0,0
808889ab8d23159b,0,0
14b9e90dab9c3042,0,0
60a626bf25d94f2b,0,0
cfb28e457f699431,0,0
a8fa5ab0db1a741f,0,0
d4f5a473e02eaf14,0,0
fec33b34db0b6748,0,0
9f473b25c85c7c0f,0,0
001113571b472a36,0,0
2872d31b56396184,0,0
c04c4d7e4bb29f56,0,0
9e651d8bfed22863,0,0
50f5b560b735e83e,0,0
a8eb49e7c05d5e29,0,0
fc877768b617ce90,0,0
3e8f764a90b9f81e,0,0
012226ae368e546c,0,0
50e4a637ac72c208,0,0
80999afc96643fad,0,0
3ccb3a16fda551c6,0,0
a0ea6bc16e6bd07d,0,0
51d793ce81bbbc52,0,0
f80fefd06c2f9c21,0,0
7c1eed942073f13d,0,0
02444c5c6d1ca9d8,0,0
a1c84d6f58e58411,0,0
013335f92dc97e5a,0,0
7896752cfa4ba38c,0,0
40d5d782ddd6a0fb,0,0
a2ae279d037779a5,0,0
f01fdea1d95e3843,0,0
f93cda2941e6e27b,0,0
048898b8da3852b1,0,0
42919bdeb0ca0923,0,0
03666af25b92fdb4,0,0
f12ceb58f4974619,0,0
81aaaf05bbad41f7,0,0
445d4f3a07eef24a,0,0
e03fbc43b3bd7086,0,0
f379b45382ccc5f7,0,0
08103171b571a462,0,0
852237bd61951346,0,0
06ccd4e4b724fb69,0,0
e359d6b1e82f8d32,0,0
02555f0b765b83ee,0,0
89ba9e740edce595,0,0
c17f7887667be10c,0,0
e6f368a704998bef,0,0
102062e26ae348c5,0,0
0a456e7ac32a278c,0,0
0c98a9c96f49f6d3,0,0
c7b3ac63d15f1a65,0,0
05aabe16ecb606dd,0,0
12753de91cb8cb2b,0,0
83fff00ecdf6c219,0,0
cde7d14e093217df,0,0
2140c4c4d5c6918a,0,0
158adcf486554e18,0,0
18305393df92eca7,0,0
8f6759c7a2bf34ca,0,0
0a547d2dd86d0dba,0,0
24ea7ad239709757,0,0
07ffe11d9aed8533,0,0
9bcfa39d12642ebe,0,0
42808889ab8d2315,0,0
2b14b9e90dab9c30,0,0
3160a626bf25d94f,0,0
1fcfb28e457f6994,0,0
14a8fa5ab0db1a74,0,0
48d4f5a473e02eaf,0,0
0ffec33b34db0b67,0,0
369f473b25c85c7c,0,0
84001113571b472a,0,0
562872d31b563961,0,0
63c04c4d7e4bb29f,0,0
3e9e651d8bfed228,0,0
2950f5b560b735e8,0,0
90a8eb49e7c05d5e,0,0
1efc877768b617ce,0,0
6c3e8f764a90b9f8,0,0
08012226ae368e54,0,0
ad50e4a637ac72c2,0,0
c680999afc96643f,0,0
7d3ccb3a16fda551,0,0
52a0ea6bc16e6bd0,0,0
2151d793ce81bbbc,0,0
3df80fefd06c2f9c,0,0
d87c1eed942073f1,0,0
1102444c5c6d1ca9,0,0
5aa1c84d6f58e584,0,0
8c013335f92dc97e,0,0
fb7896752cfa4ba3,0,0
a540d5d782ddd6a0,0,0
43a2ae279d037779,0,0
7bf01fdea1d95e38,0,0
b1f93cda2941e6e2,0,0
23048898b8da3852,0,0
b442919bdeb0ca09,0,0
1903666af25b92fd,0,0
f7f12ceb58f49746,0,0
4a81aaaf05bbad41,0,0
86445d4f3a07eef2,0,0
f7e03fbc43b3bd70,0,0
62f379b45382ccc5,0,0
4608103171b571a4,0,0
69852237bd619513,0,0
3206ccd4e4b724fb,0,0
eee359d6b1e82f8d,0,0
9502555f0b765b83,0,0
0c89ba9e740edce5,0,0
efc17f7887667be1,0,0
c5e6f368a704998b,0,0
8c102062e26ae348,0,0
d30a456e7ac32a27,0,0
650c98a9c96f49f6,0,0
ddc7b3ac63d15f1a,0,0
2b05aabe16ecb606,0,0
1912753de91cb8cb,0,0
df83fff00ecdf6c2,0,0
b442919bdeb0ca09,0,0
1903666af25b92fd,0,0
f7f12ceb58f49746,0,0
4a81aaaf05bbad41,0,0
86445d4f3a07eef2,0,0
f7e03fbc43b3bd70,0,0
62f379b45382ccc5,0,0
4608103171b571a4,0,0
69852237bd619513,0,0
3206ccd4e4b724fb,0,0
eee359d6b1e82f8d,1,0
0000d42405944b51,0,1
940500452e4b8424,0,0
6686114000406c9a,0,0
0100420a0200420a,0,0
81ba80058913bfac,0,0
15e2000046525051,0,0
ca85489937060000,0,0
f5a473e02eaf14a8,0,0
c33b34db0b6748d4,0,0
473b25c85c7c0ffe,0,0
1113571b472a369f,0,0
72d31b5639618400,0,0
4c4d7e4bb29f5628,0,0
651d8bfed22863c0,0,0
f5b560b735e83e9e,0,0
eb49e7c05d5e2950,0,0
877768b617ce90a8,0,0
8f764a90b9f81efc,0,0
2226ae368e546c3e,0,0
e4a637ac72c20801,0,0
999afc96643fad50,0,0
cb3a16fda551c680,0,0
ea6bc16e6bd07d3c,0,0
d793ce81bbbc52a0,0,0
0fefd06c2f9c2151,0,0
1eed942073f13df8,0,0
444c5c6d1ca9d87c,0,0
c84d6f58e5841102,0,0
3335f92dc97e5aa1,0,0
96752cfa4ba38c01,0,0
d5d782ddd6a0fb78,0,0
ae279d037779a540,0,0
1fdea1d95e3843a2,0,0
3cda2941e6e27bf0,0,0
8898b8da3852b1f9,0,0
919bdeb0ca092304,0,0
666af25b92fdb442,0,0
2ceb58f497461903,0,0
aaaf05bbad41f7f1,0,0
5d4f3a07eef24a81,0,0
3fbc43b3bd708644,0,0
79b45382ccc5f7e0,0,0
103171b571a462f3,0,0
2237bd6195134608,0,0
ccd4e4b724fb6985,0,0
59d6b1e82f8d3206,0,0
555f0b765b83eee3,0,0
ba9e740edce59502,0,0
7f7887667be10c89,0,0
f368a704998befc1,0,0
2062e26ae348c5e6,0,0
456e7ac32a278c10,0,0
98a9c96f49f6d30a,0,0
b3ac63d15f1a650c,0,0
aabe16ecb606ddc7,0,0
753de91cb8cb2b05,0,0
fff00ecdf6c21912,0,0
e7d14e093217df83,0,0
40c4c4d5c6918acd,0,0
8adcf486554e1821,0,0
305393df92eca715,0,0
6759c7a2bf34ca18,0,0
547d2dd86d0dba8f,0,0
ea7ad2397097570a,0,0
ffe11d9aed853324,0,0
cfa39d12642ebe07,0,0
808889ab8d23159b,0,0
14b9e90dab9c3042,0,0
60a626bf25d94f2b,0,0
cfb28e457f699431,0,0
a8fa5ab0db1a741f,0,0
d4f5a473e02eaf14,0,0
fec33b34db0b6748,0,0
9f473b25c85c7c0f,0,0
001113571b472a36,0,0
2872d31b56396184,0,0
c04c4d7e4bb29f56,0,0
9e651d8bfed22863,0,0
50f5b560b735e83e,0,0
a8eb49e7c05d5e29,0,0
fc877768b617ce90,0,0
3e8f764a90b9f81e,0,0
012226ae368e546c,0,0
50e4a637ac72c208,0,0
80999afc96643fad,0,0
3ccb3a16fda551c6,0,0
a0ea6bc16e6bd07d,0,0
51d793ce81bbbc52,0,0
f80fefd06c2f9c21,0,0
7c1eed942073f13d,0,0
02444c5c6d1ca9d8,0,0
a1c84d6f58e58411,0,0
013335f92dc97e5a,0,0
7896752cfa4ba38c,0,0
40d5d782ddd6a0fb,0,0
a2ae279d037779a5,0,0
f01fdea1d95e3843,0,0
f93cda2941e6e27b,0,0
048898b8da3852b1,0,0
42919bdeb0ca0923,0,0
03666af25b92fdb4,0,0
f12ceb58f4974619,0,0
81aaaf05bbad41f7,0,0
445d4f3a07eef24a,0,0
e03fbc43b3bd7086,0,0
f379b45382ccc5f7,0,0
08103171b571a462,0,0
852237bd61951346,0,0
06ccd4e4b724fb69,0,0
e359d6b1e82f8d32,0,0
02555f0b765b83ee,0,0
89ba9e740edce595,0,0
c17f7887667be10c,0,0
e6f368a704998bef,0,0
102062e26ae348c5,0,0
0a456e7ac32a278c,0,0
0c98a9c96f49f6d3,0,0
c7b3ac63d15f1a65,0,0
05aabe16ecb606dd,0,0
12753de91cb8cb2b,0,0
83fff00ecdf6c219,0,0
cde7d14e093217df,0,0
2140c4c4d5c6918a,0,0
158adcf486554e18,0,0
18305393df92eca7,0,0
8f6759c7a2bf34ca,0,0
0a547d2dd86d0dba,0,0
24ea7ad239709757,0,0
07ffe11d9aed8533,0,0
9bcfa39d12642ebe,0,0
42808889ab8d2315,0,0
2b14b9e90dab9c30,0,0
3160a626bf25d94f,0,0
1fcfb28e457f6994,0,0
14a8fa5ab0db1a74,0,0
48d4f5a473e02eaf,0,0
0ffec33b34db0b67,0,0
369f473b25c85c7c,0,0
84001113571b472a,0,0
562872d31b563961,0,0
63c04c4d7e4bb29f,0,0
3e9e651d8bfed228,0,0
2950f5b560b735e8,0,0
90a8eb49e7c05d5e,0,0
1efc877768b617ce,0,0
6c3e8f764a90b9f8,0,0
08012226ae368e54,0,0
ad50e4a637ac72c2,0,0
c680999afc96643f,0,0
7d3ccb3a16fda551,0,0
52a0ea6bc16e6bd0,0,0
2151d793ce81bbbc,0,0
3df80fefd06c2f9c,0,0
d87c1eed942073f1,0,0
1102444c5c6d1ca9,0,0
5aa1c84d6f58e584,0,0
8c013335f92dc97e,0,0
fb7896752cfa4ba3,0,0
a540d5d782ddd6a0,0,0
43a2ae279d037779,0,0
7bf01fdea1d95e38,0,0
b1f93cda2941e6e2,0,0
23048898b8da3852,0,0
b442919bdeb0ca09,0,0
1903666af25b92fd,0,0
f7f12ceb58f49746,0,0
4a81aaaf05bbad41,0,0
86445d4f3a07eef2,0,0
f7e03fbc43b3bd70,0,0
62f379b45382ccc5,0,0
4608103171b571a4,0,0
69852237bd619513,0,0
3206ccd4e4b724fb,0,0
eee359d6b1e82f8d,0,0
9502555f0b765b83,0,0
0c89ba9e740edce5,0,0
efc17f7887667be1,0,0
c5e6f368a704998b,0,0
8c102062e26ae348,0,0
d30a456e7ac32a27,0,0
07ffe11d9aed8533,0,0
9bcfa39d12642ebe,0,0
42808889ab8d2315,0,0
2b14b9e90dab9c30,0,0
3160a626bf25d94f,0,0
1fcfb28e457f6994,0,0
14a8fa5ab0db1a74,0,0
48d4f5a473e02eaf,0,0
0ffec33b34db0b67,0,0
369f473b25c85c7c,0,0
84001113571b472a,1,0
0000d42505944b51,0,1
94050045db844733,0,0
6586114000406d9a,0,0
0100420a0200420a,0,0
f31c80058913bfac,0,0
16e2000046525051,0,0
fbea539937060000,0,0
90b9f81efc877768,0,0
368e546c3e8f764a,0,0
ac72c208012226ae,0,0
96643fad50e4a637,0,0
fda551c680999afc,0,0
6e6bd07d3ccb3a16,0,0
81bbbc52a0ea6bc1,0,0
6c2f9c2151d793ce,0,0
2073f13df80fefd0,0,0
6d1ca9d87c1eed94,0,0
58e5841102444c5c,0,0
2dc97e5aa1c84d6f,0,0
fa4ba38c013335f9,0,0
ddd6a0fb7896752c,0,0
037779a540d5d782,0,0
d95e3843a2ae279d,0,0
41e6e27bf01fdea1,0,0
da3852b1f93cda29,0,0
b0ca0923048898b8,0,0
5b92fdb442919bde,0,0
f497461903666af2,0,0
bbad41f7f12ceb58,0,0
07eef24a81aaaf05,0,0
b3bd7086445d4f3a,0,0
82ccc5f7e03fbc43,0,0
b571a462f379b453,0,0
6195134608103171,0,0
b724fb69852237bd,0,0
e82f8d3206ccd4e4,0,0
765b83eee359d6b1,0,0
0edce59502555f0b,0,0
667be10c89ba9e74,0,0
04998befc17f7887,0,0
6ae348c5e6f368a7,0,0
c32a278c102062e2,0,0
6f49f6d30a456e7a,0,0
d15f1a650c98a9c9,0,0
ecb606ddc7b3ac63,0,0
1cb8cb2b05aabe16,0,0
cdf6c21912753de9,0,0
093217df83fff00e,0,0
d5c6918acde7d14e,0,0
86554e182140c4c4,0,0
df92eca7158adcf4,0,0
a2bf34ca18305393,0,0
d86d0dba8f6759c7,0,0
397097570a547d2d,0,0
9aed853324ea7ad2,0,0
12642ebe07ffe11d,0,0
ab8d23159bcfa39d,0,0
0dab9c3042808889,0,0
bf25d94f2b14b9e9,0,0
457f69943160a626,0,0
b0db1a741fcfb28e,0,0
73e02eaf14a8fa5a,0,0
34db0b6748d4f5a4,0,0
25c85c7c0ffec33b,0,0
571b472a369f473b,0,0
1b56396184001113,0,0
7e4bb29f562872d3,0,0
8bfed22863c04c4d,0,0
60b735e83e9e651d,0,0
e7c05d5e2950f5b5,0,0
68b617ce90a8eb49,0,0
4a90b9f81efc8777,0,0
ae368e546c3e8f76,0,0
37ac72c208012226,0,0
fc96643fad50e4a6,0,0
16fda551c680999a,0,0
c16e6bd07d3ccb3a,0,0
ce81bbbc52a0ea6b,0,0
d06c2f9c2151d793,0,0
942073f13df80fef,0,0
5c6d1ca9d87c1eed,0,0
6f58e5841102444c,0,0
f92dc97e5aa1c84d,0,0
2cfa4ba38c013335,0,0
82ddd6a0fb789675,0,0
9d037779a540d5d7,0,0
a1d95e3843a2ae27,0,0
2941e6e27bf01fde,0,0
b8da3852b1f93cda,0,0
deb0ca0923048898,0,0
f25b92fdb442919b,0,0
58f497461903666a,0,0
05bbad41f7f12ceb,0,0
3a07eef24a81aaaf,0,0
43b3bd7086445d4f,0,0
5382ccc5f7e03fbc,0,0
71b571a462f379b4,0,0
bd61951346081031,0,0
e4b724fb69852237,0,0
b1e82f8d3206ccd4,0,0
0b765b83eee359d6,0,0
740edce59502555f,0,0
87667be10c89ba9e,0,0
a704998befc17f78,0,0
e26ae348c5e6f368,0,0
7ac32a278c102062,0,0
c96f49f6d30a456e,0,0
63d15f1a650c98a9,0,0
16ecb606ddc7b3ac,0,0
e91cb8cb2b05aabe,0,0
0ecdf6c21912753d,0,0
4e093217df83fff0,0,0
c4d5c6918acde7d1,0,0
f486554e182140c4,0,0
93df92eca7158adc,0,0
c7a2bf34ca183053,0,0
2dd86d0dba8f6759,0,0
d2397097570a547d,0,0
1d9aed853324ea7a,0,0
9d12642ebe07ffe1,0,0
89ab8d23159bcfa3,0,0
e90dab9c30428088,0,0
26bf25d94f2b14b9,0,0
8e457f69943160a6,0,0
5ab0db1a741fcfb2,0,0
a473e02eaf14a8fa,0,0
3b34db0b6748d4f5,0,0
3b25c85c7c0ffec3,0,0
13571b472a369f47,0,0
d31b563961840011,0,0
4d7e4bb29f562872,0,0
1d8bfed22863c04c,0,0
b560b735e83e9e65,0,0
49e7c05d5e2950f5,0,0
7768b617ce90a8eb,0,0
764a90b9f81efc87,0,0
26ae368e546c3e8f,0,0
a637ac72c2080122,0,0
9afc96643fad50e4,0,0
3a16fda551c68099,0,0
6bc16e6bd07d3ccb,0,0
93ce81bbbc52a0ea,0,0
efd06c2f9c2151d7,0,0
ed942073f13df80f,0,0
4c5c6d1ca9d87c1e,0,0
4d6f58e584110244,0,0
35f92dc97e5aa1c8,0,0
752cfa4ba38c0133,0,0
d782ddd6a0fb7896,0,0
279d037779a540d5,0,0
dea1d95e3843a2ae,0,0
da2941e6e27bf01f,0,0
98b8da3852b1f93c,0,0
9bdeb0ca09230488,0,0
6af25b92fdb44291,0,0
eb58f49746190366,0,0
af05bbad41f7f12c,0,0
4f3a07eef24a81aa,0,0
bc43b3bd7086445d,0,0
b45382ccc5f7e03f,0,0
3171b571a462f379,0,0
37bd619513460810,0,0
d4e4b724fb698522,0,0
d6b1e82f8d3206cc,0,0
5f0b765b83eee359,0,0
9e740edce5950255,0,0
7887667be10c89ba,0,0
68a704998befc17f,0,0
62e26ae348c5e6f3,0,0
6e7ac32a278c1020,0,0
a9c96f49f6d30a45,0,0
ac63d15f1a650c98,0,0
be16ecb606ddc7b3,0,0
3de91cb8cb2b05aa,0,0
f00ecdf6c2191275,0,0
d14e093217df83ff,0,0
c4c4d5c6918acde7,0,0
dcf486554e182140,0,0
5393df92eca7158a,0,0
59c7a2bf34ca1830,0,0
571b472a369f473b,0,0
1b56396184001113,0,0
7e4bb29f562872d3,0,0
8bfed22863c04c4d,0,0
60b735e83e9e651d,0,0
e7c05d5e2950f5b5,0,0
68b617ce90a8eb49,0,0
4a90b9f81efc8777,0,0
ae368e546c3e8f76,0,0
37ac72c208012226,0,0
fc96643fad50e4a6,1,0
0000d42605944b51,0,1
94050045bd1daf81,0,0
6486114000406e9a,0,0
0100420a0200420a,0,0
9e5a80058913bfac,0,0
17e2000046525051,0,0
884e5f9937060000,0,0
2950f5b560b735e8,0,0
90a8eb49e7c05d5e,0,0
1efc877768b617ce,0,0
6c3e8f764a90b9f8,0,0
08012226ae368e54,0,0
ad50e4a637ac72c2,0,0
c680999afc96643f,0,0
7d3ccb3a16fda551,0,0
52a0ea6bc16e6bd0,0,0
2151d793ce81bbbc,0,0
3df80fefd06c2f9c,0,0
d87c1eed942073f1,0,0
1102444c5c6d1ca9,0,0
5aa1c84d6f58e584,0,0
8c013335f92dc97e,0,0
fb7896752cfa4ba3,0,0
a540d5d782ddd6a0,0,0
43a2ae279d037779,0,0
7bf01fdea1d95e38,0,0
b1f93cda2941e6e2,0,0
23048898b8da3852,0,0
b442919bdeb0ca09,0,0
1903666af25b92fd,0,0
f7f12ceb58f49746,0,0
4a81aaaf05bbad41,0,0
86445d4f3a07eef2,0,0
f7e03fbc43b3bd70,0,0
62f379b45382ccc5,0,0
4608103171b571a4,0,0
69852237bd619513,0,0
3206ccd4e4b724fb,0,0
eee359d6b1e82f8d,0,0
9502555f0b765b83,0,0
0c89ba9e740edce5,0,0
efc17f7887667be1,0,0
c5e6f368a704998b,0,0
8c102062e26ae348,0,0
d30a456e7ac32a27,0,0
650c98a9c96f49f6,0,0
ddc7b3ac63d15f1a,0,0
2b05aabe16ecb606,0,0
1912753de91cb8cb,0,0
df83fff00ecdf6c2,0,0
8acde7d14e093217,0,0
182140c4c4d5c691,0,0
a7158adcf486554e,0,0
ca18305393df92ec,0,0
ba8f6759c7a2bf34,0,0
570a547d2dd86d0d,0,0
3324ea7ad2397097,0,0
be07ffe11d9aed85,0,0
159bcfa39d12642e,0,0
3042808889ab8d23,0,0
4f2b14b9e90dab9c,0,0
943160a626bf25d9,0,0
741fcfb28e457f69,0,0
af14a8fa5ab0db1a,0,0
6748d4f5a473e02e,0,0
7c0ffec33b34db0b,0,0
2a369f473b25c85c,0,0
6184001113571b47,0,0
9f562872d31b5639,0,0
2863c04c4d7e4bb2,0,0
e83e9e651d8bfed2,0,0
5e2950f5b560b735,0,0
ce90a8eb49e7c05d,0,0
f81efc877768b617,0,0
546c3e8f764a90b9,0,0
c208012226ae368e,0,0
3fad50e4a637ac72,0,0
51c680999afc9664,0,0
d07d3ccb3a16fda5,0,0
bc52a0ea6bc16e6b,0,0
9c2151d793ce81bb,0,0
f13df80fefd06c2f,0,0
a9d87c1eed942073,0,0
841102444c5c6d1c,0,0
7e5aa1c84d6f58e5,0,0
a38c013335f92dc9,0,0
a0fb7896752cfa4b,0,0
79a540d5d782ddd6,0,0
3843a2ae279d0377,0,0
e27bf01fdea1d95e,0,0
52b1f93cda2941e6,0,0
0923048898b8da38,0,0
fdb442919bdeb0ca,0,0
461903666af25b92,0,0
41f7f12ceb58f497,0,0
f24a81aaaf05bbad,0,0
7086445d4f3a07ee,0,0
c5f7e03fbc43b3bd,0,0
a462f379b45382cc,0,0
134608103171b571,0,0
fb69852237bd6195,0,0
8d3206ccd4e4b724,0,0
83eee359d6b1e82f,0,0
e59502555f0b765b,0,0
e10c89ba9e740edc,0,0
8befc17f7887667b,0,0
48c5e6f368a70499,0,0
278c102062e26ae3,0,0
f6d30a456e7ac32a,0,0
1a650c98a9c96f49,0,0
06ddc7b3ac63d15f,0,0
cb2b05aabe16ecb6,0,0
c21912753de91cb8,0,0
17df83fff00ecdf6,0,0
918acde7d14e0932,0,0
4e182140c4c4d5c6,0,0
eca7158adcf48655,0,0
34ca18305393df92,0,0
0dba8f6759c7a2bf,0,0
97570a547d2dd86d,0,0
853324ea7ad23970,0,0
2ebe07ffe11d9aed,0,0
23159bcfa39d1264,0,0
9c3042808889ab8d,0,0
d94f2b14b9e90dab,0,0
69943160a626bf25,0,0
1a741fcfb28e457f,0,0
2eaf14a8fa5ab0db,0,0
0b6748d4f5a473e0,0,0
5c7c0ffec33b34db,0,0
472a369f473b25c8,0,0
396184001113571b,0,0
b29f562872d31b56,0,0
d22863c04c4d7e4b,0,0
35e83e9e651d8bfe,0,0
5d5e2950f5b560b7,0,0
17ce90a8eb49e7c0,0,0
b9f81efc877768b6,0,0
8e546c3e8f764a90,0,0
72c208012226ae36,0,0
643fad50e4a637ac,0,0
a551c680999afc96,0,0
6bd07d3ccb3a16fd,0,0
bbbc52a0ea6bc16e,0,0
2f9c2151d793ce81,0,0
73f13df80fefd06c,0,0
1ca9d87c1eed9420,0,0
e5841102444c5c6d,0,0
c97e5aa1c84d6f58,0,0
4ba38c013335f92d,0,0
d6a0fb7896752cfa,0,0
7779a540d5d782dd,0,0
5e3843a2ae279d03,0,0
e6e27bf01fdea1d9,0,0
3852b1f93cda2941,0,0
ca0923048898b8da,0,0
92fdb442919bdeb0,0,0
97461903666af25b,0,0
ad41f7f12ceb58f4,0,0
eef24a81aaaf05bb,0,0
bd7086445d4f3a07,0,0
ccc5f7e03fbc43b3,0,0
71a462f379b45382,0,0
95134608103171b5,0,0
24fb69852237bd61,0,0
2f8d3206ccd4e4b7,0,0
5b83eee359d6b1e8,0,0
dce59502555f0b76,0,0
7be10c89ba9e740e,0,0
998befc17f788766,0,0
e348c5e6f368a704,0,0
2a278c102062e26a,0,0
49f6d30a456e7ac3,0,0
5f1a650c98a9c96f,0,0
b606ddc7b3ac63d1,0,0
b8cb2b05aabe16ec,0,0
f6c21912753de91c,0,0
3217df83fff00ecd,0,0
c6918acde7d14e09,0,0
554e182140c4c4d5,0,0
a637ac72c2080122,0,0
9afc96643fad50e4,0,0
3a16fda551c68099,0,0
6bc16e6bd07d3ccb,0,0
93ce81bbbc52a0ea,0,0
efd06c2f9c2151d7,0,0
ed942073f13df80f,0,0
4c5c6d1ca9d87c1e,0,0
4d6f58e584110244,0,0
35f92dc97e5aa1c8,0,0
752cfa4ba38c0133,1,0
0000d42705944b51,0,1
940500459cafb8db,0,0
6386114000406f9a,0,0
0100420a0200420a,0,0
0a6d80058913bfac,0,0
18e2000046525051,0,0
ddbc6a9937060000,0,0
158adcf486554e18,0,0
18305393df92eca7,0,0
8f6759c7a2bf34ca,0,0
0a547d2dd86d0dba,0,0
24ea7ad239709757,0,0
07ffe11d9aed8533,0,0
9bcfa39d12642ebe,0,0
42808889ab8d2315,0,0
2b14b9e90dab9c30,0,0
3160a626bf25d94f,0,0
1fcfb28e457f6994,0,0
14a8fa5ab0db1a74,0,0
48d4f5a473e02eaf,0,0
0ffec33b34db0b67,0,0
369f473b25c85c7c,0,0
84001113571b472a,0,0
562872d31b563961,0,0
63c04c4d7e4bb29f,0,0
3e9e651d8bfed228,0,0
2950f5b560b735e8,0,0
90a8eb49e7c05d5e,0,0
1efc877768b617ce,0,0
6c3e8f764a90b9f8,0,0
08012226ae368e54,0,0
ad50e4a637ac72c2,0,0
c680999afc96643f,0,0
7d3ccb3a16fda551,0,0
52a0ea6bc16e6bd0,0,0
2151d793ce81bbbc,0,0
3df80fefd06c2f9c,0,0
d87c1eed942073f1,0,0
1102444c5c6d1ca9,0,0
5aa1c84d6f58e584,0,0
8c013335f92dc97e,0,0
fb7896752cfa4ba3,0,0
a540d5d782ddd6a0,0,0
43a2ae279d037779,0,0
7bf01fdea1d95e38,0,0
b1f93cda2941e6e2,0,0
23048898b8da3852,0,0
b442919bdeb0ca09,0,0
1903666af25b92fd,0,0
f7f12ceb58f49746,0,0
4a81aaaf05bbad41,0,0
86445d4f3a07eef2,0,0
f7e03fbc43b3bd70,0,0
62f379b45382ccc5,0,0
4608103171b571a4,0,0
69852237bd619513,0,0
3206ccd4e4b724fb,0,0
eee359d6b1e82f8d,0,0
9502555f0b765b83,0,0
0c89ba9e740edce5,0,0
efc17f7887667be1,0,0
c5e6f368a704998b,0,0
8c102062e26ae348,0,0
d30a456e7ac32a27,0,0
650c98a9c96f49f6,0,0
ddc7b3ac63d15f1a,0,0
2b05aabe16ecb606,0,0
1912753de91cb8cb,0,0
df83fff00ecdf6c2,0,0
8acde7d14e093217,0,0
182140c4c4d5c691,0,0
a7158adcf486554e,0,0
ca18305393df92ec,0,0
ba8f6759c7a2bf34,0,0
570a547d2dd86d0d,0,0
3324ea7ad2397097,0,0
be07ffe11d9aed85,0,0
159bcfa39d12642e,0,0
3042808889ab8d23,0,0
4f2b14b9e90dab9c,0,0
943160a626bf25d9,0,0
741fcfb28e457f69,0,0
af14a8fa5ab0db1a,0,0
6748d4f5a473e02e,0,0
7c0ffec33b34db0b,0,0
2a369f473b25c85c,0,0
6184001113571b47,0,0
9f562872d31b5639,0,0
2863c04c4d7e4bb2,0,0
e83e9e651d8bfed2,0,0
5e2950f5b560b735,0,0
ce90a8eb49e7c05d,0,0
f81efc877768b617,0,0
546c3e8f764a90b9,0,0
c208012226ae368e,0,0
3fad50e4a637ac72,0,0
51c680999afc9664,0,0
d07d3ccb3a16fda5,0,0
bc52a0ea6bc16e6b,0,0
9c2151d793ce81bb,0,0
f13df80fefd06c2f,0,0
a9d87c1eed942073,0,0
841102444c5c6d1c,0,0
7e5aa1c84d6f58e5,0,0
a38c013335f92dc9,0,0
a0fb7896752cfa4b,0,0
79a540d5d782ddd6,0,0
3843a2ae279d0377,0,0
e27bf01fdea1d95e,0,0
52b1f93cda2941e6,0,0
0923048898b8da38,0,0
fdb442919bdeb0ca,0,0
461903666af25b92,0,0
41f7f12ceb58f497,0,0
f24a81aaaf05bbad,0,0
7086445d4f3a07ee,0,0
c5f7e03fbc43b3bd,0,0
a462f379b45382cc,0,0
134608103171b571,0,0
fb69852237bd6195,0,0
8d3206ccd4e4b724,0,0
83eee359d6b1e82f,0,0
e59502555f0b765b,0,0
e10c89ba9e740edc,0,0
8befc17f7887667b,0,0
48c5e6f368a70499,0,0
278c102062e26ae3,0,0
f6d30a456e7ac32a,0,0
1a650c98a9c96f49,0,0
06ddc7b3ac63d15f,0,0
cb2b05aabe16ecb6,0,0
c21912753de91cb8,0,0
17df83fff00ecdf6,0,0
918acde7d14e0932,0,0
4e182140c4c4d5c6,0,0
eca7158adcf48655,0,0
34ca18305393df92,0,0
0dba8f6759c7a2bf,0,0
97570a547d2dd86d,0,0
853324ea7ad23970,0,0
2ebe07ffe11d9aed,0,0
23159bcfa39d1264,0,0
9c3042808889ab8d,0,0
d94f2b14b9e90dab,0,0
69943160a626bf25,0,0
1a741fcfb28e457f,0,0
2eaf14a8fa5ab0db,0,0
0b6748d4f5a473e0,0,0
5c7c0ffec33b34db,0,0
472a369f473b25c8,0,0
396184001113571b,0,0
b29f562872d31b56,0,0
d22863c04c4d7e4b,0,0
35e83e9e651d8bfe,0,0
5d5e2950f5b560b7,0,0
17ce90a8eb49e7c0,0,0
b9f81efc877768b6,0,0
8e546c3e8f764a90,0,0
72c208012226ae36,0,0
643fad50e4a637ac,0,0
a551c680999afc96,0,0
6bd07d3ccb3a16fd,0,0
bbbc52a0ea6bc16e,0,0
2f9c2151d793ce81,0,0
73f13df80fefd06c,0,0
1ca9d87c1eed9420,0,0
e5841102444c5c6d,0,0
c97e5aa1c84d6f58,0,0
4ba38c013335f92d,0,0
d6a0fb7896752cfa,0,0
7779a540d5d782dd,0,0
5e3843a2ae279d03,0,0
e6e27bf01fdea1d9,0,0
3852b1f93cda2941,0,0
ca0923048898b8da,0,0
92fdb442919bdeb0,0,0
97461903666af25b,0,0
ad41f7f12ceb58f4,0,0
eef24a81aaaf05bb,0,0
bd7086445d4f3a07,0,0
f6d30a456e7ac32a,0,0
1a650c98a9c96f49,0,0
06ddc7b3ac63d15f,0,0
cb2b05aabe16ecb6,0,0
c21912753de91cb8,0,0
17df83fff00ecdf6,0,0
918acde7d14e0932,0,0
4e182140c4c4d5c6,0,0
eca7158adcf48655,0,0
34ca18305393df92,0,0
0dba8f6759c7a2bf,1,0
0000d42805944b51,0,1
940500452bd61947,0,0
628611400040709a,0,0
0100420a0200420a,0,0
14b580058913bfac,0,0
19e2000046525051,0,0
701a769937060000,0,0
ac63d15f1a650c98,0,0
be16ecb606ddc7b3,0,0
3de91cb8cb2b05aa,0,0
f00ecdf6c2191275,0,0
d14e093217df83ff,0,0
c4c4d5c6918acde7,0,0
dcf486554e182140,0,0
5393df92eca7158a,0,0
59c7a2bf34ca1830,0,0
7d2dd86d0dba8f67,0,0
7ad2397097570a54,0,0
e11d9aed853324ea,0,0
a39d12642ebe07ff,0,0
8889ab8d23159bcf,0,0
b9e90dab9c304280,0,0
a626bf25d94f2b14,0,0
b28e457f69943160,0,0
fa5ab0db1a741fcf,0,0
f5a473e02eaf14a8,0,0
c33b34db0b6748d4,0,0
473b25c85c7c0ffe,0,0
1113571b472a369f,0,0
72d31b5639618400,0,0
4c4d7e4bb29f5628,0,0
651d8bfed22863c0,0,0
f5b560b735e83e9e,0,0
eb49e7c05d5e2950,0,0
877768b617ce90a8,0,0
8f764a90b9f81efc,0,0
2226ae368e546c3e,0,0
e4a637ac72c20801,0,0
999afc96643fad50,0,0
cb3a16fda551c680,0,0
ea6bc16e6bd07d3c,0,0
d793ce81bbbc52a0,0,0
0fefd06c2f9c2151,0,0
1eed942073f13df8,0,0
444c5c6d1ca9d87c,0,0
c84d6f58e5841102,0,0
3335f92dc97e5aa1,0,0
96752cfa4ba38c01,0,0
d5d782ddd6a0fb78,0,0
ae279d037779a540,0,0
1fdea1d95e3843a2,0,0
3cda2941e6e27bf0,0,0
8898b8da3852b1f9,0,0
919bdeb0ca092304,0,0
666af25b92fdb442,0,0
2ceb58f497461903,0,0
aaaf05bbad41f7f1,0,0
5d4f3a07eef24a81,0,0
3fbc43b3bd708644,0,0
79b45382ccc5f7e0,0,0
103171b571a462f3,0,0
2237bd6195134608,0,0
ccd4e4b724fb6985,0,0
59d6b1e82f8d3206,0,0
555f0b765b83eee3,0,0
ba9e740edce59502,0,0
7f7887667be10c89,0,0
f368a704998befc1,0,0
2062e26ae348c5e6,0,0
456e7ac32a278c10,0,0
98a9c96f49f6d30a,0,0
b3ac63d15f1a650c,0,0
aabe16ecb606ddc7,0,0
753de91cb8cb2b05,0,0
fff00ecdf6c21912,0,0
e7d14e093217df83,0,0
40c4c4d5c6918acd,0,0
8adcf486554e1821,0,0
305393df92eca715,0,0
6759c7a2bf34ca18,0,0
547d2dd86d0dba8f,0,0
ea7ad2397097570a,0,0
ffe11d9aed853324,0,0
cfa39d12642ebe07,0,0
808889ab8d23159b,0,0
14b9e90dab9c3042,0,0
60a626bf25d94f2b,0,0
cfb28e457f699431,0,0
a8fa5ab0db1a741f,0,0
d4f5a473e02eaf14,0,0
fec33b34db0b6748,0,0
9f473b25c85c7c0f,0,0
001113571b472a36,0,0
2872d31b56396184,0,0
c04c4d7e4bb29f56,0,0
9e651d8bfed22863,0,0
50f5b560b735e83e,0,0
a8eb49e7c05d5e29,0,0
fc877768b617ce90,0,0
3e8f764a90b9f81e,0,0
012226ae368e546c,0,0
50e4a637ac72c208,0,0
80999afc96643fad,0,0
3ccb3a16fda551c6,0,0
a0ea6bc16e6bd07d,0,0
51d793ce81bbbc52,0,0
f80fefd06c2f9c21,0,0
7c1eed942073f13d,0,0
02444c5c6d1ca9d8,0,0
a1c84d6f58e58411,0,0
013335f92dc97e5a,0,0
7896752cfa4ba38c,0,0
40d5d782ddd6a0fb,0,0
a2ae279d037779a5,0,0
f01fdea1d95e3843,0,0
f93cda2941e6e27b,0,0
048898b8da3852b1,0,0
42919bdeb0ca0923,0,0
03666af25b92fdb4,0,0
f12ceb58f4974619,0,0
81aaaf05bbad41f7,0,0
445d4f3a07eef24a,0,0
e03fbc43b3bd7086,0,0
f379b45382ccc5f7,0,0
08103171b571a462,0,0
852237bd61951346,0,0
06ccd4e4b724fb69,0,0
e359d6b1e82f8d32,0,0
02555f0b765b83ee,0,0
89ba9e740edce595,0,0
c17f7887667be10c,0,0
e6f368a704998bef,0,0
102062e26ae348c5,0,0
0a456e7ac32a278c,0,0
0c98a9c96f49f6d3,0,0
c7b3ac63d15f1a65,0,0
05aabe16ecb606dd,0,0
12753de91cb8cb2b,0,0
83fff00ecdf6c219,0,0
cde7d14e093217df,0,0
2140c4c4d5c6918a,0,0
158adcf486554e18,0,0
18305393df92eca7,0,0
8f6759c7a2bf34ca,0,0
0a547d2dd86d0dba,0,0
24ea7ad239709757,0,0
07ffe11d9aed8533,0,0
9bcfa39d12642ebe,0,0
42808889ab8d2315,0,0
2b14b9e90dab9c30,0,0
3160a626bf25d94f,0,0
1fcfb28e457f6994,0,0
14a8fa5ab0db1a74,0,0
48d4f5a473e02eaf,0,0
0ffec33b34db0b67,0,0
369f473b25c85c7c,0,0
84001113571b472a,0,0
562872d31b563961,0,0
63c04c4d7e4bb29f,0,0
3e9e651d8bfed228,0,0
2950f5b560b735e8,0,0
90a8eb49e7c05d5e,0,0
1efc877768b617ce,0,0
6c3e8f764a90b9f8,0,0
08012226ae368e54,0,0
ad50e4a637ac72c2,0,0
c680999afc96643f,0,0
7d3ccb3a16fda551,0,0
52a0ea6bc16e6bd0,0,0
2151d793ce81bbbc,0,0
3df80fefd06c2f9c,0,0
d87c1eed942073f1,0,0
1102444c5c6d1ca9,0,0
5aa1c84d6f58e584,0,0
8c013335f92dc97e,0,0
fb7896752cfa4ba3,0,0
a540d5d782ddd6a0,0,0
43a2ae279d037779,0,0
7bf01fdea1d95e38,0,0
b1f93cda2941e6e2,0,0
c04c4d7e4bb29f56,0,0
9e651d8bfed22863,0,0
50f5b560b735e83e,0,0
a8eb49e7c05d5e29,0,0
fc877768b617ce90,0,0
3e8f764a90b9f81e,0,0
012226ae368e546c,0,0
50e4a637ac72c208,0,0
80999afc96643fad,0,0
3ccb3a16fda551c6,0,0
a0ea6bc16e6bd07d,1,0
0000d42905944b51,0,1
94050045ad4ddaeb,0,0
618611400040719a,0,0
0100420a0200420a,0,0
83be80058913bfac,0,0
1ae2000046525051,0,0
747e819937060000,0,0
c97e5aa1c84d6f58,0,0
4ba38c013335f92d,0,0
d6a0fb7896752cfa,0,0
7779a540d5d782dd,0,0
5e3843a2ae279d03,0,0
e6e27bf01fdea1d9,0,0
3852b1f93cda2941,0,0
ca0923048898b8da,0,0
92fdb442919bdeb0,0,0
97461903666af25b,0,0
ad41f7f12ceb58f4,0,0
eef24a81aaaf05bb,0,0
bd7086445d4f3a07,0,0
ccc5f7e03fbc43b3,0,0
71a462f379b45382,0,0
95134608103171b5,0,0
24fb69852237bd61,0,0
2f8d3206ccd4e4b7,0,0
5b83eee359d6b1e8,0,0
dce59502555f0b76,0,0
7be10c89ba9e740e,0,0
998befc17f788766,0,0
e348c5e6f368a704,0,0
2a278c102062e26a,0,0
49f6d30a456e7ac3,0,0
5f1a650c98a9c96f,0,0
b606ddc7b3ac63d1,0,0
b8cb2b05aabe16ec,0,0
f6c21912753de91c,0,0
3217df83fff00ecd,0,0
c6918acde7d14e09,0,0
554e182140c4c4d5,0,0
92eca7158adcf486,0,0
bf34ca18305393df,0,0
6d0dba8f6759c7a2,0,0
7097570a547d2dd8,0,0
ed853324ea7ad239,0,0
642ebe07ffe11d9a,0,0
8d23159bcfa39d12,0,0
ab9c3042808889ab,0,0
25d94f2b14b9e90d,0,0
7f69943160a626bf,0,0
db1a741fcfb28e45,0,0
e02eaf14a8fa5ab0,0,0
db0b6748d4f5a473,0,0
c85c7c0ffec33b34,0,0
1b472a369f473b25,0,0
5639618400111357,0,0
4bb29f562872d31b,0,0
fed22863c04c4d7e,0,0
b735e83e9e651d8b,0,0
c05d5e2950f5b560,0,0
b617ce90a8eb49e7,0,0
90b9f81efc877768,0,0
368e546c3e8f764a,0,0
ac72c208012226ae,0,0
96643fad50e4a637,0,0
fda551c680999afc,0,0
6e6bd07d3ccb3a16,0,0
81bbbc52a0ea6bc1,0,0
6c2f9c2151d793ce,0,0
2073f13df80fefd0,0,0
6d1ca9d87c1eed94,0,0
58e5841102444c5c,0,0
2dc97e5aa1c84d6f,0,0
fa4ba38c013335f9,0,0
ddd6a0fb7896752c,0,0
037779a540d5d782,0,0
d95e3843a2ae279d,0,0
41e6e27bf01fdea1,0,0
da3852b1f93cda29,0,0
b0ca0923048898b8,0,0
5b92fdb442919bde,0,0
f497461903666af2,0,0
bbad41f7f12ceb58,0,0
07eef24a81aaaf05,0,0
b3bd7086445d4f3a,0,0
82ccc5f7e03fbc43,0,0
b571a462f379b453,0,0
6195134608103171,0,0
b724fb69852237bd,0,0
e82f8d3206ccd4e4,0,0
765b83eee359d6b1,0,0
0edce59502555f0b,0,0
667be10c89ba9e74,0,0
04998befc17f7887,0,0
6ae348c5e6f368a7,0,0
c32a278c102062e2,0,0
6f49f6d30a456e7a,0,0
d15f1a650c98a9c9,0,0
ecb606ddc7b3ac63,0,0
1cb8cb2b05aabe16,0,0
cdf6c21912753de9,0,0
093217df83fff00e,0,0
d5c6918acde7d14e,0,0
86554e182140c4c4,0,0
df92eca7158adcf4,0,0
a2bf34ca18305393,0,0
d86d0dba8f6759c7,0,0
397097570a547d2d,0,0
9aed853324ea7ad2,0,0
12642ebe07ffe11d,0,0
ab8d23159bcfa39d,0,0
0dab9c3042808889,0,0
bf25d94f2b14b9e9,0,0
457f69943160a626,0,0
b0db1a741fcfb28e,0,0
73e02eaf14a8fa5a,0,0
34db0b6748d4f5a4,0,0
25c85c7c0ffec33b,0,0
571b472a369f473b,0,0
1b56396184001113,0,0
7e4bb29f562872d3,0,0
8bfed22863c04c4d,0,0
60b735e83e9e651d,0,0
e7c05d5e2950f5b5,0,0
68b617ce90a8eb49,0,0
4a90b9f81efc8777,0,0
ae368e546c3e8f76,0,0
37ac72c208012226,0,0
fc96643fad50e4a6,0,0
16fda551c680999a,0,0
c16e6bd07d3ccb3a,0,0
ce81bbbc52a0ea6b,0,0
d06c2f9c2151d793,0,0
942073f13df80fef,0,0
5c6d1ca9d87c1eed,0,0
6f58e5841102444c,0,0
f92dc97e5aa1c84d,0,0
2cfa4ba38c013335,0,0
82ddd6a0fb789675,0,0
9d037779a540d5d7,0,0
a1d95e3843a2ae27,0,0
2941e6e27bf01fde,0,0
b8da3852b1f93cda,0,0
deb0ca0923048898,0,0
f25b92fdb442919b,0,0
58f497461903666a,0,0
05bbad41f7f12ceb,0,0
3a07eef24a81aaaf,0,0
43b3bd7086445d4f,0,0
5382ccc5f7e03fbc,0,0
71b571a462f379b4,0,0
bd61951346081031,0,0
e4b724fb69852237,0,0
b1e82f8d3206ccd4,0,0
0b765b83eee359d6,0,0
740edce59502555f,0,0
87667be10c89ba9e,0,0
a704998befc17f78,0,0
e26ae348c5e6f368,0,0
7ac32a278c102062,0,0
c96f49f6d30a456e,0,0
63d15f1a650c98a9,0,0
16ecb606ddc7b3ac,0,0
e91cb8cb2b05aabe,0,0
0ecdf6c21912753d,0,0
4e093217df83fff0,0,0
c4d5c6918acde7d1,0,0
f486554e182140c4,0,0
93df92eca7158adc,0,0
c7a2bf34ca183053,0,0
2dd86d0dba8f6759,0,0
d2397097570a547d,0,0
1d9aed853324ea7a,0,0
9d12642ebe07ffe1,0,0
89ab8d23159bcfa3,0,0
e90dab9c30428088,0,0
26bf25d94f2b14b9,0,0
8e457f69943160a6,0,0
5ab0db1a741fcfb2,0,0
a473e02eaf14a8fa,0,0
3b34db0b6748d4f5,0,0
90a8eb49e7c05d5e,0,0
1efc877768b617ce,0,0
6c3e8f764a90b9f8,0,0
08012226ae368e54,0,0
ad50e4a637ac72c2,0,0
c680999afc96643f,0,0
7d3ccb3a16fda551,0,0
52a0ea6bc16e6bd0,0,0
2151d793ce81bbbc,0,0
3df80fefd06c2f9c,0,0
d87c1eed942073f1,1,0
0000d42a05944b51,0,1
94050045cfdeb660,0,0
608611400040729a,0,0
0100420a0200420a,0,0
aef580058913bfac,0,0
1be2000046525051,0,0
73e88c9937060000,0,0
7097570a547d2dd8,0,0
ed853324ea7ad239,0,0
642ebe07ffe11d9a,0,0
8d23159bcfa39d12,0,0
ab9c3042808889ab,0,0
25d94f2b14b9e90d,0,0
7f69943160a626bf,0,0
db1a741fcfb28e45,0,0
e02eaf14a8fa5ab0,0,0
db0b6748d4f5a473,0,0
c85c7c0ffec33b34,0,0
1b472a369f473b25,0,0
5639618400111357,0,0
4bb29f562872d31b,0,0
fed22863c04c4d7e,0,0
b735e83e9e651d8b,0,0
c05d5e2950f5b560,0,0
b617ce90a8eb49e7,0,0
90b9f81efc877768,0,0
368e546c3e8f764a,0,0
ac72c208012226ae,0,0
96643fad50e4a637,0,0
fda551c680999afc,0,0
6e6bd07d3ccb3a16,0,0
81bbbc52a0ea6bc1,0,0
6c2f9c2151d793ce,0,0
2073f13df80fefd0,0,0
6d1ca9d87c1eed94,0,0
58e5841102444c5c,0,0
2dc97e5aa1c84d6f,0,0
fa4ba38c013335f9,0,0
ddd6a0fb7896752c,0,0
037779a540d5d782,0,0
d95e3843a2ae279d,0,0
41e6e27bf01fdea1,0,0
da3852b1f93cda29,0,0
b0ca0923048898b8,0,0
5b92fdb442919bde,0,0
f497461903666af2,0,0
bbad41f7f12ceb58,0,0
07eef24a81aaaf05,0,0
b3bd7086445d4f3a,0,0
82ccc5f7e03fbc43,0,0
b571a462f379b453,0,0
6195134608103171,0,0
b724fb69852237bd,0,0
e82f8d3206ccd4e4,0,0
765b83eee359d6b1,0,0
0edce59502555f0b,0,0
667be10c89ba9e74,0,0
04998befc17f7887,0,0
6ae348c5e6f368a7,0,0
c32a278c102062e2,0,0
6f49f6d30a456e7a,0,0
d15f1a650c98a9c9,0,0
ecb606ddc7b3ac63,0,0
1cb8cb2b05aabe16,0,0
cdf6c21912753de9,0,0
093217df83fff00e,0,0
d5c6918acde7d14e,0,0
86554e182140c4c4,0,0
df92eca7158adcf4,0,0
a2bf34ca18305393,0,0
d86d0dba8f6759c7,0,0
397097570a547d2d,0,0
9aed853324ea7ad2,0,0
12642ebe07ffe11d,0,0
ab8d23159bcfa39d,0,0
0dab9c3042808889,0,0
bf25d94f2b14b9e9,0,0
457f69943160a626,0,0
b0db1a741fcfb28e,0,0
73e02eaf14a8fa5a,0,0
34db0b6748d4f5a4,0,0
25c85c7c0ffec33b,0,0
571b472a369f473b,0,0
1b56396184001113,0,0
7e4bb29f562872d3,0,0
8bfed22863c04c4d,0,0
60b735e83e9e651d,0,0
e7c05d5e2950f5b5,0,0
68b617ce90a8eb49,0,0
4a90b9f81efc8777,0,0
ae368e546c3e8f76,0,0
37ac72c208012226,0,0
fc96643fad50e4a6,0,0
16fda551c680999a,0,0
c16e6bd07d3ccb3a,0,0
ce81bbbc52a0ea6b,0,0
d06c2f9c2151d793,0,0
942073f13df80fef,0,0
5c6d1ca9d87c1eed,0,0
6f58e5841102444c,0,0
f92dc97e5aa1c84d,0,0
2cfa4ba38c013335,0,0
82ddd6a0fb789675,0,0
9d037779a540d5d7,0,0
a1d95e3843a2ae27,0,0
2941e6e27bf01fde,0,0
b8da3852b1f93cda,0,0
deb0ca0923048898,0,0
f25b92fdb442919b,0,0
58f497461903666a,0,0
05bbad41f7f12ceb,0,0
3a07eef24a81aaaf,0,0
43b3bd7086445d4f,0,0
5382ccc5f7e03fbc,0,0
71b571a462f379b4,0,0
bd61951346081031,0,0
e4b724fb69852237,0,0
b1e82f8d3206ccd4,0,0
0b765b83eee359d6,0,0
740edce59502555f,0,0
87667be10c89ba9e,0,0
a704998befc17f78,0,0
e26ae348c5e6f368,0,0
7ac32a278c102062,0,0
c96f49f6d30a456e,0,0
63d15f1a650c98a9,0,0
16ecb606ddc7b3ac,0,0
e91cb8cb2b05aabe,0,0
0ecdf6c21912753d,0,0
4e093217df83fff0,0,0
c4d5c6918acde7d1,0,0
f486554e182140c4,0,0
93df92eca7158adc,0,0
c7a2bf34ca183053,0,0
2dd86d0dba8f6759,0,0
d2397097570a547d,0,0
1d9aed853324ea7a,0,0
9d12642ebe07ffe1,0,0
89ab8d23159bcfa3,0,0
e90dab9c30428088,0,0
26bf25d94f2b14b9,0,0
8e457f69943160a6,0,0
5ab0db1a741fcfb2,0,0
a473e02eaf14a8fa,0,0
3b34db0b6748d4f5,0,0
3b25c85c7c0ffec3,0,0
13571b472a369f47,0,0
d31b563961840011,0,0
4d7e4bb29f562872,0,0
1d8bfed22863c04c,0,0
b560b735e83e9e65,0,0
49e7c05d5e2950f5,0,0
7768b617ce90a8eb,0,0
764a90b9f81efc87,0,0
26ae368e546c3e8f,0,0
a637ac72c2080122,0,0
9afc96643fad50e4,0,0
3a16fda551c68099,0,0
6bc16e6bd07d3ccb,0,0
93ce81bbbc52a0ea,0,0
efd06c2f9c2151d7,0,0
ed942073f13df80f,0,0
4c5c6d1ca9d87c1e,0,0
4d6f58e584110244,0,0
35f92dc97e5aa1c8,0,0
752cfa4ba38c0133,0,0
d782ddd6a0fb7896,0,0
279d037779a540d5,0,0
dea1d95e3843a2ae,0,0
da2941e6e27bf01f,0,0
98b8da3852b1f93c,0,0
9bdeb0ca09230488,0,0
6af25b92fdb44291,0,0
eb58f49746190366,0,0
af05bbad41f7f12c,0,0
4f3a07eef24a81aa,0,0
bc43b3bd7086445d,0,0
b45382ccc5f7e03f,0,0
3171b571a462f379,0,0
37bd619513460810,0,0
6184001113571b47,0,0
9f562872d31b5639,0,0
2863c04c4d7e4bb2,0,0
e83e9e651d8bfed2,0,0
5e2950f5b560b735,0,0
ce90a8eb49e7c05d,0,0
f81efc877768b617,0,0
546c3e8f764a90b9,0,0
c208012226ae368e,0,0
3fad50e4a637ac72,0,0
51c680999afc9664,1,0
0000d42b05944b51,0,1
940500459ceeedd5,0,0
5f8611400040739a,0,0
0100420a0200420a,0,0
9eac80058913bfac,0,0
1ce2000046525051,0,0
f04c989937060000,0,0
7bf01fdea1d95e38,0,0
b1f93cda2941e6e2,0,0
23048898b8da3852,0,0
b442919bdeb0ca09,0,0
1903666af25b92fd,0,0
f7f12ceb58f49746,0,0
4a81aaaf05bbad41,0,0
86445d4f3a07eef2,0,0
f7e03fbc43b3bd70,0,0
62f379b45382ccc5,0,0
4608103171b571a4,0,0
69852237bd619513,0,0
3206ccd4e4b724fb,0,0
eee359d6b1e82f8d,0,0
9502555f0b765b83,0,0
0c89ba9e740edce5,0,0
efc17f7887667be1,0,0
c5e6f368a704998b,0,0
8c102062e26ae348,0,0
d30a456e7ac32a27,0,0
650c98a9c96f49f6,0,0
ddc7b3ac63d15f1a,0,0
2b05aabe16ecb606,0,0
1912753de91cb8cb,0,0
df83fff00ecdf6c2,0,0
8acde7d14e093217,0,0
182140c4c4d5c691,0,0
a7158adcf486554e,0,0
ca18305393df92ec,0,0
ba8f6759c7a2bf34,0,0
570a547d2dd86d0d,0,0
3324ea7ad2397097,0,0
be07ffe11d9aed85,0,0
159bcfa39d12642e,0,0
3042808889ab8d23,0,0
4f2b14b9e90dab9c,0,0
943160a626bf25d9,0,0
741fcfb28e457f69,0,0
af14a8fa5ab0db1a,0,0
6748d4f5a473e02e,0,0
7c0ffec33b34db0b,0,0
2a369f473b25c85c,0,0
6184001113571b47,0,0
9f562872d31b5639,0,0
2863c04c4d7e4bb2,0,0
e83e9e651d8bfed2,0,0
5e2950f5b560b735,0,0
ce90a8eb49e7c05d,0,0
f81efc877768b617,0,0
546c3e8f764a90b9,0,0
c208012226ae368e,0,0
3fad50e4a637ac72,0,0
51c680999afc9664,0,0
d07d3ccb3a16fda5,0,0
bc52a0ea6bc16e6b,0,0
9c2151d793ce81bb,0,0
f13df80fefd06c2f,0,0
a9d87c1eed942073,0,0
841102444c5c6d1c,0,0
7e5aa1c84d6f58e5,0,0
a38c013335f92dc9,0,0
a0fb7896752cfa4b,0,0
79a540d5d782ddd6,0,0
3843a2ae279d0377,0,0
e27bf01fdea1d95e,0,0
52b1f93cda2941e6,0,0
0923048898b8da38,0,0
fdb442919bdeb0ca,0,0
461903666af25b92,0,0
41f7f12ceb58f497,0,0
f24a81aaaf05bbad,0,0
7086445d4f3a07ee,0,0
c5f7e03fbc43b3bd,0,0
a462f379b45382cc,0,0
134608103171b571,0,0
fb69852237bd6195,0,0
8d3206ccd4e4b724,0,0
83eee359d6b1e82f,0,0
e59502555f0b765b,0,0
e10c89ba9e740edc,0,0
8befc17f7887667b,0,0
48c5e6f368a70499,0,0
278c102062e26ae3,0,0
f6d30a456e7ac32a,0,0
1a650c98a9c96f49,0,0
06ddc7b3ac63d15f,0,0
cb2b05aabe16ecb6,0,0
c21912753de91cb8,0,0
17df83fff00ecdf6,0,0
918acde7d14e0932,0,0
4e182140c4c4d5c6,0,0
eca7158adcf48655,0,0
34ca18305393df92,0,0
0dba8f6759c7a2bf,0,0
97570a547d2dd86d,0,0
853324ea7ad23970,0,0
2ebe07ffe11d9aed,0,0
23159bcfa39d1264,0,0
9c3042808889ab8d,0,0
d94f2b14b9e90dab,0,0
69943160a626bf25,0,0
1a741fcfb28e457f,0,0
2eaf14a8fa5ab0db,0,0
0b6748d4f5a473e0,0,0
5c7c0ffec33b34db,0,0
472a369f473b25c8,0,0
396184001113571b,0,0
b29f562872d31b56,0,0
d22863c04c4d7e4b,0,0
35e83e9e651d8bfe,0,0
5d5e2950f5b560b7,0,0
17ce90a8eb49e7c0,0,0
b9f81efc877768b6,0,0
8e546c3e8f764a90,0,0
72c208012226ae36,0,0
643fad50e4a637ac,0,0
a551c680999afc96,0,0
6bd07d3ccb3a16fd,0,0
bbbc52a0ea6bc16e,0,0
2f9c2151d793ce81,0,0
73f13df80fefd06c,0,0
1ca9d87c1eed9420,0,0
e5841102444c5c6d,0,0
c97e5aa1c84d6f58,0,0
4ba38c013335f92d,0,0
d6a0fb7896752cfa,0,0
7779a540d5d782dd,0,0
5e3843a2ae279d03,0,0
e6e27bf01fdea1d9,0,0
3852b1f93cda2941,0,0
ca0923048898b8da,0,0
92fdb442919bdeb0,0,0
97461903666af25b,0,0
ad41f7f12ceb58f4,0,0
eef24a81aaaf05bb,0,0
bd7086445d4f3a07,0,0
ccc5f7e03fbc43b3,0,0
71a462f379b45382,0,0
95134608103171b5,0,0
24fb69852237bd61,0,0
2f8d3206ccd4e4b7,0,0
5b83eee359d6b1e8,0,0
dce59502555f0b76,0,0
7be10c89ba9e740e,0,0
998befc17f788766,0,0
e348c5e6f368a704,0,0
2a278c102062e26a,0,0
49f6d30a456e7ac3,0,0
5f1a650c98a9c96f,0,0
b606ddc7b3ac63d1,0,0
b8cb2b05aabe16ec,0,0
f6c21912753de91c,0,0
3217df83fff00ecd,0,0
c6918acde7d14e09,0,0
554e182140c4c4d5,0,0
92eca7158adcf486,0,0
bf34ca18305393df,0,0
6d0dba8f6759c7a2,0,0
7097570a547d2dd8,0,0
ed853324ea7ad239,0,0
642ebe07ffe11d9a,0,0
8d23159bcfa39d12,0,0
ab9c3042808889ab,0,0
25d94f2b14b9e90d,0,0
7f69943160a626bf,0,0
db1a741fcfb28e45,0,0
e02eaf14a8fa5ab0,0,0
db0b6748d4f5a473,0,0
c85c7c0ffec33b34,0,0
1b472a369f473b25,0,0
5639618400111357,0,0
4bb29f562872d31b,0,0
fed22863c04c4d7e,0,0
3160a626bf25d94f,0,0
1fcfb28e457f6994,0,0
14a8fa5ab0db1a74,0,0
48d4f5a473e02eaf,0,0
0ffec33b34db0b67,0,0
369f473b25c85c7c,0,0
84001113571b472a,0,0
562872d31b563961,0,0
63c04c4d7e4bb29f,0,0
3e9e651d8bfed228,0,0
2950f5b560b735e8,1,0
0000d42c05944b51,0,1
9405004550721186,0,0
5e8611400040749a,0,0
0100420a0200420a,0,0
025580058913bfac,0,0
1de2000046525051,0,0
2fb3a39937060000,0,0
c21912753de91cb8,0,0
17df83fff00ecdf6,0,0
918acde7d14e0932,0,0
4e182140c4c4d5c6,0,0
eca7158adcf48655,0,0
34ca18305393df92,0,0
0dba8f6759c7a2bf,0,0
97570a547d2dd86d,0,0
853324ea7ad23970,0,0
2ebe07ffe11d9aed,0,0
23159bcfa39d1264,0,0
9c3042808889ab8d,0,0
d94f2b14b9e90dab,0,0
69943160a626bf25,0,0
1a741fcfb28e457f,0,0
2eaf14a8fa5ab0db,0,0
0b6748d4f5a473e0,0,0
5c7c0ffec33b34db,0,0
472a369f473b25c8,0,0
396184001113571b,0,0
b29f562872d31b56,0,0
d22863c04c4d7e4b,0,0
35e83e9e651d8bfe,0,0
5d5e2950f5b560b7,0,0
17ce90a8eb49e7c0,0,0
b9f81efc877768b6,0,0
8e546c3e8f764a90,0,0
72c208012226ae36,0,0
643fad50e4a637ac,0,0
a551c680999afc96,0,0
6bd07d3ccb3a16fd,0,0
bbbc52a0ea6bc16e,0,0
2f9c2151d793ce81,0,0
73f13df80fefd06c,0,0
1ca9d87c1eed9420,0,0
e5841102444c5c6d,0,0
c97e5aa1c84d6f58,0,0
4ba38c013335f92d,0,0
d6a0fb7896752cfa,0,0
7779a540d5d782dd,0,0
5e3843a2ae279d03,0,0
e6e27bf01fdea1d9,0,0
3852b1f93cda2941,0,0
ca0923048898b8da,0,0
92fdb442919bdeb0,0,0
97461903666af25b,0,0
ad41f7f12ceb58f4,0,0
eef24a81aaaf05bb,0,0
bd7086445d4f3a07,0,0
ccc5f7e03fbc43b3,0,0
71a462f379b45382,0,0
95134608103171b5,0,0
24fb69852237bd61,0,0
2f8d3206ccd4e4b7,0,0
5b83eee359d6b1e8,0,0
dce59502555f0b76,0,0
7be10c89ba9e740e,0,0
998befc17f788766,0,0
e348c5e6f368a704,0,0
2a278c102062e26a,0,0
49f6d30a456e7ac3,0,0
5f1a650c98a9c96f,0,0
b606ddc7b3ac63d1,0,0
b8cb2b05aabe16ec,0,0
f6c21912753de91c,0,0
3217df83fff00ecd,0,0
c6918acde7d14e09,0,0
554e182140c4c4d5,0,0
92eca7158adcf486,0,0
bf34ca18305393df,0,0
6d0dba8f6759c7a2,0,0
7097570a547d2dd8,0,0
ed853324ea7ad239,0,0
642ebe07ffe11d9a,0,0
8d23159bcfa39d12,0,0
ab9c3042808889ab,0,0
25d94f2b14b9e90d,0,0
7f69943160a626bf,0,0
db1a741fcfb28e45,0,0
e02eaf14a8fa5ab0,0,0
db0b6748d4f5a473,0,0
c85c7c0ffec33b34,0,0
1b472a369f473b25,0,0
5639618400111357,0,0
4bb29f562872d31b,0,0
fed22863c04c4d7e,0,0
b735e83e9e651d8b,0,0
c05d5e2950f5b560,0,0
b617ce90a8eb49e7,0,0
90b9f81efc877768,0,0
368e546c3e8f764a,0,0
ac72c208012226ae,0,0
96643fad50e4a637,0,0
fda551c680999afc,0,0
6e6bd07d3ccb3a16,0,0
81bbbc52a0ea6bc1,0,0
6c2f9c2151d793ce,0,0
2073f13df80fefd0,0,0
6d1ca9d87c1eed94,0,0
58e5841102444c5c,0,0
2dc97e5aa1c84d6f,0,0
fa4ba38c013335f9,0,0
ddd6a0fb7896752c,0,0
037779a540d5d782,0,0
d95e3843a2ae279d,0,0
41e6e27bf01fdea1,0,0
da3852b1f93cda29,0,0
b0ca0923048898b8,0,0
5b92fdb442919bde,0,0
f497461903666af2,0,0
bbad41f7f12ceb58,0,0
07eef24a81aaaf05,0,0
b3bd7086445d4f3a,0,0
82ccc5f7e03fbc43,0,0
b571a462f379b453,0,0
6195134608103171,0,0
b724fb69852237bd,0,0
e82f8d3206ccd4e4,0,0
765b83eee359d6b1,0,0
0edce59502555f0b,0,0
667be10c89ba9e74,0,0
04998befc17f7887,0,0
6ae348c5e6f368a7,0,0
c32a278c102062e2,0,0
6f49f6d30a456e7a,0,0
d15f1a650c98a9c9,0,0
ecb606ddc7b3ac63,0,0
1cb8cb2b05aabe16,0,0
cdf6c21912753de9,0,0
093217df83fff00e,0,0
d5c6918acde7d14e,0,0
86554e182140c4c4,0,0
df92eca7158adcf4,0,0
a2bf34ca18305393,0,0
d86d0dba8f6759c7,0,0
397097570a547d2d,0,0
9aed853324ea7ad2,0,0
12642ebe07ffe11d,0,0
ab8d23159bcfa39d,0,0
0dab9c3042808889,0,0
bf25d94f2b14b9e9,0,0
457f69943160a626,0,0
b0db1a741fcfb28e,0,0
73e02eaf14a8fa5a,0,0
34db0b6748d4f5a4,0,0
25c85c7c0ffec33b,0,0
571b472a369f473b,0,0
1b56396184001113,0,0
7e4bb29f562872d3,0,0
8bfed22863c04c4d,0,0
60b735e83e9e651d,0,0
e7c05d5e2950f5b5,0,0
68b617ce90a8eb49,0,0
4a90b9f81efc8777,0,0
ae368e546c3e8f76,0,0
37ac72c208012226,0,0
fc96643fad50e4a6,0,0
16fda551c680999a,0,0
c16e6bd07d3ccb3a,0,0
ce81bbbc52a0ea6b,0,0
d06c2f9c2151d793,0,0
942073f13df80fef,0,0
5c6d1ca9d87c1eed,0,0
6f58e5841102444c,0,0
f92dc97e5aa1c84d,0,0
2cfa4ba38c013335,0,0
82ddd6a0fb789675,0,0
9d037779a540d5d7,0,0
a1d95e3843a2ae27,0,0
2941e6e27bf01fde,0,0
b8da3852b1f93cda,0,0
deb0ca0923048898,0,0
f25b92fdb442919b,0,0
82ddd6a0fb789675,0,0
9d037779a540d5d7,0,0
a1d95e3843a2ae27,0,0
2941e6e27bf01fde,0,0
b8da3852b1f93cda,0,0
deb0ca0923048898,0,0
f25b92fdb442919b,0,0
58f497461903666a,0,0
05bbad41f7f12ceb,0,0
3a07eef24a81aaaf,0,0
43b3bd7086445d4f,1,0
0000d42d05944b51,0,1
94050045143896a7,0,0
5d8611400040759a,0,0
0100420a0200420a,0,0
1e6580058913bfac,0,0
1ee2000046525051,0,0
4416af9937060000,0,0
a704998befc17f78,0,0
e26ae348c5e6f368,0,0
7ac32a278c102062,0,0
c96f49f6d30a456e,0,0
63d15f1a650c98a9,0,0
16ecb606ddc7b3ac,0,0
e91cb8cb2b05aabe,0,0
0ecdf6c21912753d,0,0
4e093217df83fff0,0,0
c4d5c6918acde7d1,0,0
f486554e182140c4,0,0
93df92eca7158adc,0,0
c7a2bf34ca183053,0,0
2dd86d0dba8f6759,0,0
d2397097570a547d,0,0
1d9aed853324ea7a,0,0
9d12642ebe07ffe1,0,0
89ab8d23159bcfa3,0,0
e90dab9c30428088,0,0
26bf25d94f2b14b9,0,0
8e457f69943160a6,0,0
5ab0db1a741fcfb2,0,0
a473e02eaf14a8fa,0,0
3b34db0b6748d4f5,0,0
3b25c85c7c0ffec3,0,0
13571b472a369f47,0,0
d31b563961840011,0,0
4d7e4bb29f562872,0,0
1d8bfed22863c04c,0,0
b560b735e83e9e65,0,0
49e7c05d5e2950f5,0,0
7768b617ce90a8eb,0,0
764a90b9f81efc87,0,0
26ae368e546c3e8f,0,0
a637ac72c2080122,0,0
9afc96643fad50e4,0,0
3a16fda551c68099,0,0
6bc16e6bd07d3ccb,0,0
93ce81bbbc52a0ea,0,0
efd06c2f9c2151d7,0,0
ed942073f13df80f,0,0
4c5c6d1ca9d87c1e,0,0
4d6f58e584110244,0,0
35f92dc97e5aa1c8,0,0
752cfa4ba38c0133,0,0
d782ddd6a0fb7896,0,0
279d037779a540d5,0,0
dea1d95e3843a2ae,0,0
da2941e6e27bf01f,0,0
98b8da3852b1f93c,0,0
9bdeb0ca09230488,0,0
6af25b92fdb44291,0,0
eb58f49746190366,0,0
af05bbad41f7f12c,0,0
4f3a07eef24a81aa,0,0
bc43b3bd7086445d,0,0
b45382ccc5f7e03f,0,0
3171b571a462f379,0,0
37bd619513460810,0,0
d4e4b724fb698522,0,0
d6b1e82f8d3206cc,0,0
5f0b765b83eee359,0,0
9e740edce5950255,0,0
7887667be10c89ba,0,0
68a704998befc17f,0,0
62e26ae348c5e6f3,0,0
6e7ac32a278c1020,0,0
a9c96f49f6d30a45,0,0
ac63d15f1a650c98,0,0
be16ecb606ddc7b3,0,0
3de91cb8cb2b05aa,0,0
f00ecdf6c2191275,0,0
d14e093217df83ff,0,0
c4c4d5c6918acde7,0,0
dcf486554e182140,0,0
5393df92eca7158a,0,0
59c7a2bf34ca1830,0,0
7d2dd86d0dba8f67,0,0
7ad2397097570a54,0,0
e11d9aed853324ea,0,0
a39d12642ebe07ff,0,0
8889ab8d23159bcf,0,0
b9e90dab9c304280,0,0
a626bf25d94f2b14,0,0
b28e457f69943160,0,0
fa5ab0db1a741fcf,0,0
f5a473e02eaf14a8,0,0
c33b34db0b6748d4,0,0
473b25c85c7c0ffe,0,0
1113571b472a369f,0,0
72d31b5639618400,0,0
4c4d7e4bb29f5628,0,0
651d8bfed22863c0,0,0
f5b560b735e83e9e,0,0
eb49e7c05d5e2950,0,0
877768b617ce90a8,0,0
8f764a90b9f81efc,0,0
2226ae368e546c3e,0,0
e4a637ac72c20801,0,0
999afc96643fad50,0,0
cb3a16fda551c680,0,0
ea6bc16e6bd07d3c,0,0
d793ce81bbbc52a0,0,0
0fefd06c2f9c2151,0,0
1eed942073f13df8,0,0
444c5c6d1ca9d87c,0,0
c84d6f58e5841102,0,0
3335f92dc97e5aa1,0,0
96752cfa4ba38c01,0,0
d5d782ddd6a0fb78,0,0
ae279d037779a540,0,0
1fdea1d95e3843a2,0,0
3cda2941e6e27bf0,0,0
8898b8da3852b1f9,0,0
919bdeb0ca092304,0,0
666af25b92fdb442,0,0
2ceb58f497461903,0,0
aaaf05bbad41f7f1,0,0
5d4f3a07eef24a81,0,0
3fbc43b3bd708644,0,0
79b45382ccc5f7e0,0,0
103171b571a462f3,0,0
2237bd6195134608,0,0
ccd4e4b724fb6985,0,0
59d6b1e82f8d3206,0,0
555f0b765b83eee3,0,0
ba9e740edce59502,0,0
7f7887667be10c89,0,0
f368a704998befc1,0,0
2062e26ae348c5e6,0,0
456e7ac32a278c10,0,0
98a9c96f49f6d30a,0,0
b3ac63d15f1a650c,0,0
aabe16ecb606ddc7,0,0
753de91cb8cb2b05,0,0
fff00ecdf6c21912,0,0
e7d14e093217df83,0,0
40c4c4d5c6918acd,0,0
8adcf486554e1821,0,0
305393df92eca715,0,0
6759c7a2bf34ca18,0,0
547d2dd86d0dba8f,0,0
ea7ad2397097570a,0,0
ffe11d9aed853324,0,0
cfa39d12642ebe07,0,0
808889ab8d23159b,0,0
14b9e90dab9c3042,0,0
60a626bf25d94f2b,0,0
cfb28e457f699431,0,0
a8fa5ab0db1a741f,0,0
d4f5a473e02eaf14,0,0
fec33b34db0b6748,0,0
9f473b25c85c7c0f,0,0
001113571b472a36,0,0
2872d31b56396184,0,0
c04c4d7e4bb29f56,0,0
9e651d8bfed22863,0,0
50f5b560b735e83e,0,0
a8eb49e7c05d5e29,0,0
fc877768b617ce90,0,0
3e8f764a90b9f81e,0,0
012226ae368e546c,0,0
50e4a637ac72c208,0,0
80999afc96643fad,0,0
3ccb3a16fda551c6,0,0
a0ea6bc16e6bd07d,0,0
51d793ce81bbbc52,0,0
f80fefd06c2f9c21,0,0
7c1eed942073f13d,0,0
02444c5c6d1ca9d8,0,0
a1c84d6f58e58411,0,0
013335f92dc97e5a,0,0
7896752cfa4ba38c,0,0
d2397097570a547d,0,0
1d9aed853324ea7a,0,0
9d12642ebe07ffe1,0,0
89ab8d23159bcfa3,0,0
e90dab9c30428088,0,0
26bf25d94f2b14b9,0,0
8e457f69943160a6,0,0
5ab0db1a741fcfb2,0,0
a473e02eaf14a8fa,0,0
3b34db0b6748d4f5,0,0
3b25c85c7c0ffec3,1,0
0000d42e05944b51,0,1
94050045568cfbc3,0,0
5c8611400040769a,0,0
0100420a0200420a,0,0
315f80058913bfac,0,0
1fe2000046525051,0,0
fc7aba9937060000,0,0
1eed942073f13df8,0,0
444c5c6d1ca9d87c,0,0
c84d6f58e5841102,0,0
3335f92dc97e5aa1,0,0
96752cfa4ba38c01,0,0
d5d782ddd6a0fb78,0,0
ae279d037779a540,0,0
1fdea1d95e3843a2,0,0
3cda2941e6e27bf0,0,0
8898b8da3852b1f9,0,0
919bdeb0ca092304,0,0
666af25b92fdb442,0,0
2ceb58f497461903,0,0
aaaf05bbad41f7f1,0,0
5d4f3a07eef24a81,0,0
3fbc43b3bd708644,0,0
79b45382ccc5f7e0,0,0
103171b571a462f3,0,0
2237bd6195134608,0,0
ccd4e4b724fb6985,0,0
59d6b1e82f8d3206,0,0
555f0b765b83eee3,0,0
ba9e740edce59502,0,0
7f7887667be10c89,0,0
f368a704998befc1,0,0
2062e26ae348c5e6,0,0
456e7ac32a278c10,0,0
98a9c96f49f6d30a,0,0
b3ac63d15f1a650c,0,0
aabe16ecb606ddc7,0,0
753de91cb8cb2b05,0,0
fff00ecdf6c21912,0,0
e7d14e093217df83,0,0
40c4c4d5c6918acd,0,0
8adcf486554e1821,0,0
305393df92eca715,0,0
6759c7a2bf34ca18,0,0
547d2dd86d0dba8f,0,0
ea7ad2397097570a,0,0
ffe11d9aed853324,0,0
cfa39d12642ebe07,0,0
808889ab8d23159b,0,0
14b9e90dab9c3042,0,0
60a626bf25d94f2b,0,0
cfb28e457f699431,0,0
a8fa5ab0db1a741f,0,0
d4f5a473e02eaf14,0,0
fec33b34db0b6748,0,0
9f473b25c85c7c0f,0,0
001113571b472a36,0,0
2872d31b56396184,0,0
c04c4d7e4bb29f56,0,0
9e651d8bfed22863,0,0
50f5b560b735e83e,0,0
a8eb49e7c05d5e29,0,0
fc877768b617ce90,0,0
3e8f764a90b9f81e,0,0
012226ae368e546c,0,0
50e4a637ac72c208,0,0
80999afc96643fad,0,0
3ccb3a16fda551c6,0,0
a0ea6bc16e6bd07d,0,0
51d793ce81bbbc52,0,0
f80fefd06c2f9c21,0,0
7c1eed942073f13d,0,0
02444c5c6d1ca9d8,0,0
a1c84d6f58e58411,0,0
013335f92dc97e5a,0,0
7896752cfa4ba38c,0,0
40d5d782ddd6a0fb,0,0
a2ae279d037779a5,0,0
f01fdea1d95e3843,0,0
f93cda2941e6e27b,0,0
048898b8da3852b1,0,0
42919bdeb0ca0923,0,0
03666af25b92fdb4,0,0
f12ceb58f4974619,0,0
81aaaf05bbad41f7,0,0
445d4f3a07eef24a,0,0
e03fbc43b3bd7086,0,0
f379b45382ccc5f7,0,0
08103171b571a462,0,0
852237bd61951346,0,0
06ccd4e4b724fb69,0,0
e359d6b1e82f8d32,0,0
02555f0b765b83ee,0,0
89ba9e740edce595,0,0
c17f7887667be10c,0,0
e6f368a704998bef,0,0
102062e26ae348c5,0,0
0a456e7ac32a278c,0,0
0c98a9c96f49f6d3,0,0
c7b3ac63d15f1a65,0,0
05aabe16ecb606dd,0,0
12753de91cb8cb2b,0,0
83fff00ecdf6c219,0,0
cde7d14e093217df,0,0
2140c4c4d5c6918a,0,0
158adcf486554e18,0,0
18305393df92eca7,0,0
8f6759c7a2bf34ca,0,0
0a547d2dd86d0dba,0,0
24ea7ad239709757,0,0
07ffe11d9aed8533,0,0
9bcfa39d12642ebe,0,0
42808889ab8d2315,0,0
2b14b9e90dab9c30,0,0
3160a626bf25d94f,0,0
1fcfb28e457f6994,0,0
14a8fa5ab0db1a74,0,0
48d4f5a473e02eaf,0,0
0ffec33b34db0b67,0,0
369f473b25c85c7c,0,0
84001113571b472a,0,0
562872d31b563961,0,0
63c04c4d7e4bb29f,0,0
3e9e651d8bfed228,0,0
2950f5b560b735e8,0,0
90a8eb49e7c05d5e,0,0
1efc877768b617ce,0,0
6c3e8f764a90b9f8,0,0
08012226ae368e54,0,0
ad50e4a637ac72c2,0,0
c680999afc96643f,0,0
7d3ccb3a16fda551,0,0
52a0ea6bc16e6bd0,0,0
2151d793ce81bbbc,0,0
3df80fefd06c2f9c,0,0
d87c1eed942073f1,0,0
1102444c5c6d1ca9,0,0
5aa1c84d6f58e584,0,0
8c013335f92dc97e,0,0
fb7896752cfa4ba3,0,0
a540d5d782ddd6a0,0,0
43a2ae279d037779,0,0
7bf01fdea1d95e38,0,0
b1f93cda2941e6e2,0,0
23048898b8da3852,0,0
b442919bdeb0ca09,0,0
1903666af25b92fd,0,0
f7f12ceb58f49746,0,0
4a81aaaf05bbad41,0,0
86445d4f3a07eef2,0,0
f7e03fbc43b3bd70,0,0
62f379b45382ccc5,0,0
4608103171b571a4,0,0
69852237bd619513,0,0
3206ccd4e4b724fb,0,0
eee359d6b1e82f8d,0,0
9502555f0b765b83,0,0
0c89ba9e740edce5,0,0
efc17f7887667be1,0,0
c5e6f368a704998b,0,0
8c102062e26ae348,0,0
d30a456e7ac32a27,0,0
650c98a9c96f49f6,0,0
ddc7b3ac63d15f1a,0,0
2b05aabe16ecb606,0,0
1912753de91cb8cb,0,0
df83fff00ecdf6c2,0,0
8acde7d14e093217,0,0
182140c4c4d5c691,0,0
a7158adcf486554e,0,0
ca18305393df92ec,0,0
ba8f6759c7a2bf34,0,0
570a547d2dd86d0d,0,0
3324ea7ad2397097,0,0
be07ffe11d9aed85,0,0
159bcfa39d12642e,0,0
3042808889ab8d23,0,0
4f2b14b9e90dab9c,0,0
943160a626bf25d9,0,0
741fcfb28e457f69,0,0
23159bcfa39d1264,0,0
9c3042808889ab8d,0,0
d94f2b14b9e90dab,0,0
69943160a626bf25,0,0
1a741fcfb28e457f,0,0
2eaf14a8fa5ab0db,0,0
0b6748d4f5a473e0,0,0
5c7c0ffec33b34db,0,0
472a369f473b25c8,0,0
396184001113571b,0,0
b29f562872d31b56,1,0
0000d42f05944b51,0,1
940500459927d6c5,0,0
5b8611400040779a,0,0
0100420a0200420a,0,0
2f1280058913bfac,0,0
20e2000046525051,0,0
01dfc59937060000,0,0
919bdeb0ca092304,0,0
666af25b92fdb442,0,0
2ceb58f497461903,0,0
aaaf05bbad41f7f1,0,0
5d4f3a07eef24a81,0,0
3fbc43b3bd708644,0,0
79b45382ccc5f7e0,0,0
103171b571a462f3,0,0
2237bd6195134608,0,0
ccd4e4b724fb6985,0,0
59d6b1e82f8d3206,0,0
555f0b765b83eee3,0,0
ba9e740edce59502,0,0
7f7887667be10c89,0,0
f368a704998befc1,0,0
2062e26ae348c5e6,0,0
456e7ac32a278c10,0,0
98a9c96f49f6d30a,0,0
b3ac63d15f1a650c,0,0
aabe16ecb606ddc7,0,0
753de91cb8cb2b05,0,0
fff00ecdf6c21912,0,0
e7d14e093217df83,0,0
40c4c4d5c6918acd,0,0
8adcf486554e1821,0,0
305393df92eca715,0,0
6759c7a2bf34ca18,0,0
547d2dd86d0dba8f,0,0
ea7ad2397097570a,0,0
ffe11d9aed853324,0,0
cfa39d12642ebe07,0,0
808889ab8d23159b,0,0
14b9e90dab9c3042,0,0
60a626bf25d94f2b,0,0
cfb28e457f699431,0,0
a8fa5ab0db1a741f,0,0
d4f5a473e02eaf14,0,0
fec33b34db0b6748,0,0
9f473b25c85c7c0f,0,0
001113571b472a36,0,0
2872d31b56396184,0,0
c04c4d7e4bb29f56,0,0
9e651d8bfed22863,0,0
50f5b560b735e83e,0,0
a8eb49e7c05d5e29,0,0
fc877768b617ce90,0,0
3e8f764a90b9f81e,0,0
012226ae368e546c,0,0
50e4a637ac72c208,0,0
80999afc96643fad,0,0
3ccb3a16fda551c6,0,0
a0ea6bc16e6bd07d,0,0
51d793ce81bbbc52,0,0
f80fefd06c2f9c21,0,0
7c1eed942073f13d,0,0
02444c5c6d1ca9d8,0,0
a1c84d6f58e58411,0,0
013335f92dc97e5a,0,0
7896752cfa4ba38c,0,0
40d5d782ddd6a0fb,0,0
a2ae279d037779a5,0,0
f01fdea1d95e3843,0,0
f93cda2941e6e27b,0,0
048898b8da3852b1,0,0
42919bdeb0ca0923,0,0
03666af25b92fdb4,0,0
f12ceb58f4974619,0,0
81aaaf05bbad41f7,0,0
445d4f3a07eef24a,0,0
e03fbc43b3bd7086,0,0
f379b45382ccc5f7,0,0
08103171b571a462,0,0
852237bd61951346,0,0
06ccd4e4b724fb69,0,0
e359d6b1e82f8d32,0,0
02555f0b765b83ee,0,0
89ba9e740edce595,0,0
c17f7887667be10c,0,0
e6f368a704998bef,0,0
102062e26ae348c5,0,0
0a456e7ac32a278c,0,0
0c98a9c96f49f6d3,0,0
c7b3ac63d15f1a65,0,0
05aabe16ecb606dd,0,0
12753de91cb8cb2b,0,0
83fff00ecdf6c219,0,0
cde7d14e093217df,0,0
2140c4c4d5c6918a,0,0
158adcf486554e18,0,0
18305393df92eca7,0,0
8f6759c7a2bf34ca,0,0
0a547d2dd86d0dba,0,0
24ea7ad239709757,0,0
07ffe11d9aed8533,0,0
9bcfa39d12642ebe,0,0
42808889ab8d2315,0,0
2b14b9e90dab9c30,0,0
3160a626bf25d94f,0,0
1fcfb28e457f6994,0,0
14a8fa5ab0db1a74,0,0
48d4f5a473e02eaf,0,0
0ffec33b34db0b67,0,0
369f473b25c85c7c,0,0
84001113571b472a,0,0
562872d31b563961,0,0
63c04c4d7e4bb29f,0,0
3e9e651d8bfed228,0,0
2950f5b560b735e8,0,0
90a8eb49e7c05d5e,0,0
1efc877768b617ce,0,0
6c3e8f764a90b9f8,0,0
08012226ae368e54,0,0
ad50e4a637ac72c2,0,0
c680999afc96643f,0,0
7d3ccb3a16fda551,0,0
52a0ea6bc16e6bd0,0,0
2151d793ce81bbbc,0,0
3df80fefd06c2f9c,0,0
d87c1eed942073f1,0,0
1102444c5c6d1ca9,0,0
5aa1c84d6f58e584,0,0
8c013335f92dc97e,0,0
fb7896752cfa4ba3,0,0
a540d5d782ddd6a0,0,0
43a2ae279d037779,0,0
7bf01fdea1d95e38,0,0
b1f93cda2941e6e2,0,0
23048898b8da3852,0,0
b442919bdeb0ca09,0,0
1903666af25b92fd,0,0
f7f12ceb58f49746,0,0
4a81aaaf05bbad41,0,0
86445d4f3a07eef2,0,0
f7e03fbc43b3bd70,0,0
62f379b45382ccc5,0,0
4608103171b571a4,0,0
69852237bd619513,0,0
3206ccd4e4b724fb,0,0
eee359d6b1e82f8d,0,0
9502555f0b765b83,0,0
0c89ba9e740edce5,0,0
efc17f7887667be1,0,0
c5e6f368a704998b,0,0
8c102062e26ae348,0,0
d30a456e7ac32a27,0,0
650c98a9c96f49f6,0,0
ddc7b3ac63d15f1a,0,0
2b05aabe16ecb606,0,0
1912753de91cb8cb,0,0
df83fff00ecdf6c2,0,0
8acde7d14e093217,0,0
182140c4c4d5c691,0,0
a7158adcf486554e,0,0
ca18305393df92ec,0,0
ba8f6759c7a2bf34,0,0
570a547d2dd86d0d,0,0
3324ea7ad2397097,0,0
be07ffe11d9aed85,0,0
159bcfa39d12642e,0,0
3042808889ab8d23,0,0
4f2b14b9e90dab9c,0,0
943160a626bf25d9,0,0
741fcfb28e457f69,0,0
af14a8fa5ab0db1a,0,0
6748d4f5a473e02e,0,0
7c0ffec33b34db0b,0,0
2a369f473b25c85c,0,0
6184001113571b47,0,0
9f562872d31b5639,0,0
2863c04c4d7e4bb2,0,0
e83e9e651d8bfed2,0,0
5e2950f5b560b735,0,0
ce90a8eb49e7c05d,0,0
73f13df80fefd06c,0,0
1ca9d87c1eed9420,0,0
e5841102444c5c6d,0,0
c97e5aa1c84d6f58,0,0
4ba38c013335f92d,0,0
d6a0fb7896752cfa,0,0
7779a540d5d782dd,0,0
5e3843a2ae279d03,0,0
e6e27bf01fdea1d9,0,0
3852b1f93cda2941,0,0
ca0923048898b8da,1,0
0000d43005944b51,0,1
940500455b587ee9,0,0
598611400040799a,0,0
0100420a0200420a,0,0
8fd680058913bfac,0,0
22e2000046525051,0,0
bda9dc9937060000,0,0
4d6f58e584110244,0,0
35f92dc97e5aa1c8,0,0
752cfa4ba38c0133,0,0
d782ddd6a0fb7896,0,0
279d037779a540d5,0,0
dea1d95e3843a2ae,0,0
da2941e6e27bf01f,0,0
98b8da3852b1f93c,0,0
9bdeb0ca09230488,0,0
6af25b92fdb44291,0,0
eb58f49746190366,0,0
af05bbad41f7f12c,0,0
4f3a07eef24a81aa,0,0
bc43b3bd7086445d,0,0
b45382ccc5f7e03f,0,0
3171b571a462f379,0,0
37bd619513460810,0,0
d4e4b724fb698522,0,0
d6b1e82f8d3206cc,0,0
5f0b765b83eee359,0,0
9e740edce5950255,0,0
7887667be10c89ba,0,0
68a704998befc17f,0,0
62e26ae348c5e6f3,0,0
6e7ac32a278c1020,0,0
a9c96f49f6d30a45,0,0
ac63d15f1a650c98,0,0
be16ecb606ddc7b3,0,0
3de91cb8cb2b05aa,0,0
f00ecdf6c2191275,0,0
d14e093217df83ff,0,0
c4c4d5c6918acde7,0,0
dcf486554e182140,0,0
5393df92eca7158a,0,0
59c7a2bf34ca1830,0,0
7d2dd86d0dba8f67,0,0
7ad2397097570a54,0,0
e11d9aed853324ea,0,0
a39d12642ebe07ff,0,0
8889ab8d23159bcf,0,0
b9e90dab9c304280,0,0
a626bf25d94f2b14,0,0
b28e457f69943160,0,0
fa5ab0db1a741fcf,0,0
f5a473e02eaf14a8,0,0
c33b34db0b6748d4,0,0
473b25c85c7c0ffe,0,0
1113571b472a369f,0,0
72d31b5639618400,0,0
4c4d7e4bb29f5628,0,0
651d8bfed22863c0,0,0
f5b560b735e83e9e,0,0
eb49e7c05d5e2950,0,0
877768b617ce90a8,0,0
8f764a90b9f81efc,0,0
2226ae368e546c3e,0,0
e4a637ac72c20801,0,0
999afc96643fad50,0,0
cb3a16fda551c680,0,0
ea6bc16e6bd07d3c,0,0
d793ce81bbbc52a0,0,0
0fefd06c2f9c2151,0,0
1eed942073f13df8,0,0
444c5c6d1ca9d87c,0,0
c84d6f58e5841102,0,0
3335f92dc97e5aa1,0,0
96752cfa4ba38c01,0,0
d5d782ddd6a0fb78,0,0
ae279d037779a540,0,0
1fdea1d95e3843a2,0,0
3cda2941e6e27bf0,0,0
8898b8da3852b1f9,0,0
919bdeb0ca092304,0,0
666af25b92fdb442,0,0
2ceb58f497461903,0,0
aaaf05bbad41f7f1,0,0
5d4f3a07eef24a81,0,0
3fbc43b3bd708644,0,0
79b45382ccc5f7e0,0,0
103171b571a462f3,0,0
2237bd6195134608,0,0
ccd4e4b724fb6985,0,0
59d6b1e82f8d3206,0,0
555f0b765b83eee3,0,0
ba9e740edce59502,0,0
7f7887667be10c89,0,0
f368a704998befc1,0,0
2062e26ae348c5e6,0,0
456e7ac32a278c10,0,0
98a9c96f49f6d30a,0,0
b3ac63d15f1a650c,0,0
aabe16ecb606ddc7,0,0
753de91cb8cb2b05,0,0
fff00ecdf6c21912,0,0
e7d14e093217df83,0,0
40c4c4d5c6918acd,0,0
8adcf486554e1821,0,0
305393df92eca715,0,0
6759c7a2bf34ca18,0,0
547d2dd86d0dba8f,0,0
ea7ad2397097570a,0,0
ffe11d9aed853324,0,0
cfa39d12642ebe07,0,0
808889ab8d23159b,0,0
14b9e90dab9c3042,0,0
60a626bf25d94f2b,0,0
cfb28e457f699431,0,0
a8fa5ab0db1a741f,0,0
d4f5a473e02eaf14,0,0
fec33b34db0b6748,0,0
9f473b25c85c7c0f,0,0
001113571b472a36,0,0
2872d31b56396184,0,0
c04c4d7e4bb29f56,0,0
9e651d8bfed22863,0,0
50f5b560b735e83e,0,0
a8eb49e7c05d5e29,0,0
fc877768b617ce90,0,0
3e8f764a90b9f81e,0,0
012226ae368e546c,0,0
50e4a637ac72c208,0,0
80999afc96643fad,0,0
3ccb3a16fda551c6,0,0
a0ea6bc16e6bd07d,0,0
51d793ce81bbbc52,0,0
f80fefd06c2f9c21,0,0
7c1eed942073f13d,0,0
02444c5c6d1ca9d8,0,0
a1c84d6f58e58411,0,0
013335f92dc97e5a,0,0
7896752cfa4ba38c,0,0
40d5d782ddd6a0fb,0,0
a2ae279d037779a5,0,0
f01fdea1d95e3843,0,0
f93cda2941e6e27b,0,0
048898b8da3852b1,0,0
42919bdeb0ca0923,0,0
03666af25b92fdb4,0,0
f12ceb58f4974619,0,0
81aaaf05bbad41f7,0,0
445d4f3a07eef24a,0,0
e03fbc43b3bd7086,0,0
f379b45382ccc5f7,0,0
08103171b571a462,0,0
852237bd61951346,0,0
06ccd4e4b724fb69,0,0
e359d6b1e82f8d32,0,0
02555f0b765b83ee,0,0
89ba9e740edce595,0,0
c17f7887667be10c,0,0
e6f368a704998bef,0,0
102062e26ae348c5,0,0
0a456e7ac32a278c,0,0
0c98a9c96f49f6d3,0,0
c7b3ac63d15f1a65,0,0
05aabe16ecb606dd,0,0
12753de91cb8cb2b,0,0
83fff00ecdf6c219,0,0
cde7d14e093217df,0,0
2140c4c4d5c6918a,0,0
158adcf486554e18,0,0
18305393df92eca7,0,0
8f6759c7a2bf34ca,0,0
0a547d2dd86d0dba,0,0
24ea7ad239709757,0,0
07ffe11d9aed8533,0,0
9bcfa39d12642ebe,0,0
42808889ab8d2315,0,0
2b14b9e90dab9c30,0,0
3160a626bf25d94f,0,0
1fcfb28e457f6994,0,0
14a8fa5ab0db1a74,0,0
48d4f5a473e02eaf,0,0
4f2b14b9e90dab9c,0,0
943160a626bf25d9,0,0
741fcfb28e457f69,0,0
af14a8fa5ab0db1a,0,0
6748d4f5a473e02e,0,0
7c0ffec33b34db0b,0,0
2a369f473b25c85c,0,0
6184001113571b47,0,0
9f562872d31b5639,0,0
2863c04c4d7e4bb2,0,0
e83e9e651d8bfed2,1,0
0000d43105944b51,0,1
9405004544b5fdd2,0,0
5886114000407a9a,0,0
0100420a0200420a,0,0
b66380058913bfac,0,0
23e2000046525051,0,0
ee0ee89937060000,0,0
f486554e182140c4,0,0
93df92eca7158adc,0,0
c7a2bf34ca183053,0,0
2dd86d0dba8f6759,0,0
d2397097570a547d,0,0
1d9aed853324ea7a,0,0
9d12642ebe07ffe1,0,0
89ab8d23159bcfa3,0,0
e90dab9c30428088,0,0
26bf25d94f2b14b9,0,0
8e457f69943160a6,0,0
5ab0db1a741fcfb2,0,0
a473e02eaf14a8fa,0,0
3b34db0b6748d4f5,0,0
3b25c85c7c0ffec3,0,0
13571b472a369f47,0,0
d31b563961840011,0,0
4d7e4bb29f562872,0,0
1d8bfed22863c04c,0,0
b560b735e83e9e65,0,0
49e7c05d5e2950f5,0,0
7768b617ce90a8eb,0,0
764a90b9f81efc87,0,0
26ae368e546c3e8f,0,0
a637ac72c2080122,0,0
9afc96643fad50e4,0,0
3a16fda551c68099,0,0
6bc16e6bd07d3ccb,0,0
93ce81bbbc52a0ea,0,0
efd06c2f9c2151d7,0,0
ed942073f13df80f,0,0
4c5c6d1ca9d87c1e,0,0
4d6f58e584110244,0,0
35f92dc97e5aa1c8,0,0
752cfa4ba38c0133,0,0
d782ddd6a0fb7896,0,0
279d037779a540d5,0,0
dea1d95e3843a2ae,0,0
da2941e6e27bf01f,0,0
98b8da3852b1f93c,0,0
9bdeb0ca09230488,0,0
6af25b92fdb44291,0,0
eb58f49746190366,0,0
af05bbad41f7f12c,0,0
4f3a07eef24a81aa,0,0
bc43b3bd7086445d,0,0
b45382ccc5f7e03f,0,0
3171b571a462f379,0,0
37bd619513460810,0,0
d4e4b724fb698522,0,0
d6b1e82f8d3206cc,0,0
5f0b765b83eee359,0,0
9e740edce5950255,0,0
7887667be10c89ba,0,0
68a704998befc17f,0,0
62e26ae348c5e6f3,0,0
6e7ac32a278c1020,0,0
a9c96f49f6d30a45,0,0
ac63d15f1a650c98,0,0
be16ecb606ddc7b3,0,0
3de91cb8cb2b05aa,0,0
f00ecdf6c2191275,0,0
d14e093217df83ff,0,0
c4c4d5c6918acde7,0,0
dcf486554e182140,0,0
5393df92eca7158a,0,0
59c7a2bf34ca1830,0,0
7d2dd86d0dba8f67,0,0
7ad2397097570a54,0,0
e11d9aed853324ea,0,0
a39d12642ebe07ff,0,0
8889ab8d23159bcf,0,0
b9e90dab9c304280,0,0
a626bf25d94f2b14,0,0
b28e457f69943160,0,0
fa5ab0db1a741fcf,0,0
f5a473e02eaf14a8,0,0
c33b34db0b6748d4,0,0
473b25c85c7c0ffe,0,0
1113571b472a369f,0,0
72d31b5639618400,0,0
4c4d7e4bb29f5628,0,0
651d8bfed22863c0,0,0
f5b560b735e83e9e,0,0
eb49e7c05d5e2950,0,0
877768b617ce90a8,0,0
8f764a90b9f81efc,0,0
2226ae368e546c3e,0,0
e4a637ac72c20801,0,0
999afc96643fad50,0,0
cb3a16fda551c680,0,0
ea6bc16e6bd07d3c,0,0
d793ce81bbbc52a0,0,0
0fefd06c2f9c2151,0,0
1eed942073f13df8,0,0
444c5c6d1ca9d87c,0,0
c84d6f58e5841102,0,0
3335f92dc97e5aa1,0,0
96752cfa4ba38c01,0,0
d5d782ddd6a0fb78,0,0
ae279d037779a540,0,0
1fdea1d95e3843a2,0,0
3cda2941e6e27bf0,0,0
8898b8da3852b1f9,0,0
919bdeb0ca092304,0,0
666af25b92fdb442,0,0
2ceb58f497461903,0,0
aaaf05bbad41f7f1,0,0
5d4f3a07eef24a81,0,0
3fbc43b3bd708644,0,0
79b45382ccc5f7e0,0,0
103171b571a462f3,0,0
2237bd6195134608,0,0
ccd4e4b724fb6985,0,0
59d6b1e82f8d3206,0,0
555f0b765b83eee3,0,0
ba9e740edce59502,0,0
7f7887667be10c89,0,0
f368a704998befc1,0,0
2062e26ae348c5e6,0,0
456e7ac32a278c10,0,0
98a9c96f49f6d30a,0,0
b3ac63d15f1a650c,0,0
aabe16ecb606ddc7,0,0
753de91cb8cb2b05,0,0
fff00ecdf6c21912,0,0
e7d14e093217df83,0,0
40c4c4d5c6918acd,0,0
8adcf486554e1821,0,0
305393df92eca715,0,0
6759c7a2bf34ca18,0,0
547d2dd86d0dba8f,0,0
ea7ad2397097570a,0,0
ffe11d9aed853324,0,0
cfa39d12642ebe07,0,0
808889ab8d23159b,0,0
14b9e90dab9c3042,0,0
60a626bf25d94f2b,0,0
cfb28e457f699431,0,0
a8fa5ab0db1a741f,0,0
d4f5a473e02eaf14,0,0
fec33b34db0b6748,0,0
9f473b25c85c7c0f,0,0
001113571b472a36,0,0
2872d31b56396184,0,0
c04c4d7e4bb29f56,0,0
9e651d8bfed22863,0,0
50f5b560b735e83e,0,0
a8eb49e7c05d5e29,0,0
fc877768b617ce90,0,0
3e8f764a90b9f81e,0,0
012226ae368e546c,0,0
50e4a637ac72c208,0,0
80999afc96643fad,0,0
3ccb3a16fda551c6,0,0
a0ea6bc16e6bd07d,0,0
51d793ce81bbbc52,0,0
f80fefd06c2f9c21,0,0
7c1eed942073f13d,0,0
02444c5c6d1ca9d8,0,0
a1c84d6f58e58411,0,0
013335f92dc97e5a,0,0
7896752cfa4ba38c,0,0
40d5d782ddd6a0fb,0,0
a2ae279d037779a5,0,0
f01fdea1d95e3843,0,0
f93cda2941e6e27b,0,0
048898b8da3852b1,0,0
42919bdeb0ca0923,0,0
03666af25b92fdb4,0,0
f12ceb58f4974619,0,0
81aaaf05bbad41f7,0,0
445d4f3a07eef24a,0,0
1fcfb28e457f6994,0,0
14a8fa5ab0db1a74,0,0
48d4f5a473e02eaf,0,0
0ffec33b34db0b67,0,0
369f473b25c85c7c,0,0
84001113571b472a,0,0
562872d31b563961,0,0
63c04c4d7e4bb29f,0,0
3e9e651d8bfed228,0,0
2950f5b560b735e8,0,0
90a8eb49e7c05d5e,1,0
0000d43205944b51,0,1
940500450f0b4c16,0,0
5786114000407b9a,0,0
0100420a0200420a,0,0
358180058913bfac,0,0
24e2000046525051,0,0
e373f39937060000,0,0
ffe11d9aed853324,0,0
cfa39d12642ebe07,0,0
808889ab8d23159b,0,0
14b9e90dab9c3042,0,0
60a626bf25d94f2b,0,0
cfb28e457f699431,0,0
a8fa5ab0db1a741f,0,0
d4f5a473e02eaf14,0,0
fec33b34db0b6748,0,0
9f473b25c85c7c0f,0,0
001113571b472a36,0,0
2872d31b56396184,0,0
c04c4d7e4bb29f56,0,0
9e651d8bfed22863,0,0
50f5b560b735e83e,0,0
a8eb49e7c05d5e29,0,0
fc877768b617ce90,0,0
3e8f764a90b9f81e,0,0
012226ae368e546c,0,0
50e4a637ac72c208,0,0
80999afc96643fad,0,0
3ccb3a16fda551c6,0,0
a0ea6bc16e6bd07d,0,0
51d793ce81bbbc52,0,0
f80fefd06c2f9c21,0,0
7c1eed942073f13d,0,0
02444c5c6d1ca9d8,0,0
a1c84d6f58e58411,0,0
013335f92dc97e5a,0,0
7896752cfa4ba38c,0,0
40d5d782ddd6a0fb,0,0
a2ae279d037779a5,0,0
f01fdea1d95e3843,0,0
f93cda2941e6e27b,0,0
048898b8da3852b1,0,0
42919bdeb0ca0923,0,0
03666af25b92fdb4,0,0
f12ceb58f4974619,0,0
81aaaf05bbad41f7,0,0
445d4f3a07eef24a,0,0
e03fbc43b3bd7086,0,0
f379b45382ccc5f7,0,0
08103171b571a462,0,0
852237bd61951346,0,0
06ccd4e4b724fb69,0,0
e359d6b1e82f8d32,0,0
02555f0b765b83ee,0,0
89ba9e740edce595,0,0
c17f7887667be10c,0,0
e6f368a704998bef,0,0
102062e26ae348c5,0,0
0a456e7ac32a278c,0,0
0c98a9c96f49f6d3,0,0
c7b3ac63d15f1a65,0,0
05aabe16ecb606dd,0,0
12753de91cb8cb2b,0,0
83fff00ecdf6c219,0,0
cde7d14e093217df,0,0
2140c4c4d5c6918a,0,0
158adcf486554e18,0,0
18305393df92eca7,0,0
8f6759c7a2bf34ca,0,0
0a547d2dd86d0dba,0,0
24ea7ad239709757,0,0
07ffe11d9aed8533,0,0
9bcfa39d12642ebe,0,0
42808889ab8d2315,0,0
2b14b9e90dab9c30,0,0
3160a626bf25d94f,0,0
1fcfb28e457f6994,0,0
14a8fa5ab0db1a74,0,0
48d4f5a473e02eaf,0,0
0ffec33b34db0b67,0,0
369f473b25c85c7c,0,0
84001113571b472a,0,0
562872d31b563961,0,0
63c04c4d7e4bb29f,0,0
3e9e651d8bfed228,0,0
2950f5b560b735e8,0,0
90a8eb49e7c05d5e,0,0
1efc877768b617ce,0,0
6c3e8f764a90b9f8,0,0
08012226ae368e54,0,0
ad50e4a637ac72c2,0,0
c680999afc96643f,0,0
7d3ccb3a16fda551,0,0
52a0ea6bc16e6bd0,0,0
2151d793ce81bbbc,0,0
3df80fefd06c2f9c,0,0
d87c1eed942073f1,0,0
1102444c5c6d1ca9,0,0
5aa1c84d6f58e584,0,0
8c013335f92dc97e,0,0
fb7896752cfa4ba3,0,0
a540d5d782ddd6a0,0,0
43a2ae279d037779,0,0
7bf01fdea1d95e38,0,0
b1f93cda2941e6e2,0,0
23048898b8da3852,0,0
b442919bdeb0ca09,0,0
1903666af25b92fd,0,0
f7f12ceb58f49746,0,0
4a81aaaf05bbad41,0,0
86445d4f3a07eef2,0,0
f7e03fbc43b3bd70,0,0
62f379b45382ccc5,0,0
4608103171b571a4,0,0
69852237bd619513,0,0
3206ccd4e4b724fb,0,0
eee359d6b1e82f8d,0,0
9502555f0b765b83,0,0
0c89ba9e740edce5,0,0
efc17f7887667be1,0,0
c5e6f368a704998b,0,0
8c102062e26ae348,0,0
d30a456e7ac32a27,0,0
650c98a9c96f49f6,0,0
ddc7b3ac63d15f1a,0,0
2b05aabe16ecb606,0,0
1912753de91cb8cb,0,0
df83fff00ecdf6c2,0,0
8acde7d14e093217,0,0
182140c4c4d5c691,0,0
a7158adcf486554e,0,0
ca18305393df92ec,0,0
ba8f6759c7a2bf34,0,0
570a547d2dd86d0d,0,0
3324ea7ad2397097,0,0
be07ffe11d9aed85,0,0
159bcfa39d12642e,0,0
3042808889ab8d23,0,0
4f2b14b9e90dab9c,0,0
943160a626bf25d9,0,0
741fcfb28e457f69,0,0
af14a8fa5ab0db1a,0,0
6748d4f5a473e02e,0,0
7c0ffec33b34db0b,0,0
2a369f473b25c85c,0,0
6184001113571b47,0,0
9f562872d31b5639,0,0
2863c04c4d7e4bb2,0,0
e83e9e651d8bfed2,0,0
5e2950f5b560b735,0,0
ce90a8eb49e7c05d,0,0
f81efc877768b617,0,0
546c3e8f764a90b9,0,0
c208012226ae368e,0,0
3fad50e4a637ac72,0,0
51c680999afc9664,0,0
d07d3ccb3a16fda5,0,0
bc52a0ea6bc16e6b,0,0
9c2151d793ce81bb,0,0
f13df80fefd06c2f,0,0
a9d87c1eed942073,0,0
841102444c5c6d1c,0,0
7e5aa1c84d6f58e5,0,0
a38c013335f92dc9,0,0
a0fb7896752cfa4b,0,0
79a540d5d782ddd6,0,0
3843a2ae279d0377,0,0
e27bf01fdea1d95e,0,0
52b1f93cda2941e6,0,0
0923048898b8da38,0,0
fdb442919bdeb0ca,0,0
461903666af25b92,0,0
41f7f12ceb58f497,0,0
f24a81aaaf05bbad,0,0
7086445d4f3a07ee,0,0
c5f7e03fbc43b3bd,0,0
a462f379b45382cc,0,0
134608103171b571,0,0
fb69852237bd6195,0,0
8d3206ccd4e4b724,0,0
eee359d6b1e82f8d,0,0
9502555f0b765b83,0,0
0c89ba9e740edce5,0,0
efc17f7887667be1,0,0
c5e6f368a704998b,0,0
8c102062e26ae348,0,0
d30a456e7ac32a27,0,0
650c98a9c96f49f6,0,0
ddc7b3ac63d15f1a,0,0
2b05aabe16ecb606,0,0
1912753de91cb8cb,1,0
0000d43305944b51,0,1
94050045338a7d61,0,0
5686114000407c9a,0,0
0100420a0200420a,0,0
9b4c80058913bfac,0,0
25e2000046525051,0,0
abd7fe9937060000,0,0
4608103171b571a4,0,0
69852237bd619513,0,0
3206ccd4e4b724fb,0,0
eee359d6b1e82f8d,0,0
9502555f0b765b83,0,0
0c89ba9e740edce5,0,0
efc17f7887667be1,0,0
c5e6f368a704998b,0,0
8c102062e26ae348,0,0
d30a456e7ac32a27,0,0
650c98a9c96f49f6,0,0
ddc7b3ac63d15f1a,0,0
2b05aabe16ecb606,0,0
1912753de91cb8cb,0,0
df83fff00ecdf6c2,0,0
8acde7d14e093217,0,0
182140c4c4d5c691,0,0
a7158adcf486554e,0,0
ca18305393df92ec,0,0
ba8f6759c7a2bf34,0,0
570a547d2dd86d0d,0,0
3324ea7ad2397097,0,0
be07ffe11d9aed85,0,0
159bcfa39d12642e,0,0
3042808889ab8d23,0,0
4f2b14b9e90dab9c,0,0
943160a626bf25d9,0,0
741fcfb28e457f69,0,0
af14a8fa5ab0db1a,0,0
6748d4f5a473e02e,0,0
7c0ffec33b34db0b,0,0
2a369f473b25c85c,0,0
6184001113571b47,0,0
9f562872d31b5639,0,0
2863c04c4d7e4bb2,0,0
e83e9e651d8bfed2,0,0
5e2950f5b560b735,0,0
ce90a8eb49e7c05d,0,0
f81efc877768b617,0,0
546c3e8f764a90b9,0,0
c208012226ae368e,0,0
3fad50e4a637ac72,0,0
51c680999afc9664,0,0
d07d3ccb3a16fda5,0,0
bc52a0ea6bc16e6b,0,0
9c2151d793ce81bb,0,0
f13df80fefd06c2f,0,0
a9d87c1eed942073,0,0
841102444c5c6d1c,0,0
7e5aa1c84d6f58e5,0,0
a38c013335f92dc9,0,0
a0fb7896752cfa4b,0,0
79a540d5d782ddd6,0,0
3843a2ae279d0377,0,0
e27bf01fdea1d95e,0,0
52b1f93cda2941e6,0,0
0923048898b8da38,0,0
fdb442919bdeb0ca,0,0
461903666af25b92,0,0
41f7f12ceb58f497,0,0
f24a81aaaf05bbad,0,0
7086445d4f3a07ee,0,0
c5f7e03fbc43b3bd,0,0
a462f379b45382cc,0,0
134608103171b571,0,0
fb69852237bd6195,0,0
8d3206ccd4e4b724,0,0
83eee359d6b1e82f,0,0
e59502555f0b765b,0,0
e10c89ba9e740edc,0,0
8befc17f7887667b,0,0
48c5e6f368a70499,0,0
278c102062e26ae3,0,0
f6d30a456e7ac32a,0,0
1a650c98a9c96f49,0,0
06ddc7b3ac63d15f,0,0
cb2b05aabe16ecb6,0,0
c21912753de91cb8,0,0
17df83fff00ecdf6,0,0
918acde7d14e0932,0,0
4e182140c4c4d5c6,0,0
eca7158adcf48655,0,0
34ca18305393df92,0,0
0dba8f6759c7a2bf,0,0
97570a547d2dd86d,0,0
853324ea7ad23970,0,0
2ebe07ffe11d9aed,0,0
23159bcfa39d1264,0,0
9c3042808889ab8d,0,0
d94f2b14b9e90dab,0,0
69943160a626bf25,0,0
1a741fcfb28e457f,0,0
2eaf14a8fa5ab0db,0,0
0b6748d4f5a473e0,0,0
5c7c0ffec33b34db,0,0
472a369f473b25c8,0,0
396184001113571b,0,0
b29f562872d31b56,0,0
d22863c04c4d7e4b,0,0
35e83e9e651d8bfe,0,0
5d5e2950f5b560b7,0,0
17ce90a8eb49e7c0,0,0
b9f81efc877768b6,0,0
8e546c3e8f764a90,0,0
72c208012226ae36,0,0
643fad50e4a637ac,0,0
a551c680999afc96,0,0
6bd07d3ccb3a16fd,0,0
bbbc52a0ea6bc16e,0,0
2f9c2151d793ce81,0,0
73f13df80fefd06c,0,0
1ca9d87c1eed9420,0,0
e5841102444c5c6d,0,0
c97e5aa1c84d6f58,0,0
4ba38c013335f92d,0,0
d6a0fb7896752cfa,0,0
7779a540d5d782dd,0,0
5e3843a2ae279d03,0,0
e6e27bf01fdea1d9,0,0
3852b1f93cda2941,0,0
ca0923048898b8da,0,0
92fdb442919bdeb0,0,0
97461903666af25b,0,0
ad41f7f12ceb58f4,0,0
eef24a81aaaf05bb,0,0
bd7086445d4f3a07,0,0
ccc5f7e03fbc43b3,0,0
71a462f379b45382,0,0
95134608103171b5,0,0
24fb69852237bd61,0,0
2f8d3206ccd4e4b7,0,0
5b83eee359d6b1e8,0,0
dce59502555f0b76,0,0
7be10c89ba9e740e,0,0
998befc17f788766,0,0
e348c5e6f368a704,0,0
2a278c102062e26a,0,0
49f6d30a456e7ac3,0,0
5f1a650c98a9c96f,0,0
b606ddc7b3ac63d1,0,0
b8cb2b05aabe16ec,0,0
f6c21912753de91c,0,0
3217df83fff00ecd,0,0
c6918acde7d14e09,0,0
554e182140c4c4d5,0,0
92eca7158adcf486,0,0
bf34ca18305393df,0,0
6d0dba8f6759c7a2,0,0
7097570a547d2dd8,0,0
ed853324ea7ad239,0,0
642ebe07ffe11d9a,0,0
8d23159bcfa39d12,0,0
ab9c3042808889ab,0,0
25d94f2b14b9e90d,0,0
7f69943160a626bf,0,0
db1a741fcfb28e45,0,0
e02eaf14a8fa5ab0,0,0
db0b6748d4f5a473,0,0
c85c7c0ffec33b34,0,0
1b472a369f473b25,0,0
5639618400111357,0,0
4bb29f562872d31b,0,0
fed22863c04c4d7e,0,0
b735e83e9e651d8b,0,0
c05d5e2950f5b560,0,0
b617ce90a8eb49e7,0,0
90b9f81efc877768,0,0
368e546c3e8f764a,0,0
ac72c208012226ae,0,0
96643fad50e4a637,0,0
fda551c680999afc,0,0
6e6bd07d3ccb3a16,0,0
81bbbc52a0ea6bc1,0,0
be07ffe11d9aed85,0,0
159bcfa39d12642e,0,0
3042808889ab8d23,0,0
4f2b14b9e90dab9c,0,0
943160a626bf25d9,0,0
741fcfb28e457f69,0,0
af14a8fa5ab0db1a,0,0
6748d4f5a473e02e,0,0
7c0ffec33b34db0b,0,0
2a369f473b25c85c,0,0
6184001113571b47,1,0
0000d43405944b51,0,1
940500457b4ce598,0,0
5586114000407d9a,0,0
0100420a0200420a,0,0
27fd80058913bfac,0,0
26e2000046525051,0,0
be3c0a9a37060000,0,0
23159bcfa39d1264,0,0
9c3042808889ab8d,0,0
d94f2b14b9e90dab,0,0
69943160a626bf25,0,0
1a741fcfb28e457f,0,0
2eaf14a8fa5ab0db,0,0
0b6748d4f5a473e0,0,0
5c7c0ffec33b34db,0,0
472a369f473b25c8,0,0
396184001113571b,0,0
b29f562872d31b56,0,0
d22863c04c4d7e4b,0,0
35e83e9e651d8bfe,0,0
5d5e2950f5b560b7,0,0
17ce90a8eb49e7c0,0,0
b9f81efc877768b6,0,0
8e546c3e8f764a90,0,0
72c208012226ae36,0,0
643fad50e4a637ac,0,0
a551c680999afc96,0,0
6bd07d3ccb3a16fd,0,0
bbbc52a0ea6bc16e,0,0
2f9c2151d793ce81,0,0
73f13df80fefd06c,0,0
1ca9d87c1eed9420,0,0
e5841102444c5c6d,0,0
c97e5aa1c84d6f58,0,0
4ba38c013335f92d,0,0
d6a0fb7896752cfa,0,0
7779a540d5d782dd,0,0
5e3843a2ae279d03,0,0
e6e27bf01fdea1d9,0,0
3852b1f93cda2941,0,0
ca0923048898b8da,0,0
92fdb442919bdeb0,0,0
97461903666af25b,0,0
ad41f7f12ceb58f4,0,0
eef24a81aaaf05bb,0,0
bd7086445d4f3a07,0,0
ccc5f7e03fbc43b3,0,0
71a462f379b45382,0,0
95134608103171b5,0,0
24fb69852237bd61,0,0
2f8d3206ccd4e4b7,0,0
5b83eee359d6b1e8,0,0
dce59502555f0b76,0,0
7be10c89ba9e740e,0,0
998befc17f788766,0,0
e348c5e6f368a704,0,0
2a278c102062e26a,0,0
49f6d30a456e7ac3,0,0
5f1a650c98a9c96f,0,0
b606ddc7b3ac63d1,0,0
b8cb2b05aabe16ec,0,0
f6c21912753de91c,0,0
3217df83fff00ecd,0,0
c6918acde7d14e09,0,0
554e182140c4c4d5,0,0
92eca7158adcf486,0,0
bf34ca18305393df,0,0
6d0dba8f6759c7a2,0,0
7097570a547d2dd8,0,0
ed853324ea7ad239,0,0
642ebe07ffe11d9a,0,0
8d23159bcfa39d12,0,0
ab9c3042808889ab,0,0
25d94f2b14b9e90d,0,0
7f69943160a626bf,0,0
db1a741fcfb28e45,0,0
e02eaf14a8fa5ab0,0,0
db0b6748d4f5a473,0,0
c85c7c0ffec33b34,0,0
1b472a369f473b25,0,0
5639618400111357,0,0
4bb29f562872d31b,0,0
fed22863c04c4d7e,0,0
b735e83e9e651d8b,0,0
c05d5e2950f5b560,0,0
b617ce90a8eb49e7,0,0
90b9f81efc877768,0,0
368e546c3e8f764a,0,0
ac72c208012226ae,0,0
96643fad50e4a637,0,0
fda551c680999afc,0,0
6e6bd07d3ccb3a16,0,0
81bbbc52a0ea6bc1,0,0
6c2f9c2151d793ce,0,0
2073f13df80fefd0,0,0
6d1ca9d87c1eed94,0,0
58e5841102444c5c,0,0
2dc97e5aa1c84d6f,0,0
fa4ba38c013335f9,0,0
ddd6a0fb7896752c,0,0
037779a540d5d782,0,0
d95e3843a2ae279d,0,0
41e6e27bf01fdea1,0,0
da3852b1f93cda29,0,0
b0ca0923048898b8,0,0
5b92fdb442919bde,0,0
f497461903666af2,0,0
bbad41f7f12ceb58,0,0
07eef24a81aaaf05,0,0
b3bd7086445d4f3a,0,0
82ccc5f7e03fbc43,0,0
b571a462f379b453,0,0
6195134608103171,0,0
b724fb69852237bd,0,0
e82f8d3206ccd4e4,0,0
765b83eee359d6b1,0,0
0edce59502555f0b,0,0
667be10c89ba9e74,0,0
04998befc17f7887,0,0
6ae348c5e6f368a7,0,0
c32a278c102062e2,0,0
6f49f6d30a456e7a,0,0
d15f1a650c98a9c9,0,0
ecb606ddc7b3ac63,0,0
1cb8cb2b05aabe16,0,0
cdf6c21912753de9,0,0
093217df83fff00e,0,0
d5c6918acde7d14e,0,0
86554e182140c4c4,0,0
df92eca7158adcf4,0,0
a2bf34ca18305393,0,0
d86d0dba8f6759c7,0,0
397097570a547d2d,0,0
9aed853324ea7ad2,0,0
12642ebe07ffe11d,0,0
ab8d23159bcfa39d,0,0
0dab9c3042808889,0,0
bf25d94f2b14b9e9,0,0
457f69943160a626,0,0
b0db1a741fcfb28e,0,0
73e02eaf14a8fa5a,0,0
34db0b6748d4f5a4,0,0
25c85c7c0ffec33b,0,0
571b472a369f473b,0,0
1b56396184001113,0,0
7e4bb29f562872d3,0,0
8bfed22863c04c4d,0,0
60b735e83e9e651d,0,0
e7c05d5e2950f5b5,0,0
68b617ce90a8eb49,0,0
4a90b9f81efc8777,0,0
ae368e546c3e8f76,0,0
37ac72c208012226,0,0
fc96643fad50e4a6,0,0
16fda551c680999a,0,0
c16e6bd07d3ccb3a,0,0
ce81bbbc52a0ea6b,0,0
d06c2f9c2151d793,0,0
942073f13df80fef,0,0
5c6d1ca9d87c1eed,0,0
6f58e5841102444c,0,0
f92dc97e5aa1c84d,0,0
2cfa4ba38c013335,0,0
82ddd6a0fb789675,0,0
9d037779a540d5d7,0,0
a1d95e3843a2ae27,0,0
2941e6e27bf01fde,0,0
b8da3852b1f93cda,0,0
deb0ca0923048898,0,0
f25b92fdb442919b,0,0
58f497461903666a,0,0
05bbad41f7f12ceb,0,0
3a07eef24a81aaaf,0,0
43b3bd7086445d4f,0,0
5382ccc5f7e03fbc,0,0
71b571a462f379b4,0,0
bd61951346081031,0,0
e4b724fb69852237,0,0
b1e82f8d3206ccd4,0,0
0b765b83eee359d6,0,0
0dba8f6759c7a2bf,0,0
97570a547d2dd86d,0,0
853324ea7ad23970,0,0
2ebe07ffe11d9aed,0,0
23159bcfa39d1264,0,0
9c3042808889ab8d,0,0
d94f2b14b9e90dab,0,0
69943160a626bf25,0,0
1a741fcfb28e457f,0,0
2eaf14a8fa5ab0db,0,0
0b6748d4f5a473e0,1,0
0000d43505944b51,0,1
940500454e207fcf,0,0
5486114000407e9a,0,0
0100420a0200420a,0,0
1eb380058913bfac,0,0
27e2000046525051,0,0
ffa0159a37060000,0,0
9afc96643fad50e4,0,0
3a16fda551c68099,0,0
6bc16e6bd07d3ccb,0,0
93ce81bbbc52a0ea,0,0
efd06c2f9c2151d7,0,0
ed942073f13df80f,0,0
4c5c6d1ca9d87c1e,0,0
4d6f58e584110244,0,0
35f92dc97e5aa1c8,0,0
752cfa4ba38c0133,0,0
d782ddd6a0fb7896,0,0
279d037779a540d5,0,0
dea1d95e3843a2ae,0,0
da2941e6e27bf01f,0,0
98b8da3852b1f93c,0,0
9bdeb0ca09230488,0,0
6af25b92fdb44291,0,0
eb58f49746190366,0,0
af05bbad41f7f12c,0,0
4f3a07eef24a81aa,0,0
bc43b3bd7086445d,0,0
b45382ccc5f7e03f,0,0
3171b571a462f379,0,0
37bd619513460810,0,0
d4e4b724fb698522,0,0
d6b1e82f8d3206cc,0,0
5f0b765b83eee359,0,0
9e740edce5950255,0,0
7887667be10c89ba,0,0
68a704998befc17f,0,0
62e26ae348c5e6f3,0,0
6e7ac32a278c1020,0,0
a9c96f49f6d30a45,0,0
ac63d15f1a650c98,0,0
be16ecb606ddc7b3,0,0
3de91cb8cb2b05aa,0,0
f00ecdf6c2191275,0,0
d14e093217df83ff,0,0
c4c4d5c6918acde7,0,0
dcf486554e182140,0,0
5393df92eca7158a,0,0
59c7a2bf34ca1830,0,0
7d2dd86d0dba8f67,0,0
7ad2397097570a54,0,0
e11d9aed853324ea,0,0
a39d12642ebe07ff,0,0
8889ab8d23159bcf,0,0
b9e90dab9c304280,0,0
a626bf25d94f2b14,0,0
b28e457f69943160,0,0
fa5ab0db1a741fcf,0,0
f5a473e02eaf14a8,0,0
c33b34db0b6748d4,0,0
473b25c85c7c0ffe,0,0
1113571b472a369f,0,0
72d31b5639618400,0,0
4c4d7e4bb29f5628,0,0
651d8bfed22863c0,0,0
f5b560b735e83e9e,0,0
eb49e7c05d5e2950,0,0
877768b617ce90a8,0,0
8f764a90b9f81efc,0,0
2226ae368e546c3e,0,0
e4a637ac72c20801,0,0
999afc96643fad50,0,0
cb3a16fda551c680,0,0
ea6bc16e6bd07d3c,0,0
d793ce81bbbc52a0,0,0
0fefd06c2f9c2151,0,0
1eed942073f13df8,0,0
444c5c6d1ca9d87c,0,0
c84d6f58e5841102,0,0
3335f92dc97e5aa1,0,0
96752cfa4ba38c01,0,0
d5d782ddd6a0fb78,0,0
ae279d037779a540,0,0
1fdea1d95e3843a2,0,0
3cda2941e6e27bf0,0,0
8898b8da3852b1f9,0,0
919bdeb0ca092304,0,0
666af25b92fdb442,0,0
2ceb58f497461903,0,0
aaaf05bbad41f7f1,0,0
5d4f3a07eef24a81,0,0
3fbc43b3bd708644,0,0
79b45382ccc5f7e0,0,0
103171b571a462f3,0,0
2237bd6195134608,0,0
ccd4e4b724fb6985,0,0
59d6b1e82f8d3206,0,0
555f0b765b83eee3,0,0
ba9e740edce59502,0,0
7f7887667be10c89,0,0
f368a704998befc1,0,0
2062e26ae348c5e6,0,0
456e7ac32a278c10,0,0
98a9c96f49f6d30a,0,0
b3ac63d15f1a650c,0,0
aabe16ecb606ddc7,0,0
753de91cb8cb2b05,0,0
fff00ecdf6c21912,0,0
e7d14e093217df83,0,0
40c4c4d5c6918acd,0,0
8adcf486554e1821,0,0
305393df92eca715,0,0
6759c7a2bf34ca18,0,0
547d2dd86d0dba8f,0,0
ea7ad2397097570a,0,0
ffe11d9aed853324,0,0
cfa39d12642ebe07,0,0
808889ab8d23159b,0,0
14b9e90dab9c3042,0,0
60a626bf25d94f2b,0,0
cfb28e457f699431,0,0
a8fa5ab0db1a741f,0,0
d4f5a473e02eaf14,0,0
fec33b34db0b6748,0,0
9f473b25c85c7c0f,0,0
001113571b472a36,0,0
2872d31b56396184,0,0
c04c4d7e4bb29f56,0,0
9e651d8bfed22863,0,0
50f5b560b735e83e,0,0
a8eb49e7c05d5e29,0,0
fc877768b617ce90,0,0
3e8f764a90b9f81e,0,0
012226ae368e546c,0,0
50e4a637ac72c208,0,0
80999afc96643fad,0,0
3ccb3a16fda551c6,0,0
a0ea6bc16e6bd07d,0,0
51d793ce81bbbc52,0,0
f80fefd06c2f9c21,0,0
7c1eed942073f13d,0,0
02444c5c6d1ca9d8,0,0
a1c84d6f58e58411,0,0
013335f92dc97e5a,0,0
7896752cfa4ba38c,0,0
40d5d782ddd6a0fb,0,0
a2ae279d037779a5,0,0
f01fdea1d95e3843,0,0
f93cda2941e6e27b,0,0
048898b8da3852b1,0,0
42919bdeb0ca0923,0,0
03666af25b92fdb4,0,0
f12ceb58f4974619,0,0
81aaaf05bbad41f7,0,0
445d4f3a07eef24a,0,0
e03fbc43b3bd7086,0,0
f379b45382ccc5f7,0,0
08103171b571a462,0,0
852237bd61951346,0,0
06ccd4e4b724fb69,0,0
e359d6b1e82f8d32,0,0
02555f0b765b83ee,0,0
89ba9e740edce595,0,0
c17f7887667be10c,0,0
e6f368a704998bef,0,0
102062e26ae348c5,0,0
0a456e7ac32a278c,0,0
0c98a9c96f49f6d3,0,0
c7b3ac63d15f1a65,0,0
05aabe16ecb606dd,0,0
12753de91cb8cb2b,0,0
83fff00ecdf6c219,0,0
cde7d14e093217df,0,0
2140c4c4d5c6918a,0,0
158adcf486554e18,0,0
18305393df92eca7,0,0
8f6759c7a2bf34ca,0,0
0a547d2dd86d0dba,0,0
24ea7ad239709757,0,0
07ffe11d9aed8533,0,0
5d5e2950f5b560b7,0,0
17ce90a8eb49e7c0,0,0
b9f81efc877768b6,0,0
8e546c3e8f764a90,0,0
72c208012226ae36,0,0
643fad50e4a637ac,0,0
a551c680999afc96,0,0
6bd07d3ccb3a16fd,0,0
bbbc52a0ea6bc16e,0,0
2f9c2151d793ce81,0,0
73f13df80fefd06c,1,0
0000d43605944b51,0,1
9405004599ff7af4,0,0
5386114000407f9a,0,0
0100420a0200420a,0,0
b37680058913bfac,0,0
28e2000046525051,0,0
f405219a37060000,0,0
a626bf25d94f2b14,0,0
b28e457f69943160,0,0
fa5ab0db1a741fcf,0,0
f5a473e02eaf14a8,0,0
c33b34db0b6748d4,0,0
473b25c85c7c0ffe,0,0
1113571b472a369f,0,0
72d31b5639618400,0,0
4c4d7e4bb29f5628,0,0
651d8bfed22863c0,0,0
f5b560b735e83e9e,0,0
eb49e7c05d5e2950,0,0
877768b617ce90a8,0,0
8f764a90b9f81efc,0,0
2226ae368e546c3e,0,0
e4a637ac72c20801,0,0
999afc96643fad50,0,0
cb3a16fda551c680,0,0
ea6bc16e6bd07d3c,0,0
d793ce81bbbc52a0,0,0
0fefd06c2f9c2151,0,0
1eed942073f13df8,0,0
444c5c6d1ca9d87c,0,0
c84d6f58e5841102,0,0
3335f92dc97e5aa1,0,0
96752cfa4ba38c01,0,0
d5d782ddd6a0fb78,0,0
ae279d037779a540,0,0
1fdea1d95e3843a2,0,0
3cda2941e6e27bf0,0,0
8898b8da3852b1f9,0,0
919bdeb0ca092304,0,0
666af25b92fdb442,0,0
2ceb58f497461903,0,0
aaaf05bbad41f7f1,0,0
5d4f3a07eef24a81,0,0
3fbc43b3bd708644,0,0
79b45382ccc5f7e0,0,0
103171b571a462f3,0,0
2237bd6195134608,0,0
ccd4e4b724fb6985,0,0
59d6b1e82f8d3206,0,0
555f0b765b83eee3,0,0
ba9e740edce59502,0,0
7f7887667be10c89,0,0
f368a704998befc1,0,0
2062e26ae348c5e6,0,0
456e7ac32a278c10,0,0
98a9c96f49f6d30a,0,0
b3ac63d15f1a650c,0,0
aabe16ecb606ddc7,0,0
753de91cb8cb2b05,0,0
fff00ecdf6c21912,0,0
e7d14e093217df83,0,0
40c4c4d5c6918acd,0,0
8adcf486554e1821,0,0
305393df92eca715,0,0
6759c7a2bf34ca18,0,0
547d2dd86d0dba8f,0,0
ea7ad2397097570a,0,0
ffe11d9aed853324,0,0
cfa39d12642ebe07,0,0
808889ab8d23159b,0,0
14b9e90dab9c3042,0,0
60a626bf25d94f2b,0,0
cfb28e457f699431,0,0
a8fa5ab0db1a741f,0,0
d4f5a473e02eaf14,0,0
fec33b34db0b6748,0,0
9f473b25c85c7c0f,0,0
001113571b472a36,0,0
2872d31b56396184,0,0
c04c4d7e4bb29f56,0,0
9e651d8bfed22863,0,0
50f5b560b735e83e,0,0
a8eb49e7c05d5e29,0,0
fc877768b617ce90,0,0
3e8f764a90b9f81e,0,0
012226ae368e546c,0,0
50e4a637ac72c208,0,0
80999afc96643fad,0,0
3ccb3a16fda551c6,0,0
a0ea6bc16e6bd07d,0,0
51d793ce81bbbc52,0,0
f80fefd06c2f9c21,0,0
7c1eed942073f13d,0,0
02444c5c6d1ca9d8,0,0
a1c84d6f58e58411,0,0
013335f92dc97e5a,0,0
7896752cfa4ba38c,0,0
40d5d782ddd6a0fb,0,0
a2ae279d037779a5,0,0
f01fdea1d95e3843,0,0
f93cda2941e6e27b,0,0
048898b8da3852b1,0,0
42919bdeb0ca0923,0,0
03666af25b92fdb4,0,0
f12ceb58f4974619,0,0
81aaaf05bbad41f7,0,0
445d4f3a07eef24a,0,0
e03fbc43b3bd7086,0,0
f379b45382ccc5f7,0,0
08103171b571a462,0,0
852237bd61951346,0,0
06ccd4e4b724fb69,0,0
e359d6b1e82f8d32,0,0
02555f0b765b83ee,0,0
89ba9e740edce595,0,0
c17f7887667be10c,0,0
e6f368a704998bef,0,0
102062e26ae348c5,0,0
0a456e7ac32a278c,0,0
0c98a9c96f49f6d3,0,0
c7b3ac63d15f1a65,0,0
05aabe16ecb606dd,0,0
12753de91cb8cb2b,0,0
83fff00ecdf6c219,0,0
cde7d14e093217df,0,0
2140c4c4d5c6918a,0,0
158adcf486554e18,0,0
18305393df92eca7,0,0
8f6759c7a2bf34ca,0,0
0a547d2dd86d0dba,0,0
24ea7ad239709757,0,0
07ffe11d9aed8533,0,0
9bcfa39d12642ebe,0,0
42808889ab8d2315,0,0
2b14b9e90dab9c30,0,0
3160a626bf25d94f,0,0
1fcfb28e457f6994,0,0
14a8fa5ab0db1a74,0,0
48d4f5a473e02eaf,0,0
0ffec33b34db0b67,0,0
369f473b25c85c7c,0,0
84001113571b472a,0,0
562872d31b563961,0,0
63c04c4d7e4bb29f,0,0
3e9e651d8bfed228,0,0
2950f5b560b735e8,0,0
90a8eb49e7c05d5e,0,0
1efc877768b617ce,0,0
6c3e8f764a90b9f8,0,0
08012226ae368e54,0,0
ad50e4a637ac72c2,0,0
c680999afc96643f,0,0
7d3ccb3a16fda551,0,0
52a0ea6bc16e6bd0,0,0
2151d793ce81bbbc,0,0
3df80fefd06c2f9c,0,0
d87c1eed942073f1,0,0
1102444c5c6d1ca9,0,0
5aa1c84d6f58e584,0,0
8c013335f92dc97e,0,0
fb7896752cfa4ba3,0,0
a540d5d782ddd6a0,0,0
43a2ae279d037779,0,0
7bf01fdea1d95e38,0,0
b1f93cda2941e6e2,0,0
23048898b8da3852,0,0
b442919bdeb0ca09,0,0
1903666af25b92fd,0,0
f7f12ceb58f49746,0,0
4a81aaaf05bbad41,0,0
86445d4f3a07eef2,0,0
f7e03fbc43b3bd70,0,0
62f379b45382ccc5,0,0
4608103171b571a4,0,0
69852237bd619513,0,0
3206ccd4e4b724fb,0,0
eee359d6b1e82f8d,0,0
9502555f0b765b83,0,0
0c89ba9e740edce5,0,0
efc17f7887667be1,0,0
ac72c208012226ae,0,0
96643fad50e4a637,0,0
fda551c680999afc,0,0
6e6bd07d3ccb3a16,0,0
81bbbc52a0ea6bc1,0,0
6c2f9c2151d793ce,0,0
2073f13df80fefd0,0,0
6d1ca9d87c1eed94,0,0
58e5841102444c5c,0,0
2dc97e5aa1c84d6f,0,0
fa4ba38c013335f9,1,0
