# word	offset_bits  (frame=24640 bits; window=32 bits, LSB-packed from FEC startIn)
0001D18A	19090
0003A314	19089
00069047	21197
00074628	19088
00090C61	12147
000D208E	21196
000E8C51	19087
000F1935	6982
00121246	11215
001218C3	12146
00148DA8	14902
00170FD9	7052
001A411D	21195
001C617B	19688
001D18A3	19086
001E326B	6981
00231390	2551
0024248D	11214
00243187	12145
00291B51	14901
002B6B0C	3447
002CD250	22925
002E1FB3	7051
002EB3A8	21382
002FFAA5	21037
0034823A	21194
0038C2F7	19687
003983A2	11493
003A3147	19085
003C64D6	6980
0044BBB7	23179
00462721	2550
0048491B	11213
0048630F	12144
0050F4B1	20244
005236A2	14900
00542CD6	11761
0056D619	3446
0059A4A0	22924
005C3F66	7050
005D6750	21381
005FF54A	21036
00621527	24438
00690475	21193
006AB942	22004
006C28CA	6188
0070A246	14243
007185EE	19686
00730745	11492
0074628F	19084
0075B346	11264
007668F1	2168
0078C9AC	6979
007D595A	7229
007E0259	1045
007E74C7	9558
0081EA91	8997
0089776E	23178
008C4E43	2549
008D1CD5	10132
00909237	11212
0090C61F	12143
0097B585	17508
00A18876	7357
00A1E962	20243
00A46D45	14899
00A859AD	11760
00ADAC32	3445
00B00FEB	14434
00B27A2F	22310
00B34940	22923
00B87ECD	7049
00BACEA1	21380
00BF3E42	13146
00BFEA95	21035
00C0C645	18053
00C42A4E	24437
00CCD37F	9808
00CEF3DF	19404
00D12FF3	6430
00D1EE64	8485
00D208EA	21192
00D57284	22003
00D85195	6187
00DE977A	2718
00DFC653	20512
00E1448C	14242
00E30BDD	19685
00E60E8B	11491
00E8C51E	19083
00EB668C	11263
00EC5C8E	22993
00ECD1E3	2167
00F19359	6978
00F319FE	14739
00F44542	15108
00FAB2B4	7228
00FC04B2	1044
00FCE98E	9557
00FEB377	14422
01037A8D	18600
0103D522	8996
0104E078	17257
0104FD9D	1116
010A8C51	2798
010B7D8D	14037
010F38B0	12422
0112EEDC	23177
0114B158	20553
01189C87	2548
01194D73	16632
0119B082	3653
011A39AB	10131
011A3EEC	5008
011BEB96	9151
011F519E	22862
0121246F	11211
01218C3E	12142
01286AE1	4318
012CB5F4	1030
012F6B0A	17507
012FBEDD	7306
01317525	17819
01364A6D	22383
0139007E	9574
013A6E17	533
013CD6D2	16126
0142174D	996
014310EC	7356
0143D2C5	20242
0148DA8A	14898
014FCD6E	4721
0150B35B	11759
0153C550	11044
01594B9A	3245
015B5865	3444
015C1554	1368
01601FD6	14433
016058BB	21657
0164F45F	22309
01669281	22922
0166CE29	4539
01689D20	21409
0170FD9A	7048
01729F03	23094
01759D42	21379
017E5AD3	12558
017E7C85	13145
017F8BF3	16731
017FD52B	21034
01818C8B	18052
0183FD86	18385
0188549C	24436
018D288C	16291
018F0E35	12363
0199A6FE	9807
019B23F2	19447
019D487F	4944
019DE7BE	19403
01A25FE6	6429
01A3DCC8	8484
01A411D4	21191
01A92C2E	1249
01AAE509	22002
01AF28E1	20978
01B0A32A	6186
01B5C52E	10180
01BA2023	22881
01BC0CE5	23664
01BD2EF4	2717
01BE080F	20130
01BF8CA6	20511
01C28918	14241
01C617BA	19684
01CC1D16	11490
01D18A3D	19082
01D6CD18	11262
01D78A52	23813
01D8B91D	22992
01D914C3	10239
01D9A3C6	2166
01DB500E	23013
01E326B3	6977
01E633FC	14738
01E88A85	15107
01E9E2CD	16433
01EB75EC	20109
01EE3110	18998
01EEAFA8	15635
01F56569	7227
01F7A226	7817
01F80965	1043
01F82122	7942
01F9D31C	9556
01FD66EF	14421
01FF691C	22491
0206C8C1	10609
0206F51A	18599
0207AA45	8995
0209C0F1	17256
0209FB3A	1115
020A8BF4	16207
02102B0D	17022
0214EC1F	3927
021518A3	2797
0216FB1A	14036
021B34F5	1523
021E7160	12421
0223443E	20079
0225DDB8	23176
02271434	16257
02281259	13495
022962B1	20552
022ED336	20048
023128AB	8173
0231390F	2547
02329AE6	16631
02336104	3652
02347356	10130
02347DD8	5007
02355F35	8020
0237D72D	9150
023C7DF1	18754
023CC4E0	5811
023EA33D	22861
024248DF	11210
0243187C	12141
024593BE	21712
0249FF4E	21523
024B3E14	13482
024F6E21	3126
0250D5C3	4317
02533FAA	18266
02589602	14060
02596BE8	1029
02598A74	6042
025ED614	17506
025F7DBB	7305
02620E63	5691
0262EA4B	17818
02647BDE	9465
02660624	17897
02667120	13791
026C94DB	22382
027200FC	9573
02724B5E	12837
0274DC2E	532
0279ADA4	16125
027DFF44	16538
02830430	1623
02842E9A	995
028621D8	7355
0287A58B	20241
028CACE3	3740
028D60D6	8813
0291B514	14897
0293F104	23127
029C9F27	6904
029E299E	17742
029F66F3	960
029F9ADC	4720
02A166B7	11758
02A78AA1	11043
02B0DEEB	17010
02B29735	3244
02B44A68	16159
02B6B0CA	3443
02B82AA9	1367
02BBBDB7	3580
02C03FAC	14432
02C0B176	21656
02C5D82D	21646
02C700D1	8501
02C9B95F	1700
02C9E8BE	22308
02CD2503	22921
02CD9C52	4538
02D13A40	21408
02D24723	17067
02D910EE	3483
02DF71B1	8890
02E1FB34	7047
02E495FE	20894
02E53E06	23093
02E6081F	10337
02EB3A84	21378
02FCB5A6	12557
02FCF90B	13144
02FF17E7	16730
02FFAA57	21033
03031917	18051
0307FB0C	18384
030AB0E9	13061
0310A938	24435
03125D2F	17882
031583A7	15823
03167263	23070
031917F8	18043
031A5118	16290
031E1C6A	12362
03237957	18354
032ED787	23301
03334DFC	9806
033647E5	19446
03377BB8	12689
03396A76	23650
033A90FF	4943
033BCF7C	19402
033F9758	599
0344BFCD	6428
0347B991	8483
034823A8	21190
034B913A	13304
0352585D	1248
03526062	15842
0355CA12	22001
035847DF	20822
035E51C2	20977
035FAC5E	10457
03614654	6185
03646099	10602
036B8A5D	10179
03744047	22880
037819CB	23663
03789196	5526
0378E7E8	18783
037A5DE9	2716
037A8D65	18592
037C101E	20129
037F194C	20510
03851231	14240
03857D64	8601
0386D137	15140
0386F6BF	14359
038C12A3	9403
038C2F74	19683
03944C7F	2434
039604C4	5706
03983A2C	11489
0398A4C2	13529
03A2FA21	20318
03A3147A	19081
03AD9A30	11261
03AF14A5	23812
03B1723B	22991
03B22987	10238
03B3478D	2165
03B56104	11967
03B6A01D	23012
03B70995	4645
03B730F9	24247
03B814E4	6917
03BB209C	19561
03BD01BA	22897
03BFDA6B	23459
03C0EEC8	19571
03C64D66	6976
03C71B05	17238
03C9E3ED	10515
03CC67F8	14737
03D1150A	15106
03D3C59B	16432
03D52283	8988
03D6EBD8	20108
03DBC166	11117
03DC6220	18997
03DD5F50	15634
03E3088C	3895
03E82FEA	18705
03EACAD2	7226
03ED9B12	10316
03EF444D	7816
03F012CB	1042
03F04244	7941
03F14789	4690
03F3734B	21756
03F3A638	9555
03F44A3B	7186
03FACDDF	14420
03FB91A6	20729
03FED239	22490
03FFB799	9275
040452C5	20559
0407ADD7	20115
040D9182	10608
040DEA35	18598
040F548A	8994
040FB66C	10322
041381E3	17255
0413F675	1114
041517E9	16206
0415FF87	18539
04183215	13911
0418D1D0	18504
0420561B	17021
04244B7F	7929
0424D48C	911
0429D83E	3926
042A3146	2796
042DF634	14035
043086D9	1607
0431EA9D	8229
04329D94	11459
0433C493	3412
0434DA4C	22246
0434F29C	21811
043669EA	1522
043C826A	15415
043CE2C1	12420
043EEBFA	380
04402347	10142
04407FDA	22501
0440D498	15852
0446887C	20078
044BBB71	23175
044D299E	22423
044D5235	24478
044E2869	16256
044FE903	11991
045024B3	13494
0450A094	11943
0452C563	20551
045319C5	12329
04576065	23320
04580B02	21670
045BC721	18431
045BE886	16329
045C458C	3036
045DA66D	20047
045F57CF	21906
04625157	8172
0462721F	2546
046535CC	16630
0466755F	14795
0466C209	3651
046831C9	1850
0468E6AC	10129
0468FBB1	5006
046A1BBB	19259
046ABE6B	8019
046FAE5A	9149
04751096	21177
0476CEF9	14953
0478FBE2	18753
047989C1	5810
047B8C38	13396
047D467A	22860
0480B94F	23103
048491BF	11209
048630F9	12140
048B277D	21711
04914B72	11078
0493FE9C	21522
04967C29	13481
049EDC42	3125
04A1AB86	4316
04A5E187	11924
04A6377A	4149
04A67F55	18265
04A8DED8	9389
04ADCBE4	11411
04B12C04	14059
04B2D7D1	1028
04B314E8	6041
04B6B27C	15202
04B87D8E	10643
04BB51C3	1575
04BDAC28	17505
04BEFB76	7304
04BF6671	8571
04C41CC6	5690
04C5D497	17817
04C67616	19492
04C8F7BD	9464
04C947E1	4478
04CB2D4F	3628
04CB5DB1	3531
04CB66B1	15938
04CC0C49	17896
04CCE241	13790
04CCE9DB	10583
04CE8FBC	24604
04CFBBE6	20161
04D5C8C9	15398
04D929B7	22381
04E078E3	17249
04E401F9	9572
04E496BC	12836
04E4ACA7	16841
04E4EA79	19542
04E6B5A7	16029
04E9B85D	531
04EB17BC	20449
04F35B49	16124
04F8792B	4118
04FBFE89	16537
04FD9D67	1108
05060861	1622
05085D35	994
050C43B0	7354
050F2F07	6150
050F4B17	20240
051516E2	15672
0517B245	19952
051959C6	3739
051AC1AC	8812
0520206F	18611
05205689	16170
05236A28	14896
0526FD1F	841
0527E209	23126
052A07D0	18720
052EFF4E	6271
052F3672	14308
05393E4E	6903
0539FCFD	17214
053C533C	17741
053CEED0	15465
053ECDE6	959
053F35B8	4719
0542CD6F	11757
0545FA6C	16200
05481C60	9416
054AB928	14616
054B32B4	8080
054E126A	11582
054F1542	11042
0552E40E	8623
0555245B	1354
055890E2	19622
055BB8E7	6644
0561BDD7	17009
05645A12	19888
05652E6A	3243
056894D1	16158
056D49F7	1414
056D6194	3442
056D8612	16387
05705552	1366
05754AB2	1976
05777B6E	3579
057CA65C	23551
057E0C63	15344
057EFDCC	17430
057FE1C8	18533
05807F59	14431
058162EC	21655
0582B6A4	1423
0583822B	23337
058BB05A	21645
058CF87A	2837
058E01A3	8500
059372BE	1699
0593D17D	22307
0594B3E8	2651
0597F555	17784
059A4A07	22920
059A8824	11099
059B38A4	4537
059CD459	18899
05A27480	21407
05A48E46	17066
05A51E48	9877
05AA728E	21625
05B221DC	3482
05B33D47	21143
05B6ECB8	196
05BEE362	8889
05C3F669	7046
05C92BFC	20893
05CA7C0C	23092
05CC103E	10336
05CC51DA	19653
05D03F37	21768
05D67509	21377
05D99631	21948
05E1A340	11787
05ED88E9	24279
05F2AA66	4574
05F96B4D	12556
05F9F217	13143
05FD4B71	18692
05FE2FCE	16729
05FF54AE	21032
0602B82A	1375
0606322F	18050
0608610D	1614
060C855F	13905
060FF618	18383
0610D011	3673
061561D2	13060
0617FF52	22657
0618D3D7	14698
061AA92A	20480
06215271	24434
0624BA5E	17881
062B074F	15822
062CE4C6	23069
0631E78F	15329
06322FF0	18042
0634742B	18498
06349F38	17966
0634A231	16289
0639342F	1837
063C38D5	12361
0642AFBD	13898
0646F2AF	18353
0654661B	6080
065DAF0F	23300
0660996B	3542
06669BF8	9805
066C8FCA	19445
066D87FD	17106
066EE872	6514
066EF770	12688
0672D4ED	23649
06742541	20585
067521FF	4942
06763DE9	10059
06779EF9	19401
067F2EB0	598
0686F808	12443
06897F9B	6427
068B7E70	18811
068C01D9	2182
068F7322	8482
06904751	21189
06918F57	2485
0694757B	8951
0696452A	15709
06972275	13303
06A4B0BA	1247
06A4C0C5	15841
06A5AB7E	10692
06AB9425	22000
06B08FBF	20821
06B208D0	1865
06B2684B	8794
06B2B9E5	499
06BA6611	21103
06BBA93E	17461
06BCA385	20976
06BF58BD	10456
06C14F3B	15475
06C28CA9	6184
06C633BC	14157
06C8C133	10601
06C92C10	15437
06D714BA	10178
06DE920E	3966
06E8808F	22879
06E91CE2	11837
06EA1085	12493
06EA6C43	12787
06ECA6C9	4371
06F03396	23662
06F1232C	5525
06F1CFD0	18782
06F4BBD2	2715
06F51ACA	18591
06F8203D	20128
06FE0103	9012
06FE3298	20509
0703944C	2442
07045760	23328
070A2463	14239
070AFAC8	8600
070C4975	6355
070DA26E	15139
070DED7F	14358
07130214	3943
07182546	9402
07185EE8	19682
071C2C78	19369
071DE6F2	17673
072866F0	1651
072898FF	2433
072C0988	5705
07306947	8963
07307458	11488
07314985	13528
07319B93	5676
0734C69E	8711
0741652C	2661
07458219	11476
0745F442	20317
074628F5	19080
07470691	2501
074F9F6D	15806
075110AA	13764
07518BC6	6836
07527D31	7518
075B3461	11260
075E294A	23811
0762E477	22990
0764530F	10237
07668F1A	2164
0766E2D6	7724
076AC208	11966
076D403B	23011
076E132A	4644
076E61F3	24246
077019D4	4956
077029C9	6916
07719C51	9945
07764139	19560
0777F5B3	3173
077A0374	22896
077C3D99	12195
077D8EB4	1188
077F754F	4853
077FB4D7	23458
0781DD90	19570
078C9ACD	6975
078D7630	11345
078E360A	17237
078F089F	5784
078F2282	3061
0793C7DB	10514
0796C66B	5263
07981DB8	4658
0798CFF1	14736
079D65BF	2253
079E58B6	22341
07A22A14	15105
07A2E7CA	12394
07A78B37	16431
07AA4507	8987
07ABAA9D	18970
07ADD7B0	20107
07B3A7CF	23986
07B482A5	14633
07B782CD	11116
07B8C441	18996
07BABEA1	15633
07C09625	14070
07C0F8C2	3905
07C385CD	18851
07C395F6	6126
07C61119	3894
07CC6897	19828
07D05FD4	18704
07D089C8	6483
07D32344	18014
07D595A5	7225
07D5C65A	14542
07D5DD18	22691
07D722CE	22132
07DB3624	10315
07DE889B	7815
07E02596	1041
07E08489	7940
07E1ACDC	7122
07E28F12	4689
07E6E696	21755
07E74C71	9554
07E87A3F	237
07E89476	7185
07EB0B7E	8348
07F0DD46	15576
07F59BBE	14419
07F7234C	20728
07FB0C0C	18376
07FC568E	23605
07FD268B	24574
07FDA473	22489
07FF6F33	9274
0806897F	6435
0808A58A	20558
080F5BAF	20114
081586F7	17015
081B2304	10607
081BD46B	18597
081DC0A7	6922
081EA914	8993
081F6CD8	10321
081FFDBC	9280
08228504	11948
0826596A	3633
082703C7	17254
0827ECEB	1113
082A2FD3	16205
082BFF0E	18538
0830642A	13910
0830BFFA	22662
0831A3A1	18503
0836319D	14162
08381CA2	2447
0838624B	6360
0840AC37	17020
084252A9	49
084289F6	12478
0845F60A	1999
084732C7	22785
084896FF	7928
0849A919	910
084A5525	44
084C5A3D	14587
084F95A8	4229
08513EC4	12473
085181CB	5723
0853B07C	3925
0854628D	2795
0855B8CE	5344
085BEC69	14034
085D35C0	986
085FB638	15738
08610DB2	1606
0863D53B	8228
0863EED1	13983
0864E4DD	7613
08653B28	11458
08678926	3411
086808CD	3666
0869B498	22245
0869E538	21810
086AD27B	9688
086CD3D4	1521
086D904B	1595
086F9283	262
086FEBF2	3099
087904D5	15414
0879C583	12419
087DD7F5	379
0880468E	10141
0880FFB4	22500
0881A930	15851
0882633B	19501
0882A972	8632
0885EE99	23263
0889E880	23689
088CF0BE	3879
088D10F8	20077
089776E2	23174
0897F344	10930
089A533D	22422
089AA46A	24477
089B183E	14091
089C50D3	16255
089C8C3E	6471
089F9613	5768
089FD207	11990
08A04967	13493
08A14129	11942
08A58AC6	20550
08A6338A	12328
08A84C3F	20631
08AEC0CB	23319
08B01605	21669
08B78E42	18430
08B7D10C	16328
08B88B18	3035
08B93A3A	17566
08BB4CDA	20046
08BBC267	21080
08BE880D	10201
08BEAF9F	21905
08BEC15D	1994
08C04E9B	543
08C4A2AE	8171
08C4E43F	2545
08CA6B99	16629
08CA7720	7009
08CCEABF	14794
08CD8413	3650
08D06393	1849
08D1CD58	10128
08D1F763	5005
08D43777	19258
08D57CD6	8018
08D5D026	13811
08DF5CB4	9148
08E63AE1	570
08E658E9	22780
08EA212D	21176
08ED9DF2	14952
08F1F7C5	18752
08F27BB5	20291
08F31383	5809
08F71871	13395
08FA8CF5	22859
08FBFA37	20809
08FDA35D	773
0901729F	23102
09019B23	19455
09086F92	270
0909237E	11208
090C61F2	12139
0912DDE6	23494
0912DFE8	7923
09164EFA	21710
09196F4D	24098
091ABF11	11648
092296E4	11077
09237E99	11200
0927FD38	21521
092CF852	13480
092FCFEA	3301
0935232C	905
0935556A	23950
093574C5	11567
093D117A	872
093DB884	3124
0943570C	4315
094571DC	19865
0949EF1C	21978
094AA4AA	39
094BC30F	11923
094C6EF4	4148
094CFEAA	18264
09504045	20571
09509F30	14462
0951BDB1	9388
095B97C9	11410
095C4EE5	20666
095C7F44	23747
095CCCF9	16364
09625808	14058
0965AFA2	1027
096629D1	6040
096C16CC	21157
096D64F8	15201
0970FB1D	10642
09712FFB	5559
0975AFAC	8773
0976A387	1574
097B5850	17504
097C25C4	5573
097DF6ED	7303
097ECCE2	8570
09842399	22794
0985E49F	21353
0987FEDC	20618
0988398C	5689
098B47BD	14582
098BA92F	17816
098CEC2C	19491
098F2D4C	23221
0991EF7B	9463
09928FC3	4477
0994E995	13647
0995350B	4629
09965A9F	3627
0996BB62	3530
0996CD63	15937
09981892	17895
0999C483	13789
0999D3B7	10582
0999F3FF	21843
099BE3F8	16486
099D1F78	24603
099D67DD	5083
099F1A80	21062
099F77CC	20160
09A38A8A	24210
09AA6298	9494
09AB9193	15397
09B2536E	22380
09BB0583	23353
09BC082A	16221
09C0F1C6	17248
09C217ED	15748
09C6B385	20419
09C803F3	9571
09C92D78	12835
09C9594E	16840
09C9D4F2	19541
09CD0AF9	17364
09CD6B4F	16028
09D150C4	6701
09D370BA	530
09D62F78	20448
09DAA843	7634
09E0D4B5	10703
09E6A721	5429
09E6B693	16123
09E92329	7883
09EDD421	5745
09F0F257	4117
09F2B51A	4224
09F300B0	14450
09F7FD13	16536
09FB3ACF	1107
0A094BC3	11931
0A0B19F0	2844
0A0C10C2	1621
0A0EE033	4963
0A0F98D1	19835
0A10BA6B	993
0A188761	7353
0A1ACC1A	17483
0A1E5E0F	6149
0A1E962E	20239
0A2463E9	14231
0A27644B	18320
0A27D883	12468
0A28AE18	18182
0A2A2DC4	15671
0A2A5600	1068
0A2B5F68	15082
0A2CA93F	2371
0A2F648B	19951
0A2FFD7A	11016
0A303960	5718
0A31BE44	5997
0A325091	11668
0A326591	20394
0A32A705	6174
0A32B38C	3738
0A358359	8811
0A3E3EF0	22953
0A4040DE	18610
0A40AD12	16169
0A44B5C5	13459
0A46D450	14895
0A496368	19156
0A4DFA3E	840
0A4FC412	23125
0A540FA0	18719
0A56E8A9	7679
0A5DFE9D	6270
0A5E6CE4	14307
0A605937	1711
0A656030	18404
0A727C9D	6902
0A73F9FB	17213
0A73FC33	15293
0A760F81	3920
0A760FC3	7137
0A78A678	17740
0A79DDA0	15464
0A7D9BCD	958
0A7E6B70	4718
0A859ADF	11756
0A8BF4D8	16199
0A8C51BD	2790
0A9038C1	9415
0A9271B4	4765
0A9389DB	24423
0A93BDC7	21235
0A957250	14615
0A966569	8079
0A9C24D5	11581
0A9E2A85	11041
0AA11ABA	13822
0AA55E8D	14867
0AA5C81C	8622
0AA8A3C1	5289
0AA92987	9201
0AA93C1E	14655
0AAA48B7	1353
0AAB77ED	13744
0AB0E94D	13053
0AB121C5	19621
0AB719C8	5339
0AB771CE	6643
0ABEF64E	13888
0AC295BA	7689
0AC37BAF	17008
0AC8B425	19887
0ACA5CD5	3242
0AD129A2	16157
0ADA93EF	1413
0ADAC328	3441
0ADB0C25	16386
0ADBE2D0	15966
0ADF5554	2108
0ADFB1FD	318
0AE0AAA4	1365
0AE628EF	642
0AE654A8	18476
0AEA9565	1975
0AEEF57D	19749
0AEEF6DC	3578
0AF94CB9	23550
0AF9B51C	17348
0AFAC825	8592
0AFC0465	16646
0AFC18C7	15343
0AFDFB99	17429
0AFEBF04	22447
0AFFC390	18532
0B00FEB3	14430
0B022812	13503
0B02C5D8	21654
0B056D49	1422
0B070457	23336
0B1760B5	21644
0B19F0F4	2836
0B1C0347	8499
0B1E298A	19355
0B26E57C	1698
0B27A2FA	22306
0B2967D1	2650
0B2C2406	19469
0B2FEAAB	17783
0B34940E	22919
0B351049	11098
0B35BE8A	11747
0B367149	4536
0B39A8B2	18898
0B3ADC7B	12991
0B3C8D4A	19038
0B44E900	21406
0B463298	8288
0B491C8D	17065
0B4A3C90	9876
0B4FD460	7969
0B54D4AA	20951
0B54E51C	21624
0B5F504B	15222
0B6443B9	3481
0B667A8E	21142
0B670CCE	4605
0B6DD970	195
0B6E5012	7326
0B7327D7	9848
0B752BD2	2075
0B79F148	24633
0B7CF9E4	10409
0B7D8D39	14029
0B7DC6C5	8888
0B7E334B	8332
0B836F49	3975
0B87ECD2	7045
0B9257F9	20892
0B94F818	23091
0B9514E9	22600
0B98207D	10335
0B98A3B4	19652
0B9AF60D	18834
0BA07E6E	21767
0BA0D657	510
0BA33458	16937
0BA6B814	981
0BA9CCA5	1227
0BAC6AE6	5229
0BACEA13	21376
0BB32C62	21947
0BBAB9D9	5402
0BBEE50F	22093
0BC34680	11786
0BC93E7B	21344
0BDB11D2	24278
0BDD05CC	19669
0BDD324B	23254
0BDD91E6	4012
0BDF90E4	10763
0BE2D4D0	18081
0BE554CC	4573
0BE5F2A1	3859
0BE94C96	167
0BE992C7	13120
0BEA558C	3770
0BF1F081	9300
0BF2D024	21543
0BF2D69A	12555
0BF3E42F	13142
0BF4517F	8410
0BF6B15F	1815
0BF6C706	15733
0BFA96E3	18691
0BFC5F9D	16728
0BFEA95D	21031
0BFFA926	22650
0BFFB237	3006
0C01AAE5	22010
0C033BCF	19410
0C057055	1374
0C07BABE	15641
0C08D57C	8026
0C0C645F	18049
0C0C8DE5	18360
0C10C21B	1613
0C190ABE	13904
0C1FEC30	18382
0C21A023	3672
0C21B641	1601
0C257333	16370
0C2AC3A5	13059
0C2FFEA4	22656
0C3181A5	13321
0C31A7AF	14697
0C355254	20479
0C36D3B9	18159
0C3FC568	11905
0C3FE58A	13358
0C42A4E2	24433
0C43B0B6	7346
0C43EB3F	6681
0C45B77F	9242
0C46E2A6	7764
0C4974BC	17880
0C49753B	6347
0C4D4A5C	15606
0C560E9F	15821
0C580C69	16304
0C59C98D	23068
0C5B2AFB	22216
0C606972	13315
0C61F25A	12131
0C62E8BB	15053
0C63CF1F	15328
0C645FE0	18041
0C68E857	18497
0C693E71	17965
0C694462	16288
0C69EBC7	14691
0C70DF4D	12606
0C72685F	1836
0C7871AA	12360
0C7AA762	8223
0C7DDA25	13978
0C7E669B	5117
0C855F7B	13897
0C85A7EA	7978
0C88C210	67
0C8A2911	15537
0C8DE55F	18352
0C9C9BB7	7608
0C9FEE5E	12660
0CA08678	3423
0CA7651C	11453
0CA8CC37	6079
0CAD6BF2	1296
0CAED1E0	13423
0CB0A325	11680
0CB55E09	16864
0CBB5E1E	23299
0CC132D7	3541
0CC417B6	24293
0CC58AB6	14277
0CC69D66	13236
0CCD37F1	9804
0CCE0BE5	4589
0CD91F94	19444
0CDB0FFA	17105
0CDB3434	4291
0CDDD0E4	6513
0CDDEEE1	12687
0CDE0506	1638
0CE5A9DB	23648
0CE83765	4384
0CE84A82	20584
0CEA43FF	4941
0CEC7BD3	10058
0CEF3DF2	19400
0CF05481	9428
0CF124D6	3406
0CF5AFA5	15271
0CFE5D61	597
0D0119B0	3661
0D09C217	15756
0D0DF010	12442
0D12FF36	6426
0D157D05	6295
0D16FCE0	18810
0D1803B3	2181
0D1A00A8	11776
0D1C1F0E	18865
0D1EE644	8481
0D208EA2	21188
0D231EAE	2484
0D28EAF7	8950
0D2C8A55	15708
0D2E44EA	13302
0D34557C	4269
0D36930C	22240
0D3C26F0	16235
0D3CA70E	21805
0D3E1746	16952
0D496175	1246
0D49818A	15840
0D4B56FD	10691
0D5438AE	15904
0D549504	20473
0D57284A	21999
0D595AD3	22737
0D5A4F7F	9683
0D5C336C	4305
0D611F7F	20820
0D6125F9	3312
0D6411A0	1864
0D64D097	8793
0D652A71	20011
0D6573CA	498
0D660D77	17476
0D66E7EE	7111
0D72A919	17711
0D74CC22	21102
0D77527C	17460
0D79470B	20975
0D7EB17B	10455
0D829E77	15474
0D851953	6183
0D8C6778	14156
0D918266	10600
0D925821	15436
0D93DE46	725
0D9A7A93	1516
0DA26E01	15131
0DA567F0	17594
0DAE2975	10177
0DAE5202	1139
0DB20976	1590
0DB2D2D9	13563
0DB4EE5D	18153
0DBD241C	3965
0DBEDDCD	19312
0DCA0CDD	6529
0DD1011F	22878
0DD239C5	11836
0DD4210A	12492
0DD46BA1	15564
0DD4D887	12786
0DD5A1E2	2963
0DD94D93	4370
0DDDD134	19244
0DE0672D	23661
0DE204B3	6057
0DE24659	5524
0DE39FA0	18781
0DE6469F	6803
0DE977A5	2714
0DEA3594	18590
0DED7F3B	14350
0DEEBF3B	16998
0DF010F3	12434
0DF0407A	20127
0DF2507E	257
0DF4D744	12594
0DFC0207	9011
0DFC6530	20508
0DFD7E44	3094
0E002424	11222
0E072898	2441
0E08AEC0	23327
0E1448C7	14238
0E15F590	8599
0E1735EC	18841
0E1892EA	6354
0E1B44DC	15138
0E1BDAFE	14357
0E1C4D67	23902
0E1F8129	18283
0E260429	3942
0E26B3CF	23895
0E290C3F	13374
0E2B8779	15890
0E2D6A72	17850
0E2EB7EA	19602
0E304A8D	9401
0E30BDD0	19681
0E3535D1	6395
0E354114	12347
0E3858F1	19368
0E3BCDE5	17672
0E410634	18514
0E41F422	6493
0E436959	17604
0E4ACB6F	10743
0E50CDE0	1650
0E5131FF	2432
0E545012	4338
0E57DAB3	6116
0E581310	5704
0E60D28E	8962
0E60E8B0	11487
0E62930B	13527
0E633727	5675
0E65C8E9	5491
0E698D3C	8710
0E69C4AF	12761
0E6E049E	3141
0E6E776D	10002
0E7B9736	5185
0E7D6B44	11317
0E82CA59	2660
0E8B0432	11475
0E8BE884	20316
0E8C51EA	19079
0E8E0D23	2500
0E94D662	13041
0E972820	18560
0E9F3EDB	15805
0EA1C004	11233
0EA22155	13763
0EA3178D	6835
0EA4FA62	7517
0EB668C3	11259
0EBC5295	23810
0EBEE818	13082
0EC29258	19166
0EC2DB94	7336
0EC5C8EE	22989
0EC6AB9D	10835
0EC8A61E	10236
0ECC0143	20258
0ECD1E34	2163
0ECDC5AC	7723
0ED58411	11965
0EDA5AE0	15167
0EDA8076	23010
0EDC2654	4643
0EDCC3E7	24245
0EE033A9	4955
0EE05393	6915
0EE338A2	9944
0EE3FF2F	5878
0EE5002B	3463
0EE772CA	9640
0EE82E81	21781
0EEC8272	19559
0EEFEB66	3172
0EF22822	15873
0EF406E8	22895
0EF87B32	12194
0EFB1D68	1187
0EFEEA9F	4852
0EFF55D4	4451
0EFF69AE	23457
0EFFB1E0	3200
0F03BB20	19569
0F0F665B	12926
0F139407	23035
0F162DAB	2944
0F167340	1549
0F18442F	23276
0F19359B	6974
0F1AEC61	11344
0F1C6C14	17236
0F1E113F	5783
0F1E4504	3060
0F20745F	20329
0F209AB9	15409
0F257ADE	4105
0F26106C	14177
0F278FB7	10513
0F28DA15	4788
0F2D8CD7	5262
0F2F07C3	6142
0F2F3A92	21471
0F303B70	4657
0F319FE2	14735
0F38B07A	12414
0F3ACB7E	2252
0F3CB16C	22340
0F4213E5	4239
0F42CF23	19048
0F445428	15104
0F45CF94	12393
0F47EEF0	224
0F4992A8	15504
0F4A2590	23717
0F4B1713	20232
0F4BC042	2816
0F4BE086	8248
0F4F166F	16430
0F508BE8	10213
0F548A0E	8986
0F5492BA	21580
0F57553B	18969
0F58A79B	16789
0F5901A9	1265
0F5BAF60	20106
0F649901	16457
0F664A22	12181
0F665B1E	12918
0F674F9E	23985
0F69054A	14632
0F6A0EF8	12210
0F6F059A	11115
0F718883	18995
0F757D43	15632
0F78BC9F	8539
0F811769	20057
0F812C4B	14069
0F81F184	3904
0F870B9A	18850
0F872BED	6125
0F8773B9	9649
0F8C2233	3893
0F92D7B1	12120
0F94201A	6449
0F963CC5	3832
0F974145	19970
0F98D12F	19827
0F9F84D1	24227
0FA0BFA9	18703
0FA11391	6482
0FA64688	18013
0FAB2B4B	7224
0FAB8CB4	14541
0FABBA30	22690
0FABF8A3	10796
0FACFFA0	6671
0FAE459C	22131
0FB1D810	10630
0FB66C49	10314
0FBAFEAD	374
0FBD1137	7814
0FC04B2D	1040
0FC094CF	18276
0FC10912	7939
0FC359B9	7121
0FC51E24	4688
0FCBA372	12051
0FCDCD2C	21754
0FCE98E2	9553
0FD0F47E	236
0FD128EC	7184
0FD1FC1B	12515
0FD3114D	22069
0FD616FC	8347
0FD9A5E1	7036
0FDFB791	20698
0FE1BA8D	15575
0FEB377D	14418
0FEE4698	20727
0FF15A39	11899
0FF4F41D	2523
0FF4FC80	9176
0FF61819	18375
0FF8AD1C	23604
0FF962A2	13352
0FFA4D17	24573
0FFA9C0B	17089
0FFB48E6	22488
0FFB5E13	6724
0FFDB906	20609
0FFE32A8	4923
0FFEDE66	9273
1008D1CD	10136
100D12FF	6434
10114B15	20557
1011F519	22866
1013CD6D	16130
10142174	1000
10166CE2	4543
101B5C52	10184
101BC0CE	23668
101EB75E	20113
101FF691	22495
10227143	16261
102598A7	6046
102B0DEE	17014
10352606	15846
1035FAC5	10461
10364609	10606
1037A8D6	18596
103B814E	6921
103BFDA6	23463
103D5228	8992
103ED9B1	10320
103FFB79	9279
10450A09	11947
10480B94	23107
104914B7	11082
104C6761	19496
104CB2D4	3632
104E078E	17253
104FD9D6	1112
10545FA6	16204
10552E40	8627
1057FE1C	18537
105E1A34	11791
105ED88E	24283
1060C855	13909
10617FF5	22661
10634742	18502
10686F80	12447
106C633B	14161
10703944	2446
1070C497	6359
107319B9	5680
107ABAA9	18974
1081586F	17019
1084A552	48
108513EC	12477
10863EED	13987
1086FEBF	3103
108BEC15	1998
108E658E	22784
108F27BB	20295
10912DFE	7927
10935232	909
1094AA4A	43
1095C4EE	20670
1096C16C	21161
1098B47B	14586
109BB058	23357
109F2B51	4228
10A27D88	12472
10A30396	5722
10A760F8	3924
10A8C51B	2794
10A9389D	24427
10AA9298	9205
10AAB77E	13748
10AB719C	5343
10AC295B	7693
10B7D8D3	14033
10BA6B81	985
10BDD324	23258
10BDD91E	4016
10BF6C70	15737
10C07BAB	15645
10C21B64	1605
10C3181A	13325
10C580C6	16308
10C7AA76	8227
10C7DDA2	13982
10C9C9BB	7612
10CA7651	11457
10CC417B	24297
10CF124D	3410
10D0119B	3665
10D36930	22244
10D3CA70	21809
10D5A4F7	9687
10D9A7A9	1520
10DB2097	1594
10DF2507	261
10DFD7E4	3098
10E69C4A	12765
10EC2DB9	7340
10EE5002	3467
10F209AB	15413
10F26106	14181
10F2F3A9	21475
10F38B07	12418
10F4A259	23721
10F78BC9	8543
10F81176	20061
10FACFFA	6675
10FBAFEA	378
11008D1C	10140
1101FF69	22499
11035260	15850
1104C676	19500
110552E4	8631
1107ABAA	18978
110AAB77	13752
110BDD32	23262
1113D101	23688
1119E17C	3878
111A21F0	20076
11264D42	9714
112C25F0	5587
112D1EC1	9903
112EEDC5	23173
112FE688	10929
1134A67B	22421
113548D4	24476
1135E5FC	11867
1136307C	14090
1137D634	7798
1138A1A7	16254
1139187C	6470
113D101B	23684
113F2C27	5767
113FA40E	11989
114092CF	13492
11428252	11941
1143FED7	6734
114B158C	20549
114C6715	12327
114D2A69	22053
1150987F	20630
1150A2B5	15094
1155A418	17988
11596A63	22181
115D8197	23318
11600121	12158
11602C0B	21668
11630BFF	3022
116DDFDE	9236
116F1C85	18429
116FA218	16327
11711630	3034
11727475	17565
117699B4	20045
117784CF	21079
117A0A4D	856
117D101B	10200
117D5F3E	21904
117D82BA	1993
11809D37	542
11842129	58
1187A4C9	15513
11881138	16270
1189455C	8170
1189C87F	2544
118DFBC2	14117
1194D733	16628
1194EE40	7008
1199D57E	14793
119B0826	3649
119C8394	1668
119E17CB	3874
11A0C726	1848
11A18E1B	12617
11A21F02	20072
11A39AB1	10127
11A3EEC7	5004
11A5D4F8	22275
11A86EEE	19257
11AAF9AD	8017
11ABA04C	13810
11B6D23E	12092
11B8A9BD	7758
11B9FD4B	11624
11BEB968	9147
11C05F96	12568
11C2B7EC	328
11C36CB4	13573
11C74005	7070
11CC75C2	569
11CCB1D3	22779
11CF1216	13014
11D2076E	24262
11D4425B	21175
11D7E3E5	10904
11DB3BE4	14951
11E3EF8A	18751
11E4F76B	20290
11E62707	5808
11EE30E2	13394
11F519EA	22858
11F7F46F	20808
11FB46BA	772
1202E53E	23101
12033647	19454
120E698D	8718
120EA221	13771
120F1E45	3068
120F303B	4665
1210DF25	269
121246FD	11207
121675B8	12998
1218C3E4	12138
121C5D6F	19609
1225BBCC	23493
1225BFD1	7922
122C9DF4	21709
1231F4BE	14224
1232CC39	5513
1232DE9A	24097
1232F2BD	7437
12357E23	11647
123972F8	2400
12452DC9	11076
1246FD33	11199
124D6937	3394
124DEDD1	10292
124E3948	23776
124FFA71	21520
1253DBBA	23416
1259F0A4	13479
125D2F0E	17874
125D4ED6	6341
125F9FD5	3300
1264D421	9710
12653253	5923
126A4659	904
126AAAD5	23949
126AE98A	11566
126E3E7E	2215
127A22F4	871
127B7108	3123
1286AE19	4314
128AB96C	8161
128AE3B8	19864
128E1463	6012
128EC9EA	7172
1293DE38	21977
12954954	38
1297861F	11922
1298DDE8	4147
1299FD55	18263
129A2027	16145
129C4C04	9596
12A0808A	20570
12A13E60	14461
12A37B62	9387
12B3E6DC	9360
12B72F92	11409
12B89DCB	20665
12B8FE88	23746
12B999F2	16363
12BEC8BE	12743
12BF5617	18104
12C042DF	14047
12C25F09	5583
12C4B010	14057
12C64E3F	24357
12C8444F	23702
12CB5F44	1026
12CC53A2	6039
12D1EC16	9899
12D717C3	13449
12D82D99	21156
12DAC9F1	15200
12DDAE9A	8455
12DDE620	23486
12DFE8E3	7915
12E1F63B	10641
12E25FF7	5558
12E3E3FD	136
12E69C58	4058
12EAB164	13955
12EB5F58	8772
12ED470F	1573
12EE1C3F	18298
12EEDC5A	23169
12F207F7	20744
12F6B0A1	17503
12F76F35	19807
12F84B89	5572
12F9E6E0	11291
12FBEDDB	7302
12FD99C4	8569
12FE688E	10925
12FF361C	6418
12FFB81B	5547
13013900	9582
1301D914	10247
130214EC	3935
13084732	22793
130BC93E	21352
130FFDB9	20617
13107319	5688
13168F7B	14581
1317525E	17815
1319D859	19490
131E5A99	23220
131FF123	2420
1323DEF7	9462
13251F87	4476
1329D32A	13646
132A6A16	4628
132CB53F	3626
132D1FA5	20208
132D76C5	3529
132D9AC7	15936
13303125	17894
13338907	13788
1333A76E	10581
1333E7FE	21842
1335A1AC	3331
1335EA31	24530
1337C7F0	16485
133A3EF0	24602
133ACFBB	5082
133E3500	21061
133EEF98	20159
13471515	24209
134A67B2	22417
134AEB48	19224
13529707	15600
13548D4F	24472
1354C530	9493
13572326	15396
1359E7EE	23888
135E5FC1	11863
136307C0	14086
1364A6DC	22379
136772CC	17301
13700F44	15120
13760B07	23352
13781054	16220
137C8079	14756
137D634C	7794
137FCDF6	1758
1381E38D	17247
1383C784	5793
13842FDB	15747
138A1A78	16250
138D670A	20418
139007E7	9570
1390FF4F	2535
139187CA	6466
13925AF1	12834
1392B29C	16839
1393A9E4	19540
1394076D	23027
139A15F3	17363
139AD69E	16027
13A2A188	6700
13A400BA	21396
13A4ED9D	449
13A6E174	529
13A9718D	13284
13AC5EF0	20447
13B225DC	18313
13B55086	7633
13B764DC	24406
13B97845	20652
13BB2742	16512
13C1A96A	10702
13C4637E	14127
13CA66E4	5971
13CD4E42	5428
13CD6D27	16122
13D101BC	23680
13D24653	7882
13D444B4	9917
13D6D453	16088
13DBA842	5744
13E1E4AF	4116
13E56A34	4223
13E60160	14449
13EC41A1	12461
13EFFA27	16535
13F2C27B	5763
13F6759E	1106
13F98980	10264
13FA40ED	11985
1400E60E	11499
1404A1AB	4324
14092CF8	13488
140AEEF6	3586
14110352	15858
14117116	3042
14129786	11930
1414A81F	18726
141633E1	2843
14182184	1620
141CC1A5	8969
141DC067	4962
141F31A2	19834
142174D7	992
1428252F	11937
142A957A	14873
142BF011	16652
14310EC2	7352
1434F09B	16241
14359835	17482
14375687	2969
143CBC1F	6148
143D2C5C	20238
143FED78	6730
144218FB	13993
1448C7D2	14230
1449B8F9	2221
144EC897	18319
144F5112	9923
144FB106	12467
14515C30	18181
1452230F	15528
14545B88	15670
1454AC01	1067
1456BED0	15081
14570C36	18175
1459527F	2370
145C117D	21920
145EC916	19950
145FC7D2	8396
145FFAF5	11015
146072C0	5717
14637C89	5996
1464A123	11667
1464CB23	20393
14654E0A	6173
14656719	3737
1467DFA0	7545
146B06B2	8810
146F5499	2776
1470BDF9	10775
147682AC	19639
1477C5D0	627
14783CB6	5276
14789079	4678
147A87A1	19065
147B3099	21863
147C7DE0	22952
148081BD	18609
14815A25	16168
14826747	24613
14861FF2	13367
1488C3D2	15522
14896B8B	13458
148DA8A1	14894
1492C6D1	19155
14985811	13516
149BF47D	839
149F26AE	4516
149F8824	23124
14A42077	6936
14A55124	23796
14A81F41	18718
14AAA0A2	15691
14ADD153	7678
14B158CE	20545
14B72405	11066
14BAD044	10162
14BBFD3B	6269
14BC053F	4735
14BCD9C8	14306
14BEAE49	7490
14C0991E	9475
14C0B26E	1710
14C18634	14708
14C2BBBD	19759
14C3D422	10223
14C56650	19340
14C6715F	12323
14CAC060	18403
14CF0D72	17727
14D16F56	2912
14D2A69E	22049
14D4895F	18121
14DC8AB6	16066
14DD651E	18642
14E4F93B	6901
14E7F3F6	17212
14E7F867	15292
14E89470	6025
14E9B351	22584
14EAB855	5310
14EC1F03	3919
14EC1F86	7136
14F14CF0	17739
14F372C5	16776
14F3BB41	15463
14FB379B	957
14FCD6E0	4717
150987FE	20626
150A2B5F	15090
150B35BE	11755
150C43EB	6689
1510C318	13333
1515FADB	24193
1516E218	15664
1517E9B0	16198
1518A37A	2789
151CE35A	2610
15207182	9414
1524E368	4764
152713B7	24422
15277B8F	21234
152AE4A1	14614
152B007E	1061
152CCAD2	8078
15346213	23376
1537A83B	7745
153849AB	11580
1539FA36	1916
153C550A	11040
153D7EF9	24060
153DAB09	7658
15423574	13821
15428BFF	11026
154ABD1B	14866
154B9038	8621
15514783	5288
1552530F	9200
1552783D	14654
1554916F	1352
1556EFDB	13743
155A418D	17984
155EA37B	4894
155F0F42	4255
1561D29A	13052
1562438B	19620
1563594C	11722
156D16CA	14993
156D8038	14260
156D904E	16049
156E3391	5338
156EE39C	6642
1572D8FE	8152
157D052E	6287
157DEC9C	13887
1583A7CF	15815
15852B74	7688
1586F75F	17007
158B7A94	11541
158CE806	20533
1591684A	19886
1594B9AB	3241
1596A633	22177
1599436F	19330
15A25344	16156
15A38B26	23591
15A39113	11887
15AFB431	15075
15B527DF	1412
15B58650	3440
15B6184A	16385
15B7C5A0	15965
15BCA02F	16750
15BEAAA9	2107
15BF63FA	317
15C15549	1364
15C30DB4	18169
15C3BC8A	15883
15C770A0	19855
15CAFC92	9096
15CC51DF	641
15CCA951	18475
15D25F25	2041
15D52ACB	1974
15D81976	23314
15DDEAFB	19748
15DDEDB9	3577
15F29973	23549
15F36A38	17347
15F37BA0	19915
15F5904B	8591
15F6A3CF	1795
15F808CA	16645
15F8318F	15342
15FADB45	24185
15FBF733	17428
15FD7E08	22446
15FDB78C	12303
15FF8720	18531
16001218	12154
1601FD66	14429
1602C0B1	21664
16031A51	16298
16045024	13502
16058BB0	21653
1608653B	11466
1609928F	4485
160ADA93	1421
160E08AE	23335
160F45CF	12401
162ADB00	14267
162DAB14	2936
162EC16A	21643
1630BFFB	3018
1633E1E9	2835
1634BA70	4412
1638068F	8498
163C5315	19354
163D3AEB	16915
163FB10B	4036
164008C4	2561
164CB20A	23574
164CFF04	13935
164DCAF8	1697
164EFA49	21702
164F45F4	22305
164F9664	7391
164FEC7B	24159
1650D1C1	18877
1652CFA3	2649
16549FF5	2364
1658480C	19468
165FD557	17782
1662BE6F	19926
1662DD86	6554
1664620B	11810
1669281D	22918
166A2092	11097
166B7D15	11746
166CE293	4535
166F28E4	10975
166FB2E0	16414
16726361	23062
1672D0BB	22113
16734086	1541
16735165	18897
16754D9C	11375
1675B8F7	12990
16791A95	19037
168265B3	15947
1684A2B8	19874
1689D200	21405
168C6531	8287
168F63E1	14489
168F7B4E	14573
1692391A	17064
169461ED	12229
16947921	9875
169BB029	23147
169D33AB	2293
169EBA04	8196
169FA8C0	7968
16A68060	18070
16A9A955	20950
16A9CA39	21623
16AB045B	18447
16B10AC2	7705
16B53901	17843
16BA432B	1314
16BEA096	15221
16C02C9E	22320
16C79D99	22538
16C88772	3480
16C8CF3B	3806
16CA5546	13701
16CA9504	14977
16CABEE8	22210
16CCF51D	21141
16CE199C	4604
16D58A68	2929
16DBB2E1	194
16DCA025	7325
16DDFDE2	9232
16E11FB4	784
16E2180F	15656
16E64FAE	9847
16EA57A4	2074
16EC3728	6543
16F1C853	18425
16F3E290	24632
16F52955	11532
16F569DC	2900
16F67D9F	6592
16F7597C	6866
16F9F3C9	10408
16FA218B	16323
16FB1A72	14028
16FB45AE	1332
16FB8D8B	8887
16FC6696	8331
16FCE06F	18802
1701594B	3253
17045F57	21914
1706DE92	3974
170FD9A5	7044
1711630B	3030
17132D1F	20216
17190A93	21251
17199373	9526
1723B9C2	22979
1724AFF3	20891
172509CD	17380
1727475E	17561
1729F031	23090
172A29D3	22599
173040FB	10334
17314768	19651
1735EC1A	18833
173E5018	12383
1740CFE5	609
1740FCDC	21766
1741ACAE	509
1745DAC7	15042
174668B1	16936
174983A0	2678
174D7029	980
17525E0B	17807
1753994A	1226
17583753	12800
1758D5CD	5228
1759D426	21375
175BF503	19595
1760B54E	21636
176658C5	21946
17699B4C	20041
176B1C77	15032
177573B3	5401
17784CF8	21075
177A772B	6771
177DCA1F	22092
17803614	6197
17868D00	11785
178D0DE6	6819
178E8B4A	12246
17927CF6	21343
1793F181	8526
17969D8D	8121
17A0A4DF	852
17B24598	19944
17B57457	9118
17B623A4	24277
17B9C9ED	8862
17BA0B98	19668
17BA6497	23253
17BB23CC	4011
17BC271A	20433
17BDCFC2	10435
17BF21C9	10762
17C00523	14912
17C32BB4	13433
17C35656	22747
17C5A9A0	18080
17CAA998	4572
17CBE543	3858
17D101B5	10196
17D108F2	20307
17D11A5D	22287
17D1E971	12722
17D28F60	19117
17D2992C	166
17D3258F	13119
17D4AB18	3769
17D5F3E7	21900
17D82BAA	1989
17E1E97C	8259
17E3E103	9299
17E5A049	21542
17E5AD34	12554
17E74AEA	16714
17E7C85F	13141
17E8A2FE	8409
17E91539	1932
17E9B052	16190
17ED62BE	1814
17ED8E0D	15732
17F1F49D	8390
17F2C5B1	22556
17F4E266	24549
17F52DC6	18690
17F73ADA	7850
17F83E99	18027
17F8BF3A	16727
17FAF02D	3503
17FD52BB	21030
17FEBD72	11009
17FF524C	22649
17FF646E	3005
1800E30B	19693
180355CA	22009
1803B347	2173
1806779E	19409
1809D370	538
180AE0AA	1373
180F757D	15640
180FC109	7947
1811AAF9	8025
1813925A	12842
18146567	3745
1814F14C	17747
18163806	8506
1818C8BF	18048
18191BCA	18359
1819BBDD	12694
181A5C89	13309
181CB026	5711
18218436	1612
182546F6	9394
1826674E	10588
1832157D	13903
183CF2C5	22346
183E04B1	14075
183FD860	18381
184185FF	22667
18421295	54
18434046	3671
18436C82	1600
18442F74	23268
18446785	3884
184AE667	16369
184F4919	7888
1855874A	13058
185EE82E	19674
185FFD49	22655
185FFD91	3011
1863034B	13320
18634F5E	14696
186AA4A8	20478
186DA772	18158
18714861	13379
1873EB5A	11322
18750E00	11238
1876D2D7	15172
187903A2	20334
187A4C95	15509
187B5077	12215
187C96BD	12125
187CA100	6454
187F8AD1	11904
187FCB15	13357
1881138A	16266
1882F0D1	11796
1884DD82	23362
188549C4	24432
1887616D	7345
1887D67F	6680
18883D5D	18983
188B6EFE	9241
188DC54D	7763
1892E978	17879
1892EA76	6346
18932992	5928
189455CB	8166
189A94B8	15605
189C87FA	2540
18A2E08B	21925
18A37AA4	2781
18A3D43D	19070
18AC1D3E	15820
18B018D2	16303
18B3931B	23067
18B655F7	22215
18B7B3EC	6597
18BA2ED6	15047
18BC686F	6824
18C0D2E4	13314
18C3E4B5	12130
18C5D176	15052
18C79E3F	15327
18C8BFC1	18040
18CA62FC	8278
18CEF13C	14147
18CFD477	7267
18D1D0AE	18496
18D27CE3	17964
18D288C4	16287
18D35A90	13264
18D3D78E	14690
18DF2279	5990
18DFBC22	14113
18E1BE9A	12605
18E4D0BF	1835
18EB7748	24507
18F0E354	12359
18F2F997	12278
18F345C6	21269
18F3C7F8	15322
18F54EC5	8222
18F576C2	2473
18FA5F77	14217
18FBB44B	13977
18FCCD37	5116
190A93BD	21243
190ABEF6	13896
190B4FD4	7977
19118421	66
19145223	15536
1917F83E	18035
191BCABE	18351
192848D5	11661
192B2070	14378
1932C8E3	20387
19359B74	6966
1935F75B	15377
1938FFE3	24347
1939376E	7607
193B3FB7	3713
193FDCBC	12659
193FFE1C	10025
19410CF1	3422
194C186A	20494
194C5F87	8273
194C5FDC	7864
194D733B	16624
194ECA39	11452
194EE400	7004
1951986F	6078
19538287	6167
1954557A	4908
1959C64E	3731
195AD7E4	1295
195DA3C1	13422
1961464A	11679
1961A138	15767
196424F4	886
19661CCB	5506
1968FDFF	14524
196ABC13	16863
196F4D5C	24090
19729C53	18664
1973B307	24010
1976BC3C	23298
19795EDF	7430
198146B0	8822
198265AE	3540
1986F102	6066
19882F6C	24292
19891979	7446
198B156D	14276
198D3ACC	13235
19937309	9518
199A6FE3	9803
199C17CA	4588
199D57EE	14789
19A2C7A7	16926
19A58D98	8317
19AF0BAC	5245
19B08265	3645
19B0CB0A	11692
19B1BB55	699
19B23F29	19443
19B61FF5	17104
19B66869	4290
19B93BED	5664
19BBA1C8	6512
19BBDDC3	12686
19BC0A0C	1637
19BC1C77	17687
19C513D4	9933
19C57F6D	12313
19C83943	1664
19C8A755	5323
19CB53B7	23647
19CC9C1F	22154
19D00DFC	20524
19D06ECA	4383
19D09504	20583
19D0BF45	8422
19D3F301	5032
19D487FF	4940
19D85961	19482
19D8F7A7	10057
19DE2788	14142
19DE7BE4	19399
19DE89B3	17318
19E0A903	9427
19E17CBE	3870
19E249AD	3405
19E77E17	3793
19EA38E5	22842
19EB5F4B	15270
19F0F4BC	2828
19F7E83A	7539
19FA8EE4	7262
19FCBAC2	596
19FE2983	14723
1A00A859	11768
1A012F6B	17515
1A023361	3660
1A0793C7	10522
1A0C7268	1844
1A13842F	15755
1A172A29	22607
1A18E1BE	12613
1A1BCC8D	6810
1A1BE021	12441
1A21F022	20068
1A22AB48	17995
1A253898	9603
1A25EEDE	19814
1A25FE6C	6425
1A2AFA0A	6294
1A2DF9C0	18809
1A300766	2180
1A340150	11775
1A383E1C	18864
1A39AB1C	10123
1A3A15CC	18491
1A3DCC89	8480
1A3EEC7D	5000
1A411D44	21187
1A463D5D	2483
1A482350	19272
1A49CA4F	2327
1A4F9C6D	17959
1A511881	16282
1A51D5EF	8949
1A59054B	8096
1A5914AA	15707
1A5C89D4	13301
1A5D3867	4405
1A5D4F82	22271
1A6188DC	7775
1A61FBF6	20709
1A67A79A	4200
1A68AAF8	4268
1A6B5219	13259
1A6D2618	22239
1A720CDB	17121
1A726288	14012
1A75997B	13226
1A784DE0	16234
1A78DCF9	8693
1A794E1D	21804
1A7A2E02	3268
1A7AF1CC	14685
1A7C2E8C	16951
1A7C5DE9	6785
1A7FA929	2140
1A8017FD	21046
1A86EEE8	19253
1A92C2EA	1245
1A930315	15839
1A9393A7	9776
1A95D203	19021
1A965A2D	807
1A96ADFB	10690
1A9AE8F0	6388
1A9CAAF0	13675
1A9F8031	24455
1AA08A63	12340
1AA8715C	15903
1AA92A09	20472
1AAE5094	21998
1AAE7598	10825
1AAF9AD7	8013
1AB2B5A7	22736
1AB49EFE	9682
1AB866D9	4304
1AB9AF9C	5215
1ABA04CC	13806
1ABF11B9	11640
1AC1AC9A	8804
1AC23EFE	20819
1AC24BF3	3311
1AC82341	1863
1AC9A12E	8792
1ACA1D2E	18575
1ACA54E3	20010
1ACA6336	11711
1ACAE795	497
1ACC1AEE	17475
1ACDCFDD	7110
1ACE1464	20409
1AD1AE37	16583
1AD52FEC	2591
1AD9C084	17040
1ADEACFD	1481
1AE37567	16571
1AE55233	17710
1AE86451	15550
1AE99845	21101
1AEACE48	754
1AEC61CF	11336
1AEEA4F8	17459
1AF151CE	2622
1AF28E16	20974
1AFD62F7	10454
1B0539FC	17222
1B053CEE	15473
1B0A32A7	6182
1B0F1394	23043
1B17B9C9	8870
1B18CEF1	14155
1B2304CC	10599
1B24B043	15435
1B27BC8C	724
1B27F5B9	10093
1B296258	24376
1B30B463	8300
1B34F527	1515
1B42A49C	4775
1B44DC03	15130
1B452F01	4745
1B47B17D	19137
1B4ACFE1	17593
1B5142A9	14885
1B5B722F	6220
1B5C52EB	10176
1B5CA404	1138
1B6412ED	1589
1B65A5B2	13562
1B676370	1893
1B69DCBA	18152
1B6D23E4	12088
1B72CEA6	17937
1B78EE21	24320
1B7A4838	3964
1B7DBB9B	19311
1B7E72B6	16683
1B835904	1874
1B8A9BD4	7754
1B92952A	12032
1B9419BB	6528
1B9F2A54	8680
1B9FD4B9	11620
1BA2023E	22877
1BA4738B	11835
1BA84214	12491
1BA8D743	15563
1BA9B10E	12785
1BAB0A60	1727
1BAB3C09	16560
1BAB43C5	2962
1BB00DE9	2730
1BB29B26	4369
1BB450DD	2983
1BB5525A	687
1BBA206B	10476
1BBBA269	19243
1BBD04F8	4134
1BC0CE5A	23660
1BC40966	6056
1BC48CB3	5523
1BC73F40	18780
1BCABE14	18343
1BCC8D3E	6802
1BCDE4B6	20786
1BD2EF4A	2713
1BD46B28	18589
1BD5264D	2770
1BD52B3E	14842
1BDAFE76	14349
1BDB12B3	9376
1BDB7C1D	4875
1BDD7E76	16997
1BE021E7	12433
1BE080F5	20126
1BE44F29	5985
1BE48172	20911
1BE4A0FD	256
1BE9AE88	12593
1BEB968B	9143
1BF4CCB3	11189
1BF7844D	14108
1BF8040F	9010
1BF8CA60	20507
1BFAFC89	3093
1C004849	11221
1C0347B9	8491
1C05A274	21415
1C05F96B	12564
1C0D611F	20828
1C0E5131	2440
1C115D81	23326
1C176658	21954
1C1A463D	2491
1C1A5914	15715
1C1F0E17	18857
1C28918F	14237
1C28C6F9	6003
1C2B7EC7	324
1C2B98A3	648
1C2BEB20	8598
1C2C78A6	19361
1C2D5352	20957
1C2E0DBD	3981
1C2E6BD8	18840
1C2F7E43	10769
1C3006AB	22016
1C3125D4	6353
1C3550E2	15910
1C3689B8	15137
1C36CB4B	13569
1C37B5FC	14356
1C37D35D	12600
1C389ACF	23901
1C3C59CD	1555
1C3F0253	18282
1C4C0853	3941
1C4D679F	23894
1C52187F	13373
1C5457EB	24199
1C570EF2	15889
1C5932C8	23580
1C5AD4E4	17849
1C5C664D	9532
1C5D60DD	12806
1C5D6FD4	19601
1C60951B	9400
1C613D24	7894
1C617BA0	19680
1C677A26	17324
1C6A6BA3	6394
1C6A8229	12346
1C6C14E7	17228
1C6C9FD6	10099
1C70B1E2	19367
1C7256B9	20366
1C729F35	22827
1C74005C	7066
1C779BCA	17671
1C77E62A	15016
1C820C68	18513
1C83E844	6492
1C8532B0	18413
1C86D2B3	17603
1C87E8FE	12524
1C889AF2	11876
1C8D6CE0	17049
1C9596DF	10742
1C95A59B	414
1C95AE46	20360
1C97D708	10954
1C9921B5	1158
1C9A17ED	1830
1CA19BC0	1649
1CA263FE	2431
1CA42571	23761
1CA7CD61	22821
1CA8A025	4337
1CAFB567	6115
1CB02620	5703
1CB4C12B	11429
1CB97C28	2393
1CC1A51D	8961
1CC1D160	11486
1CC2AA4F	14665
1CC52616	13526
1CC66E4E	5674
1CC75C23	565
1CCB1D31	22775
1CCB91D3	5490
1CCED0F5	21600
1CD31A78	8709
1CD3895F	12760
1CD58E36	10116
1CD7B0AF	22467
1CDC093D	3140
1CDCEEDA	10001
1CE2CC8C	11821
1CE35AA5	2602
1CE3B5C6	6623
1CED7355	13612
1CF12167	13010
1CF72E6D	5184
1CFAD689	11316
1CFD023C	18770
1D00170F	7060
1D0594B3	2659
1D0AE654	18484
1D160865	11474
1D169461	12237
1D17D108	20315
1D18A3D4	19078
1D1C1A46	2499
1D2076E6	24258
1D29ACC4	13040
1D2E5041	18559
1D317C35	22759
1D34B73D	5470
1D3E7DB7	15804
1D438009	11232
1D4425B0	21171
1D4442AA	13762
1D462F1A	6834
1D49F4C5	7516
1D531F0C	5141
1D5BD428	18204
1D5EF54F	8937
1D68E4C9	1171
1D6CD187	11258
1D6EBD41	1449
1D6EE904	24502
1D708C04	555
1D78A52A	23809
1D7B4BB1	17543
1D7DD030	13081
1D7E3E52	10900
1D810364	10618
1D8524B1	19165
1D85B728	7335
1D8B91DC	22988
1D8D573A	10834
1D914C3D	10235
1D93D542	7163
1D980287	20257
1D9A3C69	2162
1D9B8B58	7722
1DA0AB12	19633
1DAB0822	11964
1DAC1AE9	21117
1DAE316F	6612
1DAE8879	21492
1DB3BE4D	14947
1DB4B5C0	15166
1DB500EC	23009
1DB7A811	5832
1DB84CA9	4642
1DB987CF	24244
1DC06752	4954
1DC0A727	6914
1DC283E6	19845
1DC43310	24307
1DC67144	9943
1DC7FE5F	5877
1DC9007D	7245
1DCA0056	3462
1DCE147C	22968
1DCEE594	9639
1DD05D03	21780
1DD904E4	19558
1DD97696	102
1DDF360E	9968
1DDFD6CC	3171
1DE45044	15872
1DE6F29F	17665
1DE80DD1	22894
1DECF78D	17146
1DF0F664	12193
1DF1740C	621
1DF63AD1	1186
1DF98AB6	15010
1DFDD53F	4851
1DFEABA9	4450
1DFED35D	23456
1DFF63C1	3199
1E077641	19568
1E08F718	13403
1E0A4040	18618
1E0EEFEB	3180
1E0F2D8C	5270
1E1070C4	6367
1E108BEC	2006
1E113F2C	5775
1E13CD4E	5436
1E15B7C5	15973
1E1C6A82	12354
1E1ECCB6	12925
1E241E60	4672
1E27280E	23034
1E298ACC	19347
1E2C5B56	2943
1E2CE681	1548
1E30885E	23275
1E326B36	6973
1E34FF52	2147
1E35D8C3	11343
1E38D829	17235
1E3C227E	5782
1E3C8A08	3059
1E3EF8A0	18747
1E40E8BE	20328
1E413572	15408
1E45045C	3052
1E485B99	9861
1E4AF5BD	4104
1E4C20D8	14176
1E4F1F6F	10512
1E4F76B0	20286
1E51A172	22619
1E51B42A	4787
1E5A99DC	23212
1E5B19AF	5261
1E5E0F87	6141
1E5E444B	5605
1E5E7525	21470
1E5F32E2	12273
1E6076E1	4656
1E627078	5804
1E62D919	3817
1E633FC5	14734
1E6385C1	3992
1E68B8C8	21264
1E7160F4	12413
1E7596FC	2251
1E766720	22528
1E787CBA	19983
1E78FF0A	15317
1E7962D8	22339
1E7BC4DF	1776
1E8427CA	4238
1E859E46	19047
1E88A851	15103
1E88D0C7	12626
1E8B9F28	12392
1E8FDDE0	223
1E900069	21209
1E932550	15503
1E944B21	23716
1E962E26	20231
1E971819	12710
1E978085	2815
1E97C10C	8247
1E9D75FE	16908
1E9DFF2B	12894
1E9E0970	10658
1E9E2CDF	16429
1EA117D1	10212
1EA1E859	19059
1EA9141C	8985
1EA92575	21579
1EA9D8B4	8217
1EAEAA77	18968
1EAED841	2468
1EB14F37	16788
1EB20352	1264
1EB75EC0	20105
1EC00074	19100
1EC16947	9887
1EC5F4A3	19127
1EC7C254	14480
1EC93203	16456
1ECC2667	21857
1ECC9445	12180
1ECCB63D	12917
1ECD6E76	24137
1ECD9658	19195
1ECE9F3D	23984
1ED20A95	14631
1ED41DF0	12209
1EDE0B35	11114
1EE30E29	13390
1EE31107	18994
1EE644B7	8473
1EEAFA86	15631
1EF1793F	8538
1EF4E327	10044
1EF69C1F	14564
1EF7BA19	9451
1EF9559D	10373
1EFF9AA7	12969
1EFFEE1D	10858
1F022ED3	20056
1F025896	14068
1F03E308	3903
1F081FFD	9288
1F09509F	14470
1F0C7E66	5125
1F0E1735	18849
1F0E57DA	6124
1F0EE772	9648
1F184467	3892
1F1F7801	22946
1F1FEE3B	125
1F211055	8643
1F25AF62	12119
1F26C3F2	12069
1F284034	6448
1F292E63	10885
1F2C798B	3831
1F2E828B	19969
1F31A25E	19826
1F3F09A3	24226
1F3F41A3	2200
1F417F52	18702
1F422723	6481
1F46A596	817
1F49D95C	8378
1F4BEEFA	14212
1F4C8D11	18012
1F519EA3	22854
1F56141D	4978
1F565696	7223
1F571968	14540
1F577461	22689
1F57F147	10795
1F59FF41	6670
1F5A381A	20843
1F5C8B39	22130
1F63B020	10629
1F696860	8047
1F6A8D03	10539
1F6CD892	10313
1F6FD1BB	10496
1F75FD5A	373
1F763EAC	4993
1F768975	13972
1F780166	22938
1F783FE9	24587
1F7A226F	7813
1F7C5052	18740
1F7DB23C	15996
1F7F46F3	20804
1F80965A	1039
1F81299F	18275
1F821225	7938
1F86B373	7120
1F877FAA	4460
1F899AD0	3340
1F8A3C48	4687
1F90EBEE	13094
1F94C300	19428
1F9746E4	12050
1F99A6F0	5111
1F9B9A59	21753
1F9D31C5	9552
1FA1E8FD	235
1FA251D9	7183
1FA3F837	12514
1FA5DFB2	20192
1FA61E51	4803
1FA6229A	22068
1FAC2DF8	8346
1FB34BC2	7035
1FB46BAB	768
1FBBC16D	214
1FBE9789	8743
1FBF6F22	20697
1FBFE45A	14511
1FC1BA84	12503
1FC3751A	15574
1FC3D926	16467
1FC5E5A7	8131
1FD10F4A	23733
1FD66EFB	14417
1FD795F0	298
1FD885EE	4029
1FDC8D30	20726
1FE14E7F	15304
1FE2B472	11898
1FE9E83A	2522
1FE9F901	9175
1FEC3032	18374
1FEE3BB2	117
1FF12397	2412
1FF15A38	23603
1FF2C544	13351
1FF49A2F	24572
1FF53816	17088
1FF691CD	22487
1FF6BC27	6723
1FF97EB5	5867
1FFB720C	20608
1FFC6551	4922
1FFC6DE3	24334
1FFDBCCC	9272
1FFDC8C0	19714
2000D208	21200
2001E326	6985
20046272	2554
2005D675	21385
20089776	23182
200FAB2B	7232
200FCE98	9561
2011A39A	10135
201A25FE	6433
201E633F	14742
20206F51	18603
20209FB3	1119
2022962B	20556
20237D72	9154
2023EA33	22865
20262EA4	17822
20279ADA	16129
202842E9	999
202A78AA	11047
202CD9C5	4542
202E53E0	23097
2033647E	19450
20352585	1252
2036B8A5	10183
2037819C	23667
203D3C59	16436
203D6EBD	20112
203DC622	19001
203FED23	22494
2044E286	16260
204B314E	6045
20561BDD	17013
2056894D	16162
205C92BF	20897
206A4C0C	15845
206BF58B	10460
206C8C13	10605
206F51AC	18595
2070AFAC	8604
2070DED7	14362
20718254	9406
20745F44	20321
2076AC20	11970
2076E61F	24250
2077029C	6920
2077FB4D	23462
207AA450	8991
207DB362	10319
207F7234	20732
207FF6F3	9278
20831A3A	18507
20880FFB	22504
2089AA46	24481
2089FD20	11994
208A1412	11946
208B0160	21673
208D0639	1853
208D4377	19262
208EA212	21180
20901729	23106
2092296E	11081
20976A38	1578
2097ECCE	8574
2098CEC2	19495
209965A9	3631
2099D1F7	24607
2099F77C	20164
209AB919	15401
209C0F1C	17252
209C9D4F	19545
209CD6B4	16032
209FB3AC	1111
20A8BF4D	16203
20A95725	14619
20A96656	8083
20A9C24D	11585
20AA5C81	8626
20AF94CB	23554
20AFFC39	18536
20BC3468	11790
20BDB11D	24282
20C190AB	13908
20C2FFEA	22660
20C68E85	18501
20C693E7	17969
20CDB0FF	17109
20CE84A8	20588
20D0DF01	12446
20D8C677	14160
20E07289	2445
20E1892E	6358
20E26042	3946
20E3858F	19372
20E50CDE	1654
20E63372	5679
20E698D3	8714
20EA2215	13767
20F1E450	3064
20F303B7	4661
20F57553	18973
20FA1139	6486
2102B0DE	17018
2103B814	6925
21094AA4	47
210A27D8	12476
210AB719	5347
210C7DDA	13986
210DF250	265
210DFD7E	3102
21104C67	19504
2110552E	8635
21113D10	23692
2117D82B	1997
211CCB1D	22783
211E4F76	20294
21225BFD	7926
21246FD3	11203
2126A465	908
2127A22F	875
21295495	42
212B89DC	20669
212B8FE8	23750
212D82D9	21160
213168F7	14585
213760B0	23356
213E56A3	4227
2144FB10	12471
2146072C	5721
214CAC06	18407
214EC1F0	3923
21518A37	2793
2152713B	24426
215277B8	21238
21552530	9204
21556EFD	13747
2156E339	5342
2157DEC9	13891
215852B7	7692
215BEAAA	2111
21675B8F	12994
2169FA8C	7972
216E64FA	9851
216EA57A	2078
216F3E29	24636
216FB1A7	14032
2174D702	984
2177573B	5405
217BA649	23257
217BB23C	4015
217D3258	13123
217ED8E0	15736
2180F757	15644
218436C8	1604
21863034	13324
2187FCB1	13361
218B018D	16307
218C3E4B	12134
218F54EC	8226
218FBB44	13981
21939376	7611
2194ECA3	11456
2195AD7E	1299
2196ABC1	16867
219882F6	24296
2198B156	14280
2198D3AC	13239
219E249A	3409
21A02336	3664
21A6D261	22243
21A794E1	21808
21AB49EF	9686
21B27BC8	728
21B34F52	1519
21B4ACFE	17597
21B5CA40	1142
21B6412E	1593
21BE4A0F	260
21BFAFC8	3097
21C5D6FD	19605
21C9596D	10746
21CD3895	12764
21D7DD03	13085
21D85B72	7339
21DCA005	3466
21E41357	15412
21E4C20D	14180
21E5E752	21474
21E7160F	12417
21E944B2	23720
21EB14F3	16792
21EB2035	1268
21EF1793	8542
21F022ED	20060
21F59FF4	6674
21F75FD5	377
21FA3F83	12518
21FE9E83	2526
21FFC655	4926
22011A39	10139
2203FED2	22498
2206A4C0	15849
22098CEC	19499
220AA5C8	8630
220F5755	18977
2212B89D	20673
221556EF	13751
2217BA64	23261
221DCA00	3470
2224C9A8	9717
222584BE	5590
2226BCBF	11870
2227A203	23687
22308425	61
2230F499	15516
2233C2F9	3877
223443E0	20075
2241E3C8	3071
224C9A84	9713
2257EAC2	18107
22584BE1	5586
225A3D82	9902
225AE2F8	13452
225BB5D3	8458
225BBCC4	23489
225BFD1C	7918
225DC387	18301
225DDB8B	23172
225FCD11	10928
22694CF6	22420
226A91A9	24475
226BCBF8	11866
226C60F8	14089
226FAC69	7797
2271434F	16253
227230F9	6469
22752E31	13287
22794CDC	5974
227A2037	23683
227E584F	5766
227F481D	11988
2281259F	13491
2282206A	15861
22822E22	3045
22839834	8972
228504A5	11940
2287FDAF	6733
228A4461	15531
22955414	15694
22962B19	20548
2296E480	11069
22987A84	10226
2298CE2B	12326
229A54D3	22052
229D570A	5313
22A130FF	20629
22A1456B	15093
22A73F46	1919
22AB4831	17987
22ADB209	16052
22B2D4C6	22180
22BA4BE4	2044
22BB032E	23317
22C00243	12157
22C05816	21667
22C617FF	3021
22C9DF49	21705
22CC57CD	19929
22CDE51C	10978
22CE5A17	22116
22D09457	19877
22D1EC7C	14492
22D94AA8	13704
22DBBFBC	9235
22DE390A	18428
22DEEB2F	6869
22DF4431	16326
22DF68B5	1335
22E22C61	3033
22E4E8EB	17564
22ED3369	20044
22EF099F	21078
22F006C2	6200
22F4149B	855
22FA2036	10199
22FA3D2E	12725
22FABE7C	21903
22FB0575	1992
22FD22A7	1935
22FF07D3	18030
23001C61	19696
23013A6E	541
23029E29	17750
2304CCE9	10591
23079E58	22349
23084252	57
230F2074	20337
230F4992	15512
230F9420	6457
23102271	16269
23105E1A	11799
23128AB9	8169
231390FF	2543
231BF784	14116
231EAED8	2476
231F4BEE	14220
2326BEEB	15380
23298BFB	7867
2329AE67	16627
2329DC80	7007
232C849E	889
232CC399	5509
232DE9AB	24093
232F2BDB	7433
2333AAFD	14792
2336104C	3648
2336376A	702
2337838E	17690
23390728	1667
233C2F97	3873
233CEFC2	3796
23418E4D	1847
23431C37	12616
23443E04	20071
23445569	17998
23473563	10126
2347DD8F	5003
234BA9F0	22274
234C3F7E	20712
234F8BBD	6788
2350DDDD	19256
2352BA40	19024
2353F006	24458
2355F35A	8016
23574099	13809
2357E237	11643
235B3810	17043
236A2855	14888
236DA47C	12091
2371537A	7757
2373FA97	11623
23768A1B	2986
237957C2	18346
237D72D1	9146
237E9996	11192
2380BF2D	12567
23856FD8	327
2386D969	13572
238E4AD7	20369
238E800B	7069
2391AD9C	17052
23972F85	2396
2398EB84	568
239963A6	22778
239AF615	22470
239C5991	11824
239DAE6A	13615
239E242C	13013
23A40EDC	24261
23A696E7	5473
23A884B6	21174
23AFC7CA	10903
23B677C9	14950
23B9C28F	22971
23BD9EF1	17149
23C2B6F8	15976
23C7DF14	18750
23C9EED6	20289
23CC4E0F	5807
23CC70B8	3995
23D11A18	12629
23D9B2CB	19198
23DC61C5	13393
23DEF743	9454
23E4D87E	12072
23EA33D4	22857
23ED2D0C	8050
23EFE8DE	20807
23F29860	19431
23F68D75	771
2401F565	7235
24054F15	11050
2405CA7C	23100
24066C8F	19453
240B9257	20900
2411602C	21676
2411A86E	19265
24153849	11588
241C4C08	3949
241CD31A	8717
241D4442	13770
241E3C8A	3067
241E6076	4664
2421BE4A	268
24248DFA	11206
242CEB71	12997
242DCC9F	9854
243187C9	12137
2432D578	16870
24364F79	731
2436B948	1145
2438BADF	19608
24449935	9720
244B7798	23492
244B7FA3	7921
2452DC90	11072
2457497C	2047
24593BE9	21708
24598AF9	19932
2459BCA3	10981
245BED16	1338
2463E97D	14223
2465317F	7870
24659873	5512
2465BD35	24096
2465E57B	7436
246AFC46	11646
246FD332	11195
247235B3	17055
2472E5F0	2399
24822C05	21679
2482A709	11591
24865AAF	16873
248A5B92	11075
248DFA66	11198
249AD26E	3393
249BDBA2	10291
249C7290	23775
249FF4E3	21519
24A7B774	23415
24AEB617	21566
24AFF3AE	20883
24B043C8	15427
24B1B47B	19149
24B3E148	13478
24B5E38B	12825
24B84C79	23234
24BA5E1C	17873
24BA9DAD	6340
24BDD5EB	9074
24BF3FAA	3299
24C79468	22629
24C80F4F	16446
24C9A843	9709
24CA64A7	5922
24CDB8CC	7467
24CEA82C	18920
24D0D157	6307
24D48CB2	903
24D555AB	23948
24D5D315	11565
24D69375	3390
24DC7CFD	2214
24DEDD13	10288
24E368A5	4756
24E39484	23772
24E527A2	2320
24F445E8	870
24F6E210	3122
24F9ECEA	21334
24FFA71D	21516
2503BD01	22905
2507E87A	245
25084C5A	14595
25091ABF	11656
2509CD0A	17372
250D5C33	4313
25116001	12166
251572D8	8160
2515C770	19863
251C28C6	6011
251D93D5	7171
251F877F	4468
25215BEA	2119
2527BC70	21976
252A55B9	12023
252A92A9	37
252F0C3F	11921
2530FF4F	9188
2531BBD0	4146
2533FAAB	18262
2534404F	16144
2536E460	22368
25389809	9595
253D2B87	5903
253DBBA4	23412
25410114	20569
25413AC5	20459
25427CC0	14460
2546F6C4	9386
25506C14	15487
25539521	20
25640E1B	14373
25653937	16830
2565B7D7	10736
2567CDB9	9359
256966F0	408
256B9187	20354
256E5F25	11408
25713B97	20664
2571FD10	23745
257333E5	16362
2575B0BF	21563
257ADE99	4097
257D917D	12742
257EAC2F	18103
257F9D76	20880
258085BE	14046
25821E41	15424
2584BE12	5582
2585D4E6	1236
25896021	14056
258971F1	145
258A9A31	23385
258B3AA6	11384
258C9C7F	24356
258DA3D8	19146
258FC875	13103
2590889E	23701
2596BE88	1025
2598A744	6038
259F0A44	13475
25A3C211	2017
25A3D82D	9898
25A96385	667
25AE2F86	13448
25AF1C5D	12822
25AF6236	12111
25B05B33	21155
25B2A625	20767
25B593E3	15199
25BB5D35	8454
25BBCC40	23485
25BFD1C6	7914
25C263CB	23231
25C3EC76	10640
25C4BFEE	5557
25C7C7FB	135
25CC7BFF	10872
25CD38B1	4057
25D2F0E2	17870
25D4ED6C	6337
25D562C9	13954
25D6BEB1	8771
25DA8E1E	1572
25DBEB2A	21446
25DC387E	18297
25DDB8B4	23168
25E0B2FE	17795
25E30272	12853
25E40FEE	20743
25ED6143	17502
25EEAF59	9071
25EEDE6B	19806
25F09712	5571
25F25A3C	2029
25F3CDC0	11290
25F5C225	10948
25F7DBB6	7301
25F9FD51	3296
25FB3388	8568
25FCD11D	10924
25FE6C38	6417
25FF7037	5546
26014310	7364
26027200	9581
2603B229	10246
260429D8	3934
26062B07	15830
260E82CA	2668
26106C63	14169
26108E65	22792
26160450	13510
2617927C	21351
2618B655	22223
261CA8A0	4345
261FFB72	20616
2620E633	5687
26288431	14000
262D1EF6	14580
262EA4BC	17814
2633B0B2	19489
26361E27	23050
263CA342	22626
263CB533	23219
263FE247	2419
26407A78	16443
2647BDEE	9461
26486D72	1152
264A3F0E	4475
264AA0D8	15494
264D421A	9706
264DD31B	2754
2653253D	5919
2653A654	13645
2654D42D	4627
2659057C	23567
26591C72	20382
26596A7E	3625
265A3F4B	20207
265AED8B	3528
265B358E	15935
2660624B	17893
2667120E	13787
26674EDD	10580
2667CFFC	21841
266B4358	3330
266BD463	24529
266DC662	7464
266F8FE1	16484
26747DE0	24601
26754167	18917
26759F76	5081
267C6A00	21060
267DDF30	20158
267EDFE4	17176
267F820C	13928
2684BAD7	8782
2685FB58	1824
26868ABE	6304
268BFA71	24558
268E2A2B	24208
268F7CAA	10382
2694CF65	22416
2695D691	19223
26A10D5A	9699
26A46590	900
26A52E0F	15599
26A91A9F	24471
26A98A60	9492
26AAAD5B	23945
26AE2C13	4500
26AE464D	15395
26AE98AC	11562
26B36E8A	6961
26B3CFDC	23887
26B49BAF	3387
26BCBF83	11862
26BEEB70	15372
26C3F2E8	12061
26C60F81	14085
26C94DB9	22378
26CEE599	17300
26E01E88	15119
26E3652C	24387
26E3E7E8	2211
26E57C46	1690
26E61354	9509
26E98DD8	2747
26EBF9CE	3373
26EC160E	23351
26EDCBF7	7594
26F020A8	16219
26F17C00	14924
26F290F5	16809
26F6E89F	10285
26F900F3	14755
26FAC698	7793
26FD1F46	833
26FF9BEC	1757
2703C71B	17246
27078F08	5792
2707D722	22140
27085FB6	15746
2713B764	24414
271434F0	16249
27172509	17388
271ACE14	20417
271B452F	4753
271CA425	23769
271FFC6D	24342
27200FCE	9569
2721FE9E	2534
27230F94	6465
2724B5E3	12833
27256539	16838
2726EDCB	7602
27274E9F	9767
272753C9	19539
27280EDA	23026
27293D16	2317
27342BE6	17362
2735AD3C	16026
273EB6F5	13865
274266F8	16496
2744F5B5	16098
27454310	6699
27475ED2	17553
27480175	21395
2749DB3A	448
274DC2E8	528
274E9F3F	9759
2752E31A	13283
2753C9E4	19531
2756C244	23512
2758BDE1	20446
27644BB8	18312
27645BDD	6880
2765707E	8368
2767F6F2	3708
276AA10C	7632
276CEB1C	438
276EC9B8	24405
2772F08A	20651
27764E84	16511
27771893	5944
277B8F48	21226
277D2482	21695
277DB9EA	5651
278352D5	10701
2783DA41	14642
2788C6FD	14126
278FB7E8	10505
27908826	19513
2794CDC9	5970
279A9C85	5427
279ADA4E	16121
27A20378	23679
27A22F41	867
27A23856	339
27A2D3A6	2304
27A2FA23	22298
27A48CA6	7881
27A88968	9916
27AA853B	7154
27ADA8A6	16087
27B5BC66	8844
27B71086	3119
27B75085	5743
27BB5876	20279
27BC705D	21968
27BC8CD8	716
27BFA1F0	9668
27C15FBF	17440
27C2D7D4	15232
27C3C95E	4115
27C61DB4	15182
27C6B7AB	1491
27C9AB8B	4510
27C9D916	6890
27CAD469	4222
27CB3260	7384
27CC02C0	14448
27CE36E5	17952
27CF6755	21331
27D314BE	7506
27D73F00	9832
27D88343	12460
27DFF44E	16534
27DFF830	1396
27E20901	23118
27E302C7	8517
27E584F6	5762
27EA32E7	24025
27ECEB3D	1105
27F31301	10263
27F481DA	11984
27F5B941	10085
27F63D9A	24152
27FB9791	12654
27FD38ED	21513
27FD7A34	2350
27FFC39B	10020
28015B58	3452
2801CC1D	11498
28094357	4323
28097DF6	7311
280BFC5F	16736
280C7871	12368
280EDA80	23018
281259F0	13487
2815DDED	3585
281CC526	13534
281DE80D	22902
2820AFFC	18544
28219E24	3417
282206A4	15857
2822E22C	3041
28252F0C	11929
2829503E	18725
282C67C3	2842
28304308	1619
28337743	6519
2833B1EF	10064
2839834A	8968
283B80CE	4961
283E6344	19833
283F43D1	242
2840344B	6440
284262D1	14592
2842E9AE	991
2848D5F8	11653
284A4F78	21983
284E6857	17369
28504A5E	11936
28552AF4	14872
2857E023	16651
28621D85	7351
2866F028	1643
2868E0F8	18870
2869E137	16240
286AE19B	4310
286B306B	17481
286DF6EE	19317
286EAD0F	2968
2874B941	18565
2879783E	6147
287A58B8	20237
287E988A	22074
287FDAF0	6729
288431F7	13992
288B0009	12163
288C4089	16275
28918FA5	14229
289371F3	2220
28964222	23707
2898FF89	2425
289D912E	18318
289EA225	9922
289F620D	12466
28A2B861	18180
28A4461E	15527
28A8B710	15669
28A95803	1066
28AB96C7	8157
28AD7DA1	15080
28AE186D	18174
28AE3B85	19860
28B2A4FF	2369
28B822FA	21919
28BD922C	19949
28BF8FA4	8395
28BFF5EB	11014
28C0E581	5716
28C3DA83	12220
28C6F913	5995
28C94246	11666
28C99647	20392
28CA9C14	6172
28CACE32	3736
28CFBF41	7544
28D0B951	22612
28D2411A	19277
28D60D64	8809
28DA1524	4780
28DEA932	2775
28E14637	6008
28E16A9A	20962
28E17BF2	10774
28E4BEB8	10959
28E5A609	11434
28E67687	21605
28EAF7AA	8942
28EC9EAA	7168
28ED0558	19638
28EF8BA0	626
28F05202	18623
28F0796C	5275
28F120F3	4677
28F242DC	9866
28F50F42	19064
28F60003	19105
28F66133	21862
28F8FBC0	22951
28FC3BFD	4465
2901037A	18608
290104FD	1124
2902B44A	16167
2904CE8F	24612
29081DC0	6930
29095C7F	23755
290ADF55	2116
290C3FE5	13366
290F58A7	16797
291187A4	15521
2912D717	13457
291B5142	14893
29258DA3	19154
292E63DF	10877
2930B022	13515
2937E8FA	838
293D169D	2309
293DE382	21973
293E16BE	15237
293E4D5C	4515
293F1048	23123
294840EE	6935
294AA249	23795
29503E82	18717
2952ADC8	12020
295383BE	1205
29538F3C	20000
29544938	23790
2954954E	34
29551A9C	13691
29554145	15690
29558A00	11516
295BA2A7	7677
296258C9	24368
2962B19D	20544
296344A7	9614
2967D1AF	2642
296E480A	11065
29707F0D	15588
29735767	3232
2975A088	10161
2977FA76	6268
29780A7E	4734
297861FE	11918
2979B390	14305
297D5C93	7489
2981323D	9474
298164DC	1709
29830C69	14707
29830D54	20489
2985777A	19758
2986019D	19419
2987A845	10222
2987FA7E	9185
298ACCA1	19339
298BA4C1	2687
298BF0F4	8268
298BFB9D	7859
298CD865	11701
298CE2BF	12322
298DDE82	4143
29929E95	5912
2992C4B8	154
299580C1	18402
29973B93	23537
299B93BB	5961
299E1AE5	17726
299ECB01	22407
299FD55D	18259
29A20279	16141
29A2DEAD	2911
29A54D3D	22048
29A912BF	18120
29ACC473	13032
29AE677B	16619
29B261CA	4357
29B72307	22365
29B9156D	16065
29BACA3C	18641
29C3BA0B	21791
29C4C04E	9592
29C53759	18652
29C9BCA4	16819
29C9F276	6900
29CFE7ED	17211
29CFF0CF	15291
29D128E1	6024
29D32A47	13638
29D366A2	22583
29D570AA	5309
29D83E07	3918
29D83F0D	7135
29D9472D	11447
29DC8007	6999
29E299E1	17738
29E6E58A	16775
29E77683	15462
29E95C3B	5900
29EDDD25	23409
29F03167	23082
29F3584C	22815
29F3BBAA	17645
29F66F37	956
29F9ADC0	4716
2A07D05F	18712
2A0808A5	20566
2A08ED9D	14960
2A09D62F	20456
2A0F3ACB	2260
2A130FFD	20625
2A13E601	14457
2A1456BE	15089
2A166B7D	11754
2A1887D6	6688
2A1F2C79	3839
2A218630	13332
2A280943	4331
2A29D366	22591
2A2BF5B6	24192
2A2D5608	18454
2A2DC430	15663
2A2FD360	16197
2A3146F5	2788
2A330DE2	6073
2A37B625	9383
2A380B44	21422
2A39C6B5	2609
2A3F4C3C	4810
2A40E304	9413
2A42DE7C	3
2A473B5C	13622
2A49C6D1	4763
2A4E276E	24421
2A4E2E4A	17395
2A4EF71E	21233
2A4FFAF4	2357
2A5411DB	14967
2A545AAC	18461
2A54E8F9	8664
2A55B904	12015
2A55C942	14613
2A5600FC	1060
2A5995A4	8077
2A625E40	20755
2A68C426	23375
2A69E8E1	22037
2A6A16CE	4620
2A6F5076	7744
2A7050F2	6162
2A7077D8	1200
2A709357	11579
2A71E787	19995
2A73F46D	1915
2A747C84	8657
2A77A03A	23832
2A78AA14	11039
2A7AFDF3	24059
2A7B5613	7657
2A8360A7	15484
2A846AE8	13820
2A8517FE	11025
2A89271C	23785
2A8AAF51	4903
2A919BC1	17699
2A92A9CA	29
2A957A37	14865
2A972070	8620
2A9CA90B	17
2AA28F07	5287
2AA35395	13686
2AA4A61F	9199
2AA4F07B	14653
2AA66202	4562
2AA828A8	15685
2AA922DF	1351
2AADDFB7	13742
2AB1400E	11511
2AB3BA05	10360
2AB4831A	17983
2AB9C6F9	20929
2ABC2653	13661
2ABD46F6	4893
2ABE1E84	4254
2AC3A535	13051
2AC48717	19619
2AC60519	3755
2AC6B298	11721
2ACBD645	1958
2ADA2D95	14992
2ADB0070	14259
2ADB209C	16048
2ADC6722	5337
2ADC8227	12008
2ADDC738	6641
2AE4A109	14606
2AE5B1FC	8151
2AEDEE27	472
2AF46F54	14856
2AF8513B	18333
2AFA0A5D	6286
2AFBA22B	22200
2AFBD939	13886
2AFC0F6F	11131
2B007E02	1053
2B0183FD	18393
2B074F9F	15814
2B0A56E8	7687
2B0DEEBF	17006
2B16F529	11540
2B19D00D	20532
2B2070DE	14370
2B22D094	19885
2B297357	3240
2B29C9BC	16827
2B2D4C67	22176
2B2DBEBC	10733
2B3286DF	19329
2B38C9D9	3726
2B3E6DCD	9356
2B3E6FE6	14826
2B3F845C	17583
2B44A688	16155
2B47164C	23590
2B472226	11886
2B48FB4B	8060
2B4B3782	405
2B4B4C0F	7208
2B51A67A	4212
2B5A7969	22724
2B5AFC87	1290
2B5C8C3C	20351
2B5F6863	15074
2B5F95B0	13174
2B6017E7	13157
2B62857E	16663
2B6A4FBF	1411
2B6B0CA0	3439
2B6C3095	16384
2B6F8B41	15964
2B702459	21724
2B72F92C	11405
2B7454F6	7672
2B79405F	16749
2B7D5552	2106
2B7EC7F5	316
2B82AA92	1363
2B83F585	8357
2B861B69	18168
2B8771FF	5887
2B877914	15882
2B89DCBC	20661
2B8EE141	19854
2B8FE887	23742
2B95F925	9095
2B98A3BE	640
2B9952A2	18474
2B999F2C	16359
2B9E55DB	487
2BA407B8	19012
2BA4BE4B	2040
2BA8DBF3	16696
2BAA5597	1973
2BAD23D9	19214
2BAD85F9	21560
2BB032ED	23313
2BB47823	13417
2BBBD5F6	19747
2BBBDB73	3576
2BBE7DBD	21010
2BD24574	2059
2BD6F4CB	4094
2BD88A1F	6747
2BDA92F1	12870
2BDBEBC5	7417
2BE1210D	281
2BE23390	1679
2BE532E7	23548
2BE6D471	17346
2BE6F741	19914
2BEB2097	8590
2BEC8BE8	12739
2BED479E	1794
2BED59F8	6109
2BF01194	16644
2BF0631E	15341
2BF24BDD	9086
2BF5617C	18100
2BF5B68B	24184
2BF7EE67	17427
2BFAFC11	22445
2BFB6F18	12302
2BFCEBB5	20877
2BFF0E41	18530
2C002431	12153
2C03FACD	14428
2C042DF6	14043
2C04D929	22389
2C058162	21663
2C0634A2	16297
2C08A049	13501
2C098839	5697
2C0B1760	21652
2C10CA76	11465
2C10F209	15421
2C116FA2	16335
2C13251F	4484
2C15B527	1420
2C1C115D	23334
2C1E8B9F	12400
2C24066C	19461
2C25F097	5579
2C27B750	5751
2C28C942	11674
2C2EA732	1233
2C342708	15762
2C3B0A49	19172
2C4B010B	14053
2C4B1938	24363
2C4B8F8F	142
2C54430C	13339
2C54D188	23382
2C55B600	14266
2C5633A0	20539
2C56F280	16756
2C59D536	11381
2C5B00B2	22326
2C5B1E76	22544
2C5B5629	2935
2C5C4CB4	20222
2C5D82D5	21642
2C617FF6	3017
2C628B82	21931
2C64E3FF	24353
2C67C3D2	2834
2C6894E2	9609
2C6974E1	4411
2C6CC2D1	8306
2C6D1EC5	19143
2C700D1E	8497
2C70AE62	654
2C74C5F0	22765
2C78A62B	19353
2C798B64	3823
2C7A75D7	16914
2C7E43AF	13100
2C7F6217	4035
2C801189	2560
2C82A599	8089
2C82BE53	23560
2C8444F4	23698
2C849E88	881
2C8A5550	15700
2C8E392B	20375
2C996415	23573
2C99FE08	13934
2C9B95F1	1696
2C9DF492	21701
2C9E8BE8	22304
2C9F2CC9	7390
2C9FD8F6	24158
2CA1A383	18876
2CA58D12	9620
2CA59F46	2648
2CA93FEB	2363
2CADC091	21730
2CB09019	19467
2CB0EC29	19178
2CB45B84	798
2CB53F6B	3618
2CB5F440	1022
2CBFAAAE	17781
2CC39972	5501
2CC53A25	6035
2CC57CDE	19925
2CC5BB0D	6553
2CC8C417	11809
2CC98050	7374
2CCAD23E	8070
2CCED501	17281
2CD2503B	22917
2CD44124	11096
2CD6FA2A	11745
2CD9C527	4534
2CDE087D	395
2CDE51C9	10974
2CDF5D4B	11167
2CDF65C1	16413
2CE4C6C3	23061
2CE5A177	22112
2CE6810D	1540
2CE6A2CA	18896
2CEA6F50	17925
2CEA9B38	11374
2CEB71EF	12989
2CF2352B	19036
2CF85225	13472
2CFA35E2	2637
2D0249FF	21531
2D04CB66	15946
2D094571	19873
2D0BBEE5	22101
2D0C08D5	8034
2D13A400	21404
2D16E11F	792
2D17B574	9126
2D18CA62	8286
2D1E108B	2014
2D1EC169	9895
2D1EC7C2	14488
2D1EF69C	14572
2D1FA5DF	20200
2D1FBFE4	14519
2D247235	17063
2D28C3DA	12228
2D28F242	9874
2D2D940E	13551
2D303F44	7198
2D304ADC	11423
2D307D5D	22703
2D376052	23146
2D3A6757	2292
2D3B1A59	8112
2D3D7408	8195
2D3F5180	7967
2D4B1C2B	664
2D4C6732	22168
2D4CEE40	23205
2D4D00C0	18069
2D4EDDBB	23637
2D4FDAC5	3612
2D5352AB	20949
2D539473	21622
2D5608B7	18446
2D578272	16858
2D5BF63D	10681
2D621585	7704
2D69A390	12543
2D6A7202	17842
2D70386D	15152
2D717C32	13445
2D748656	1313
2D76C5FE	3521
2D78E2EB	12819
2D7B11B6	12108
2D7D1014	1016
2D7D412D	15220
2D80593D	22319
2D82D99E	21152
2D8CD785	5254
2D8F3B33	22537
2D8F4EFF	12903
2D8FE2F2	8140
2D910EE5	3479
2D919E77	3805
2D940E62	13543
2D94AA8D	13700
2D952A08	14976
2D95312F	20764
2D957DD1	22209
2D99EA3B	21140
2D9AC70D	15928
2D9C3338	4603
2DAB14D1	2928
2DAC9F18	15196
2DB765C2	193
2DB9404B	7324
2DBBFBC4	9231
2DBEBC27	10725
2DC23F68	783
2DC32230	77
2DC4301E	15655
2DC65CA7	18674
2DC90153	11060
2DCC9F5C	9846
2DCF71E1	5456
2DD4AF49	2073
2DD86E50	6542
2DDAE9A8	8451
2DDE6207	23482
2DE390A6	18424
2DE7C520	24631
2DE9AB8A	24085
2DEA52AB	11531
2DEAD3B9	2899
2DECFB3E	6591
2DEEB2F8	6865
2DF3E793	10407
2DF44316	16322
2DF634E4	14027
2DF68B5D	1331
2DF71B17	8886
2DF8A24D	2234
2DF8CD2C	8330
2DF9C0DE	18801
2DFE8E30	7911
2E02B297	3252
2E08BEAF	21913
2E0ADB0C	16394
2E0C21A0	3680
2E0DBD24	3973
2E0FE1BA	15583
2E131E5A	23228
2E17D299	174
2E1F63B0	10637
2E1FB34B	7043
2E22C617	3029
2E25FF70	5554
2E265A3F	20215
2E2F1D16	12253
2E303377	12701
2E31A6B5	13271
2E321527	21250
2E325640	14385
2E3326E6	9525
2E3E3FDC	132
2E40E15F	8611
2E44EA5C	13294
2E474D2D	5480
2E477385	22978
2E49054E	11598
2E495FE7	20890
2E4A139A	17379
2E4E8EBD	17560
2E50415F	18551
2E527C2D	15244
2E538A6E	18659
2E53E062	23089
2E5453A6	22598
2E5F0A2C	2387
2E6081F6	10333
2E628ED0	19650
2E63DFFD	10869
2E69C58F	4054
2E6AECE1	3227
2E6BD834	18832
2E6DCFA3	5168
2E7660F6	24005
2E772756	23528
2E7CA031	12382
2E819FCB	608
2E81F9B9	21765
2E828BD9	19961
2E83595C	508
2E8A6A44	18130
2E8BB58E	15041
2E8CD163	16935
2E8DC94A	12041
2E8FB546	10548
2E930741	2677
2E978716	17867
2E97DFD4	9042
2E9AE053	979
2E9C33A0	4398
2EA4BC16	17806
2EA73295	1225
2EA76B64	6334
2EA7C10D	22264
2EAB164C	13951
2EB06EA6	12799
2EB08E63	582
2EB1AB9A	5227
2EB3A84C	21374
2EB41100	10156
2EB5F58F	8768
2EB7EA07	19594
2EC16A9C	21635
2EC4B9A7	4068
2EC6804B	17525
2ECCB18A	21945
2ED2DC32	89
2ED33698	20040
2ED470F1	1569
2ED638EF	15031
2ED7878C	23293
2EDF5951	21443
2EE1C3F0	18294
2EEAE766	5400
2EEDC5A6	23165
2EF099F1	21074
2EF4A62E	2701
2EF4EE57	6770
2EFB943F	22091
2EFD904C	20181
2EFF4EDA	6263
2F006C28	6196
2F010A8C	2806
2F014FCD	4729
2F0597F5	17792
2F07C395	6134
2F08A84C	20639
2F08CA77	7017
2F0C3FC5	11913
2F0D1A00	11784
2F0E2D6A	17858
2F0E4369	17612
2F120E69	8726
2F181392	12850
2F1A1BCC	6818
2F1D1694	12245
2F207F72	20740
2F222584	5598
2F23D11A	12637
2F24F9EC	21342
2F27E302	8525
2F2BDBEB	7425
2F2D3B1A	8120
2F367219	14300
2F3A92ED	21463
2F4149BF	851
2F4ABF03	11141
2F5917E9	1948
2F648B31	19943
2F6AE8AE	9117
2F6B0A1A	17499
2F6C4748	24276
2F7393DA	8861
2F741731	19667
2F74C92E	23252
2F757ACB	9068
2F764798	4010
2F76F35A	19803
2F784E35	20432
2F7A69BE	13205
2F7B9F85	10434
2F7E4392	10761
2F800A46	14911
2F8218F5	8238
2F83A8C5	6845
2F84B897	5568
2F851654	2380
2F865768	13432
2F86ACAD	22746
2F8B1A5D	4421
2F8B5340	18079
2F92C59D	11393
2F92D1E1	2026
2F950F96	3848
2F955331	4571
2F97CA87	3857
2F997178	12266
2F9E6E00	11287
2FA2036B	10195
2FA211E4	20306
2FA234BA	22286
2FA3D2E3	12721
2FA51EC0	19116
2FA53258	165
2FA64B1F	13118
2FA95630	3768
2FAB9266	7484
2FABE7CE	21899
2FAE112F	10945
2FB05754	1988
2FBBE887	14202
2FBEDDB6	7298
2FBFA837	9033
2FC3D2F8	8258
2FC7C207	9298
2FCB4092	21541
2FCB5A68	12553
2FCE95D4	16713
2FCF90BE	13140
2FCFEA8D	3293
2FD145FC	8408
2FD22A73	1931
2FD360A4	16189
2FD6BC76	5854
2FD99C43	8565
2FDAC57D	1813
2FDB1C1A	15731
2FDD6EBA	7576
2FE0DD23	11848
2FE3E93B	8389
2FE58B63	22555
2FE688EB	10921
2FE9C4CD	24548
2FEA5B8C	18689
2FEAAB91	17775
2FEC5900	2575
2FEE75B5	7849
2FF07D32	18026
2FF17E74	16726
2FF361C6	6414
2FF5E05B	3502
2FFAA577	21029
2FFB81BC	5543
2FFD7AE4	11008
2FFEA498	22648
2FFEC8DD	3004
3001C617	19692
30050F4B	20248
3006AB94	22008
3007668F	2172
300A1887	7361
300B00FE	14438
300CEF3D	19408
3011A3EE	5012
30139007	9578
3013A6E1	537
3015C155	1372
301BE080	20134
301D914C	10243
301EEAFA	15639
301F8212	7946
30214EC1	3931
302355F3	8024
302647BD	9469
302724B5	12841
3028CACE	3744
3028D60D	8817
3029E299	17746
302C700D	8505
302C9B95	1704
303125D2	17886
3031583A	15827
3031917F	18047
30323795	18358
303377BB	12693
3034B913	13308
3039604C	5710
303B7099	4649
303F44A3	7190
3040FB66	10326
3043086D	1611
30466755	14799
304A8DED	9393
304ADCBE	11415
304CB5DB	3535
304CCE9D	10587
30618D3D	14702
3061AA92	20484
30642AFB	13902
30694757	8955
306BBA93	17465
30741652	2665
30745821	11480
3079E58B	22345
307B3A7C	23990
307C0962	14074
307D5DD1	22695
307FB0C0	18380
30830BFF	22666
30836319	14166
3084252A	53
3084732C	22789
3086808C	3670
3086D904	1599
30885EE9	23267
3088CF0B	3883
308BBC26	21084
3095CCCF	16368
30999F3F	21847
309AA629	9498
309E9232	7887
30AA11AB	13826
30AA93C1	14659
30AB0E94	13057
30AEEF57	19753
30B02281	13507
30B46329	8292
30BC93E7	21348
30BDD05C	19673
30BFFA92	22654
30BFFB23	3010
30C033BC	19414
30C45B77	9246
30C46E2A	7768
30C5B2AF	22220
30C60697	13319
30C69EBC	14695
30D54950	20477
30D652A7	20015
30DB4EE5	18157
30DE204B	6061
30E290C3	13378
30E54501	4342
30E65C8E	5495
30E6E049	3145
30E7D6B4	11321
30EA1C00	11237
30EDA5AE	15171
30F20745	20333
30F28DA1	4792
30F4992A	15508
30F508BE	10217
30F6A0EF	12214
30F92D7B	12124
30F94201	6453
30F9F84D	24231
30FABF8A	10800
30FDFB79	20702
30FF15A3	11903
30FF4FC8	9180
30FF962A	13356
30FFDB90	20613
310166CE	4547
31022714	16265
3103BFDA	23467
3105E1A3	11795
3105ED88	24287
3107319B	5684
3109BB05	23361
310A9389	24431
310EC2DB	7344
310FACFF	6679
31107ABA	18982
3114D2A6	22057
3116DDFD	9240
311B8A9B	7762
311CF121	13018
31232F2B	7441
3125D2F0	17878
3125D4ED	6345
31265325	5927
3128AB96	8165
312F207F	20748
31301D91	10251
31352970	15604
31383C78	5797
31390FF4	2539
3144218F	13997
3145C117	21924
3146F549	2780
3147682A	19643
31477C5D	631
3147A87A	19069
31498581	13520
314BEAE4	7494
314C0991	9479
314C2BBB	19763
314E8947	6029
3156D16C	14997
31583A7C	15819
3158B7A9	11545
31599436	19334
315F37BA	19919
316031A5	16302
3162ADB0	14271
31672636	23066
3168F7B4	14577
316C8CF3	3810
316CABEE	22214
316EC372	6547
316F67D9	6596
31745DAC	15046
3174983A	2682
317525E0	17811
3178D0DE	6823
317C3565	22751
317E1E97	8263
317F73AD	7854
3181A5C8	13313
3187C96B	12129
318BA2ED	15051
318F3C7F	15326
31917F83	18039
3194C5F8	8277
319B0CB0	11696
319B93BE	5668
319C57F6	12317
319CC9C1	22158
319D8596	19486
319DE278	14146
319FA8EE	7266
319FE298	14727
31A25EED	19818
31A3A15C	18495
31A4F9C6	17963
31A51188	16286
31A6B521	13263
31A75997	13230
31A78DCF	8697
31A7AF1C	14689
31B0F139	23047
31BB00DE	2734
31BBD04F	4138
31BE44F2	5989
31BF7844	14112
31C2E0DB	3985
31C37D35	12604
31C5C664	9536
31C9A17E	1834
31D6EE90	24506
31D708C0	559
31E1C6A8	12358
31E51A17	22623
31E5A99D	23216
31E5F32E	12277
31E68B8C	21268
31E78FF0	15321
31EA9D8B	8221
31EAED84	2472
31EFFEE1	10862
31F0C7E6	5129
31F4BEEF	14216
31F76897	13976
31F99A6F	5115
31FF1239	2416
3203D3C5	16440
3215277B	21242
32157DEC	13895
32169FA8	7976
32230842	65
3225BB5D	8462
3228A446	15535
322FF07D	18034
323105E1	11803
32344556	18002
3234F8BB	6792
3237957C	18350
323DEF74	9458
32436B94	1149
32444993	9724
324B84C7	23238
324CEA82	18924
325091AB	11660
32511600	12170
3251F877	4472
3253D2B8	5907
325506C1	15491
325640E1	14377
3258971F	149
3258FC87	13107
32601431	7368
326591C7	20386
326A10D5	9703
326B36E8	6965
326BEEB7	15376
326E6135	9513
326E98DD	2751
32707D72	22144
3271FFC6	24346
32726EDC	7606
32767F6F	3712
327D73F0	9836
327FB979	12658
327FFC39	10024
328219E2	3421
3286DF6E	19321
3295383B	1209
329830D5	20493
3298BF0F	8272
3298BFB9	7863
329929E9	5916
329AE677	16623
329D32A4	13642
329D9472	11451
329DC800	7003
32A330DE	6077
32A473B5	13626
32A545AA	18465
32A6A16C	4624
32A7050F	6166
32A8AAF5	4907
32B0183F	18397
32B38C9D	3730
32B48FB4	8064
32B5AFC8	1294
32BB4782	13421
32C28C94	11678
32C34270	15766
32C628B8	21935
32C74C5F	22769
32C82BE5	23564
32C849E8	885
32C8E392	20379
32CB53F6	3622
32CC3997	5505
32CDF5D4	11171
32D1FA5D	20204
32D1FBFE	14523
32D57827	16862
32D76C5F	3525
32D8F4EF	12907
32D9AC70	15932
32DE9AB8	24089
32E2F1D1	12257
32E474D2	5484
32E538A6	18663
32E7660F	24009
32E77275	23532
32EC4B9A	4072
32ED7878	23297
32F2BDBE	7429
32F7A69B	13209
33028D60	8821
3303125D	17890
3304CB5D	3539
3308BBC2	21088
330C45B7	9250
330DE204	6065
3310166C	4551
33105ED8	24291
331232F2	7445
33162ADB	14275
331A7599	13234
3326E613	9517
332CDF5D	11175
3334DFC6	9802
33382F95	4587
33389075	13784
333A76E9	10577
333AAFDD	14788
333E5822	16350
333E7FE0	21838
33458F4E	16925
334B1B30	8316
334DE133	5102
334DFC6A	9798
335A1AC2	3327
335E1758	5244
335EA31D	24526
336104CB	3644
33619614	11691
336376AA	698
33647E53	19442
336986B2	20028
336C3FEA	17103
336CD0D3	4289
336E3312	7461
33727771	5956
337277DB	5663
33774390	6511
3377BB86	12685
33781418	1636
337838EF	17686
337C7F0F	16481
3382F955	4583
33887BC5	8552
33890751	13780
338A27A8	9932
338AFEDB	12312
33904407	22513
33907286	1663
33914EAB	5322
33952717	17404
3396A76E	23646
3399383E	22153
33A01BF8	20523
33A0DD94	4382
33A12A08	20582
33A17E8A	8421
33A3EF07	24598
33A76E97	10573
33A7E602	5031
33A7FD42	2870
33A90FFE	4939
33AA0B39	18914
33AAFDD1	14784
33AB9507	2277
33ACFBB5	5078
33B0B2C2	19481
33B1EF4E	10056
33B43D52	21594
33B54041	17275
33B90044	23195
33BC4F11	14141
33BCF7C8	19398
33BD1367	17317
33BDB8D6	16604
33BE6E95	23857
33C15207	9426
33C2F97C	3869
33C35CAA	17721
33C4935A	3404
33CEFC2F	3792
33D3CD77	4193
33D471CA	22841
33D476B0	21131
33D6BE97	15269
33D96026	22402
33E1E978	2827
33E35002	21057
33E5822D	16346
33E7FE08	21834
33EEF980	20155
33EFD075	7538
33F51DC9	7261
33F6FF23	17173
33F97584	595
33FAABA7	18254
33FC1060	13925
33FC5306	14722
340150B3	11767
34025ED6	17514
34030319	18059
340466C2	3659
34086CD3	1529
340F278F	10521
3418E4D0	1843
34198265	3548
3425D6BE	8779
3427085F	15754
342BE6D4	17354
342E5453	22606
342FDAC5	1821
3431C37D	12612
343455F4	6301
3434D155	4275
3437991A	6809
3437C043	12440
34404F35	16136
3443E045	20067
34455690	17994
34475F8F	10910
34494F6E	23422
344A7130	9602
344BDDBC	19813
344BFCD8	6424
34557C3D	4261
3455F414	6293
3458F4EB	16921
345BD5A7	2906
345BF381	18808
345C642A	21257
345FD389	24555
34600ECD	2179
3461D438	11244
34621376	23368
346802A1	11774
34707C38	18863
3471515F	24205
34721FA3	12530
34735638	10122
34742B99	18490
3478D3FD	2153
347B9912	8479
347BE556	10379
347DD8FA	4999
34823A88	21186
348C7ABB	2482
349046A1	19271
3493949E	2326
34940EF4	22911
349F38DB	17958
349FA8CB	24031
34A23102	16281
34A3ABDE	8948
34A67B2C	22413
34A9A7A3	22043
34AEB48F	19220
34B1B30B	8312
34B20A96	8095
34B22955	15706
34B2B702	21736
34B73DC7	5462
34B913A9	13300
34BA70CE	4404
34BA9F04	22270
34BC2329	7023
34C311B8	7774
34C3F7ED	20708
34C69E37	8703
34CF4F35	4199
34D155F0	4267
34D6A433	13258
34DA4C31	22238
34DE133A	5098
34DF2B5F	13190
34DFC6A4	9794
34E257D9	12754
34E2C7F6	4047
34E419B6	17120
34E4C510	14011
34EB32F7	13225
34F09BC0	16233
34F1B9F2	8692
34F29C3B	21803
34F45C05	3267
34F470C0	22030
34F527C6	1507
34F5E398	14684
34F85D19	16950
34F8BBD3	6784
34F9B6B4	9330
34FF5252	2139
35002FFA	21045
35086AD2	9696
350B670C	4613
350DDDD1	19252
35104914	11090
351650D1	18885
3517F2C5	22564
3519D0BF	8430
352257EA	18115
35232C84	897
352585D4	1244
3526062B	15838
3527274E	9775
3529707F	15596
352AB9C6	20937
352BA407	19020
352CB45B	806
352D5BF6	10689
3535D1E1	6387
35390BBA	5418
353955E1	13674
353F0062	24454
354114C6	12339
3548D4FC	24468
354C5302	9489
354F76C3	12952
3550E2B8	15902
35525413	20471
35556ADD	23942
355CA129	21997
355CEB30	10824
355F35AE	8012
355FE238	13592
35638D93	10110
35656B4F	22735
35693DFD	9681
356B6DC8	5373
3570CDB3	4303
357153D7	24072
35716099	4497
3572326B	15392
35735F38	5214
35740999	13805
3574C562	11559
357670EF	3220
357E2373	11639
35835934	8803
35847DFD	20818
358497E7	3310
3584C211	22803
358E1AA8	15919
35904683	1862
3593425D	8791
35943A5C	18574
3594A9C7	20009
3594C66C	11710
3595CF2A	496
359835DD	17474
35988E78	13027
359B7452	6958
359B9FBA	7109
359C28C9	20408
359E7EE6	23884
35A1AC24	3323
35A35C6E	16582
35A4DD7F	3384
35A90CC6	13252
35AA5FD8	2590
35ABB314	19783
35AD3C7D	16018
35AEC321	7996
35B38108	17039
35B49D13	16112
35B81F8A	4703
35B9DB78	24127
35BD59FA	1480
35BE8AB1	11739
35C0A7D9	970
35C6EACF	16570
35CAA466	17709
35CCEF6E	16614
35D0C8A2	15549
35D11C05	12580
35D1E107	6379
35D3308B	21100
35D59C90	753
35D8C39F	11335
35DCD125	23436
35DD49F0	17458
35DD66C1	4175
35E1758D	5240
35E2A39C	2621
35E51C2D	20973
35E5FC1B	11859
35EA31D6	24522
35EC1A2D	18825
35EC2BFA	22461
35F3873D	5202
35F75B82	15369
35FAC5EF	10453
36094C6E	4156
360A40AD	16177
360A73F9	17221
360A79DD	15472
360EE338	9952
36104CB2	3640
3614654E	6181
36196146	11687
361A7C2E	16959
361C6A6B	6402
361E2728	23042
361F9746	12058
3621CD38	12772
36249BDB	10299
362F7393	8869
36307C09	14082
36319DE2	14154
36376AA4	694
36460999	10598
3647E530	19438
36496087	15434
364A6DC8	22375
364C3951	4352
364F7919	723
364FEB72	10092
3652C4B1	24375
365961D8	19185
366168C6	8299
3669EA4F	1514
366A2FE5	22571
367078D7	11357
367149F2	4528
3672198B	14292
36772CCE	17297
36854938	4774
3689B807	15129
368A5E02	4744
368F62FA	19136
36930C5B	22232
36946920	19286
36959FC2	17592
36986B29	20024
36A28552	14884
36A38CEF	17335
36B6E45E	6219
36B8A5D6	10175
36B94808	1137
36C3FEA7	17099
36C825DA	1588
36CB4B65	13561
36CD0D34	4285
36CEC6E0	1892
36D3B974	18151
36D685F8	9317
36DA47C9	12087
36E33123	7457
36E460F3	22360
36E59D4D	17936
36E69F36	9341
36E7D1D5	5161
36E8A521	6949
36F1DC43	24319
36F49071	3963
36FB7736	19310
36FCE56C	16682
370075B3	11272
3700F445	15116
37024F6E	3134
3706B208	1873
370BA0D6	518
371537A8	7753
3716B10A	7713
371B2962	24384
371F3F41	2208
3722ADB2	16060
37252A55	12031
37277718	5952
37277DB9	5659
37283377	6527
372BE233	1687
372C56F2	16764
37309AA6	9506
3734B2B7	21744
373BB6A3	9995
373E54A9	8679
373F75F4	7100
373FA972	11619
3744047D	22876
3748E716	11834
374A9DE8	23842
374C6EC0	2744
37508428	12490
3751AE86	15562
3753621C	12784
375614C0	1726
37567813	16559
3756878B	2961
37594782	18636
375FCE74	3370
37601BD2	2729
3760527E	23138
3760B070	23348
3765364C	4368
3768A1BA	2982
376AA4B5	686
376E5FBA	7591
37743907	6507
377440D7	10475
377744D2	19242
377A09F0	4133
377BB864	12681
377D9719	14402
37810545	16216
37814182	1632
37819CB5	23659
37821F75	389
37838EF3	17682
3784CEB3	5092
378812CC	6055
37891966	5522
378BE002	14921
378E7E81	18779
3792D953	20776
3794725F	10968
379487AC	16806
3794F9DD	17654
37957C28	18342
37991A7C	6801
379BC96C	20785
379BFFAC	941
37A5DE94	2712
37A81330	17910
37A83B37	7737
37A8D650	18588
37AA4C9B	2769
37AA567C	14841
37B5FCED	14348
37B62567	9375
37B6F83B	4874
37B744FE	10282
37BA0AC8	19903
37BAFCED	16996
37C043CE	12432
37C101EB	20125
37C7F0F6	16477
37C80798	14752
37C89E53	5984
37C902E4	20910
37C941FA	255
37CAD7E5	13184
37D35D11	12592
37D634C3	7790
37D72D17	9142
37D752F4	11161
37D8DD58	1740
37D97056	16407
37E8FA35	830
37E99966	11188
37EF089B	14107
37F0081E	9009
37F194C1	20506
37F1A939	9788
37F30466	14811
37F5F912	3092
37FCDF63	1754
37FF5821	932
38009092	11220
38068F73	8490
380B44E9	21414
380BF2D6	12563
38108158	17027
38169239	17072
381AC23E	20827
381BC73F	18788
381CA263	2439
381E38D8	17243
3822BB03	23325
38287978	6155
382ECCB1	21953
382F9553	4579
38348C7A	2490
3834B229	15714
383BEC75	1193
383C6BB1	11350
383C7844	5789
383E1C2E	18856
383EAE32	14547
383EB916	22137
3842FDB1	15743
3849ABA6	11572
3851231F	14236
385152B0	1073
38518DF2	6002
3851932C	20399
3851F1F7	22958
3856FD8F	323
38573147	647
3857D641	8597
3858F14C	19360
385AA6A5	20956
385C1B7A	3980
385CD7B0	18839
385EFC87	10768
38600D57	22015
38624BA9	6352
3866705F	4594
386741BB	4389
386AA1C5	15909
386D1370	15136
386D9696	13568
386F6BF9	14355
386FA6BA	12599
3871359E	23900
3873DCB9	5190
38774174	21786
3877FD8F	3205
3878B39A	1554
387E04A6	18281
3887BC5E	8548
38907511	13776
3895F645	12748
389809C8	9587
389810A7	3940
3899AF51	24535
389ACF3F	23893
389DBB26	24411
38A1A784	16246
38A27A88	9928
38A430FF	13372
38A4F935	4521
38A6EB28	18647
38A8AFD6	24198
38AE1DE4	15888
38AFEDBC	12308
38B07A2E	12406
38B1FD88	4041
38B26590	23579
38B32310	11815
38B5A9C8	17848
38B8CC9B	9531
38B9284E	17385
38BAC1BA	12805
38BADFA8	19600
38C12A37	9399
38C27A48	7893
38C2F741	19679
38C9D9FD	3718
38C9FFF0	10030
38CE9F98	5037
38CEF44D	17323
38D4D747	6393
38D50453	12345
38D670A3	20414
38D6A97F	2596
38D829CF	17227
38D93FAD	10098
38DA2978	4750
38DB9675	17942
38DF240B	20916
38E163C5	19366
38E4AD72	20365
38E5212B	23766
38E53E6B	22826
38E800B8	7065
38ED718B	6617
38ED7443	21497
38EF3794	17670
38EFCC55	15015
38F3C3E5	19988
38FFE36F	24339
39007E74	9566
39013175	17827
390418D1	18512
3904407F	22509
39066D87	17114
39072866	1659
3907D089	6491
390A6560	18412
390BBAB9	5410
390CC58A	14285
390DA567	17602
390FD1FC	12523
390FF4F4	2531
391135E5	11875
3914EAB8	5318
39187CA1	6462
391AD9C0	17048
3921B27B	736
3925AF1C	12830
392B29C9	16835
392B2DBE	10741
392B4B37	413
392B5C8C	20359
392FAE11	10953
39314421	14005
3931B0F1	23055
3932436B	1157
39342FDA	1829
39376E5F	7599
39379487	16814
393A74F9	9764
393A9E4F	19536
393DADE3	8849
393E4EC8	6895
394076D4	23023
39433781	1648
3944C7FC	2430
394733B4	21610
39484AE3	23760
3949E8B4	2314
394F9AC2	22820
3951404A	4336
395216F3	8
39527172	17400
3955E132	13666
395B142B	16668
395F6ACF	6114
39604C41	5702
39685DF7	22106
39698256	11428
396A76ED	23642
3972F851	2392
39834A3A	8960
3983A2C1	11485
3985549E	14664
398A4C2C	13525
398CDC9D	5673
398EB846	564
399383EB	22149
3994A9C1	1214
39963A62	22774
399723A6	5489
399DA1EA	21599
39A04366	1534
39A15F36	17359
39A634F1	8708
39A712BE	12759
39A8B286	18890
39AB1C6C	10115
39AD69E3	16023
39AF615F	22466
39B8127B	3139
39B9DDB5	10000
39C59918	11820
39C674FC	5042
39C6B54B	2601
39C76B8C	6622
39D1F899	3352
39DAE6AB	13611
39E242CE	13009
39EE5CDB	5183
39F5AD12	11315
39F5B7A9	13862
39FA0478	18769
39FA36CE	1908
39FCFDBC	17206
39FE19EB	15286
3A002E1F	7059
3A01BF8C	20519
3A0B2967	2658
3A0DD94D	4378
3A12A080	20578
3A1337C7	16493
3A15CCA9	18483
3A17E8A2	8417
3A251C28	6019
3A27ADA8	16095
3A2A1887	6696
3A2C10CA	11473
3A2D28C3	12236
3A2FA211	20314
3A3147A8	19077
3A38348C	2498
3A3AF697	17550
3A3E4220	8650
3A3EF07F	24594
3A3F1335	3347
3A400BAC	21392
3A40EDCC	24257
3A4ED9D6	445
3A535988	13039
3A5751B7	16703
3A5CA082	18558
3A62F86A	22758
3A638B8C	9543
3A6548E7	13633
3A67572A	2284
3A696E7B	5469
3A6CD45F	22578
3A6E1741	525
3A74F9FB	9756
3A76E974	10569
3A7CF509	23974
3A7CFB6E	15803
3A7CFD99	9749
3A7E6023	5027
3A7FD428	2866
3A84C2F2	21362
3A870012	11231
3A884B60	21170
3A888555	13761
3A8C5E34	6833
3A90FFE3	4935
3A92EDF5	21455
3A93E98A	7515
3A9718D3	13280
3A9BD409	17919
3A9E4F21	19528
3AA0B39A	18910
3AA63E18	5140
3AA6CE0F	11368
3AAE1551	5304
3AAFDD13	14780
3AAFDD75	21312
3AB61225	23509
3AB7A851	18203
3AB95079	2273
3ABDEA9E	8936
3AC5EF09	20443
3AC72569	424
3ACB7E28	2244
3ACC3EAF	10810
3ACCBDE9	13219
3ACF4E14	1091
3ACFBB5F	5074
3AD1C992	1170
3AD9A30E	11257
3ADA80FB	7834
3ADC7BFE	12983
3ADD7A82	1448
3ADDD208	24501
3AE11809	554
3AEBFD49	16899
3AED71F5	20863
3AF14A55	23808
3AF69763	17542
3AFBA061	13080
3AFC7CA4	10899
3B0206C8	10617
3B07C0F8	3913
3B07E1AC	7130
3B0A4963	19164
3B0B2C24	19477
3B0B6E50	7334
3B169EBA	8204
3B1723B9	22987
3B1A5905	8104
3B1AAE75	10833
3B1B8359	1882
3B1EF4E3	10052
3B225DC3	18309
3B22987A	10234
3B22DEEB	6877
3B27AA85	7162
3B28E5A6	11442
3B2B83F5	8365
3B30050F	20256
3B307B3A	23998
3B339044	22521
3B3478D3	2161
3B356B6D	5381
3B3716B1	7721
3B3FB797	3705
3B415624	19632
3B43D524	21590
3B540413	17271
3B550864	7629
3B561045	11963
3B5835D3	21116
3B5B24D0	6323
3B5C62DE	6611
3B5CD57F	13606
3B5D10F2	21491
3B66499D	18935
3B6758E4	435
3B677C9B	14946
3B696B81	15165
3B6A01D8	23008
3B6ACF8D	6245
3B6F0919	24114
3B6F5023	5831
3B709953	4641
3B730F9F	24243
3B74BA3E	10562
3B764DC6	24402
3B766C34	16974
3B76EC1F	23627
3B7EC14B	14326
3B80CEA4	4953
3B814E4F	6913
3B8507CC	19844
3B886620	24306
3B8CE289	9942
3B8FFCBF	5876
3B9000F1	6994
3B90044B	23191
3B9200FA	7244
3B93AB61	23521
3B9400AD	3461
3B95EC45	6756
3B9652C6	9629
3B96676A	17290
3B974535	18139
3B978454	20648
3B99D3FE	2879
3B9C28F8	22967
3B9DCB29	9638
3BA05CC1	10348
3BA0BA07	21779
3BB209C9	19557
3BB27426	16508
3BB2ED2D	101
3BB41B24	15451
3BB6A3BB	9987
3BB8C499	5941
3BBAA978	17633
3BBE6C1D	9967
3BBFAD98	3170
3BC4F118	14137
3BC51ECC	21873
3BC8A088	15871
3BCDE53E	17664
3BCED992	18945
3BCF7C83	19394
3BD01BA2	22893
3BD01D78	23825
3BD13677	17313
3BD9EF1A	17145
3BDB8D68	16600
3BDC7A40	21223
3BE1ECC9	12192
3BE2E819	620
3BE4DE2F	14935
3BE6E953	23853
3BE92411	21692
3BEC75A3	1185
3BEDCF56	5648
3BF0BEA5	3782
3BF3156D	15009
3BFBAA7E	4850
3BFD5752	4449
3BFDA6BB	23455
3BFE57B5	12885
3BFEC783	3198
3C09F7FD	16544
3C0EEC82	19567
3C11EE30	13402
3C12E1F6	10649
3C148081	18617
3C152071	9422
3C1A96AD	10698
3C1DDFD6	3179
3C1E5B19	5269
3C1ED20A	14639
3C20E189	6366
3C2117D8	2005
3C227E58	5774
3C26F020	16227
3C279A9C	5435
3C2B6F8B	15972
3C2F97CA	3865
3C35CAA4	17717
3C38D504	12353
3C3D996C	12924
3C3E5D05	19976
3C4637EF	14123
3C483CC0	4671
3C4859D6	13004
3C4935A4	3400
3C4E501D	23033
3C531599	19346
3C533C35	17733
3C550A2F	11032
3C58B6AC	2942
3C59BECB	16420
3C59CD02	1547
3C6110BD	23274
3C64D66D	6972
3C69FEA4	2146
3C6BB187	11342
3C6E7CA9	8686
3C71B053	17234
3C7844FC	5781
3C791411	3058
3C7DBF46	10502
3C7DF141	18746
3C7DF6C8	16002
3C7F8539	15310
3C81D17D	20327
3C826AE4	15407
3C844131	19510
3C8A08B8	3051
3C8D4AE9	19030
3C90B732	9860
3C95EB7A	4103
3C9841B1	14175
3C9A3DF2	10388
3C9E3EDF	10511
3C9E4220	19519
3C9EED61	20285
3CA342E5	22618
3CA36854	4786
3CA66E4E	5967
3CA70EE8	21797
3CABB7B8	478
3CB16C02	22332
3CB4C1F5	22709
3CB533B9	23211
3CB6335E	5260
3CBC1F0E	6140
3CBC8896	5604
3CBCEA4B	21469
3CBE65C5	12272
3CC0EDC2	4655
3CC4E0F1	5803
3CC5B233	3816
3CC67F8A	14733
3CC70B83	3991
3CD17190	21263
3CD4E42E	5424
3CD6D274	16118
3CD7759B	4181
3CDC01D6	11278
3CDCB15B	16770
3CE2C1E8	12412
3CEB2DF8	2250
3CECCE41	22527
3CEED06C	15457
3CEFC2FA	3788
3CF0F974	19982
3CF1FE14	15316
3CF2C5B0	22338
3CF789BF	1775
3CFDCCEF	23875
3D074706	2509
3D084F95	4237
3D0B3C8D	19046
3D101BC0	23676
3D1150A2	15102
3D117A0A	864
3D11A18E	12625
3D11C2B7	336
3D169D33	2301
3D170159	3261
3D173E50	12391
3D17D11A	22295
3D1C3006	22024
3D1FBBC1	222
3D2000D2	21208
3D246531	7878
3D264AA0	15502
3D289642	23715
3D2B8771	5895
3D2C5C4C	20230
3D2E3033	12709
3D2F010A	2814
3D2F8218	8246
3D385152	1081
3D3AEBFD	16907
3D3BFE57	12893
3D3C12E1	10657
3D3C59BE	16428
3D3CD775	4189
3D422FA2	10211
3D424D55	23960
3D43D0B3	19058
3D444B47	9913
3D471CA7	22837
3D476B06	21127
3D49F1AD	1501
3D522839	8984
3D524AEB	21578
3D53B169	8216
3D5429D8	7151
3D5AF78F	5630
3D5D54EF	18967
3D5DB083	2467
3D629E6E	16787
3D6406A4	1263
3D6BE972	15265
3D6D4537	16084
3D6EBD81	20104
3D7408C4	8187
3D78E615	14678
3D7EF9A4	24052
3D8000E8	19099
3D82D28F	9886
3D8BE947	19126
3D8F84A8	14479
3D926407	16455
3D96026C	22398
3D984CCF	21856
3D99288B	12179
3D996C7A	12916
3D9ADCED	24136
3D9B2CB0	19194
3D9D3E7A	23983
3D9D57EE	21321
3DA4152A	14630
3DA83BE1	12208
3DAB09DA	7650
3DADE330	8841
3DB88437	3116
3DBA8428	5740
3DBBA4B1	23404
3DBC166A	11113
3DC61C52	13389
3DC6220F	18993
3DC784F3	5446
3DCB9B73	5178
3DCC896E	8472
3DD5F50C	15630
3DDAC3B3	20276
3DDB0F0F	12942
3DDF7816	8911
3DE26FF9	1769
3DE2F27E	8537
3DE34E41	17132
3DE382EC	21965
3DE466C6	713
3DE9C64F	10043
3DED383E	14563
3DEF7433	9450
3DF20E38	19384
3DF2AB3B	10372
3DFD0F87	9665
3DFF354F	12968
3DFFDC3B	10857
3E045DA6	20055
3E04B12C	14067
3E062CE4	23077
3E07C611	3902
3E0869B4	22253
3E0AFDFB	17437
3E103FFB	9287
3E12A13E	14469
3E14896B	13466
3E16BEA0	15229
3E174668	16944
3E18FCCD	5124
3E1C2E6B	18848
3E1CAFB5	6123
3E1DCEE5	9647
3E1E4AF5	4112
3E1E9780	2823
3E2904CE	24620
3E2EF4EE	6778
3E3088CF	3891
3E30EDA5	15179
3E35002F	21053
3E35BD59	1488
3E36B6E4	6227
3E3EF002	22945
3E3FDC77	124
3E4220AA	8642
3E42FA64	13130
3E4B5EC4	12118
3E4D5C58	4507
3E4D87E5	12068
3E4EC8B7	6887
3E5018F0	12375
3E508068	6447
3E525CC7	10884
3E54A9D1	8671
3E56A34C	4219
3E5822DF	16342
3E58F316	3830
3E599300	7381
3E5D0517	19968
3E601601	14445
3E615423	13833
3E6344BD	19825
3E6B0984	22810
3E6DAD0B	9324
3E6DCD3E	9348
3E6FE608	14818
3E71B72C	17949
3E777552	17640
3E778A3D	21880
3E79347B	10395
3E7A849A	23967
3E7B3AAF	21328
3E7DB768	15796
3E7E1347	24225
3E7E8346	2199
3E7EAA3A	18227
3E7ECC91	9742
3E7FE086	21830
3E82FEA5	18701
3E844E46	6480
3E8D4B2D	816
3E8D78A8	2631
3E8EA98F	5150
3E93B2B8	8377
3E97DDF4	14211
3E98A5F5	7503
3E991A22	18011
3EA33D47	22853
3EA8B316	6567
3EAC283B	4977
3EACAD2D	7222
3EAE32D1	14539
3EAEE8C2	22688
3EAFE28E	10794
3EB3FE82	6669
3EB47035	20842
3EB5A25F	11310
3EB6F53E	13857
3EB91672	22129
3EB9F806	9829
3EC41A1B	12457
3EC76040	10628
3ECDE6FF	951
3ECFAA2C	6577
3ED2D0C0	8046
3ED51A07	10538
3ED9B124	10312
3EDBB465	15789
3EDE80D7	20995
3EDFA377	10495
3EEBFAB5	372
3EEC7D58	4992
3EED12EA	13971
3EED7CE7	5064
3EEF980D	20151
3EF002CD	22937
3EF07FD2	24586
3EF444DF	7812
3EF8A0A5	18739
3EFB6478	15995
3EFD0752	7534
3EFE8DE6	20803
3EFFA277	16531
3EFFC180	1393
3F006215	24446
3F00CCD3	9816
3F012CB5	1038
3F02533F	18274
3F04244B	7937
3F065466	6088
3F09A38A	24218
3F0B7CF9	10417
3F0D66E7	7119
3F0EFF55	4459
3F10480B	23115
3F1335A1	3339
3F147890	4686
3F181638	8514
3F20237D	9162
3F21D7DD	13093
3F298601	19427
3F2C27B7	5759
3F2E8DC9	12049
3F3011A3	5020
3F334DE1	5110
3F35B81F	4711
3F3734B2	21752
3F3A638B	9551
3F408F1F	18764
3F41A300	2192
3F43D1FB	234
3F44A3B2	7182
3F46D9D8	1903
3F475BAF	1459
3F47F06E	12513
3F4BBF64	20191
3F4C3CA3	4802
3F4C4534	22067
3F5180FC	7959
3F51973B	24022
3F51DC90	7257
3F551D5B	18220
3F585BF1	8345
3F664889	9735
3F669784	7034
3F6759E9	1102
3F68D756	767
3F6B140A	3602
3F6F267E	17192
3F6FF23B	17169
3F733BE6	23869
3F75F447	7092
3F7782DB	213
3F7D2F12	8742
3F7E951F	4827
3F7EDE44	20696
3F7FC8B4	14510
3F837508	12502
3F845C9D	17575
3F86EA35	15573
3F87B24C	16466
3F8BCB4E	8130
3F975847	591
3F98980E	10260
3F9FB793	17201
3FA21E94	23732
3FA40ED5	11981
3FA97248	11611
3FAA34F4	3283
3FAABA7C	18250
3FACDDF6	14416
3FADCA0C	10082
3FAF2BE1	297
3FB10BDD	4028
3FB1ECD6	24149
3FB79706	3697
3FB91A61	20725
3FC1060C	13921
3FC29CFF	15303
3FC33D6B	15281
3FC53061	14718
3FC568E4	11897
3FD3D074	2521
3FD3F202	9174
3FD49485	2133
3FD86064	18373
3FDC7765	116
3FDCBC8F	12651
3FE2472E	2411
3FE2B471	23602
3FE58A88	13350
3FE82ADD	6657
3FE9345F	24571
3FE9C76B	21510
3FEA1416	2859
3FEA702D	17087
3FEBD1A4	2347
3FED239A	22486
3FED784E	6722
3FF0434F	21823
3FF2FD6B	5866
3FF6E419	20607
3FF8CAA2	4921
3FF8DBC7	24333
3FFB7998	9271
3FFB9180	19713
3FFE1CDC	10017
4001A411	21199
4003C64D	6984
4005C3F6	7054
4008C4E4	2553
400ADAC3	3449
400BACEA	21384
400BFEA9	21039
400E60E8	11495
40112EED	23181
40150B35	11763
401F5656	7231
401F9D31	9560
40234735	10134
4025ED61	17510
40303191	18055
40344BFC	6432
4037F194	20514
403B1723	22995
403CC67F	14741
4040DEA3	18602
4041381E	17259
40413F67	1118
40452C56	20555
40466C20	3655
4046FAE5	9153
4047D467	22864
404A1AB8	4320
404BEFB7	7308
404C5D49	17821
404F35B4	16128
405085D3	998
4054F154	11046
4059B38A	4541
405CA7C0	23096
405FE2FC	16733
4063C38D	12365
4066C8FC	19449
406A4B0B	1251
406BCA38	20980
406D714B	10182
406E8808	22883
406F0339	23666
4075E294	23815
4076D403	23015
407A78B3	16435
407ADD7B	20111
407B8C44	19000
407DE889	7819
407FDA47	22493
4086CD3D	1525
4089C50D	16259
408C4A2A	8175
408F1F7C	18756
408F3138	5813
40927FD3	21525
4092CF85	13484
4096629D	6044
40998189	17899
40999C48	13793
40AC37BA	17012
40AD129A	16161
40AEEF6D	3582
40B9257F	20896
40B98207	10339
40C2AC3A	13063
40CFE5D6	601
40D49818	15844
40D7EB17	10459
40D91826	10604
40DEA359	18594
40E15F59	8603
40E1BDAF	14361
40E304A8	9405
40E62930	13531
40E8BE88	20320
40ED5841	11969
40EDCC3E	24249
40EE0539	6919
40EF406E	22899
40EFF69A	23461
40F03BB2	19573
40F278FB	10517
40F548A0	8990
40FA0BFA	18707
40FB66C4	10318
40FCDCD2	21758
40FEE469	20731
40FFEDE6	9277
410114B1	20561
41057FE1	18541
41063474	18506
410CF124	3414
411008D1	10144
41101FF6	22503
41103526	15854
4113548D	24480
4113FA40	11993
41142825	11945
4114C671	12331
411602C0	21672
41171163	3038
411A0C72	1852
411A86EE	19261
411D4425	21179
411DB3BE	14955
41202E53	23105
412452DC	11080
41297861	11926
412DAC9F	15204
412ED470	1577
412FD99C	8573
41319D85	19494
4132CB53	3630
4132D9AC	15940
4133A3EF	24606
4133EEF9	20163
41357232	15400
41381E38	17251
41393A9E	19544
4139AD69	16031
413AC5EF	20451
413E1E4A	4120
413F6759	1110
414545B8	15674
4145EC91	19954
4149BF47	843
414A81F4	18722
414BBFD3	6273
41517E9B	16202
4152AE4A	14618
4152CCAD	8082
4153849A	11584
4154B903	8625
41562438	19624
4156EE39	6646
41591684	19890
415F2997	23553
415FF872	18535
4160ADA9	1425
41633E1E	2839
41652CFA	2653
41673516	18901
41731476	19655
41740FCD	21770
417868D0	11789
417B623A	24281
417F52DC	18694
41821843	1616
41832157	13907
4185FFD4	22659
418D1D0A	18500
418D27CE	17968
418E4D0B	1839
4198265A	3544
419B61FF	17108
419BBA1C	6516
419D0950	20587
419D8F7A	10061
41A1BE02	12445
41A30076	2184
41ACAE79	501
41B053CE	15477
41B18CEF	14159
41B24B04	15439
41BB29B2	4373
41BF8040	9014
41C0E513	2444
41C3125D	6357
41C4C085	3945
41C70B1E	19371
41CA19BC	1653
41CC1A51	8965
41CC66E4	5678
41CD31A7	8713
41D1C1A4	2503
41D4442A	13766
41D49F4C	7520
41D9B8B5	7726
41DC0675	4958
41DF0F66	12197
41E3C8A0	3063
41E6076E	4660
41E7596F	2255
41EAEAA7	18972
41F31A25	19830
41F42272	6485
41FA1E8F	239
4201A25F	6437
420561BD	17017
42077029	6924
4210A27D	12480
42129549	46
4213168F	14589
4213E56A	4231
42144FB1	12475
42146072	5725
42156E33	5346
42174D70	988
4218FBB4	13985
42193937	7615
421AB49E	9690
421BE4A0	264
421BFAFC	3101
422098CE	19503
4220AA5C	8634
42227A20	23691
4227230F	6473
422FA203	10203
422FB057	1996
42357409	13813
4239963A	22782
423C9EED	20293
4244B7FA	7925
4246AFC4	11650
4248DFA6	11202
424D48CB	907
424D555A	23952
424F445E	874
42515C77	19867
42527BC7	21980
4252A92A	41
42541011	20573
425713B9	20668
42571FD1	23749
425B05B3	21159
425D6BEB	8775
42617927	21355
4261FFB7	20620
4262D1EF	14584
4266F8FE	16488
426EC160	23355
427085FB	15750
427342BE	17366
427CAD46	4226
427CC02C	14452
428252F0	11933
4282C67C	2846
4289F620	12470
428A2B86	18184
428AD7DA	15084
428BFF5E	11018
428C0E58	5720
4299580C	18406
429D83E0	3922
429D83F0	7139
42A3146F	2792
42A49C6D	4767
42A4E276	24425
42A4EF71	21237
42A957A3	14869
42AA4A61	9203
42AADDFB	13746
42ADC672	5341
42AFBD93	13890
42B0A56E	7691
42B7D555	2110
42B9952A	18478
42BE6D47	17350
42BF0119	16648
42CD6FA2	11749
42CEB71E	12993
42CF2352	19040
42D3F518	7971
42D9C333	4607
42DCC9F5	9850
42DD4AF4	2077
42DE7C52	24635
42DF634E	14031
42E5453A	22602
42E9AE05	983
42EEAE76	5404
42EFB943	22095
42F74C92	23256
42F76479	4014
42FA64B1	13122
42FC7C20	9302
42FD145F	8412
42FDAC57	1817
42FDB1C1	15735
4301EEAF	15643
4302355F	8028
43086D90	1603
430C6069	13323
430FF962	13360
4310EC2D	7348
4310FACF	6683
43135297	15608
4316031A	16306
43187C96	12133
4318BA2E	15055
431C37D3	12608
431EA9D8	8225
431F7689	13980
43228A44	15539
432726ED	7610
4329D947	11455
432B5AFC	1298
432D5782	16866
433105ED	24295
433162AD	14279
4331A759	13238
43378141	1640
433C1520	9430
433C4935	3408
4340466C	3663
43455F41	6297
434707C3	18867
434D155F	4271
434DA4C3	22242
434F09BC	16237
434F29C3	21807
435693DF	9685
43570CDB	4307
4358497E	3314
4359835D	17478
4364F791	727
43669EA4	1518
436959FC	17596
436B9480	1141
436C825D	1592
436FB773	19314
43756878	2965
4377744D	19246
437991A7	6805
437C043C	12436
437C941F	259
437F5F91	3096
43800909	11224
438AE1DE	15892
438BADFA	19604
43907D08	6495
4392B2DB	10745
439A712B	12763
43A5CA08	18562
43AFBA06	13084
43B0B6E5	7338
43B9400A	3465
43C58B6A	2946
43C826AE	15411
43C9841B	14179
43CBC1F0	6144
43CBCEA4	21473
43CE2C1E	12416
43D0B3C8	19050
43D1FBBC	226
43D28964	23719
43D2C5C4	20234
43D524AE	21582
43D629E6	16791
43D6406A	1267
43DE2F27	8541
43E045DA	20059
43E1DCEE	9651
43E58F31	3834
43EB3FE8	6673
43EEBFAB	376
43F47F06	12517
43F4C453	22071
43FD3D07	2525
43FED784	6726
43FF8CAA	4925
44023473	10138
44047D46	22868
4404F35B	16132
4405085D	1002
4406D714	10186
4406F033	23670
4407FDA4	22497
440D4981	15848
440D7EB1	10463
4412452D	11084
441319D8	19498
44154B90	8629
441EAEAA	18976
44218FBB	13989
4423C9EE	20297
4425713B	20672
4425B05B	21163
442AADDF	13750
442F74C9	23260
4430C606	13327
44316031	16310
443B9400	3469
443C9841	14183
443CBCEA	21477
443D2896	23723
443E045D	20063
4442AADD	13754
44499350	9716
444B097C	5589
444B47B0	9905
444D797F	11869
444DF58D	7800
444F4406	23686
445428AD	15096
44556906	17990
44565A98	22183
44580048	12160
445E8293	858
4461084A	60
4461E932	15515
4462044E	16272
446785F2	3876
44686386	12619
446887C0	20074
4469753E	22277
447017E5	12570
4470ADFB	330
4471D001	7072
4475F8F9	10906
4483C791	3070
448C7D2F	14226
44938E52	23778
4494F6EE	23418
44993508	9712
449B8F9F	2217
44A38518	6014
44A3B27A	7174
44A68809	16147
44A71301	9598
44AFD585	18106
44B097C2	5585
44B21113	23704
44B47B05	9901
44B5C5F0	13451
44B76BA6	8457
44B77988	23488
44B7FA38	7917
44BAAC59	13957
44BB870F	18300
44BBB716	23171
44BDDBCD	19809
44BE79B8	11293
44BF9A23	10927
44BFCD87	6420
44C7FC48	2422
44D299EC	22419
44D2BAD2	19226
44D52353	24474
44D797F0	11865
44D8C1F0	14088
44D9DCB3	17303
44DC03D1	15122
44DF201E	14758
44DF58D3	7796
44E2869E	16252
44E461F2	6468
44E9002E	21398
44EA5C63	13286
44EC8977	18315
44EEC9D0	16514
44F299B9	5973
44F4406F	23682
44F5112D	9919
44F5B514	16090
44FB1068	12463
44FCB09E	5765
44FE6260	10266
44FE903B	11987
4501286A	4326
45024B3E	13490
450440D4	15860
45045C45	3044
45073069	8971
450A094B	11939
450AA55E	14875
450DD5A1	2971
450FFB5E	6732
451488C3	15530
4515C30D	18177
4517F1F4	8398
4519F7E8	7547
451E0F2D	5278
452230F4	15524
4529081D	6938
452AA828	15693
452C5633	20547
452DC901	11068
452F014F	4737
4530F508	10225
45319C57	12325
4534A9A7	22051
45352257	18123
453722AD	16068
453A6CD4	22586
453AAE15	5312
454261FF	20628
45428AD7	15092
454310FA	6691
4545B886	15666
454AC01F	1063
454E7E8D	1918
454F6AC2	7660
45569063	17986
4557A8DE	4896
4557C3D0	4257
4558D653	11724
455B6413	16051
455CB63F	8154
455F414B	6289
4565A98C	22179
456BED0C	15077
4570C36D	18171
4571DC28	19857
4572BF24	9098
457497C9	2043
4576065D	23316
457EB6D1	24187
45800486	12156
4580B02C	21666
4582194E	11468
458C2FFE	3020
458F4EBA	16917
4593BE92	21704
4593FB1E	24161
45943470	18879
459527FD	2366
4598AF9B	19928
4598B761	6556
459BCA39	10977
459CB42E	22115
45A128AE	19876
45A3D8F8	14491
45A5187B	12231
45A74CEA	2295
45AAC116	18449
45AE90CA	1316
45B29551	13703
45B2A541	14979
45B77F78	9234
45B847ED	786
45B88603	15658
45BC7214	18427
45BD5A77	2902
45BDD65F	6868
45BE8862	16325
45BED16B	1334
45BF381B	18804
45C05652	3255
45C117D5	21916
45C458C2	3032
45C642A4	21253
45C9D1D7	17563
45CF9406	12385
45DA66D3	20043
45DAC71D	15034
45DE133E	21077
45E00D85	6199
45E82937	854
45EC9166	19946
45ED5D15	9120
45F4406D	10198
45F4423C	20309
45F44697	22289
45F47A5C	12724
45F57CF9	21902
45F60AEA	1991
45FA454E	1934
45FA6C14	16192
45FC7D27	8392
45FCB16C	22558
45FD3899	24551
45FE0FA6	18029
45FFAF5C	11011
460038C2	19695
4600ECD1	2175
460274DC	540
4603F042	7949
46053C53	17749
46072C09	5713
460999D3	10590
460F3CB1	22348
4610617F	22669
461084A5	56
461D4380	11240
461E40E8	20336
461E9325	15511
461ED41D	12217
461F2840	6456
462044E2	16268
4620BC34	11798
46213760	23364
46251572	8168
462721FE	2542
4628DEA9	2783
4628F50F	19072
462F1A1B	6826
463298BF	8280
4637C89E	5992
4637EF08	14115
463ADDD2	24509
463CD171	21271
463D5DB0	2475
463E97DD	14219
464A1235	11663
464CB238	20389
464D7DD6	15379
465317F7	7866
46535CCE	16626
4653B900	7006
4654E0A1	6169
46567193	3733
4658684E	15769
4659093D	888
46598732	5508
465BD357	24092
465CECC1	24012
465E57B7	7432
4661BC40	6068
466755FB	14791
4668B1E9	16928
466C2099	3647
466C6ED5	701
466F071D	17689
46720E50	1666
46742FD1	8424
46785F2F	3872
4679DF85	3795
467A8E39	22844
467DFA0E	7541
46802A16	11770
4681E4F1	10524
46831C9A	1846
4685CA8A	22609
4686386F	12615
46887C08	20070
4688AAD2	17997
468E6AC7	10125
468FBB1F	5002
469208D4	19274
46927293	2329
469753E0	22273
46987EFD	20711
4699E9E6	4202
469E8B80	3270
469F177A	6787
46A1BBBA	19255
46A57480	19023
46A5968B	809
46A72ABC	13677
46A7E00C	24457
46ABE6B5	8015
46AE8133	13808
46AFC46E	11642
46B06B26	8806
46B2874B	18577
46B67021	17042
46B8DD59	16573
46BA1914	15552
46BAB392	756
46BC5473	2624
46D0A927	4777
46D450AA	14887
46D9D8DC	1895
46DB48F9	12090
46DF9CAD	16685
46E2A6F5	7756
46E4A54A	12034
46E7F52E	11622
46ED1437	2985
46EE881A	10478
46F2AF85	18345
46F3792D	20788
46F54993	2772
46F54ACF	14844
46F6C4AC	9378
46F6DF07	4877
46FAE5A2	9145
46FD332C	11191
4701689D	21417
47017E5A	12566
47035847	20830
4706918F	2493
4707C385	18859
470A31BE	6005
470ADFB1	326
470B54D4	20959
470BDF90	10771
470C01AA	22018
470DB2D2	13571
470F1673	1557
471515FA	24201
47164CB2	23582
47184F49	7896
4719DE89	17326
471C95AE	20368
471CA7CD	22829
471D0017	7068
4721FA3F	12526
472226BC	11878
47235B38	17051
4725F5C2	10956
4726486D	1160
472D304A	11431
472E5F0A	2395
4731D708	567
4732C74C	22777
4733B43D	21602
4735638D	10118
4735EC2B	22469
4738B323	11823
4738D6A9	2604
473B5CD5	13614
473C4859	13012
4742B995	18486
47481DB9	24260
474D2DCF	5472
4751096C	21173
4754C7C3	5143
4756F50A	18206
4757BD53	8939
475BAF50	1451
475ED2EC	17545
475F8F94	10902
4764F550	7165
47682AC4	19635
476B06BA	21119
476CEF93	14949
4772401F	7247
4773851F	22970
4777CD83	9970
477B3DE3	17148
477C5D03	623
47823DC6	13405
47829010	18620
4783CB63	5272
47841C31	6369
478422FB	2008
47856DF1	15975
47890798	4674
478D3FD4	2149
478FBE28	18749
479216E6	9863
4793DDAC	20288
47989C1E	5806
4798E170	3994
479EF137	1778
47A23431	12628
47A5C606	12712
47A87A16	19061
47B0001D	19102
47B05A51	9889
47B17D28	19129
47B1F095	14482
47B30999	21859
47B36596	19197
47B8C38A	13392
47B9912D	8475
47BDA707	14566
47BDEE86	9453
47BE5567	10375
47C7DE00	22948
47C84415	8645
47C9B0FC	12071
47D1A965	819
47D467A8	22856
47DA5A18	8049
47DAA340	10541
47DD8FAB	4995
47DE0FFA	24589
47DFD1BC	20806
47E1DFEA	4462
47E266B4	3342
47E530C0	19430
47E977EC	20194
47E98794	4805
47ED1AEA	770
47EEF05B	216
47EFF916	14513
47F06EA1	12505
47FF7230	19716
48003482	21202
4801759D	21387
4803EACA	7234
48081BD4	18605
480827EC	1121
480A9E2A	11049
480B94F8	23099
480CD91F	19452
480F7188	19003
4815A253	16164
481724AF	20899
481C6095	9408
481DAB08	11972
481DB987	24252
48226A91	24483
4822C058	21675
482350DD	19264
4823A884	21182
4826747D	24609
482A55C9	14621
482A7093	11587
4831A4F9	17971
48389810	3948
4839A634	8716
483A8885	13769
483C7914	3066
483CC0ED	4663
4840EE05	6927
48437C94	267
48491BF4	11205
484AE3FA	23752
4856FAAA	2113
4859D6E3	12996
485B993E	9853
485BA95E	2080
485BCF8A	24638
4861FF2C	13363
48630F92	12136
48656B5F	1301
4865AAF0	16869
486634EB	13241
486C9EF2	730
486D7290	1144
487175BF	19607
487AC53C	16794
487FF195	4928
4889326A	9719
488C3D26	15518
4895FAB0	18109
4896B8BE	13454
4896EF31	23491
4896FF47	7920
48A0E60D	8974
48A5B920	11071
48A9CFD1	1921
48AE92F9	2046
48B277D2	21707
48B315F3	19931
48B37947	10980
48B7DA2D	1337
48C7ABB6	2478
48C7D2FB	14222
48CA62FE	7869
48CB2127	891
48CB30E6	5511
48CB7A6A	24095
48CBCAF6	7435
48CDE0E3	17692
48D4FC01	24460
48D5F88D	11645
48DA8A15	14890
48DFA665	11194
48E46B67	17054
48E5CBE1	2398
48E6BD85	22472
48E71664	11826
48E76B9A	13617
48F66CB2	19200
48F9361F	12074
48FB4B43	8052
4904580B	21678
49046A1B	19267
49054E12	11590
49071302	3951
490CB55E	16872
4914B724	11074
4915D25F	2049
4916FB45	1340
49194C5F	7872
491BF4CC	11197
491C8D6C	17057
49208B01	21681
492196AB	16875
492BAD85	21568
492C6D1E	19151
4931E51A	22631
4935A4DD	3392
4937B744	10290
4938DA29	4758
4938E521	23774
493949E8	2322
493FE9C7	21518
4940EF40	22907
494856FA	2121
494C3FD3	9190
494F6EE9	23414
49504EB1	20461
4954E548	22
495D6C2F	21565
495FE75D	20882
49608790	15426
49617539	1238
4962A68C	23387
496368F6	19148
4967C291	13477
496A58E1	669
496BC717	12824
497098F2	23233
49731EFF	10874
4974BC38	17872
49753B5B	6339
4976FACA	21448
49782CBF	17797
4978C09C	12855
497BABD6	9073
497C968F	2031
497E7F54	3298
49818AC1	15832
4983A0B2	2670
49858114	13512
49862D95	22225
498F28D0	22628
49901E9E	16445
4992A836	15496
49935086	9708
499374C6	2756
4994C94F	5921
499B7198	7466
499D5059	18919
49A1A2AF	6306
49A2FE9C	24560
49A91964	902
49AAAB56	23947
49ABA62B	11564
49AD26EB	3389
49B8F9FA	2213
49BAFE73	3375
49BDBA27	10287
49BF47D1	835
49C4EDD9	24416
49C5C942	17390
49C6D14B	4755
49C72909	23771
49C9D3A7	9769
49CA4F45	2319
49D13D6D	16100
49D95C1F	8370
49DB3AC7	440
49DEE3D2	21228
49E0F690	14644
49E88BD0	869
49E8B4E9	2306
49EDC421	3121
49EF1C17	21970
49EFE87C	9670
49F057EF	17442
49F0B5F5	15234
49F1ADEA	1493
49F26AE2	4512
49F38DB9	17954
49F3D9D5	21333
49F4C52F	7508
49F7FE0C	1398
49F88240	23120
49FA8CB9	24027
49FF4E3B	21515
49FF5E8D	2352
4A077A03	22904
4A0FD0F4	244
4A1098B4	14594
4A12357E	11655
4A139A15	17371
4A1AB866	4312
4A22C002	12165
4A231022	16277
4A259088	23709
4A2AE5B1	8159
4A2B8EE1	19862
4A30F6A0	12222
4A349046	19279
4A38518D	6010
4A3ABDEA	8944
4A3B27AA	7170
4A3C90B7	9868
4A3D8000	19107
4A3F0EFF	4467
4A420770	6932
4A42B7D5	2118
4A4F78E0	21975
4A54AB72	12022
4A55124E	23792
4A552553	36
4A556280	11518
4A5C1FC3	15590
4A5E187F	11920
4A61FE9F	9187
4A62E930	2689
4A6377A0	4145
4A64B12E	156
4A67B2C0	22409
4A67F557	18261
4A68809E	16143
4A6B311C	13034
4A6DC8C1	22367
4A713013	9594
4A7A570E	5902
4A7B7749	23411
4A81F417	18714
4A820229	20568
4A823B67	14962
4A82758B	20458
4A84F980	14459
4A8B5582	18456
4A8DED89	9385
4A8FD30F	4812
4A956E41	12017
4A9A7A38	22039
4A9C1DF6	1202
4A9C79E1	19997
4A9D1F21	8659
4A9DE80E	23834
4AA0D829	15486
4AA249C7	23787
4AA4AA72	31
4AA72A42	19
4AA8D4E5	13688
4AAA0A2A	15687
4AAC5003	11513
4AAE71BE	20931
4AB18146	3757
4AB2F591	1960
4AB72089	12010
4AB92842	14608
4ABD1BD5	14858
4ABF03DB	11133
4AC01F80	1055
4AC81C37	14372
4ACA726F	16829
4ACB6FAF	10735
4ACF9B73	9358
4ACF9BF9	14828
4ACFE117	17585
4AD2CDE0	407
4AD7230F	20353
4ADCBE4B	11407
4ADD153D	7674
4AE1DC7F	5889
4AE2772F	20663
4AE3FA21	23744
4AE667CB	16361
4AE901EE	19014
4AEA36FC	16698
4AEB48F6	19216
4AEB617E	21562
4AEF9F6F	21012
4AF4915D	2061
4AF5BD32	4096
4AFB22FA	12741
4AFD585F	18102
4AFF3AED	20879
4B010B7D	14045
4B043C82	15423
4B097C25	5581
4B0BA9CC	1235
4B12C042	14055
4B12C64E	24365
4B12E3E3	144
4B153462	23384
4B158CE8	20541
4B16754D	11383
4B17132D	20224
4B1938FF	24355
4B1A2538	9611
4B1B30B4	8308
4B1B47B1	19145
4B1C2B98	656
4B1F90EB	13102
4B20A966	8091
4B21113D	23700
4B229554	15702
4B2B7024	21732
4B2D16E1	800
4B2D7D10	1024
4B314E89	6037
4B32B48F	8072
4B37821F	397
4B3E1489	13474
4B3E8D78	2639
4B430235	8036
4B478422	2016
4B47B05A	9897
4B4C0FD1	7200
4B52C70A	666
4B56FD8F	10683
4B5C0E1B	15154
4B5C5F0C	13447
4B5E38BA	12821
4B5EC46D	12110
4B60B667	21154
4B650398	13545
4B654C4B	20766
4B6B27C6	15198
4B70C88C	79
4B719729	18676
4B724054	11062
4B73DC78	5458
4B76BA6A	8453
4B779881	23484
4B7FA38C	7913
4B83F86E	15585
4B84C796	23230
4B87D8EC	10639
4B897FDC	5556
4B8C0CDD	12703
4B8C69AD	13273
4B8F8FF7	134
4B903857	8613
4B913A97	13296
4B924153	11600
4B941057	18553
4B949F0B	15246
4B98F7FF	10871
4B9A7163	4056
4B9ABB38	3229
4BA3ED51	10550
4BA5E1C5	17869
4BA70CE8	4400
4BA9DAD9	6336
4BA9F043	22266
4BAAC593	13953
4BAD0440	10158
4BAD7D63	8770
4BB1A012	17527
4BB51C3C	1571
4BB7D654	21445
4BB870FC	18296
4BBB7169	23167
4BBD298B	2703
4BBF6413	20183
4BBFD3B6	6265
4BC042A3	2808
4BC053F3	4731
4BC165FD	17794
4BC2329D	7019
4BC30FF1	11915
4BC38B5A	17860
4BC390DA	17614
4BC4839A	8728
4BC604E4	12852
4BC81FDC	20742
4BCD9C86	14302
4BD2AFC0	11143
4BDAC286	17501
4BDD5EB2	9070
4BDDBCD6	19805
4BE0863D	8240
4BE12E25	5570
4BE2C697	4423
4BE4B478	2028
4BE79B80	11289
4BEAE499	7486
4BEB844B	10947
4BEEFA21	14204
4BEFB76D	7300
4BEFEA0D	9035
4BF3FAA3	3295
4BF66710	8567
4BF9A23A	10923
4BFB1640	2577
4BFCD871	6416
4BFEE06F	5545
4C028621	7363
4C04E401	9580
4C076453	10245
4C0853B0	3933
4C0991EF	9471
4C0B26E5	1706
4C0C560E	15829
4C0FD128	7192
4C12B72F	11417
4C18634F	14704
4C186AA4	20486
4C1D0594	2667
4C1F5774	22697
4C20D8C6	14168
4C211CCB	22791
4C2BBBD5	19755
4C2C08A0	13509
4C2F24F9	21350
4C300CEF	19416
4C311B8A	7770
4C316CAB	22222
4C3594A9	20017
4C395140	4344
4C3CA368	4794
4C3D422F	10219
4C3F7EDE	20704
4C3FD3F2	9182
4C3FF6E4	20615
4C41CC66	5686
4C4534A9	22059
4C4BC81F	20750
4C510863	13999
4C52FAB9	7496
4C530264	9481
4C562DEA	11547
4C56650D	19336
4C5A3DED	14579
4C5D260E	2684
4C5D4978	17813
4C5F0D59	22753
4C5F87A5	8265
4C5FDCEB	7856
4C66C32C	11698
4C6715FD	12319
4C673270	22160
4C676165	19488
4C69E373	8699
4C6C3C4E	23049
4C6EC037	2736
4C6EF413	4140
4C717199	9538
4C794685	22625
4C796A67	23218
4C7C31F9	5131
4C7FC48E	2418
4C80F4F1	16442
4C8D1155	18004
4C8F7BDD	9460
4C90DAE5	1151
4C92E131	23240
4C947E1D	4474
4C94F4AE	5909
4C9541B0	15493
4C9625C7	151
4C963F21	13109
4C9A8435	9705
4C9BA637	2753
4CA64A7A	5918
4CA74CA9	13644
4CA91CED	13628
4CA9A85B	4626
4CAC060F	18399
4CB20AF9	23566
4CB238E4	20381
4CB2D4FD	3624
4CB47E97	20206
4CB5DB17	3527
4CB66B1C	15934
4CB9DC9D	23534
4CBB12E6	4074
4CC0C497	17892
4CC22EF0	21090
4CC4059B	4553
4CCB37D7	11177
4CCE241D	13786
4CCE9DBA	10579
4CCF9FF8	21840
4CD686B0	3329
4CD7A8C7	24528
4CDA61AC	20030
4CDB8CC4	7463
4CDC9DDC	5958
4CDF1FC3	16483
4CE8FBC1	24600
4CEA82CE	18916
4CEAE541	2279
4CEB3EED	5080
4CEE4011	23197
4CF0D72A	17723
4CF4F35D	4195
4CF65809	22404
4CF8D400	21059
4CFBBE60	20157
4CFDBFC8	17175
4CFEAAE9	18256
4CFF0418	13927
4D00C0C6	18061
4D0975AF	8781
4D0BF6B1	1823
4D0D157D	6303
4D1013CD	16138
4D155F0F	4263
4D16F569	2908
4D17F4E2	24557
4D1884DD	23370
4D1C5457	24207
4D1C87E8	12532
4D1EF955	10381
4D299ECB	22415
4D2A69E8	22045
4D2BAD23	19222
4D2DCF71	5464
4D37CAD7	13192
4D3D1C30	22032
4D421AB4	9698
4D42D9C3	4615
4D46742F	8432
4D4895FA	18117
4D48CB21	899
4D4A5C1F	15598
4D4AAE71	20939
4D52353F	24470
4D5314C0	9491
4D555AB7	23944
4D5C54F5	24074
4D5C5826	4499
4D5C8C9A	15394
4D5D3158	11561
4D66239E	13029
4D66DD14	6960
4D679FB9	23886
4D69375F	3386
4D6A4331	13254
4D7029F6	972
4D733BDB	16616
4D744701	12582
4D747841	6381
4D773449	23438
4D797F06	11861
4D7DD6E0	15371
4D82902B	16179
4D87E5D1	12060
4D88734E	12774
4D8C1F02	14084
4D929B72	22377
4D930E54	4354
4D9A8BF9	22573
4D9C1E35	11359
4D9DCB33	17299
4DA4C316	22234
4DB9183C	22362
4DC03D11	15118
4DC2E835	520
4DC6CA58	24386
4DC7CFD0	2210
4DC8AB6C	16062
4DCAF88C	1689
4DCC26A9	9508
4DD31BB0	2746
4DD651E0	18638
4DD7F39D	3372
4DD8149F	23140
4DD82C1C	23350
4DDB97EE	7593
4DE04151	16218
4DE133AC	5094
4DE2F800	14923
4DE521EB	16808
4DEA04CC	17912
4DEA0ECD	7739
4DEDD13F	10284
4DF201E6	14754
4DF2B5F9	13186
4DF58D30	7792
4DFA3E8D	832
4DFC6A4E	9790
4DFF37D8	1756
4E05A48E	17074
4E078E36	17245
4E0A1E5E	6157
4E0EFB1D	1195
4E0F1E11	5791
4E0FAB8C	14549
4E0FAE45	22139
4E10BF6C	15745
4E126AE9	11574
4E1454AC	1075
4E19D06E	4391
4E1DD05D	21788
4E257D91	12750
4E260272	9589
4E266BD4	24537
4E276EC9	24413
4E2869E1	16248
4E29BACA	18649
4E2C7F62	4043
4E2E4A13	17387
4E327FFC	10032
4E359C28	20416
4E368A5E	4752
4E39484A	23768
4E3B5D10	21499
4E3CF0F9	19990
4E3FF8DB	24341
4E401F9D	9568
4E404C5D	17829
4E419B61	17116
4E42EEAE	5412
4E43FD3D	2533
4E461F28	6464
4E496BC7	12832
4E4ACA72	16837
4E4C5108	14007
4E4DDB97	7601
4E4DE521	16816
4E4E9D3E	9766
4E4EA793	19538
4E4F93B2	6897
4E501DB5	23025
4E51CCED	21612
4E527A2D	2316
4E5485BC	10
4E55784C	13668
4E652A70	1216
4E6857CD	17361
4E6B5A78	16025
4E7D6DEA	13864
4E7E8DB3	1910
4E7F3F6F	17208
4E7F867A	15288
4E84CDF1	16495
4E89470A	6021
4E89EB6A	16097
4E8A8621	6698
4E8EBDA5	17552
4E8F9088	8652
4E9002EB	21394
4E93B675	447
4E995239	13635
4E99D5CA	2286
4E9B3517	22580
4E9B85D0	527
4E9D3E7E	9758
4E9F3F66	9751
4EA5C634	13282
4EA793C8	19530
4EAB8554	5306
4EAD8489	23511
4EB17BC2	20445
4EB32F7A	13221
4EBAFF52	16901
4EC1F03E	3915
4EC1F86B	7132
4EC5A7AE	8206
4EC69641	8106
4EC89770	18311
4EC8B7BA	6879
4ECA3969	11444
4ECAE0FD	8367
4ECFEDE5	3707
4ED54219	7631
4ED6C934	6325
4ED9D639	437
4EDAB3E3	6247
4EDD2E8F	10564
4EDD9371	24404
4EDDBB07	23629
4EE4003C	6996
4EE57B11	6758
4EE5D14D	18141
4EE5E115	20650
4EE674FF	2881
4EEC9D09	16510
4EEE3126	5943
4EF3B664	18947
4EF4075E	23827
4EF71E90	21225
4EFA4904	21694
4EFB73D5	5650
4EFF95ED	12887
4F04B87D	10651
4F06A5AB	10700
4F07B482	14641
4F09BC08	16229
4F118DFB	14125
4F14CF0D	17735
4F15428B	11034
4F166FB2	16422
4F1B9F2A	8688
4F1F6FD1	10504
4F1F7DB2	16004
4F21104C	19512
4F279088	19521
4F299B93	5969
4F29C3BA	21799
4F2D307D	22711
4F35390B	5426
4F35B49D	16120
4F35DD66	4183
4F372C56	16772
4F3BB41B	15459
4F41D1C1	2511
4F4406F0	23678
4F445E82	866
4F4470AD	338
4F45A74C	2303
4F45C056	3263
4F45F446	22297
4F470C01	22026
4F49194C	7880
4F4AE1DC	5897
4F5112D1	9915
4F527C6B	1503
4F550A76	7153
4F5B514D	16086
4F5D0231	8189
4F5E3985	14680
4F5FBE69	24054
4F6AC276	7652
4F6B78CC	8843
4F6E210D	3118
4F6EA10A	5742
4F6EE92C	23406
4F76B0EC	20278
4F76C3C3	12944
4F77DE05	8913
4F78E0BB	21967
4F7919B1	715
4F7F43E1	9667
4F818B39	23079
4F821A6D	22255
4F82BF7E	17439
4F85AFA8	15231
4F85D19A	16946
4F8792BD	4114
4F8BBD3B	6780
4F8C3B69	15181
4F8D6F56	1490
4F935716	4509
4F93B22D	6889
4F95A8D3	4221
4F9664C0	7383
4F980580	14447
4F985508	13835
4F9AC261	22812
4F9B6B42	9326
4F9C6DCB	17951
4F9DDD54	17642
4F9EA126	23969
4F9ECEAB	21330
4F9F6DDA	15798
4F9FAA8E	18229
4F9FB324	9744
4FA6297D	7505
4FAE7E01	9831
4FB10686	12459
4FB379BF	953
4FBFE89D	16533
4FBFF060	1395
4FC01885	24448
4FC41202	23117
4FC6058E	8516
4FC808DF	9164
4FCB09ED	5761
4FCC0468	5022
4FCD6E07	4713
4FD4603F	7961
4FD465CE	24024
4FD9D67A	1104
4FDAC502	3604
4FDFA547	4829
4FE62603	10262
4FE903B5	11983
4FEB7283	10084
4FEC7B35	24151
4FF52521	2135
4FF72F23	12653
4FFA71DA	21512
4FFA8505	2861
4FFAF469	2349
4FFF8737	10019
5002B6B0	3451
5002FFAA	21041
5003983A	11497
500EC5C8	22997
50104E07	17261
501286AE	4322
5012FBED	7310
5017F8BF	16735
5018F0E3	12367
501DB500	23017
501F7A22	7821
5023CC4E	5815
5024B3E1	13486
50266062	17901
502BBBDB	3584
50398A4C	13533
503BD01B	22901
503C0EEC	19575
503E82FE	18709
5040452C	20563
50415FF8	18543
50433C49	3416
50440D49	15856
5045319C	12333
5045C458	3040
50476CEF	14957
504A5E18	11928
504B6B27	15206
504EB17B	20453
5051516E	15676
5052A07D	18724
50582B6A	1427
5058CF87	2841
5059CD45	18903
50608610	1618
5066EE87	6518
506763DE	10063
506C14F3	15479
506FE010	9016
50730694	8967
50766E2D	7728
5077019D	4960
5077C3D9	12199
5079D65B	2257
507CC689	19832
507E87A3	241
50806897	6439
5084289F	12482
5084C5A3	14591
5085181C	5727
5085D35C	990
50864E4D	7617
5086AD27	9692
508BE880	10205
508D5D02	13815
5091ABF1	11652
50935556	23954
50949EF1	21982
50985E49	21357
50987FED	20622
509CD0AF	17368
509F300B	14454
50A094BC	11935
50A0B19F	2848
50A28AE1	18186
50A2B5F6	15086
50A2FFD7	11020
50A760FC	7141
50AA55E8	14871
50AFC046	16650
50B35BE8	11751
50B670CC	4609
50C43B0B	7350
50C43EB3	6685
50C4D4A5	15610
50CDE050	1642
50D1C1F0	18869
50D3C26F	16239
50D5C336	4309
50D660D7	17480
50DBEDDC	19316
50DD5A1E	2967
50DDDD13	19248
50E00242	11226
50E2B877	15894
50E97282	18564
50F2F07C	6146
50F42CF2	19052
50F4B171	20236
50F963CC	3836
50FD3114	22073
50FFB5E1	6728
5104914B	11086
510863EE	13991
51096C16	21165
510C3181	13329
5110AAB7	13756
5112D1EC	9907
51160012	12162
51188113	16274
51231F4B	14228
5124E394	23780
5126E3E7	2219
512C8444	23706
5131FF12	2424
513B225D	18317
513D444B	9921
513EC41A	12465
51404A1A	4328
5142A957	14877
514570C3	18179
514783CB	5280
51488C3D	15526
514DC8AB	16070
514E9B35	22588
51516E21	15668
5152B007	1065
5155EA37	4898
51572D8F	8156
515AFB43	15079
515C30DB	18173
515C770A	19859
515FADB4	24189
51650D1C	18881
516549FF	2368
51662DD8	6558
516AB045	18451
516E2180	15660
517045F5	21918
517B2459	19948
517E9B05	16194
517F1F49	8394
517F2C5B	22560
517FEBD7	11013
5180FC10	7951
5181CB02	5715
5187B507	12219
518A37AA	2785
518BC686	6828
518DF227	5994
518EB774	24511
5192848D	11665
51932C8E	20391
51953828	6171
51959C64	3735
51973B30	24014
51986F10	6070
519D0BF4	8426
519EA38E	22846
519F7E83	7543
51A0793C	10526
51A172A2	22611
51A48235	19276
51A67A79	4204
51A7A2E0	3272
51A9CAAF	13679
51AC1AC9	8808
51ACA1D2	18579
51AE8645	15554
51B42A49	4779
51B7E72B	16687
51BD5264	2774
51BDB12B	9380
51BDB7C1	4879
51C05A27	21419
51C28C6F	6007
51C2D535	20961
51C2F7E4	10773
51C3C59C	1559
51C677A2	17328
51C729F3	22831
51C97D70	10958
51CB4C12	11433
51CCED0F	21604
51CE35AA	2606
51D5BD42	18208
51D5EF54	8941
51D93D54	7167
51DA0AB1	19637
51DAC1AE	21121
51DC9007	7249
51DDF360	9972
51DF1740	625
51E0A404	18622
51E0F2D8	5274
51E241E6	4676
51E485B9	9865
51E7BC4D	1780
51EA1E85	19063
51EC0007	19104
51ECC266	21861
51F1F780	22950
51F877FA	4464
51FA61E5	4807
520206F5	18607
520209FB	1123
52056894	16166
52071825	9410
52099D1F	24611
52103B81	6929
5212B8FE	23754
5215BEAA	2115
5216EA57	2082
5216F3E2	0
52187FCB	13365
52198D3A	13243
521EB14F	16796
521FFC65	4930
52230F49	15520
52257EAC	18111
5225AE2F	13456
52283983	8976
5232C849	893
52337838	17694
52353F00	24462
5236A285	14892
5239DAE6	13619
5245BED1	1342
524865AA	16877
524AEB61	21570
524B1B47	19153
524C7946	22633
524E368A	4760
525215BE	2123
52530FF4	9192
525413AC	20463
52553952	24
52585D4E	1240
525A9638	671
525CC7BF	10876
525DBEB2	21450
525E0B2F	17799
525E3027	12857
526062B0	15834
52616045	13514
5264DD31	2758
526FD1F4	837
52713B76	24418
52717250	17392
527274E9	9771
5277B8F4	21230
52783DA4	14646
527A2D3A	2308
527BC705	21972
527C15FB	17444
527C2D7D	15236
527C6B7A	1495
527C9AB8	4514
527D314B	7510
527DFF83	1400
527E2090	23122
527FD7A3	2354
529081DC	6934
52954493	23794
529558A0	11520
529707F0	15592
52A07D05	18716
52A08ED9	14964
52A2D560	18458
52A55B90	12019
52A7077D	1204
52A71E78	19999
52A747C8	8661
52A89271	23789
52A92A9C	33
52AA3539	13690
52AA828A	15689
52AB1400	11515
52AB9C6F	20933
52AC6051	3759
52ACBD64	1962
52ADC822	12012
52AE4A10	14610
52AF46F5	14860
52B007E0	1057
52B3E6FE	14830
52B7454F	7676
52BA407B	19016
52BBE7DB	21014
52BD2457	2063
52C4B193	24367
52C5633A	20543
52C6894E	9613
52C70AE6	658
52CB45B8	802
52CCAD23	8074
52CFA35E	2641
52D5BF63	10685
52DC65CA	18678
52DC9015	11064
52E0FE1B	15587
52E31A6B	13275
52E40E15	8615
52E49054	11602
52E6AECE	3231
52EB4110	10160
52EFF4ED	6267
52F014FC	4733
52F0C3FC	11917
52F0E436	17616
52F36721	14304
52F4ABF0	11145
52F8B1A5	4425
52FAB926	7488
52FEC590	2579
5302647B	9473
5302C9B9	1708
530618D3	14706
53061AA9	20488
530AEEF5	19757
530C033B	19418
530F508B	10221
530FF4FC	9184
5312F207	20752
5314C099	9483
53159943	19338
53174983	2686
5317E1E9	8267
5317F73A	7858
5319B0CB	11700
5319C57F	12321
5319CC9C	22162
531BBD04	4142
531F0C7E	5133
53253D2B	5911
53258971	153
532B0183	18401
532E7727	23536
53310166	4555
53372777	5960
533B9004	23199
533C35CA	17725
533D9602	22406
533FAABA	18258
53403031	18063
534404F3	16140
5345BD5A	2910
53462137	23372
534A9A7A	22047
534F470C	22034
5350B670	4617
5352257E	18119
5352AB9C	20941
535988E7	13031
535CCEF6	16618
535D1E10	6383
53621CD3	12776
5364C395	4356
5367078D	11361
536E460F	22364
53722ADB	16064
53759478	18640
537A8133	17914
537A83B3	7741
53816923	17076
53828797	6159
5383BEC7	1197
53849ABA	11576
53877417	21790
5389809C	9591
538A6EB2	18651
538F3C3E	19992
53901317	17831
5390BBAB	5414
53937948	16818
5393E4EC	6899
5394733B	21614
5395216F	12
53955E13	13670
53994A9C	1218
539FA36C	1912
539FCFDB	17210
539FE19E	15290
53A251C2	6023
53A3E422	8654
53A6548E	13637
53A6CD45	22582
53AAE155	5308
53B07C0F	3917
53B07E1A	7134
53B169EB	8208
53B28E5A	11446
53B5B24D	6327
53B76EC1	23631
53B9000F	6998
53BCED99	18949
53BD01D7	23829
53C533C3	17737
53C550A2	11036
53C9E422	19523
53CDCB15	16774
53CEED06	15461
53D2B877	5899
53D7EF9A	24056
53DAB09D	7654
53DBBA4B	23408
53DDB0F0	12946
53DDF781	8915
53E062CE	23081
53E0869B	22257
53E61542	13837
53E6B098	22814
53E77755	17644
53ECDE6F	955
53F00621	24450
53F35B81	4715
53F6B140	3606
53F7E951	4831
54041381	17263
540FA0BF	18711
5410114B	20565
54114C67	12335
5411DB3B	14959
5413AC5E	20455
5414545B	15678
54167351	18905
541B053C	15481
541E7596	2259
54219393	7619
54235740	13817
54261FFB	20624
5427CC02	14456
5428AD7D	15088
5428BFF5	11022
5429D83F	7143
542CD6FA	11753
54310FAC	6687
5438AE1D	15896
543E58F3	3838
54430C60	13331
544938E5	23782
54501286	4330
5451E0F2	5282
5453A6CD	22590
54557A8D	4900
5457EB6D	24191
54598B76	6560
545AAC11	18453
545B8860	15662
545FA6C1	16196
54628DEA	2787
54661BC4	6072
54681E4F	10528
5469E8B8	3274
546A72AB	13681
546F6C4A	9382
54701689	21421
54738D6A	2608
54756F50	18210
547E9879	4809
5481C609	9412
5485BA95	2084
5485BCF8	2
548A0E60	8978
548CDE0E	17696
548D4FC0	24464
548E76B9	13621
54916FB4	1344
5492BAD8	21572
54938DA2	4762
5494C3FD	9194
549504EB	20465
54954E54	26
5496A58E	673
5499374C	2760
549C4EDD	24420
549C5C94	17394
549DEE3D	21232
549E0F69	14648
549FF5E8	2356
54A823B6	14966
54A8B558	18460
54A9D1F2	8663
54AB2F59	1964
54AB7208	12014
54AB9284	14612
54ABD1BD	14862
54AC01F8	1059
54ACF9BF	14832
54AEF9F6	21016
54B32B48	8076
54B90385	8617
54BC390D	17618
54BFB164	2581
54C4BC81	20754
54C53026	9485
54C7C31F	5135
54CC4059	4557
54D1884D	23374
54D3D1C3	22036
54D42D9C	4619
54D4AAE7	20943
54D9C1E3	11363
54DEA0EC	7743
54E0A1E5	6161
54E0EFB1	1199
54E126AE	11578
54E3CF0F	19994
54E51CCE	21616
54E5485B	14
54E7E8DB	1914
54E8F908	8656
54EC5A7A	8210
54EF3B66	18951
54EF4075	23831
54F15428	11038
54F5FBE6	24058
54F6AC27	7656
54F76C3C	12948
54F77DE0	8917
54FDFA54	4833
55051516	15680
5506C14F	15483
550864E4	7621
5508D5D0	13819
550A2FFD	11024
550A760F	7145
550E2B87	15898
55124E39	23784
5514783C	5284
55155EA3	4902
551A9CAA	13683
551D5BD4	18212
55216EA5	2086
55233783	17698
55245BED	1346
552530FF	9196
5525413A	20467
55255395	28
5525A963	675
552783DA	14650
552AF46F	14864
552E40E1	8619
552F0E43	17620
55331016	4559
55395216	16
553BCED9	18953
55414545	15682
55451E0F	5286
5546A72A	13685
55485BA9	2088
554916FB	1348
55494C3F	9198
5549E0F6	14652
554CC405	4561
55505151	15684
555216EA	2090
555245BE	1350
555485BA	2092
5556ADDE	23938
555AB77A	23936
555BBF6F	13741
555C8C0A	17764
5562801C	11510
5567740B	10359
55690634	17982
556ADDEB	23934
556EFDBE	13739
55723029	17762
55738DF2	20928
5574F9FA	18241
55784CA7	13660
557A8DED	4892
557C3D08	4253
55822DE3	18440
55874A6B	13050
55890E2E	19618
558A0073	11508
558B267F	13944
558C0A32	3754
558D6531	11720
5597AC8B	1957
559DD02E	10357
55A418D2	17980
55AB77AC	23932
55B45B2A	14991
55B600E1	14258
55B64139	16047
55B8CE45	5336
55B9044F	12007
55BB8E71	6640
55BBF6FB	13737
55C2AA28	5299
55C8C0A7	17760
55C94213	14605
55CA1293	21993
55CB63F8	8150
55CE37C9	20926
55CEB30F	10820
55D3E7EA	18239
55D4BE2C	4435
55DBDC4E	471
55E09C95	16852
55E1329D	13658
55E8DEA9	14855
55EA37B6	4890
55F0A276	18332
55F0F421	4251
55F35AEC	8008
55F414BB	6285
55F74456	22199
55F7B273	13885
55F81EDE	11130
55FBA26F	14775
55FBAEBF	21307
55FE2386	13588
5600FC04	1052
560307FB	18392
5608B78E	18438
560E9F3E	15813
5610450A	11955
5613B550	7641
56141DC0	4970
5614ADD1	7686
5614C0B2	1718
5617C5A9	18088
561BDD7E	17005
561D29AC	13048
562438BA	19616
562801CC	11506
5629A2DE	2919
562C99FE	13942
562DEA52	11539
563028CA	3752
5633A01B	20531
563594C6	11718
5638D93F	10106
5640E1BD	14369
5645A128	19884
5652E6AE	3239
56539379	16826
56569698	7215
5656B4F2	22731
565A98CE	22175
565B7D78	10732
565EB22F	1955
56650DBE	19328
567193B3	3725
56724364	743
567740B9	10355
567813EF	16551
567C6D6D	6234
567CDB9A	9355
567CDFCC	14825
567E0CA8	6095
567E8EB7	1466
567F08B9	17582
56878B16	2953
56894D10	16154
568E2C99	23589
568E444D	11885
56906349	17978
5691F696	8059
5693DFD0	9677
56966F04	404
5696981F	7207
569DCCE9	2888
56A34CF4	4211
56ADDEB0	23930
56B27A23	351
56B4F2D3	22723
56B5F90F	1289
56B6DC84	5369
56B91879	20350
56BDE3CB	5624
56BED0C6	15073
56BF2B60	13173
56C02FCF	13156
56C244B7	23504
56C50AFC	16662
56D16CA9	14989
56D49F7F	1410
56D61941	3438
56D80385	14256
56D8612B	16383
56D904E6	16045
56DF1682	15963
56E048B2	21723
56E33914	5334
56E4113F	12005
56E5F258	11404
56E8A9ED	7671
56EE39C7	6638
56EF5870	23923
56EFDBEE	13735
56F280BF	16748
56F50A28	18198
56FAAAA4	2105
56FD8F4F	10675
56FD8FEB	315
57055524	1362
5707EB0B	8356
570AA8A3	5297
570C36D3	18167
570CDB34	4299
570EE3FF	5886
570EF228	15881
5713B978	20660
57153D7E	24068
57160992	4493
571968FD	14532
571DC283	19853
571FD10F	23741
5723029E	17758
572326BE	15388
5724CDB8	7475
5725084C	14603
57284A4F	21991
572A0F3A	2268
572BF24B	9094
572D8FE2	8148
5731477C	639
5732A545	18473
57333E58	16358
5735F387	5210
5738DF24	20924
573ACC3E	10818
573B356B	5389
573CABB7	486
5740999C	13801
574572BF	9106
57480F71	19011
57497C96	2039
574C562D	11555
574F9FAA	18237
5751B7E7	16695
5752F8B1	4433
5754AB2F	1972
57553BCE	18961
575A47B3	19213
575B0BF2	21559
576065DA	23312
57662985	19774
57670EFF	3216
5768F047	13416
576C20E0	2461
576F713A	469
57746106	22681
5777ABED	19746
5777B6E6	3575
577CFB7A	21009
57827256	16850
5784CA74	13656
57A37AA5	14853
57A48AE9	2058
57A8DEDB	4888
57ACBA5F	9056
57ADE997	4093
57B1143F	6746
57B525E3	12869
57B7D78B	7416
57BD53DD	8931
57C2421B	280
57C289D9	18330
57C3D084	4249
57C46720	1678
57CA65CE	23547
57CD6BB0	8006
57CDA8E3	17345
57CDEE82	19913
57CF9DE2	21890
57D052EF	6283
57D43135	15620
57D6412F	8589
57D917D1	12738
57DA3FFB	19729
57DA8F3D	1793
57DAB3F0	6108
57DD1159	22197
57DEC9CF	13883
57E02329	16643
57E07B78	11128
57E0C63C	15340
57E2373F	11635
57E497BA	9085
57EAC2F8	18099
57EB6D16	24183
57EE89BE	14773
57EEBAFF	21305
57EFDCCE	17426
57F1470B	10787
57F5F822	22444
57F6DE31	12301
57F88E1B	13586
57F9D76B	20876
57FE1C82	18529
58004863	12152
5803F012	1050
5807F59B	14427
58085BEC	14042
5809B253	22388
580B02C5	21662
580C1FEC	18390
580C6944	16296
58114092	13500
58131073	5696
58162EC1	21651
582126A4	916
582194EC	11464
5821E413	15420
5822DE39	18436
5822DF44	16334
58264A3F	4483
582B6A4F	1419
58359342	8799
5835D330	21108
58375362	12792
583822BB	23333
583A7CFB	15811
583D173E	12399
58411428	11953
584731D7	575
5847DFD1	20814
58480CD9	19460
58497E7F	3306
584BE12E	5578
584C211C	22799
584ED542	7639
584F6EA1	5750
58507701	4968
5850D660	17488
58519284	11673
5852B745	7684
585302C9	1716
585BF19A	8337
585D4E65	1232
585F16A6	18086
58650433	3428
58684E10	15761
586F75F9	17003
5870E26B	23907
5874A6B3	13046
58761492	19171
5876600A	20263
5885614A	7698
5890E2EB	19614
58960216	14052
58963271	24362
58971F1F	141
58A00730	11504
58A05777	3591
58A68B7A	2917
58A79B96	16781
58A88618	13338
58A9A310	23381
58AB6C01	14265
58AC6740	20538
58ADE501	16755
58AFB51E	1800
58B267F8	13940
58B3AA6C	11380
58B60164	22325
58B63CEC	22543
58B6AC53	2934
58B7A94A	11537
58B89968	20221
58BB05AA	21641
58BDE138	20438
58BDEE7E	10440
58C0A32B	3750
58C2FFEC	3016
58C51704	21930
58C9C7FF	24352
58CE806F	20529
58CF87A5	2833
58D129C4	9608
58D2E9C3	4410
58D30C46	7780
58D5CD7C	5220
58D65319	11716
58D985A3	8305
58DA3D8B	19142
58E01A3D	8496
58E15CC5	653
58E1AA87	15915
58E364FE	10104
58E3BF31	15021
58E4AD2C	419
58E98BE1	22764
58F14C56	19352
58F316C8	3822
58F4EBAF	16913
58FC875F	13099
58FDF4BC	8748
58FEC42F	4034
59002313	2559
5901A92C	1257
590386F6	14367
59046831	1858
5904BF66	8579
59054B32	8088
59057CA6	23559
590889E8	23697
59093D11	880
5914AAA0	15699
591684A2	19882
5917E915	1940
591C7256	20374
5932C82B	23572
5933FC10	13933
593425D6	8787
59372BE2	1695
593BE924	21700
593D11C2	344
593D17D1	22303
593E30ED	15187
593E5993	7389
593FB1EC	24157
59434707	18875
5943A5CA	18570
59478290	18628
594A9C79	20005
594B1A25	9619
594B3E8D	2647
594B9ABB	3237
594C66C3	11706
594E4DE5	16824
5951C05A	21427
59527FD7	2362
595A5A60	7213
595AD3CB	22729
595B8122	21729
595CF2AE	492
59612033	19466
5961D852	19177
5968B708	797
596A6339	22173
596A7ED6	3617
596BE880	1021
596DF5E1	10730
596FC512	2239
5974BEFE	9047
597AC8BF	1953
597C1D46	6850
597F555C	17780
59835DD4	17470
598732E4	5500
5987D5FC	10805
5988E789	13023
598A744A	6034
598AF9BD	19924
598B761B	6552
5991882F	11808
599300A1	7373
599436FB	19326
5995A47D	8069
5997BD34	13214
599DAA02	17280
59A4A077	22916
59A88248	11095
59ADF455	11744
59B04A63	4161
59B38A4F	4533
59B74529	6954
59B9FBAF	7105
59BBECB8	14407
59BC10FB	394
59BCA392	10973
59BEBA97	11166
59BECB82	16412
59C28C99	20404
59C64ECF	3723
59C90D93	741
59C98D87	23060
59CB42EF	22111
59CD021B	1539
59CD4594	18895
59D42617	21367
59D4DEA0	17924
59D53670	11373
59D6E3DF	12988
59DD02E6	10353
59E04FBF	16549
59E46A57	19035
59E7EE67	23880
59E9C28A	1086
59F0A44B	13471
59F1B5B7	6232
59F36E69	9353
59F37F30	14823
59F46BC5	2636
59F76BE7	5069
59F832A3	6093
59FA3ADD	1464
59FC22E4	17580
59FF4156	6662
5A0493FE	21530
5A088046	10149
5A0996CD	15945
5A128AE3	19872
5A177DCA	22100
5A17E3E1	9307
5A1811AA	8033
5A1AC24B	3319
5A1E2C5B	2951
5A253440	16152
5A25F3CD	11298
5A274801	21403
5A2DC23F	791
5A2F6AE8	9125
5A3194C5	8285
5A35C6EA	16578
5A381AC2	20835
5A38B265	23587
5A391135	11883
5A393243	1165
5A3C2117	2013
5A3D82D2	9894
5A3D8F84	14487
5A3DED38	14571
5A3F4BBF	20199
5A3F7FC8	14518
5A418D27	17976
5A47B365	19205
5A47DA5A	8057
5A48E46B	17062
5A4DD7F3	3380
5A4F7F43	9675
5A5187B5	12227
5A51E485	9873
5A59BC10	402
5A5A607E	7205
5A5B281C	13550
5A607E89	7197
5A6095B9	11422
5A60FABB	22702
5A68E43F	12537
5A6EC0A4	23145
5A74CEAE	2291
5A7634B2	8111
5A7733A7	2886
5A78FBED	16009
5A796983	22716
5A7AE811	8194
5A7EA301	7966
5A8D33D3	4209
5A90CC69	13248
5A963857	663
5A98CE64	22167
5A99DC80	23204
5A9A0181	18068
5A9C8098	17836
5A9DBB76	23636
5A9FB58A	3611
5AA5FD8B	2586
5AA6A557	20948
5AA728E6	21621
5AAC116F	18445
5AAF04E4	16857
5AB77AC3	23928
5AB7EC7A	10680
5ABB314C	19779
5AC42B0A	7703
5AC9E88E	349
5AD12F9E	11303
5AD34721	12542
5AD3C7DF	16014
5AD3CB4C	22721
5AD4E404	17841
5AD7E43D	1287
5ADB7210	5367
5AE070DA	15151
5AE2F865	13444
5AE461E4	20348
5AE90CAD	1312
5AEC3216	7992
5AED8BFD	3520
5AF1C5D6	12818
5AF1DB7A	5844
5AF6236D	12107
5AF78F2F	5622
5AFA2028	1015
5AFA5CA4	15259
5AFA825B	15219
5AFAC7EF	8761
5AFB4318	15071
5AFC87AC	1282
5AFCAD80	13171
5B00B27A	22318
5B00BF3E	13154
5B05B33D	21151
5B0912DD	23502
5B0BF2D0	21551
5B142BF0	16660
5B19AF0B	5253
5B1E7667	22536
5B1E9DFF	12902
5B1FC5E5	8139
5B221DCA	3478
5B233CEF	3804
5B24D0D1	6315
5B281CC5	13542
5B29551A	13699
5B2A5411	14975
5B2A625E	20763
5B2AFBA2	22208
5B30E6E0	3153
5B33D476	21139
5B3461D4	11252
5B358E1A	15927
5B381081	17035
5B386670	4602
5B45B2A5	14987
5B49D13D	16108
5B501F7A	7829
5B514DC8	16078
5B527DFF	1408
5B5629A2	2927
5B586504	3436
5B593E30	15195
5B600E14	14254
5B6184AE	16381
5B64139A	16043
5B68B27F	24172
5B6E4215	5362
5B6ECB85	192
5B722F00	6212
5B728097	7323
5B77F788	9230
5B7A9F30	13850
5B7C5A09	15961
5B7D784F	10724
5B8122C9	21721
5B81F8A3	4699
5B82BF06	15353
5B847ED1	782
5B864461	76
5B88603D	15654
5B8CB94E	18673
5B8CE453	5332
5B8F7FCD	12978
5B9044FE	12003
5B9202A7	11059
5B9419D8	10073
5B97C962	11402
5B993EB9	9845
5B9DB784	24123
5B9EE3C2	5455
5BA2A7B5	7669
5BA95E92	2072
5BAE8A33	7562
5BAF5058	1443
5BAF6044	20098
5BB0DCA0	6541
5BB5D351	8450
5BB8E71D	6636
5BBA4113	24496
5BBCC40E	23481
5BBD61C3	23921
5BBF6FB9	13733
5BC66051	8832
5BC7214C	18423
5BCA02FF	16746
5BCF8A41	24630
5BD32EC4	4084
5BD35715	24084
5BD428A2	18196
5BD4A556	11530
5BD59FA3	1476
5BD5A773	2898
5BD9F67D	6590
5BDD65F0	6864
5BE7CF26	10406
5BE8862C	16321
5BE8AB1A	11735
5BEAAA90	2103
5BEC69C9	14026
5BED16BA	1330
5BEE362F	8885
5BF1449B	2233
5BF19A58	8329
5BF381BC	18800
5BF503C0	19587
5BF63D3C	10673
5BF63FAF	313
5BFD1C61	7910
5C05652E	3251
5C0A7D9B	966
5C0E1B44	15146
5C117D5F	21912
5C155491	1360
5C15B618	16393
5C184340	3679
5C1B7A48	3972
5C1FAC2D	8354
5C1FC375	15582
5C225FCD	10936
5C23013A	549
5C263CB5	23227
5C2AA28F	5295
5C2FA532	173
5C30DB4E	18165
5C336CD0	4297
5C3B8FFC	5884
5C3BC8A0	15879
5C3EC760	10636
5C3F6697	7042
5C458C2F	3028
5C4BFEE0	5553
5C4CB47E	20214
5C4EE5E1	20658
5C52EB41	10168
5C54F5FB	24066
5C58264A	4491
5C5E3A2D	12252
5C5F0CAE	13439
5C6066EF	12700
5C62DECF	6603
5C634D6A	13270
5C642A4E	21249
5C64AC81	14384
5C65A3F7	14530
5C664DCC	9524
5C6EACF0	16566
5C770A0F	19851
5C7C7FB8	131
5C7D68E0	20849
5C7F443D	23739
5C81C2BE	8610
5C89D4B8	13293
5C8B3968	22122
5C8C0A78	17756
5C8C3C81	20343
5C8C9AFB	15386
5C8E9A5B	5479
5C8EE70A	22977
5C9166F2	10987
5C920A9C	11597
5C92BFCE	20889
5C9336E3	7473
5C942131	14601
5C942734	17378
5C9D1D7B	17559
5CA082BF	18550
5CA1293D	21989
5CA40413	1130
5CA4F85A	15243
5CA714DD	18658
5CA7C0C5	23088
5CA83CEB	2266
5CA8A74D	22597
5CAA466F	17705
5CAFC92F	9092
5CB45ED5	9132
5CB63F8B	8146
5CBE1459	2386
5CC103ED	10332
5CC51DA0	19649
5CC51DF1	637
5CC7BFFB	10868
5CCA9516	18471
5CCCF960	16356
5CCEF6E3	16610
5CD38B1F	4053
5CD57F88	13598
5CD5D9C3	3226
5CD7B068	18831
5CD7CE1C	5208
5CDB9F47	5167
5CE37C90	20922
5CEB30FA	10816
5CECC1EC	24004
5CECD5AD	5387
5CEE4EAD	23527
5CF2AEDE	484
5CF94063	12381
5CFC0333	9822
5D023128	8181
5D026671	13799
5D033F97	607
5D03F373	21764
5D0517B2	19960
5D06B2B9	507
5D0C8A29	15545
5D10F2F3	21483
5D11C05F	12576
5D1467DF	7553
5D14D489	18129
5D15CAFC	9104
5D176B1C	15040
5D19A2C7	16934
5D1B9295	12040
5D1E1070	6375
5D1F6A8D	10547
5D203DC6	19009
5D2195AD	1307
5D25F25A	2037
5D260E82	2676
5D2F0E2D	17866
5D2FBFA8	9041
5D3158B7	11553
5D3308BB	21096
5D3519D0	8438
5D35C0A7	978
5D386741	4397
5D3E7EAA	18235
5D46DF9C	16693
5D49782C	17805
5D4BD2AF	11151
5D4BE2C6	4431
5D4E652A	1224
5D4ED6C9	6333
5D4F821A	22263
5D52ACBD	1970
5D54EF3B	18959
5D562C99	13950
5D59C90D	749
5D60DD4D	12798
5D611CC7	581
5D635735	5226
5D675098	21373
5D682201	10155
5D691ECD	19211
5D6BEB1F	8767
5D6C2FCB	21557
5D6FD40F	19593
5D7FA924	16894
5D7FE8C7	21290
5D81976B	23310
5D82D539	21634
5D8642D3	7987
5D89734E	4067
5D8C39F5	11331
5D8D0097	17524
5D98A615	19772
5D996314	21944
5D9C3BFE	3214
5DA3C11E	13414
5DA5B864	88
5DA66D30	20039
5DA8E1E2	1568
5DAC71DF	15030
5DAE3EB4	20858
5DAF0F18	23292
5DB08381	2459
5DB17FAF	3515
5DBDC4E9	467
5DBEB2A3	21442
5DC387E0	18293
5DCD1253	23432
5DD18418	22679
5DD49F05	17454
5DD5CECD	5399
5DD66C12	4171
5DDB8B4D	23164
5DDEAFB4	19744
5DDEDB9A	3573
5DE133E3	21073
5DE94C5D	2700
5DE9DCAF	6769
5DF3EDE8	21007
5DF7287E	22090
5DFB2099	20180
5DFE9DB5	6262
5E00D851	6195
5E021518	2805
5E029F9A	4728
5E05B221	3490
5E09C959	16848
5E0B2FEA	17791
5E0F872B	6133
5E115098	20638
5E1194EE	7016
5E1329D3	13654
5E13A2A1	6708
5E13C1A9	10710
5E1758D5	5236
5E187F8A	11912
5E1A3401	11783
5E1C5AD4	17857
5E1C86D2	17611
5E1E3088	23283
5E241CD3	8725
5E294AA2	23803
5E2A39C6	2617
5E2C9F2C	7398
5E302724	12849
5E343799	6817
5E38BAC1	12813
5E398554	14672
5E3A2D28	12244
5E3B6F50	5839
5E40FEE4	20739
5E444B09	5597
5E47A234	12636
5E49F3D9	21341
5E4FC605	8524
5E51C2D5	20969
5E57B7D7	7424
5E57C242	288
5E5A7634	8119
5E5FC1BA	11855
5E6CE433	14299
5E7525DB	21462
5E82937E	850
5E8D24E5	2336
5E8DEA95	14851
5E922BA4	2056
5E957E07	11140
5EA0B056	1434
5EA31D6E	24518
5EA37B6F	4886
5EB22FD2	1947
5EB2E97D	9054
5EB7A65D	4091
5EB922CD	10994
5EC088D1	20089
5EC1A2DF	18821
5EC2BFAF	22457
5EC450FF	6744
5EC46DB4	12102
5EC91662	19942
5ED2EC68	17537
5ED4978C	12867
5ED5D15C	9116
5ED61435	17498
5ED88E90	24275
5EDF5E2C	7414
5EE727B5	8860
5EE82E62	19666
5EE9925C	23251
5EEAF597	9067
5EEC8F31	4009
5EEDE6B5	19802
5EF09C6B	20431
5EF1E5E4	5617
5EF4D37C	13204
5EF54F77	8929
5EF73F0B	10433
5EFC8725	10760
5F00148D	14910
5F0431EA	8237
5F07518B	6844
5F09086F	278
5F09712F	5567
5F0A2764	18328
5F0A2CA9	2379
5F0CAED1	13431
5F0D595A	22745
5F0F4213	4247
5F119C83	1676
5F1634BA	4420
5F16A680	18078
5F258B3A	11392
5F25A3C2	2025
5F29973B	23545
5F2A1F2C	3847
5F2AA662	4570
5F2F950F	3856
5F32E2F1	12265
5F35AEC3	8004
5F36A38C	17343
5F37BA0A	19911
5F3873DC	5198
5F39C674	5050
5F3CDC01	11286
5F3E778A	21888
5F414BBF	6281
5F440508	1010
5F4406D7	10194
5F4423C9	20305
5F446975	22285
5F4471D0	7080
5F47A5C6	12720
5F4A3D80	19115
5F4A64B1	164
5F4B949F	15254
5F4C963F	13117
5F504B6B	15214
5F50C4D4	15618
5F52AC60	3767
5F5724CD	7483
5F57CF9D	21898
5F58FDF4	8756
5F5904BF	8587
5F5C225F	10944
5F60AEA9	1987
5F645F47	12736
5F686317	15066
5F68FFEE	19727
5F6A3CF7	1791
5F6ACFC1	6106
5F740C2A	13075
5F744565	22195
5F75B82B	15365
5F77D10F	14201
5F7B273E	13881
5F7DBB6C	7297
5F7F506F	9032
5F808CA6	16641
5F81EDE0	11126
5F822694	22432
5F8318F3	15338
5F87A5F0	8257
5F88DCFE	11633
5F8F840F	9297
5F8F9497	10894
5F90F590	1277
5F9120F1	3080
5F925EEA	9083
5F95B00B	13166
5F968124	21540
5F96B4D1	12552
5F9D2BA8	16712
5F9DBB36	16983
5F9F217D	13139
5F9FD51A	3292
5FA28BF8	8407
5FA454E7	1930
5FA6C148	16188
5FAB0BE2	18097
5FAC5EF7	10449
5FAD78ED	5853
5FADB459	24181
5FB33887	8564
5FB58AFB	1812
5FB63834	15730
5FBA26F9	14771
5FBADD74	7575
5FBAEBFF	21303
5FBE693F	24046
5FBF7339	17424
5FC1BA47	11847
5FC51C2F	10785
5FC7D276	8388
5FCB16C7	22554
5FCD11D7	10920
5FCE747E	3362
5FCEDFB0	14336
5FD3899A	24547
5FD4B719	18688
5FD55723	17774
5FD5AC9E	361
5FD7E089	22442
5FD8B200	2574
5FDB78C7	12299
5FDCEB6A	7848
5FE0FA64	18025
5FE2386D	13584
5FE2FCE9	16725
5FE6C38D	6413
5FE75DAE	20874
5FEA490C	16888
5FEBC0B6	3501
5FF54AEF	21028
5FF70378	5542
5FF87208	18527
5FFA31E6	21284
5FFAF5C9	11007
5FFD4931	22647
5FFD91BB	3003
60003A31	19093
6001218C	12150
60038C2F	19691
600A1E96	20247
600D5728	22007
600E1448	14246
600ECD1E	2171
600FC04B	1048
6014310E	7360
601601FD	14437
60164F45	22313
6017E7C8	13149
6019DE7B	19407
601BD2EF	2721
601FD66E	14425
60216FB1	14040
602347DD	5011
6026C94D	22386
6027200F	9577
60274DC2	536
602B82AA	1371
602C0B17	21660
60307FB0	18388
6031A511	16294
6037C101	20133
603B2298	10242
603DD5F5	15638
603F0424	7945
6040D918	10612
60429D83	3930
60446887	20082
6045024B	13498
6046ABE6	8023
604C41CC	5694
604C8F7B	9468
604E496B	12840
6051959C	3743
6051AC1A	8816
60527E20	23130
6053C533	17745
6058BB05	21649
6058E01A	8504
6059372B	1703
60624BA5	17885
6062B074	15826
606322FF	18046
60646F2A	18357
6065DAF0	23304
6066EF77	12692
60697227	13307
6072C098	5709
6076E132	4648
607E8947	7189
6081F6CD	10325
60849A91	914
608610DB	1610
608653B2	11462
6087904D	15418
608B78E4	18434
608B7D10	16332
608CCEAB	14798
6094C6EF	4152
60951BDB	9392
6095B97C	11414
609928FC	4481
60996BB6	3534
60999D3B	10586
60A40AD1	16173
60A5E6CE	14311
60A73F9F	17217
60A79DDA	15468
60ADA93E	1417
60AEA956	1979
60B07045	23340
60B4A3C9	9880
60B54E51	21628
60B667A8	21146
60C31A7A	14701
60C35525	20483
60C855F7	13901
60D16FCE	18814
60D28EAF	8954
60D64D09	8797
60D74CC2	21106
60D77527	17464
60DD4D88	12790
60E08AEC	23331
60E82CA5	2664
60E8B043	11479
60E9F3ED	15809
60EE338A	9948
60F3CB16	22344
60F45CF9	12397
60F674F9	23989
60F812C4	14073
60F81F18	3908
60FABBA3	22694
60FC359B	7125
60FF6181	18379
60FF8AD1	23608
610450A0	11951
6104CB2D	3636
610617FF	22665
6106C633	14165
61070394	2450
61084A55	52
6108E658	22788
610D0119	3669
610DB209	1598
6110BDD3	23266
61119E17	3882
6117784C	21083
611CC75C	573
611F7F46	20812
61203364	19458
61225BBC	23497
6125F9FD	3304
612B999F	16367
612F84B8	5576
61308473	22797
61333E7F	21846
61354C53	9497
613B5508	7637
613D2465	7886
613DBA84	5748
6141DC06	4966
61435983	17486
61464A12	11671
614654E0	6177
61492C6D	19159
614ADD15	7682
614C0B26	1714
61542357	13825
61552783	14658
61561D29	13056
615DDEAF	19752
615FD7E0	22450
61604502	13506
61658480	19472
6168C653	8291
616DCA02	7329
616FC669	8335
61753994	1230
617927CF	21347
617BA0B9	19672
617C5A9A	18084
617E5A04	21546
617FF524	22653
617FF646	3009
61806779	19413
618191BC	18363
6184AE66	16373
6188B6EF	9245
6188DC54	7767
618B655F	22219
618C0D2E	13318
618D3D78	14694
6190B4FD	7981
619410CF	3426
61961464	11683
61A13842	15759
61A7C2E8	16955
61AA92A0	20476
61ACA54E	20014
61B69DCB	18156
61B9419B	6532
61BC4096	6060
61BDD7E7	17001
61C389AC	23905
61C52187	13377
61C6A6BA	6398
61CA8A02	4341
61CCB91D	5494
61CDC093	3144
61CFAD68	11320
61D29ACC	13044
61D43800	11236
61D8524B	19169
61D98028	20261
61DB4B5C	15170
61E1ECCB	12929
61E27280	23038
61E40E8B	20332
61E51B42	4791
61E93255	15507
61EA117D	10216
61ED41DF	12213
61F25AF6	12123
61F28403	6452
61F3F09A	24230
61F57F14	10799
61F9746E	12054
61FBF6F2	20701
61FE2B47	11902
61FE9F90	9179
61FF2C54	13355
61FF5381	17092
61FFB720	20612
6202CD9C	4546
62044E28	16264
62077FB4	23466
620BC346	11794
620BDB11	24286
620D0DF0	12450
620E6337	5683
6213760B	23360
62152713	24430
6215852B	7696
6217BB23	4019
621CD389	12768
621D85B7	7343
621F59FF	6678
6220F575	18981
62287FDA	6737
6229A54D	22056
622DBBFB	9239
6236DA47	12095
62371537	7761
6239E242	13017
623A40ED	24265
62438BAD	19612
62465E57	7440
6249BDBA	10295
624BA5E1	17877
624BA9DA	6344
624CA64A	5926
6251572D	8164
62567CDB	9363
6258085B	14050
6258C9C7	24360
625C7C7F	139
625CD38B	4061
625E40FE	20747
62603B22	10250
626A52E0	15603
627078F0	5796
62721FE9	2538
62801CC1	11502
62815DDE	3589
62857E02	16655
6288431F	13996
628B822F	21923
628DEA93	2779
628ED055	19642
628EF8BA	630
628F50F4	19068
62930B02	13519
6297D5C9	7493
62981323	9478
62985777	19762
629A2DEA	2915
629D128E	6028
629E6E58	16779
62A21863	13336
62A68C42	23379
62ADA2D9	14996
62ADB007	14263
62B074F9	15818
62B16F52	11544
62B19D00	20536
62B3286D	19333
62B79405	16753
62BE6F74	19918
62BED479	1798
62C0634A	16301
62C55B60	14270
62C80118	2564
62C99FE0	13938
62CE4C6C	23065
62CEA9B3	11378
62D1EF69	14576
62D3D740	8199
62D80593	22323
62D8F3B3	22541
62D919E7	3809
62D957DD	22213
62DAB14D	2932
62DD86E5	6546
62DEA52A	11535
62DECFB3	6595
62E265A3	20219
62E47738	22982
62E8BB58	15045
62E93074	2681
62EA4BC1	17810
62EC16A9	21639
62F1A1BC	6822
62F7393D	8865
62F784E3	20436
62F7B9F8	10438
62F86ACA	22750
62FA51EC	19120
62FC3D2F	8262
62FEE75B	7853
62FF5E05	3506
63028CAC	3748
63034B91	13312
6307C096	14078
630BFFB2	3014
630E7D6B	11325
630F92D7	12128
63145C11	21928
631745DA	15050
6319DE27	14150
6319FA8E	7270
631E78FF	15325
6322FF07	18038
63271FFC	24350
63298BF0	8276
6335E175	5248
63361961	11695
6337277D	5667
6338AFED	12316
63399383	22157
633A01BF	20527
633B0B2C	19485
633BC4F1	14145
633E1E97	2831
633F51DC	7265
633FC530	14726
634025ED	17518
6344A713	9606
6344BDDB	19817
634742B9	18494
6349F38D	17962
634A2310	16285
634B20A9	8099
634BA70C	4408
634C311B	7778
634D6A43	13262
634E4C51	14015
634EB32F	13229
634F1B9F	8696
634F5E39	14688
6355CEB3	10828
635735F3	5218
63594C66	11714
6361E272	23046
6366168C	8303
6368F62F	19140
63706B20	1877
6375614C	1730
637601BD	2733
6376AA4B	690
6377A09F	4137
637C89E5	5988
637EF089	14111
638068F7	8494
63834B22	15718
63857314	651
6385C1B7	3984
6386AA1C	15913
6386FA6B	12603
638B8CC9	9535
638D93FA	10102
638EFCC5	15019
6392B4B3	417
639342FD	1833
63A62F86	22762
63AD1C99	1174
63ADDD20	24505
63AE1180	558
63B0206C	10621
63C1DDFD	3183
63C38D50	12357
63C53159	19350
63CA342E	22622
63CB533B	23215
63CBE65C	12276
63CC5B23	3820
63CD1719	21267
63CECCE4	22531
63CF1FE1	15320
63D3AEBF	16911
63D3BFE5	12897
63D3C12E	10661
63D53B16	8220
63D5DB08	2471
63D9ADCE	24140
63DE9C64	10047
63DFFDC3	10861
63E12A13	14473
63E18FCC	5128
63E97DDF	14215
63EAC283	4981
63EED12E	13975
63F21D7D	13097
63F334DE	5114
63F7D2F1	8746
63F8BCB4	8134
63FAF2BE	301
63FB10BD	4032
63FE2472	2415
64008C4E	2557
6406A4B0	1255
6407A78B	16439
640E1BDA	14365
6411A0C7	1856
6412ED47	1581
6412FD99	8577
64133EEF	20167
641393A9	19548
64139AD6	16035
64152CCA	8086
6415F299	23557
642227A2	23695
6424F445	878
642A4EF7	21241
642AFBD9	13894
642D3F51	7975
6443B940	3473
64461084	64
644B76BA	8461
644BB870	18304
6451488C	15534
6452AA82	15697
64530F50	10229
645A128A	19880
645BDD65	6872
645F47A5	12728
645FA454	1938
645FE0FA	18033
6460999D	10594
64620BC3	11802
64679DF8	3799
64688AAD	18001
6469F177	6791
646ED143	2989
646F2AF8	18349
6471C95A	20372
647856DF	15979
64798E17	3998
647BDEE8	9457
647E530C	19434
6486D729	1148
64889326	9723
648B315F	19935
64960879	15430
6497098F	23237
649901E9	16449
6499D505	18923
649A1A2A	6310
64A12357	11659
64A22C00	12169
64A3F0EF	4471
64A6DC8C	22371
64A7A570	5906
64AA0D82	15490
64AC81C3	14376
64B12E3E	148
64B1F90E	13106
64C02862	7367
64C39514	4348
64CB20AF	23570
64CB238E	20385
64CFF041	13931
64D0975A	8785
64D421AB	9702
64D66DD1	6964
64D7DD6E	15375
64DC6CA5	24390
64DCAF88	1693
64DCC26A	9512
64DD31BB	2750
64E0FAE4	22143
64E3FF8D	24345
64E4DDB9	7605
64E7D6DE	13868
64E84CDF	16499
64ECFEDE	3711
64EFA490	21698
64F4470A	342
64F45F44	22301
64F550A7	7157
64F7919B	719
64F8C3B6	15185
64F9664C	7387
64FAE7E0	9835
64FEB728	10088
64FEC7B3	24155
64FF72F2	12657
64FFF873	10023
650398A4	13537
650433C4	3420
650D1C1F	18873
650DBEDD	19320
650E9728	18568
651CB4C1	11437
651E0A40	18626
652A7077	1208
652A71E7	20003
652AA353	13694
652C4B19	24371
652C6894	9617
652CFA35	2645
652E6AEC	3235
653061AA	20492
65317E1E	8271
65317F73	7862
65319B0C	11704
653253D2	5915
6535CCEF	16622
65364C39	4360
65393794	16822
653A6548	13641
653B28E5	11450
653B9000	7002
654661BC	6076
65470168	21425
6548E76B	13625
6549FF5E	2360
654A823B	14970
654A8B55	18464
654C4BC8	20758
654D42D9	4623
654E0A1E	6165
655155EA	4906
655F7445	22203
6560307F	18396
6567193B	3729
65691F69	8063
65696981	7211
656B4F2D	22727
656B5F90	1293
656E048B	21727
65707EB0	8360
6573CABB	490
65768F04	13420
65809B25	22392
658480CD	19464
65851928	11677
658684E1	15765
65876149	19175
658C5170	21934
658E98BE	22768
659057CA	23563
659093D1	884
6591C725	20378
65961D85	19181
6596A7ED	3621
6598732E	5504
659BEBA9	11170
65A2DC23	795
65A3F4BB	20203
65A3F7FC	14522
65A5B281	13554
65A98CE6	22171
65A9FB58	3615
65AAF04E	16861
65AED8BF	3524
65AFA202	1019
65B1E9DF	12906
65B358E1	15931
65B7D784	10728
65BD3571	24088
65BF1449	2237
65C15B61	16397
65C2FA53	177
65C5E3A2	12256
65C64AC8	14388
65C8E9A5	5483
65CA714D	18662
65CECC1E	24008
65CEE4EA	23531
65D2FBFA	9045
65D89734	4071
65DA5B86	92
65DAF0F1	23296
65E57B7D	7428
65EB22FD	1951
65EF4D37	13208
65F07518	6848
65FD5572	17778
6600A1E9	20251
66051AC1	8820
660624BA	17889
660996BB	3538
660D7752	17468
660F674F	23993
66117784	21087
661333E7	21850
66168C65	8295
66188B6E	9249
661BC409	6064
661CCB91	5498
661CDC09	3148
661F57F1	10803
66202CD9	4550
6620BDB1	24290
66239E24	13021
662465E5	7444
66298577	19766
6629D128	6032
662BE6F7	19922
662C55B6	14274
662DD86E	6550
6634EB32	13233
664620BC	11806
66488932	9727
66499D50	18927
664A22C0	12173
664C0286	7371
664DCC26	9516
6650DBED	19324
665691F6	8067
6658C517	21938
6659BEBA	11174
665B1E9D	12910
665EF4D3	13212
6669BF8D	9801
66705F2A	4586
66710F78	8555
667120EA	13783
66720880	22516
6674EDD2	10576
66755FBA	14787
6676A808	17278
667A8ED6	21134
667CB045	16349
667CFFC1	21837
66869A2A	4278
668B1E9D	16924
668C3A87	11247
668F1A7F	2156
669281DE	22914
66963661	8315
66978465	7026
669BC267	5101
669BF8D4	9797
669EA4F8	1510
66A20922	11093
66A2FE58	22567
66AD6DB9	5376
66B1C355	15922
66B43584	3326
66B73B6F	24130
66B7D156	11742
66BC2EB1	5243
66BD463A	24525
66C1298D	4159
66C20996	3643
66C32C28	11690
66C34F85	16962
66C4937B	10302
66C6ED54	697
66C8FCA6	19441
66CB2C3B	19188
66CE293E	4531
66D30D65	20027
66D87FD4	17102
66D9A1A6	4288
66DC6624	7460
66DD14A4	6952
66E2D621	7716
66E4EEE3	5955
66E4EFB7	5662
66E7EEBE	7103
66EE8720	6510
66EF770C	12684
66EFB2E3	14405
66F02830	1635
66F043EE	392
66F071DE	17685
66F28E4B	10971
66F37FF5	944
66F8FE1E	16480
66FAEA5E	11164
66FB2E0A	16410
6702102B	17030
6705F2AA	4582
67078D76	11353
670A3265	20402
670CCE0B	4597
670EFFB1	3208
6710F78B	8551
67120EA2	13779
67144F51	9931
67149F26	4524
6715FDB7	12311
67193B3F	3721
6720880F	22512
6720E50C	1662
672198B1	14288
67229D57	5321
6724364F	739
6726361E	23058
672A4E2E	17403
672D0BBE	22109
672D4EDD	23645
6732707D	22152
6734086C	1537
67351650	18893
674037F1	20522
6741BB29	4381
67425410	20581
6742FD14	8420
6747DE0F	24597
674EDD2E	10572
674F9EA1	23977
674FCC04	5030
674FFA85	2869
6750985E	21365
67521FFC	4938
67537A81	17922
67541673	18913
6754D9C1	11371
6755FBA2	14783
6755FBAE	21315
67572A0F	2276
6758E4AD	427
6759E9C2	1094
6759F76B	5077
675B8F7F	12986
67616584	19480
6763706B	1885
6763DE9C	10055
67687AA4	21593
676A8082	17274
67720089	23194
6772CCED	17293
67740B98	10351
67789E23	14140
6779EF90	19397
677A26CE	17316
677B71AD	16603
677C9BC5	14938
677CDD2A	23856
67813EFF	16547
6782A40E	9425
6785F2F9	3868
6786B954	17720
678926B4	3403
6791A95D	19033
679DF85F	3791
679FB99D	23878
67A70A2A	1084
67A79AEE	4192
67A8E394	22840
67A8ED60	21130
67AD7D2E	15268
67B2C04D	22401
67BC69C8	17135
67C2912D	13469
67C3D2F0	2826
67C6A005	21056
67C6D6DC	6230
67CB045B	16345
67CDB9A7	9351
67CDFCC1	14821
67CFFC10	21833
67D1AF15	2634
67D51662	6570
67D9F545	6580
67DDAF9C	5067
67DDF301	20154
67DFA0EA	7537
67E0CA8C	6091
67E8EB75	1462
67EA3B92	7260
67EDFE47	17172
67F08B93	17578
67F2EB08	594
67F5574F	18253
67F6F2E0	3700
67F820C1	13924
67F8A60C	14721
67FD055B	6660
6802A166	11766
6804BDAC	17513
68060632	18058
6808CD84	3658
6810D9A7	1528
68124FFA	21528
681E4F1F	10520
6822011A	10147
68265B35	15943
682AC487	19627
6831C9A1	1842
683304CB	3547
68364960	15442
684A2B8E	19870
684BAD7D	8778
684E10BF	15753
6854938D	4770
6857CDA8	17353
685CA8A7	22605
685DF728	22098
685F8F84	9305
685FB58A	1820
686046AB	8031
68631745	15058
686386FA	12611
6868ABE8	6300
6869A2AB	4274
686B092F	3317
686F3234	6808
686F8087	12439
6878B16D	2949
687AA495	21585
68809E6B	16135
6887C08B	20066
688AAD20	17993
688EBF1F	10909
68929EDD	23421
6894D101	16150
6894E260	9601
6897558B	13960
6897BB79	19812
6897CF37	11296
6897F9B0	6423
689B807A	15125
689D2005	21401
68A1BAB4	2974
68A5E029	4740
68AAF87A	4260
68ABE829	6292
68B1E9D7	16920
68B27F63	24164
68B5D219	1319
68B654A8	14982
68B708FD	789
68B7AB4E	2905
68B7E703	18807
68B8C854	21256
68BDABA2	9123
68BFA713	24554
68C01D9A	2178
68C3A870	11243
68C426EC	23367
68C65317	8283
68CB0D09	15772
68D00542	11773
68D71BAB	16576
68D75672	759
68E06B08	20833
68E0F870	18862
68E2A2BF	24204
68E2C996	23585
68E43F47	12529
68E444D7	11881
68E4C90D	1163
68E6AC71	10121
68E85732	18489
68F047B8	13408
68F0845F	2011
68F1A7FA	2152
68F60B4A	9892
68F62FA5	19132
68F63E12	14485
68F73225	8478
68F7B4E0	14569
68F7CAAC	10378
68FBB1F5	4998
68FD2EFD	20197
68FDFF22	14516
68FFEE46	19719
69047510	21185
69054AB9	14624
6906349F	17974
6918F576	2481
691CD7B0	22475
691ECD96	19203
691F26C3	12077
691F6968	8055
69208D43	19270
692391AD	17060
6927293D	2325
69281DE8	22910
6930C5B2	22228
69375FCE	3378
693A27AD	16103
693DFD0F	9673
693E71B7	17957
693F5197	24030
69446204	16280
69461ED4	12225
69469208	19282
694757BD	8947
69479216	9871
694CF658	22412
69534F47	22042
6959FC22	17588
695D691E	19219
69636616	8311
6964152C	8094
696452AA	15705
69656E04	21735
6966F043	400
69686046	8039
696981FA	7203
696B81C3	15157
696CA073	13548
696E1911	82
696E7B8F	5461
69722752	13299
6974E19D	4403
69753E08	22269
69763402	17530
69784653	7022
6981FA25	7195
698256E5	11420
6983EAEE	22700
69862371	7773
6986B295	20020
6987EFDB	20707
698D3C6E	8702
699B4C35	20033
699E9E6B	4198
69A2ABE1	4266
69A390FD	12535
69AD4866	13257
69AEE689	23441
69B49862	22237
69BB0293	23143
69BC2675	5097
69BE56BF	13189
69BF8D49	9793
69C1F571	14552
69C4AFB2	12753
69C58FEC	4046
69C8336C	17119
69C98A21	14010
69D33AB9	2289
69D665EF	13224
69D8D2C8	8109
69DCBA29	18144
69DCCE9F	2884
69E13781	16232
69E373E5	8691
69E3EFB6	16007
69E53877	21802
69E5A60F	22714
69E8B80A	3266
69E8E180	22029
69EA4F8D	1506
69EBA046	8192
69EBC730	14683
69F0BA33	16949
69F177A7	6783
69F36D68	9329
69FA8C07	7964
69FEA4A4	2138
6A005FF5	21044
6A01D8B9	23000
6A03EF44	7824
6A0EF87B	12202
6A10D5A4	9695
6A16CE19	4612
6A1BBBA2	19251
6A209229	11089
6A28552A	14880
6A29B915	16073
6A2CA1A3	18884
6A2FE58B	22563
6A33A17E	8429
6A34CF4F	4207
6A3878B3	1562
6A38CEF4	17331
6A3BBE6C	9975
6A3CF789	1783
6A4331A7	13246
6A44AFD5	18114
6A465909	896
6A4B0BA9	1243
6A4BC604	12860
6A4C0C56	15837
6A4E4E9D	9774
6A4FBFF0	1403
6A52E0FE	15595
6A55738D	20936
6A57480F	19019
6A58E15C	661
6A5968B7	805
6A5AB7EC	10688
6A633993	22165
6A677200	23202
6A680606	18066
6A6BA3C2	6386
6A720262	17834
6A721775	5417
6A72ABC2	13673
6A76EDD8	23634
6A7E00C4	24453
6A7ED628	3609
6A808270	17266
6A82298C	12338
6A8D03C9	10531
6A91A9F8	24467
6A97F62C	2584
6A98A604	9488
6A9A955C	20946
6A9CA399	21619
6A9EED87	12951
6AA10C9C	7624
6AA1C570	15901
6AA4A827	20470
6AA4B52C	678
6AAAD5BB	23941
6AB045BC	18443
6AB94252	21996
6AB9D661	10823
6ABC1392	16855
6ABE6B5D	8011
6ABFC470	13591
6AC208A1	11958
6AC276AA	7644
6AC5345B	2922
6AC71B27	10109
6ACAD69E	22734
6ACF8DAD	6237
6ACFC195	6098
6AD27BFA	9680
6AD6DB90	5372
6ADDEB0E	23926
6ADFB1E9	10678
6AE19B66	4302
6AE2A7AF	24071
6AE2C132	4496
6AE464D7	15391
6AE6BE70	5213
6AE81333	13804
6AE8AE57	9109
6AE98AC5	11558
6AECC530	19777
6AECE1DF	3219
6AFC46E7	11638
6B06B268	8802
6B06BA66	21111
6B08FBFA	20817
6B092FCF	3309
6B098423	22802
6B0A1ACC	17491
6B0CA086	3431
6B0ECC01	20266
6B10AC29	7701
6B140AEE	3594
6B15F6A3	1803
6B1C3550	15918
6B1C77E6	15024
6B208D06	1861
6B2684BA	8790
6B27A238	347
6B27C61D	15190
6B2874B9	18573
6B29538F	20008
6B298CD8	11709
6B2B9E55	495
6B306BBA	17473
6B311CF1	13026
6B36E8A5	6957
6B373F75	7108
6B385193	20407
6B3CFDCC	23883
6B42FC7C	9310
6B435849	3322
6B44BE79	11301
6B46B8DD	16581
6B49BAFE	3383
6B4D1C87	12540
6B4F1F7D	16012
6B4F2D30	22719
6B52198D	13251
6B539013	17839
6B54BFB1	2589
6B576629	19782
6B5A78FB	16017
6B5D8642	7995
6B5F90F5	1285
6B649A1A	6318
6B670210	17038
6B693A27	16111
6B6DC842	5365
6B6E45E0	6215
6B703F14	4702
6B73B6F0	24126
6B78CC0A	8835
6B7AB3F4	1479
6B7D1563	11738
6B814FB3	969
6B81C368	15149
6B8A5D68	10171
6B8BE195	13442
6B8C5BD9	6606
6B8DD59E	16569
6B8FAD1C	20852
6B918790	20346
6B948082	1133
6B9548CD	17708
6B99DEDC	16613
6B9AAFF1	13601
6BA19145	15548
6BA21E5E	21486
6BA2380B	12579
6BA3C20E	6378
6BA432B5	1310
6BA66117	21099
6BA6A33A	8441
6BAB3921	752
6BB0C85A	7990
6BB1873E	11334
6BB62FF5	3518
6BB9A24A	23435
6BBA93E0	17457
6BBACD82	4174
6BC27454	6711
6BC2EB1A	5239
6BC3C611	23286
6BC54738	2620
6BC71758	12816
6BC76DEA	5842
6BCA385A	20972
6BCBF837	11858
6BD463AD	24521
6BD8345B	18824
6BD857F5	22460
6BD88DB6	12105
6BDE3CBC	5620
6BE70E7B	5201
6BE738CE	5053
6BE880A1	1013
6BE97293	15257
6BEA096D	15217
6BEB1FBE	8759
6BED0C62	15069
6BEEB705	15368
6BF21EB2	1280
6BF2B601	13169
6BF58BDE	10452
6BF9DBF6	14339
6C01C289	14249
6C02C9E8	22316
6C02FCF9	13152
6C1298DD	4155
6C14815A	16176
6C14E7F3	17220
6C14F3BB	15471
6C16CCF5	21149
6C1DC671	9951
6C209965	3639
6C20E072	2453
6C244B77	23500
6C28CA9C	6180
6C2FCB40	21549
6C3095CC	16376
6C32C28C	11686
6C34F85D	16958
6C38D4D7	6401
6C3C3D99	12932
6C3C4E50	23041
6C3F2E8D	12057
6C3FEA70	17095
6C439A71	12771
6C47481D	24268
6C4937B7	10298
6C4ACF9B	9366
6C50AFC0	16658
6C5EE727	8868
6C5FEBC0	3509
6C60F812	14081
6C633BC4	14153
6C633F51	7273
6C66BC2E	5251
6C6ED549	693
6C706964	15721
6C79D99C	22534
6C7A77FC	12900
6C7F1796	8137
6C825DA8	1584
6C82735A	16038
6C887728	3476
6C8C1333	10597
6C8CF3BF	3802
6C8F0ADB	15982
6C8FCA61	19437
6C92C10F	15433
6C934345	6313
6C94DB91	22374
6C9872A2	4351
6C9EF233	722
6C9FD6E5	10091
6CA07314	13540
6CA5546A	13697
6CA58963	24374
6CA95047	14973
6CA98979	20761
6CABEE88	22206
6CB2C3B0	19184
6CB4B650	13557
6CC2D18C	8298
6CC39B81	3151
6CC933AA	18930
6CCF51DA	21137
6CD0D345	4281
6CD18750	11250
6CD3D49F	1513
6CD45FCB	22570
6CD6386A	15925
6CD8926F	10305
6CE04205	17033
6CE0F1AE	11356
6CE199C1	4600
6CE293E4	4527
6CE43316	14291
6CEB1C95	430
6CEC6E0D	1888
6CEE599D	17296
6CEF9378	14941
6D0A9271	4773
6D13700F	15128
6D14BC05	4743
6D164FEC	24167
6D16CA95	14985
6D1EC5F4	19135
6D23E4D8	12080
6D2618B6	22231
6D2744F5	16106
6D28D241	19285
6D2B3F84	17591
6D2D7038	15160
6D30D652	20023
6D3B9745	18147
6D403B17	23003
6D407DE8	7827
6D450AA5	14883
6D453722	16076
6D4719DE	17334
6D4777CD	9978
6D49F7FE	1406
6D58A68B	2925
6D59F1B5	6240
6D619410	3434
6D64F8C3	15193
6D685F8F	9313
6D6DC8BC	6218
6D714BAD	10174
6D729010	1136
6D803851	14252
6D8612B9	16379
6D87FD4E	17098
6D8C67EA	7276
6D904BB5	1587
6D904E6B	16041
6D9696CA	13560
6D9A1A68	4284
6D9D8DC1	1891
6DA2C9FD	24170
6DA47C9B	12083
6DA772E8	18150
6DAD0BF1	9316
6DB48F93	12086
6DB90855	5360
6DBB2E17	190
6DC66246	7456
6DC842AD	5357
6DC8BC01	6210
6DC8C1E7	22359
6DCA025F	7321
6DCB3A9B	17935
6DCD0660	3558
6DCD3E6D	9340
6DCFA3AA	5160
6DD14A42	6948
6DD970BE	187
6DDA32C3	15782
6DDFDE21	9228
6DE1232D	24109
6DE31E5F	12289
6DE3B886	24318
6DE920E2	3962
6DEA0479	5826
6DEA7CC2	13848
6DF077F7	4865
6DF16826	15959
6DF5E13C	10722
6DF6EE6D	19309
6DF9CAD8	16681
6E00EB66	11271
6E01E88A	15115
6E048B27	21719
6E049EDC	3133
6E07E28F	4697
6E0AFC18	15351
6E0D6411	1872
6E11FB46	780
6E132A6A	4636
6E1741AC	517
6E191184	74
6E210DFD	3110
6E2180F7	15652
6E2A6F50	7752
6E2D3760	23154
6E2D6215	7712
6E32E538	18671
6E331232	7453
6E33914E	5330
6E35A35C	16590
6E3652C4	24383
6E3DFF35	12976
6E3E7E83	2207
6E4113FA	12001
6E419D09	20595
6E42156E	5354
6E455B64	16059
6E45E00D	6207
6E460F3C	22356
6E480A9E	11057
6E4A54AB	12030
6E4EEE31	5951
6E4EFB73	5658
6E5012FB	7318
6E5066EE	6526
6E506763	10071
6E57C467	1686
6E58ADE5	16763
6E59D4DE	17932
6E5F258B	11400
6E5FBADD	7583
6E61354C	9505
6E61F3F0	24238
6E64FAE7	9843
6E683304	3555
6E69656E	21743
6E69F36D	9337
6E76DE12	24121
6E776D47	9994
6E7AB5EF	5637
6E7B8F09	5453
6E7CA953	8678
6E7D1D53	5157
6E7EEBE8	7099
6E7F52E4	11618
6E8808FA	22875
6E89FCC4	10273
6E8A5210	6945
6E8A9ED5	7667
6E91CE2C	11833
6E953BD0	23841
6E9747DA	10557
6E98DD80	2743
6EA10851	12489
6EA10A30	5734
6EA35D0C	15561
6EA57A48	2070
6EA6C439	12783
6EAC2981	1725
6EACF027	16558
6EAD0F16	2960
6EB28F05	18635
6EBA28CF	7560
6EBD4160	1441
6EBD8111	20096
6EBF9CE8	3369
6EC037A5	2728
6EC0A4FC	23137
6EC160E0	23347
6EC1FF15	23615
6EC37283	6539
6EC9B8D9	24397
6ECA6C98	4367
6ECB85F4	184
6ECD869F	16969
6ED14375	2981
6ED1961A	15779
6ED5496A	685
6ED74D46	8448
6EDB18CF	7283
6EDCBF75	7590
6EDD83FE	23622
6EE39C76	6634
6EE6D28D	19297
6EE8720F	6506
6EE881AF	10474
6EE9044D	24494
6EE92C54	23398
6EEE89A5	19241
6EF3103B	23479
6EF413E1	4132
6EF5870E	23919
6EF770C9	12680
6EFB2E32	14401
6EFDBEE4	13731
6EFEF10A	9225
6F020A8B	16215
6F028304	1631
6F03396A	23658
6F043EEB	388
6F059A88	11107
6F071DE6	17681
6F09196F	24106
6F099D67	5091
6F102598	6054
6F1232CC	5521
6F17C005	14920
6F18F2F9	12286
6F198146	8830
6F1C8532	18421
6F1CFD02	18778
6F1DC433	24315
6F2212B8	20681
6F25B2A6	20775
6F267EDF	17184
6F280BFC	16744
6F28E4BE	10967
6F290F58	16805
6F29F3BB	17653
6F2AF851	18341
6F2E0C21	3688
6F3234F8	6800
6F330C45	9258
6F35ABB3	19791
6F3792D9	20784
6F37FF58	940
6F3E2904	24628
6F406BCA	20988
6F490713	3959
6F4BBD29	2711
6F4CBB12	4082
6F4D5C54	24082
6F5023CC	5823
6F502660	17909
6F50766E	7736
6F50A28A	18194
6F51ACA1	18587
6F529558	11528
6F53E615	13845
6F549937	2768
6F54ACF9	14840
6F567E8E	1474
6F569DCC	2896
6F67D9F5	6588
6F6BF9DB	14347
6F6C4ACF	9374
6F6DF077	4873
6F6E89FC	10281
6F713A4E	461
6F741591	19902
6F7597C1	6862
6F75F9DB	16995
6F80879C	12431
6F8203D6	20124
6F83BFBA	4862
6F8B4132	15956
6F8FE1EC	16476
6F900F31	14751
6F913CA6	5983
6F9205C9	20909
6F9283F4	254
6F95AFCA	13183
6F9F3C9A	10404
6FA218B0	16319
6FA2AC6B	11733
6FA6BA23	12591
6FAAAA42	2101
6FAC6986	7789
6FACA8E0	21436
6FAE5A2F	9141
6FAEA5E9	11160
6FAF09E0	10719
6FAF164F	7407
6FB1A726	14024
6FB1BAB0	1739
6FB2E0AD	16406
6FB45AE9	1328
6FB77369	19306
6FB8D8BD	8883
6FB916CA	13717
6FC5126E	2231
6FC66963	8327
6FCE06F1	18798
6FCE56C5	16678
6FD1BBA2	10488
6FD1F46A	829
6FD332CD	11187
6FD40F03	19585
6FD82979	14321
6FD8F4F0	10671
6FD8FEBC	311
6FDE1136	14106
6FE0103D	9008
6FE32983	20505
6FE35272	9787
6FE608CC	14810
6FEBF224	3091
6FF23BD9	17161
6FF47184	7908
6FF9BEC6	1753
6FFEB042	931
70012124	11219
70075B34	11268
700D1EE6	8489
700F4454	15112
701594B9	3249
701689D2	21413
7017E5AD	12562
7019D487	4948
702102B0	17026
7024593B	21716
7024F6E2	3130
7029C9F2	6908
7029F66F	964
702D2472	17071
7035847D	20826
70378919	5530
70378E7E	18787
70386D13	15144
703944C7	2438
703C71B0	17242
703F1478	4694
70457606	23324
7045F57C	21910
7050F2F0	6154
70555245	1358
7056D861	16391
7057E0C6	15348
705D9963	21952
705F2AA6	4578
70610D01	3677
706918F5	2489
70696452	15713
706B208D	1869
706DE920	3970
7077D8EB	1192
7078D763	11349
7078F089	5788
707C385C	18855
707D5C65	14546
707D722C	22136
707EB0B7	8352
707F0DD4	15580
7085FB63	15742
70897F34	10934
708C04E9	547
708FDA35	777
7093574C	11571
7098F2D4	23225
70995350	4633
70A0F98D	19839
70A2463E	14235
70A2A560	1072
70A31BE4	6001
70A32659	20398
70A3E3EF	22957
70AA8A3C	5293
70ADFB1F	322
70AE628E	646
70AFAC82	8596
70B1E298	19359
70B54D4A	20955
70B836F4	3979
70B9AF60	18838
70BA0D65	514
70BDF90E	10767
70BE94C9	171
70C01AAE	22014
70C36D3B	18163
70C49753	6351
70C88C21	71
70C9FEE5	12664
70CCE0BE	4593
70CDB343	4295
70CE8376	4388
70D5438A	15908
70DA26E0	15135
70DB2D2D	13567
70DED7F3	14354
70DF4D74	12598
70E1F812	18287
70E26B3C	23899
70E7B973	5189
70EC6AB9	10839
70EE3FF2	5882
70EE82E8	21785
70EF2282	15877
70EFFB1E	3204
70F16734	1553
70FB1D81	10634
70FC094C	18280
70FD9A5E	7040
71086FEB	3107
710C07BA	15649
710CC417	24301
710F78BC	8547
711630BF	3026
7120EA22	13775
712BEC8B	12747
712FFB81	5551
71301390	9586
7130214E	3939
7132D1FA	20212
71335EA3	24534
71359E7E	23892
713A4ED9	453
713B764D	24410
713B9784	20656
71434F09	16245
7144F511	9927
714861FF	13371
7149F26A	4520
714BAD04	10166
714DD651	18646
71515FAD	24197
71537A83	7749
7153D7EF	24064
715C3BC8	15887
715FDB78	12307
71609928	4489
7160F45C	12405
7163FB10	4040
7164CB20	23578
71664620	11814
7169BB02	23151
716B10AC	7709
716B5390	17847
71719937	9530
7172509C	17384
71758375	12804
7175BF50	19599
7178E8B4	12250
717C32BB	13437
71819BBD	12698
7182546F	9398
7184F491	7892
7185EE82	19678
71871486	13383
718883D5	18987
71893299	5932
718B7B3E	6601
718D35A9	13268
7190A93B	21247
7192B207	14382
7193B3FB	3717
7193FFE1	10029
71968FDF	14528
719729C5	18668
71989197	7450
71993730	9522
719C513D	9937
719C8A75	5327
719D3F30	5036
719DE89B	17322
71A9AE8F	6392
71AA08A6	12344
71ACE146	20413
71AD1AE3	16587
71AD52FE	2595
71B0539F	17226
71B17B9C	8874
71B27F5B	10097
71B29625	24380
71B452F0	4749
71B72CEA	17941
71BAB3C0	16564
71BE4817	20915
71C2C78A	19365
71C95AE4	20364
71CA4257	23765
71CA7CD6	22825
71CE3B5C	6627
71D00170	7064
71DAE316	6616
71DAE887	21496
71DC283E	19849
71DD9769	106
71DE6F29	17669
71DF98AB	15014
71E13CD4	5440
71E787CB	19987
71E90006	21213
71EFF9AA	12973
71F1FEE3	129
71F3F41A	2204
71F5A381	20847
71FD10F4	23737
71FF97EB	5871
71FFC6DE	24338
72001E32	6989
72008977	23186
7200FCE9	9565
720262EA	17826
72070AFA	8608
720831A3	18511
720880FF	22508
72089FD2	11998
720CDB0F	17113
720CE84A	20592
720E50CD	1658
720FA113	6490
7210AB71	5351
7214CAC0	18411
72177573	5409
72198B15	14284
721B4ACF	17601
721FA3F8	12522
721FE9E8	2530
72226BCB	11874
722752E3	13291
7229D570	5317
722ADB20	16056
722CE5A1	22120
722D94AA	13708
722F006C	6204
723001C6	19700
723029E2	17754
723079E5	22353
7230F207	20341
7230F942	6461
72326BEE	15384
7234C3F7	20716
7235B381	17047
723A696E	5477
723B9C28	22975
72401F56	7239
724054F1	11054
724364F7	735
72459BCA	10985
72482A70	11595
724AFF3A	20887
724B5E38	12829
724CDB8C	7471
725084C5	14599
72509CD0	17376
7252A55B	12027
72565393	16834
72565B7D	10740
7256966F	412
7256B918	20358
725F5C22	10952
72628843	14004
726361E2	23054
726486D7	1156
72685FB5	1828
726EDCBF	7598
726F290F	16813
727475ED	17557
7274E9F3	9763
72753C9E	19535
72756C24	23516
72777189	5948
7277DB9E	5655
727B5BC6	8848
727C9D91	6894
728015B5	3456
728097DF	7315
7280EDA8	23022
72820AFF	18548
72833774	6523
72833B1E	10068
7284A4F7	21987
72866F02	1647
7287E988	22078
72898FF8	2429
728E6768	21609
7290104F	1128
729095C7	23759
7293D169	2313
7293E16B	15241
729C5375	18656
729F0316	23086
729F3584	22819
72A0F3AC	2264
72A28094	4335
72A29D36	22595
72A42DE7	7
72A4E2E4	17399
72A919BC	17703
72ABC265	13665
72B62857	16667
72BD88A1	6751
72BE2339	1683
72BED59F	6113
72BF24BD	9090
72C09883	5701
72C56F28	16760
72CA58D1	9624
72CCED50	17285
72CEA6F5	17929
72D0BBEE	22105
72D17B57	9130
72D304AD	11427
72D4EDDB	23641
72D8FE2F	8144
72E5F0A2	2391
72E6DCFA	5172
72E8A6A4	18134
72F08A84	20643
72F23D11	12641
72F85165	2384
72F92C59	11397
72FDD6EB	7580
73040FB6	10330
73069475	8959
73074582	11484
7309AA62	9502
730AA93C	14663
730F9F84	24235
73147682	19647
731477C5	635
73149858	13524
7319B93B	5672
731D708C	563
731EFFEE	10866
73225BB5	8466
732707D7	22148
7327D73F	9840
73295383	1213
732A545A	18469
732C74C5	22773
732E474D	5488
7333E582	16354
73395271	17408
733A7FD4	2874
733B43D5	21598
733BDB8D	16608
733BE6E9	23861
734086CD	1533
73419826	3552
7342BE6D	17358
734494F6	23426
734B2B70	21740
734C69E3	8707
734E257D	12758
734E2C7F	4051
734F9B6B	9334
7351650D	18889
7355FE23	13596
735638D9	10114
7357670E	3224
735AD3C7	16022
735EC1A2	18829
735EC2BF	22465
735F3873	5206
73694692	19290
736E7D1D	5165
737024F6	3138
7373BB6A	9999
73851F1F	22962
738B3231	11819
738CE9F9	5041
738D6A97	2600
738DF240	20920
738ED718	6621
7393DADE	8853
73A3F133	3351
73ACC3EA	10814
73ADA80F	7838
73B307B3	24002
73B356B6	5385
73B5CD57	13610
73B6F091	24118
73B93AB6	23525
73B9652C	9633
73BB6A3B	9991
73C4859D	13008
73CABB7B	482
73D5AF78	5634
73DC784F	5450
73DCB9B7	5182
73E5018F	12379
73E54A9D	8675
73E8EA98	5154
73EB5A25	11314
73EB6F53	13861
73F00CCD	9820
73F0B7CF	10421
73F408F1	18768
73F46D9D	1907
73F75F44	7096
73F9FB79	17205
73FA9724	11615
73FC33D6	15285
74005C3F	7058
74037F19	20518
7408C4A2	8179
740999C4	13797
740B9820	10343
740C2AC3	13067
740CFE5D	605
740FCDCD	21762
74145EC9	19958
74159168	19894
741652CF	2657
74173147	19659
741740FC	21774
741ACAE7	505
741BB29B	4377
74254101	20577
74266F8F	16492
742B9952	18482
742FD145	8416
743228A4	15543
7433C152	9434
743907D0	6499
744047D4	22872
7440D7EB	10467
7443CBCE	21481
744565A9	22187
7447017E	12574
744A3851	6018
744D2BAD	19230
744DF201	14762
744F5B51	16094
744FE626	10270
74519F7E	7551
74529081	6942
74535225	18127
7454310F	6695
7454F6AC	7664
74572BF2	9102
74582194	11472
745A5187	12235
745DAC71	15038
745F4423	20313
74610617	22673
74628F50	19076
74668B1E	16932
746E4A54	12038
74706918	2497
7475ED2E	17549
747841C3	6373
747C8441	8649
747DAA34	10545
747DE0FF	24593
747E266B	3346
74801759	21391
7480F718	19007
7481DB98	24256
748226A9	24487
748656B5	1305
748E7166	11830
74962A68	23391
7497C968	2035
74983A0B	2674
749DB3AC	444
74A6B311	13038
74A9DE80	23838
74AEA36F	16702
74B94105	18557
74BA3ED5	10554
74BC38B5	17864
74BEFEA0	9039
74C562DE	11551
74C5F0D5	22757
74C6EC03	2740
74C71719	9542
74C92E13	23244
74CA91CE	13632
74CC22EF	21094
74CEAE54	2283
74D2DCF7	5468
74D46742	8436
74D7029F	976
74D9A8BF	22577
74DC2E83	524
74E19D06	4395
74E9F3F6	9755
74EDD2E8	10568
74F9EA12	23973
74F9F6DD	15802
74F9FAA8	18233
74F9FB32	9748
74FCC046	5026
74FFA850	2865
75084289	12486
75085181	5731
750985E4	21361
750E0024	11230
751096C1	21169
75110AAB	13760
7518BC68	6832
751AE864	15558
751B7E72	16691
7521FFC6	4934
7525DBEB	21454
7525E0B2	17803
7527C15F	17448
7527D314	7514
752BD245	2067
752E31A6	13279
752F4ABF	11149
752F8B1A	4429
753621CD	12780
7537A813	17918
753994A9	1222
753B5B24	6331
753C9E42	19527
753E0869	22261
75416735	18909
754AB2F5	1968
754C7C31	5139
754D9C1E	11367
754FDFA5	4837
7552F0E4	17624
7553BCED	18957
7558B267	13948
755C2AA2	5303
755FBA26	14779
755FBAEB	21311
75614C0B	1722
75672436	747
7567813E	16555
756878B1	2957
756C244B	23508
756F50A2	18202
7572A0F3	2272
7573B356	5393
757ACBA5	9060
757BD53D	8935
757D4313	15624
75837536	12796
7584731D	579
758BDE13	20442
758D5CD7	5224
758E4AD2	423
75947829	18632
7596FC51	2243
7597C1D4	6854
75987D5F	10809
75997BD3	13218
759B04A6	4165
759D4261	21371
759E9C28	1090
759F76BE	5073
75A08804	10153
75A39324	1169
75A47B36	19209
75AFAC7E	8765
75B0BF2D	21555
75B3461D	11256
75B501F7	7833
75B82BF0	15357
75B8F7FC	12982
75BAE8A3	7566
75BAF505	1447
75BBA411	24500
75BF503C	19591
75C23013	553
75D1467D	7557
75D7FA92	16898
75D7FE8C	21294
75DAE3EB	20862
75E294AA	23807
75EA0B05	1438
75EC088D	20093
75ED2EC6	17541
75F4471D	7084
75F740C2	13079
75F8F949	10898
75F9DBB3	16987
75FCE747	3366
75FD5AC9	365
75FEA490	16892
75FFA31E	21288
7601BD2E	2725
76040D91	10616
760527E2	23134
76065DAF	23308
760B0704	23344
760B54E5	21632
760F81F1	3912
760FC359	7129
760FF8AD	23612
761492C6	19163
76165848	19476
7616DCA0	7333
76190B4F	7985
761B9419	6536
7625CD38	4065
762D3D74	8203
762E4773	22986
7630E7D6	11329
7634025E	17522
7634B20A	8103
76355CEB	10832
763706B2	1881
763DE9C6	10051
763EAC28	4985
7641393A	19552
7644BB87	18308
764530F5	10233
7645BDD6	6876
764798E1	4002
764DC6CA	24394
764E84CD	16503
764F550A	7161
7651CB4C	11441
765364C3	4364
765707EB	8364
765C2FA5	181
765DA5B8	96
76600A1E	20255
7660F674	23997
76629857	19770
76658C51	21942
76672088	22520
7668F1A7	2160
766AD6DB	5380
766C34F8	16966
766E2D62	7720
7670EFFB	3212
767F6F2E	3704
7682AC48	19631
76836496	15446
7687AA49	21589
76897558	13964
768A1BAB	2978
768CB0D0	15776
768F047B	13412
7696E191	86
7699B4C3	20037
76A3878B	1566
76A80827	17270
76AA10C9	7628
76AA4B52	682
76AC208A	11962
76B06BA6	21115
76B0ECC0	20270
76B1C77E	15028
76B649A1	6322
76B8C5BD	6610
76B8FAD1	20856
76B9AAFF	13605
76BA21E5	21490
76BA6A33	8445
76BC3C61	23290
76BE738C	5057
76C20E07	2457
76C3C3D9	12936
76C5FEBC	3513
76CC933A	18934
76CEB1C9	434
76CEF937	14945
76D2D703	15164
76D403B1	23007
76D4777C	9982
76D59F1B	6244
76D8C67E	7280
76DE1232	24113
76DEA047	5830
76E132A6	4640
76E2D376	23158
76E5FBAD	7587
76E61F3F	24242
76E9747D	10561
76EC1FF1	23619
76EC9B8D	24401
76ECD869	16973
76EDD83F	23626
76F35ABB	19795
76F713A4	465
76FACA8E	21440
76FD8297	14325
77019D48	4952
77029C9F	6912
770A0F98	19843
770C9FEE	12668
770E1F81	18291
7710CC41	24305
77189329	5936
7719C513	9941
771CE3B5	6631
771FF97E	5875
772001E3	6993
77200897	23190
772401F5	7243
772756C2	23520
7728015B	3460
772BD88A	6755
772CA58D	9628
772CCED5	17289
772E8A6A	18138
772F08A8	20647
7733A7FD	2878
7734494F	23430
77369469	19294
773851F1	22966
773B9652	9637
7740B982	10347
7741740F	21778
7743907D	6503
77440D7E	10471
7744D2BA	19234
77461061	22677
7748226A	24491
774962A6	23395
77527C15	17452
77552F0E	17628
77573B35	5397
7759B04A	4169
77641393	19556
7764E84C	16507
7765DA5B	100
77683649	15450
776D4777	9986
776E2D37	23162
77718932	5940
77744D2B	19238
777552F0	17632
777ABED1	19742
777B6E68	3571
777CD83B	9966
777F5B30	3169
7782DB76	205
7784CF8D	21071
7789E231	14136
778A3D98	21872
77914110	15870
779881DF	23476
779BCA7C	17663
779DB324	18944
779EF907	19393
77A03744	22892
77A03AF1	23824
77A09F0F	4129
77A26CEE	17312
77A53174	2698
77A772BD	6767
77ABED1F	19738
77AC3871	23916
77B3DE34	17144
77B6E683	3567
77B71AD1	16599
77B8F480	21222
77BB864F	12677
77C3D992	12191
77C5D033	619
77C9BC5F	14934
77CC06F8	20144
77CD83B8	9962
77CDD2A7	23852
77CFB7A0	21005
77D10F26	14193
77D24822	21691
77D8EB47	1184
77D97192	14398
77DB9EAD	5647
77DCA1FA	22088
77DE05BE	8905
77E17D4A	3781
77E62ADA	15008
77EC8267	20178
77EDF722	13728
77F5B30E	3165
77F754FD	4849
77F78855	9222
77FA76D5	6260
77FAAEA5	4448
77FB4D77	23454
77FCAF6A	12884
77FD8F07	3197
78016692	22930
78036146	6193
78085462	2803
780A7E6B	4726
7810545F	16212
7813EFFA	16543
78141821	1628
7816C887	3488
7816FB8D	8895
7819CB53	23655
781DD904	19566
7821F75F	385
7823DC61	13401
7825C3EC	10648
78272565	16846
78290103	18616
782A40E3	9421
782CBFAA	17789
782CD441	11104
782DB765	201
78352D5B	10697
7838EF37	17678
783BBFAD	3178
783CB633	5268
783DA415	14638
783E1CAF	6131
783FE934	24579
7841C312	6365
78422FB0	2004
7844D8C1	14096
7844FCB0	5773
78454261	20636
784653B9	7014
7848CB7A	24103
784CA74C	13652
784CEB3E	5088
784CF8D4	21067
784DE041	16226
784E359C	20424
784E8A86	6706
784F06A5	10708
784F3539	5434
7856DF16	15971
785D6357	5234
785F2F95	3864
7861FE2B	11910
7868D005	11781
786B9548	17716
78716B53	17855
7871AA08	12352
78721B4A	17609
7878C221	23281
787B32D8	12923
787CBA0A	19975
78812CC5	6051
78855494	9210
788C6FDE	14122
7890734C	8723
78907981	4670
7890B3AD	13003
78919661	5518
78926B49	3399
789BFE6F	1763
789CA03B	23032
789E231B	14132
78A3D984	21868
78A52A89	23801
78A62B32	19345
78A6786B	17732
78A8E71A	2615
78AA145F	11031
78B16D58	2941
78B27CB3	7396
78B37D97	16419
78B39A04	1546
78BC9F8C	8531
78BE0029	14917
78C09C92	12847
78C2217B	23273
78C797CC	12283
78C9ACDB	6971
78CC0A35	8827
78D0DE64	6815
78D39066	17126
78D3FD49	2145
78D7630E	11341
78DCF952	8685
78E0BB32	21959
78E2EB06	12811
78E360A7	17233
78E42995	18418
78E61552	14670
78E7E811	18775
78E8B4A3	12242
78EDBD40	5837
78EE2198	24312
78F089F9	5780
78F22822	3057
78F2F222	5610
78FB7E8D	10501
78FBE282	18745
78FBED91	16001
78FF0A73	15309
7903A2FA	20326
7903FB91	20737
7904D5C8	15406
79088263	19509
791095C4	20678
79112C25	5595
79141103	15866
79141171	3050
7919B1BB	707
791A95D2	19029
791E88D0	12634
79216E64	9859
7927CF67	21339
792BD6F4	4102
792D9531	20772
79308363	14174
7933F6FF	17181
79347BE5	10387
793C7DBF	10510
793C8441	19518
793DDAC3	20284
793F1816	8522
79405FE2	16741
794685CA	22617
7946D0A9	4785
79470B54	20967
794725F5	10964
79487AC5	16802
794CDC9D	5966
794E1DD0	21796
794F9DDD	17650
79576F71	477
7957C289	18338
795EDF5E	7422
795F0908	286
7962D805	22331
796983EA	22708
7969D8D2	8117
796A6772	23210
796C66BC	5259
7970610D	3685
79783E1C	6139
7979112C	5603
7979D497	21468
797CCB8B	12271
797F06E9	11853
7981DB84	4654
79881DFE	23472
7989C1E3	5802
798B6467	3815
798CFF14	14732
798E1706	3990
7991A7C5	6797
7998622D	9255
79A2E321	21262
79A9C85D	5423
79AD5D98	19788
79ADA4E8	16117
79AEEB36	4180
79B390CC	14297
79B803AD	11277
79B962B7	16769
79BC96CA	20781
79BCA7CE	17659
79BFFAC1	937
79C583D1	12411
79D4976F	21460
79D65BF1	2249
79D99C82	22526
79DB324C	18940
79DDA0D9	15456
79DF85F5	3787
79E1F2E8	19981
79E3FC29	15315
79E58B60	22337
79EF137F	1774
79EF9071	19389
79F14826	24625
79FB99DF	23874
7A035E51	20985
7A037440	22888
7A03AF14	23820
7A09F0F2	4125
7A0A4DFA	848
7A0E8E0D	2508
7A109F2B	4236
7A16791A	19045
7A203781	23675
7A226FAC	7805
7A22A145	15101
7A22F414	863
7A23431C	12624
7A23856F	335
7A26CEE5	17308
7A2D3A67	2300
7A2E02B2	3260
7A2E7CA0	12390
7A2FA234	22294
7A349394	2334
7A37AA56	14849
7A38600D	22023
7A3F7782	221
7A4001A4	21207
7A483898	3956
7A48AE92	2054
7A48CA62	7877
7A4C9541	15501
7A512C84	23714
7A531749	2694
7A55F81E	11138
7A570EE3	5894
7A58B899	20229
7A5C6066	12708
7A5DE94C	2708
7A5E0215	2813
7A5F0431	8245
7A65D897	4079
7A69BE56	13197
7A6AE2A7	24079
7A70A2A5	1080
7A7193FF	10037
7A75D7FA	16906
7A772BD8	6763
7A77FCAF	12892
7A7825C3	10656
7A78B37D	16427
7A79AEEB	4188
7A811E62	5820
7A813303	17906
7A82C15B	1432
7A83B371	7733
7A845F44	10210
7A849AAA	23959
7A851457	18191
7A87A167	19057
7A88968F	9912
7A8C75BB	24516
7A8D650E	18584
7A8DEDBE	4884
7A8E394F	22836
7A8ED60D	21126
7A93E35B	1500
7A94AAC5	11525
7A9F30AA	13842
7AA45073	8983
7AA495D6	21577
7AA4C9BA	2765
7AA567CD	14837
7AA762D3	8215
7AA7BBEF	8922
7AA853B0	7150
7AB3F475	1471
7AB4EE67	2893
7AB5EF1E	5629
7ABAA9DE	18966
7ABB6107	2466
7ABED1FF	19734
7AC38713	23912
7AC53CDC	16786
7AC80D49	1262
7AC8BF48	1945
7ACBA5F7	9052
7AD7D2E5	15264
7ADA8A6E	16083
7ADD7B02	20103
7ADE9976	4089
7AE48B37	10992
7AE81189	8186
7AF1CC2A	14677
7AFDF349	24051
7B0001D1	19098
7B022344	20087
7B05A51E	9885
7B068B7E	18819
7B0AFEBF	22455
7B1143FE	6742
7B11B6D2	12100
7B17D28F	19125
7B1F0950	14478
7B24598A	19940
7B24C80F	16454
7B273EB6	13873
7B2C04D9	22397
7B30999F	21855
7B325116	12178
7B32D8F4	12915
7B35B9DB	24135
7B365961	19193
7B3A7CF5	23982
7B3AAFDD	21320
7B3DE34E	17140
7B3ECFAA	6585
7B482A55	14629
7B4BB1A0	17535
7B4E0FAB	14557
7B5077C3	12207
7B525E30	12865
7B5613B5	7649
7B574572	9114
7B5850D6	17496
7B5BC660	8840
7B5FCEDF	14344
7B623A40	24273
7B62567C	9371
7B6E6833	3563
7B6F83BF	4870
7B71086F	3115
7B71AD1A	16595
7B744FE6	10278
7B750851	5739
7B774962	23403
7B782CD4	11112
7B7D78B2	7412
7B89D276	458
7B8C38A4	13388
7B8C441E	18992
7B8F09E6	5445
7B8F4800	21218
7B9736E7	5177
7B9912DD	8471
7B9C9ED6	8858
7B9F85BE	10426
7BA0AC8B	19899
7BA0B98A	19664
7BA19E0A	9439
7BA64970	23249
7BABD65D	9065
7BABEA18	15629
7BACBE0E	6859
7BAFCEDD	16992
7BB23CC7	4007
7BB58766	20275
7BB61E1E	12941
7BB79AD5	19800
7BB864FF	12673
7BBEF02D	8910
7BC271AC	20429
7BC4DFF3	1768
7BC5E4FC	8536
7BC69C83	17131
7BC705D9	21964
7BC79791	5615
7BC8CD8D	712
7BD34DF2	13202
7BD38C9F	10042
7BD53DDF	8927
7BDA707D	14562
7BDCFC2D	10431
7BDD0CF0	9444
7BDEE867	9449
7BE41C70	19383
7BE55677	10371
7BF21C95	10758
7BFA1F0E	9664
7BFE6A9E	12967
7BFFB876	10856
7C005236	14908
7C043CE2	12428
7C08BB4C	20054
7C096258	14066
7C0C59C9	23076
7C0F8C22	3901
7C101EB7	20121
7C10C7AA	8235
7C10D369	22252
7C15FBF7	17436
7C1D462F	6842
7C1DFDD5	4859
7C207FF6	9286
7C2421BE	276
7C25427C	14468
7C25C4BF	5565
7C289D91	18326
7C28B2A4	2377
7C2912D7	13465
7C2D7D41	15228
7C2E8CD1	16943
7C31F99A	5123
7C32BB47	13429
7C35656B	22743
7C385CD7	18847
7C395F6A	6122
7C3B9DCB	9646
7C3C95EB	4111
7C3D084F	4245
7C3D2F01	2822
7C3D9928	12187
7C46720E	1674
7C5052A0	18732
7C52099D	24619
7C58D2E9	4418
7C5A0996	15953
7C5A9A01	18076
7C5D033F	615
7C5DE9DC	6777
7C61119E	3890
7C61DB4B	15178
7C6A005F	21052
7C6B7AB3	1487
7C6D6DC8	6226
7C7DE005	22944
7C7F0F64	16473
7C7FB8EE	123
7C80798C	14748
7C838E16	19378
7C844154	8641
7C85F4C9	13129
7C89E533	5980
7C902E49	20906
7C941FA1	251
7C962CEA	11390
7C968F08	2023
7C96BD88	12117
7C9AB8B0	4506
7C9B0FCB	12067
7C9BC5F0	14930
7C9D916F	6886
7CA031E1	12374
7CA100D1	6446
7CA4B98F	10883
7CA65CEE	23543
7CA87CB1	3845
7CA953A3	8670
7CAA9988	4568
7CAACEE8	10366
7CAD4699	4218
7CAD7E56	13180
7CB045BE	16341
7CB1E62D	3829
7CB32601	7380
7CBA0A2F	19967
7CBE543E	3854
7CC02C03	14444
7CC06F82	20140
7CC2A846	13832
7CC6897B	19824
7CCB8BC7	12263
7CD27EA3	24037
7CD61308	22809
7CD6BB0C	8002
7CD83B8C	9958
7CDA8E33	17341
7CDB5A17	9323
7CDB9A7C	9347
7CDD2A77	23848
7CDEE82B	19909
7CDFCC11	14817
7CE1CF72	5196
7CE36E59	17948
7CE719D3	5048
7CEEEAA5	17639
7CEF147B	21879
7CF268F7	10394
7CF37007	11284
7CF50935	23966
7CF6755F	21327
7CF9DE28	21886
7CF9E4D1	10401
7CFB6ED1	15795
7CFB7A03	21001
7CFC268E	24224
7CFD068C	2198
7CFD5475	18226
7CFD9922	9741
7CFFC10D	21829
7D052EFF	6279
7D05FD4B	18700
7D089C8C	6479
7D101421	1008
7D101B5C	10192
7D108F27	20303
7D10C580	16316
7D10F261	14189
7D11A5D4	22283
7D11C740	7078
7D156359	11730
7D1A965A	815
7D1AF151	2630
7D1D531F	5149
7D1E9718	12718
7D24822C	21687
7D276570	8376
7D28F600	19113
7D2992C4	162
7D2E527C	15252
7D2F120E	8734
7D2FBBE8	14210
7D314BEA	7502
7D323445	18010
7D3258FC	13115
7D35D11C	12588
7D412DAC	15212
7D431352	15616
7D467A8E	22852
7D4AB181	3765
7D51662D	6566
7D555216	2098
7D585077	4976
7D595A5A	7221
7D5C65A3	14538
7D5C9336	7481
7D5DD184	22687
7D5F3E77	21896
7D5FC51C	10793
7D634C31	7786
7D63F7D2	8754
7D6412FD	8585
7D654701	21433
7D67FD05	6668
7D68E06B	20841
7D6B44BE	11309
7D6DEA7C	13856
7D70897F	10942
7D722CE5	22128
7D72D17B	9138
7D73F00C	9828
7D752F4A	11157
7D784F06	10716
7D78B27C	7404
7D82BAA5	1985
7D883437	12456
7D8D3931	14021
7D8DD585	1736
7D8EB472	1180
7D8EC081	10627
7D917D1E	12734
7D97056D	16403
7D97192B	14394
7D9BCDFF	950
7D9F5459	6576
7DA18C5D	15064
7DA2D748	1325
7DA3FFB9	19725
7DA5A181	8045
7DA8F3DE	1789
7DAA340F	10537
7DAB3F06	6104
7DB23C2B	15988
7DB36249	10311
7DB768CB	15788
7DB9EAD7	5643
7DBB6C63	7289
7DBB9B4A	19303
7DBD01AF	20994
7DBF46EE	10494
7DC6C5EE	8880
7DC8B652	13714
7DCA1FA6	22084
7DD030AB	13073
7DD11596	22193
7DD6E0AF	15363
7DD7F56B	371
7DD8FAB0	4991
7DDA25D5	13970
7DDAF9CE	5063
7DDF301B	20150
7DDF443C	14199
7DE0059A	22936
7DE05BEE	8901
7DE0FFA4	24585
7DE889BE	7811
7DEC9CFA	13879
7DF1414A	18738
7DF6C8F0	15994
7DF6EDB1	7295
7DFA0EA4	7533
7DFD1BCD	20802
7DFD41BF	9030
7DFF44EE	16530
7DFF8301	1392
7E00C42A	24445
7E0199A6	9815
7E02329A	16639
7E02596B	1037
7E04A67F	18273
7E07B782	11124
7E084896	7936
7E089A53	22430
7E0C63CF	15336
7E0CA8CC	6087
7E134715	24217
7E16F9F3	10416
7E17D4AB	3777
7E1ACDCF	7118
7E1DFEAB	4458
7E1E97C1	8255
7E209017	23114
7E2373FA	11631
7E266B43	3338
7E289371	2228
7E28F120	4685
7E302C70	8513
7E334B1B	8324
7E3E103F	9295
7E3E525C	10892
7E4046FA	9161
7E4392B2	10753
7E43AFBA	13092
7E43D640	1275
7E4483C7	3078
7E497BAB	9081
7E530C03	19426
7E56C02F	13164
7E584F6E	5758
7E5A0493	21538
7E5AD347	12550
7E5D1B92	12048
7E602347	5019
7E62ADA2	15004
7E669BC2	5109
7E6B703F	4710
7E6E6965	21751
7E70378E	18795
7E72B628	16675
7E74AEA3	16710
7E74C717	9550
7E76ECD8	16981
7E7C85F4	13137
7E7F5469	3290
7E811E3E	18763
7E834600	2191
7E83A93E	7527
7E87A3F7	233
7E894764	7181
7E8A2FE3	8405
7E8DB3B1	1902
7E8DDD10	10485
7E8EB75E	1458
7E8FA352	826
7E8FE0DD	12512
7E91539F	1928
7E951FA6	4819
7E977EC8	20190
7E987946	4801
7E988A69	22066
7E99966F	11184
7E9B0520	16186
7EA0781D	19582
7EA301F8	7958
7EA32E76	24021
7EA3B920	7256
7EAA3AB7	18219
7EAC2F8B	18095
7EB0B7E3	8344
7EB17BDC	10447
7EB5E3B6	5851
7EB6D164	24179
7EC14BCD	14318
7EC7A782	10668
7EC7F5E5	308
7EC8267D	20174
7ECC9112	9734
7ECCE21E	8562
7ECD2F08	7033
7ECEB3D3	1101
7ED1AEAC	766
7ED62815	3601
7ED62BED	1810
7ED8E0D2	15728
7EDE4425	20688
7EDE4CFD	17191
7EDF722D	13724
7EDFE477	17168
7EE672A4	17415
7EE677CD	23868
7EE89BE4	14769
7EEB75D1	7573
7EEBAFFD	21301
7EEBE88E	7091
7EEF05B6	212
7EF089B1	14103
7EF9A4FD	24044
7EFA5E24	8741
7EFD2A3F	4826
7EFDBC88	20695
7EFDCCE5	17422
7EFF9168	14509
7F0081EA	9005
7F06E91C	11845
7F06EA10	12501
7F08B93A	17574
7F0DD46B	15572
7F0F6499	16465
7F1470BD	10783
7F17969D	8129
7F194C18	20502
7F1A9393	9784
7F1F49D9	8386
7F2C5B1E	22552
7F2EB08E	590
7F304667	14807
7F31301D	10259
7F34475F	10918
7F39D1F8	3360
7F3B7EC1	14334
7F3F6F26	17200
7F43E1DC	9659
7F443D28	23731
7F46F379	20796
7F481DAB	11980
7F4E266B	24545
7F506FE0	9024
7F52DC65	18686
7F52E490	11610
7F5469E8	3282
7F555C8C	17772
7F5574F9	18249
7F56B27A	359
7F59BBEC	14415
7F5B30E6	3161
7F5B9419	10081
7F5E57C2	296
7F5F8226	22440
7F5F9120	3088
7F6217BB	4027
7F62C801	2572
7F63D9AD	24148
7F6DE31E	12297
7F6F2E0C	3696
7F7234C3	20724
7F73ADA8	7846
7F754FDF	4845
7F788554	9218
7F820C19	13920
7F83E991	18023
7F8539FE	15302
7F867AD7	15280
7F88E1B6	13582
7F8A60C3	14717
7F8AD1C8	11896
7F8BF3A5	16723
7F91DECF	17158
7F9B0E35	6411
7F9D76B8	20872
7FA38C27	7905
7FA76D59	6256
7FA7A0E8	2520
7FA7E404	9173
7FA92432	16886
7FA9290A	2132
7FAAEA5F	4444
7FAF02D9	3499
7FB0C0C8	18372
7FB4D773	23450
7FB8EECB	115
7FB9791E	12650
7FC48E5C	2410
7FC568E2	23601
7FC8B47B	14502
7FCAF6A4	12880
7FCB1510	13349
7FCD53DD	12962
7FCDF637	1750
7FD055BB	6656
7FD13BB2	16524
7FD268BF	24570
7FD38ED7	21509
7FD4282C	2858
7FD4E05A	17086
7FD52BBE	21026
7FD7A349	2346
7FD8F077	3193
7FDA4735	22485
7FDAF09D	6721
7FDC0DE2	5540
7FE0869E	21822
7FE0C057	1386
7FE1C820	18525
7FE5FAD7	5865
7FE8C79A	21282
7FEBD724	11005
7FEDC833	20606
7FF19545	4920
7FF1B78E	24332
7FF524C7	22645
7FF58212	928
7FF646ED	3001
7FF6F330	9270
7FF70EC6	10851
7FF72300	19712
7FFC39B9	10016
8000E8C5	19091
80034823	21198
80048630	12148
80078C9A	6983
80090923	11216
800A46D4	14903
800B87EC	7053
800E30BD	19689
801189C8	2552
8015B586	3448
80166928	22926
801759D4	21383
8017FD52	21038
801CC1D1	11494
80225DDB	23180
80287A58	20245
802A166B	11762
80310A93	24439
80355CA1	22005
80361465	6189
80385123	14244
803AD9A3	11265
803B3478	2169
803EACAD	7230
803F012C	1046
803F3A63	9559
8040F548	8998
80468E6A	10133
804BDAC2	17509
8050C43B	7358
805807F5	14435
80593D17	22311
805F9F21	13147
80606322	18054
806669BF	9809
806779EF	19405
806897F9	6431
8068F732	8486
806F4BBD	2719
806FE329	20513
80762E47	22994
80798CFF	14740
807A22A1	15109
807F59BB	14423
8081BD46	18601
8082703C	17258
80827ECE	1117
80854628	2799
8085BEC6	14038
80879C58	12423
808A58AC	20554
808CA6B9	16633
808CD841	3654
808D1F76	5009
808DF5CB	9152
808FA8CF	22863
80943570	4319
80965AFA	1031
8097DF6E	7307
8098BA92	17820
809B2536	22384
809C803F	9575
809D370B	534
809E6B69	16127
80A10BA6	997
80A7E6B7	4722
80A9E2A8	11045
80ACA5CD	3246
80AE0AAA	1369
80B02C5D	21658
80B36714	4540
80B44E90	21410
80B94F81	23095
80BF2D69	12559
80BFC5F9	16732
80C1FEC3	18386
80C69446	16292
80C7871A	12364
80CD91F9	19448
80CEA43F	4945
80D49617	1250
80D79470	20979
80DAE297	10181
80DD1011	22882
80DE0672	23665
80DF0407	20131
80EBC529	23814
80EC8A61	10240
80EDA807	23014
80F4F166	16434
80F5BAF6	20110
80F71888	18999
80F757D4	15636
80FBD113	7818
80FC1091	7943
80FFB48E	22492
81036460	10610
810545FA	16208
81081586	17023
810A760F	3928
810D9A7A	1524
8111A21F	20080
81138A1A	16258
8114092C	13496
8117699B	20049
81189455	8174
811AAF9A	8021
811E3EF8	18755
811E6270	5812
8122C9DF	21713
8124FFA7	21524
81259F0A	13483
8127B710	3127
81299FD5	18267
812C4B01	14061
812CC53A	6043
81310731	5692
81323DEF	9466
81330312	17898
81333890	13792
813925AF	12838
813EFFA2	16539
81418218	1624
81465671	3741
8146B06B	8814
8149F882	23128
814E4F93	6905
814F14CF	17743
814FB379	961
81586F75	17011
815A2534	16160
815DDEDB	3581
8162EC16	21647
81638068	8502
8164DCAF	1701
81692391	17068
816C8877	3484
816FB8D8	8891
81724AFF	20895
8173040F	10338
81855874	13062
81892E97	17883
818AC1D3	15824
818B3931	23071
818C8BFC	18044
8191BCAB	18355
81976BC3	23302
819BBDDC	12690
819CB53B	23651
819FCBAC	600
81A5C89D	13305
81A93031	15843
81AC23EF	20823
81AFD62F	10458
81B2304C	10603
81BC48CB	5527
81BC73F4	18784
81BD46B2	18593
81C2BEB2	8602
81C3689B	15141
81C37B5F	14360
81C60951	9404
81CA263F	2435
81CB0262	5707
81CC5261	13530
81D17D10	20319
81DAB082	11968
81DB84CA	4646
81DB987C	24248
81DC0A72	6918
81DD904E	19562
81DE80DD	22898
81DFED35	23460
81E07764	19572
81E38D82	17239
81E4F1F6	10516
81EA9141	8989
81EDE0B3	11118
81F18446	3896
81F417F5	18706
81F6CD89	10317
81F8A3C4	4691
81F9B9A5	21757
81FA251D	7187
81FDC8D3	20730
81FFDBCC	9276
82022962	20560
8203D6EB	20116
8207DB36	10323
820AFFC3	18540
820C190A	13912
820C68E8	18505
821225BF	7930
82126A46	912
8218436C	1608
8218F54E	8230
82194ECA	11460
8219E249	3413
821A6D26	22247
821A794E	21812
821E4135	15416
821F75FD	381
822011A3	10143
82203FED	22502
82206A4C	15853
822694CF	22424
8226A91A	24479
8227F481	11992
8228504A	11944
82298CE2	12330
822BB032	23321
822C0581	21671
822DE390	18432
822DF443	16330
822E22C6	3037
822FABE7	21907
82333AAF	14796
823418E4	1851
82350DDD	19260
823A884B	21178
823B677C	14954
823DC61C	13397
82405CA7	23104
8248A5B9	11079
8252F0C3	11925
82531BBD	4150
82546F6C	9390
8256E5F2	11412
825B593E	15203
825C3EC7	10644
825DA8E1	1576
825FB338	8572
82633B0B	19493
8264A3F0	4479
826596A7	3629
8265AED8	3532
8265B358	15939
826674ED	10584
826747DE	24605
8267DDF3	20162
826AE464	15399
82703C71	17250
82725653	16842
8272753C	19543
82735AD3	16030
82758BDE	20450
827C3C95	4119
827ECEB3	1109
82879783	6151
828A8B71	15673
828BD922	19953
82901037	18612
82902B44	16171
82937E8F	842
829503E8	18721
82977FA7	6272
82979B39	14309
829CFE7E	17215
829E7768	15466
82A2FD36	16201
82A40E30	9417
82A55C94	14617
82A5995A	8081
82A70935	11583
82A97207	8624
82AA922D	1355
82AC4871	19623
82ADDC73	6645
82B22D09	19889
82B6A4FB	1415
82B6C309	16388
82BAA559	1977
82BE532E	23552
82BF0631	15345
82BF7EE6	17431
82BFF0E4	18534
82C15B52	1424
82C1C115	23338
82C67C3D	2838
82CA59F4	2652
82CBFAAA	17785
82CD4412	11100
82CE6A2C	18900
82D28F24	9878
82D53947	21626
82D99EA3	21144
82DB765C	197
82E628ED	19654
82E81F9B	21769
82ECCB18	21949
82F0D1A0	11788
82F6C474	24280
82F95533	4575
82FEA5B8	18693
83015C15	1376
83043086	1615
830642AF	13906
83086808	3674
830BFFA9	22658
830C69EB	14699
830D5495	20481
8318F3C7	15330
831A3A15	18499
831A4F9C	17967
831C9A17	1838
832157DE	13899
832A330D	6081
83304CB5	3543
8336C3FE	17107
83377439	6515
833A12A0	20586
833B1EF4	10060
83437C04	12444
8345BF38	18812
834600EC	2183
8348C7AB	2486
834A3ABD	8952
834B2295	15710
8352D5BF	10693
83590468	1866
83593425	8795
83595CF2	500
835D3308	21104
835DD49F	17462
8360A79D	15476
836319DE	14158
83649608	15438
836F4907	3967
83748E71	11838
83750842	12494
83753621	12788
83765364	4372
837F0081	9013
8381CA26	2443
83822BB0	23329
838624BA	6356
8389810A	3944
838E163C	19370
838EF379	17674
83943378	1652
839834A3	8964
8398CDC9	5677
839A634F	8712
83A0B296	2662
83A2C10C	11477
83A38348	2502
83A7CFB6	15807
83A88855	13765
83A8C5E3	6837
83A93E98	7519
83B3716B	7725
83B80CEA	4957
83B8CE28	9946
83BBFAD9	3174
83BE1ECC	12196
83BEC75A	1189
83BFBAA7	4854
83C6BB18	11346
83C7844F	5785
83C79141	3062
83CB6335	5264
83CC0EDC	4659
83CEB2DF	2254
83CF2C5B	22342
83D173E5	12395
83D5D54E	18971
83D9D3E7	23987
83DA4152	14634
83E04B12	14071
83E07C61	3906
83E1C2E6	18852
83E1CAFB	6127
83E6344B	19829
83E844E4	6484
83E991A2	18015
83EAE32D	14543
83EAEE8C	22692
83EB9167	22133
83F0D66E	7123
83F43D1F	238
83F585BF	8349
83F86EA3	15577
83FD8606	18377
83FE2B47	23606
83FE9345	24575
840344BF	6436
840AC37B	17016
840EE053	6923
840FFEDE	9281
84114282	11949
84132CB5	3634
84185FFD	22663
841B18CE	14163
841C0E51	2448
841C3125	6361
84212954	50
842144FB	12479
8422FB05	2000
84239963	22786
84252A92	45
84262D1E	14588
8427CAD4	4230
84289F62	12474
8428C0E5	5724
842ADC67	5345
842E9AE0	987
842FDB1C	15739
8431F768	13984
8432726E	7614
84340466	3667
8435693D	9689
8436C825	1596
8437C941	263
8437F5F9	3100
8441319D	19502
844154B9	8633
8442F74C	23264
8444F440	23690
8446785F	3880
844BF9A2	10931
844D8C1F	14092
844E461F	6472
844FCB09	5769
8454261F	20632
845C9D1D	17567
845DE133	21081
845F4406	10202
845F60AE	1995
8460274D	544
84653B90	7010
846AE813	13812
84731D70	571
84732C74	22781
84793DDA	20292
847DFD1B	20810
847ED1AE	774
8480CD91	19456
848437C9	271
84896EF3	23495
84896FF4	7924
848CB7A6	24099
848D5F88	11649
8491BF4C	11201
8497E7F5	3302
849A9196	906
849AAAB5	23951
849ABA62	11568
849E88BD	873
84A2B8EE	19866
84A4F78E	21979
84A55255	40
84A82022	20572
84A84F98	14463
84AE2772	20667
84AE3FA2	23748
84AE667C	16365
84B60B66	21158
84B897FD	5560
84BAD7D6	8774
84BE12E2	5574
84C211CC	22795
84C2F24F	21354
84C3FF6E	20619
84C5A3DE	14583
84C796A6	23222
84CA74CA	13648
84CA9A85	4630
84CCF9FF	21844
84CDF1FC	16487
84CEB3EE	5084
84CF8D40	21063
84D1C545	24211
84D5314C	9495
84DD82C1	23354
84DE0415	16222
84E10BF6	15749
84E359C2	20420
84E6857C	17365
84E8A862	6702
84ED5421	7635
84F06A5A	10704
84F35390	5430
84F49194	7884
84F6EA10	5746
84F95A8D	4225
84F98058	14451
8504A5E1	11932
85058CF8	2845
85077019	4964
8507CC68	19836
850D660D	17484
851231F4	14232
8513B225	18321
8513EC41	12469
8514570C	18183
85152B00	1069
8515AFB4	15083
8516549F	2372
8517FEBD	11017
85181CB0	5719
8518DF22	5998
85192848	11669
851932C8	20395
85195382	6175
851F1F78	22954
85225AE2	13460
8524B1B4	19157
852B7454	7680
85302C9B	1712
8532B018	18405
8539FE19	15294
853B07C0	3921
853B07E1	7138
854628DE	2791
854938DA	4766
8549C4ED	24424
8549DEE3	21236
85508D5D	13823
8552AF46	14868
855451E0	5290
855494C3	9202
85549E0F	14656
8555BBF6	13745
855874A6	13054
855B8CE4	5340
855F7B27	13889
85614ADD	7690
856DF168	15967
856FAAAA	2109
856FD8FE	319
85731477	643
85732A54	18477
85777ABE	19750
857CDA8E	17349
857D6412	8593
857E0232	16647
857F5F82	22448
85811409	13504
858F14C5	19356
85961203	19470
859ADF45	11748
859D6E3D	12992
859E46A5	19039
85A3194C	8289
85A7EA30	7970
85AA6A55	20952
85AFA825	15223
85B38667	4606
85B72809	7327
85B993EB	9849
85BA95E9	2076
85BCF8A4	24634
85BE7CF2	10410
85BEC69C	14030
85BF19A5	8333
85C1B7A4	3976
85CA8A74	22601
85CD7B06	18835
85D06B2B	511
85D19A2C	16938
85D35C0A	982
85D4E652	1228
85D63573	5230
85DD5CEC	5403
85DF7287	22094
85E49F3D	21345
85EE82E6	19670
85EE9925	23255
85EEC8F3	4013
85EFC872	10764
85F16A68	18082
85F2F950	3860
85F4A64B	168
85F4C963	13121
85F52AC6	3771
85F8F840	9301
85F96812	21544
85FA28BF	8411
85FB58AF	1816
85FB6383	15734
85FFD493	22651
85FFD91B	3007
8600D572	22011
86019DE7	19411
8603DD5F	15642
86046ABE	8027
860646F2	18361
8610DB20	1602
8612B999	16371
8618C0D2	13322
861B69DC	18160
861FE2B4	11906
861FF2C5	13359
8621D85B	7347
8621F59F	6682
8622DBBF	9243
86237153	7765
8624BA9D	6348
8626A52E	15607
862C0634	16305
862D957D	22217
863034B9	13316
8630F92D	12132
8631745D	15054
8634F5E3	14692
86386FA6	12607
863D53B1	8224
863EED12	13979
863F334D	5118
8642D3F5	7979
86446108	68
86451488	15538
864E4DDB	7609
864FF72F	12661
8650433C	3424
8653B28E	11454
8656B5F9	1297
865768F0	13424
86585192	11681
865AAF04	16865
86620BDB	24294
8662C55B	14278
86634EB3	13237
866705F2	4590
866D9A1A	4292
866F0283	1639
86741BB2	4385
86782A40	9429
8678926B	3407
867AD7D2	15272
86808CD8	3662
8684E10B	15757
868ABE82	6296
868D0054	11777
868E0F87	18866
869A2ABE	4270
869B4986	22241
869E1378	16236
869E5387	21806
869F0BA3	16953
86AA1C57	15905
86AA4A82	20474
86ACAD69	22738
86AD27BF	9684
86AE19B6	4306
86B092FC	3313
86B29538	20012
86B306BB	17477
86B373F7	7112
86B9548C	17712
86C9EF23	726
86CD3D49	1517
86D13700	15132
86D2B3F8	17595
86D72901	1140
86D904BB	1591
86D9696C	13564
86DA772E	18154
86DF6EE6	19313
86E5066E	6530
86EA35D0	15565
86EAD0F1	2964
86EEE89A	19245
86F10259	6058
86F3234F	6804
86F6BF9D	14351
86F75F9D	16999
86F80879	12435
86F9283F	258
86FA6BA2	12595
86FEBF22	3095
87001212	11223
870B9AF6	18842
870E26B3	23903
870FC094	18284
871359E7	23896
8714861F	13375
8715C3BC	15891
8716B539	17851
87175BF5	19603
871A9AE8	6396
871AA08A	12348
8720831A	18515
8720FA11	6494
8721B4AC	17605
872565B7	10744
872A2809	4339
872BED59	6117
8732E474	5492
8734E257	12762
8737024F	3142
87373BB6	10003
873DCB9B	5186
873EB5A2	11318
874A6B31	13042
874B9410	18561
8750E002	11234
875F740C	13083
8761492C	19167
87616DCA	7337
876355CE	10836
876600A1	20259
876D2D70	15168
8771FF97	5879
87728015	3464
8773B965	9641
87741740	21782
87791411	15874
877FAAEA	4452
877FD8F0	3201
8787B32D	12927
8789CA03	23036
878B16D5	2945
878B39A0	1550
878C2217	23277
87903A2F	20330
87904D5C	15410
8792BD6F	4106
87930836	14178
87946D0A	4789
879783E1	6143
87979D49	21472
879C583D	12415
87A109F2	4240
87A16791	19049
87A3F778	225
87A4C954	15505
87A512C8	23718
87A58B89	20233
87A5E021	2817
87A5F043	8249
87A845F4	10214
87AA495D	21581
87AC53CD	16790
87AC80D4	1266
87B24C80	16458
87B32511	12182
87B32D8F	12919
87B5077C	12211
87BC5E4F	8540
87C08BB4	20058
87C3B9DC	9650
87C96BD8	12121
87CA100D	6450
87CB1E62	3833
87CBA0A2	19971
87CFC268	24228
87D5FC51	10797
87D67FD0	6672
87D8EC08	10631
87DD7F56	375
87E04A67	18277
87E5D1B9	12052
87E8FE0D	12516
87E988A6	22070
87ECD2F0	7037
87EFDBC8	20699
87F8AD1C	11900
87FA7A0E	2524
87FA7E40	9177
87FCB151	13353
87FD4E05	17090
87FDAF09	6725
87FEDC83	20610
87FF1954	4924
880468E6	10137
8808FA8C	22867
8809E6B6	16131
880A10BA	1001
880B3671	4544
880DAE29	10185
880DE067	23669
880FFB48	22496
881138A1	16262
8812CC53	6047
881A9303	15847
881AFD62	10462
881DFED3	23464
882405CA	23108
88248A5B	11083
882633B0	19497
882A9720	8628
882F0D1A	11792
882F6C47	24284
883437C0	12448
88398CDC	5681
883D5D54	18975
88431F76	13988
88437F5F	3104
884793DD	20296
884AE277	20671
884B60B6	21162
884DD82C	23358
88549C4E	24428
8855494C	9206
88555BBF	13749
885614AD	7694
885EE992	23259
885EEC8F	4017
88603DD5	15646
88618C0D	13326
8862C063	16309
886620BD	24298
88734E25	12766
887616DC	7341
88772801	3468
88793083	14182
887979D4	21476
887A512C	23722
887BC5E4	8544
887C08BB	20062
887D67FD	6676
8883D5D5	18979
888555BB	13753
889326A1	9715
889612F8	5588
88968F60	9904
889AF2FE	11868
889BEB1A	7799
889E880D	23685
88A1FF6B	6735
88A69534	22054
88A8515A	15095
88AAD20C	17989
88ACB531	22182
88B00090	12159
88B185FF	3023
88B6EFEF	9237
88BD0526	857
88C21094	59
88C3D264	15514
88C4089C	16271
88C6FDE1	14118
88CE41CA	1669
88CF0BE5	3875
88D0C70D	12618
88D10F81	20073
88D2EA7C	22276
88DB691F	12093
88DC54DE	7759
88DCFEA5	11625
88E02FCB	12569
88E15BF6	329
88E1B65A	13574
88E3A002	7071
88E7890B	13015
88E903B7	24263
88EBF1F2	10905
890734C6	8719
89075110	13772
89078F22	3069
8907981D	4666
890B3ADC	12999
890E2EB7	19610
8918FA5F	14225
8919661C	5514
8919795E	7438
891CB97C	2401
8926B49B	3395
8926F6E8	10293
89271CA4	23777
8929EDDD	23417
892E9787	17875
892EA76B	6342
89326A10	9711
89329929	5924
89371F3F	2216
89455CB6	8162
89470A31	6013
894764F5	7173
894D1013	16146
894E2602	9597
8959F36E	9361
895F645F	12744
895FAB0B	18105
8960216F	14048
89612F84	5584
8963271F	24358
89642227	23703
8968F60B	9900
896B8BE1	13450
896ED74D	8456
896EF310	23487
896FF471	7916
8971F1FE	137
89734E2C	4059
897558B2	13956
89770E1F	18299
89776E2D	23170
897903FB	20745
897BB79A	19808
897CF370	11292
897F3447	10926
897F9B0E	6419
897FDC0D	5548
89809C80	9583
8980EC8A	10248
89810A76	3936
898FF891	2421
89968FD2	20209
899AD0D6	3332
899AF518	24531
89A533D9	22418
89A575A4	19225
89A94B83	15601
89AA46A7	24473
89ACF3F7	23889
89AF2FE0	11864
89B183E0	14087
89B3B966	17302
89B807A2	15121
89BE403C	14757
89BEB1A6	7795
89BFE6FB	1759
89C1E3C2	5794
89C50D3C	16251
89C87FA7	2536
89C8C3E5	6467
89CA03B6	23028
89D2005D	21397
89D276CE	450
89D4B8C6	13285
89D912EE	18314
89DBB26E	24407
89DCBC22	20653
89DD93A1	16513
89E231BF	14128
89E53372	5972
89E880DE	23681
89EA225A	9918
89EB6A29	16089
89F620D0	12462
89F9613D	5764
89FCC4C0	10265
89FD2076	11986
8A007307	11500
8A0250D5	4325
8A04967C	13489
8A05777B	3587
8A0881A9	15859
8A08B88B	3043
8A0A540F	18727
8A0E60D2	8970
8A141297	11938
8A154ABD	14874
8A15F808	16653
8A1A784D	16242
8A1BAB43	2970
8A1FF6BC	6731
8A210C7D	13994
8A24DC7C	2222
8A27A889	9924
8A291187	15529
8A2B861B	18176
8A2E08BE	21921
8A2FE3E9	8397
8A33EFD0	7546
8A37AA4C	2777
8A385EFC	10776
8A3B4156	19640
8A3BE2E8	628
8A3C1E5B	5277
8A3C483C	4679
8A3D43D0	19066
8A3D984C	21864
8A4133A3	24614
8A430FF9	13368
8A4461E9	15523
8A4C2C08	13517
8A4F9357	4517
8A52103B	6937
8A52A892	23797
8A555051	15692
8A58AC67	20546
8A5B9202	11067
8A5D6822	10163
8A5E029F	4736
8A5F5724	7491
8A604C8F	9476
8A60C31A	14709
8A615DDE	19760
8A61EA11	10224
8A62B328	19341
8A6338AF	12324
8A6786B9	17728
8A68B7AB	2913
8A69534F	22050
8A6A44AF	18122
8A6E455B	16067
8A6EB28F	18643
8A744A38	6026
8A74D9A8	22585
8A755C2A	5311
8A79B962	16777
8A84C3FF	20627
8A8515AF	15091
8A8621F5	6690
8A88618C	13334
8A8AFD6D	24194
8A8B710C	15665
8A8E71AD	2611
8A95803F	1062
8A9A3109	23377
8A9BD41D	7746
8A9CFD1B	1917
8A9EBF7C	24061
8A9ED584	7659
8AA145FF	11027
8AAD20C6	17985
8AAF51BD	4895
8AAF87A1	4256
8AB1ACA6	11723
8AB68B65	14994
8AB6C01C	14261
8AB6C827	16050
8AB96C7F	8153
8ABE8297	6288
8AC1D3E7	15816
8AC5BD4A	11542
8AC67403	20534
8ACB5319	22178
8ACCA1B7	19331
8AD1C593	23592
8AD1C889	11888
8AD7DA18	15076
8ADE5017	16751
8AE186DA	18170
8AE1DE45	15884
8AE3B850	19856
8AE57E49	9097
8AE92F92	2042
8AEC0CBB	23315
8AF9BDD0	19916
8AFB51E7	1796
8AFD6DA2	24186
8AFEDBC6	12304
8B00090C	12155
8B016058	21665
8B018D28	16299
8B04329D	11467
8B04C947	4486
8B07A2E7	12402
8B156D80	14268
8B16D58A	2937
8B185FFD	3019
8B1A5D38	4413
8B1E9D75	16916
8B1FD885	4037
8B200462	2562
8B265905	23575
8B267F82	13936
8B277D24	21703
8B27CB32	7392
8B27F63D	24160
8B2868E0	18878
8B2A4FFA	2365
8B315F37	19927
8B316EC3	6555
8B323105	11811
8B379472	10976
8B37D970	16415
8B3931B0	23063
8B39685D	22114
8B39A043	1542
8B3AA6CE	11376
8B4132D9	15948
8B42515C	19875
8B47B1F0	14490
8B47BDA7	14574
8B4A30F6	12230
8B4DD814	23148
8B4E99D5	2294
8B4F5D02	8197
8B534030	18071
8B55822D	18448
8B588561	7706
8B5A9C80	17844
8B5D2195	1315
8B60164F	22321
8B63CECC	22539
8B64679D	3807
8B652AA3	13702
8B654A82	14978
8B655F74	22211
8B6AC534	2930
8B6EFEF1	9233
8B708FDA	785
8B710C07	15657
8B761B94	6544
8B78E429	18426
8B7A94AA	11533
8B7AB4EE	2901
8B7B3ECF	6593
8B7BACBE	6867
8B7D10C5	16324
8B7DA2D7	1333
8B7E7037	18803
8B80ACA5	3254
8B822FAB	21915
8B88B185	3031
8B89968F	20217
8B8C8549	21252
8B8CC9B9	9527
8B91DCE1	22980
8B9284E6	17381
8B93A3AF	17562
8B9F280C	12384
8BA067F2	610
8BA2ED63	15043
8BA4C1D0	2679
8BA92F05	17808
8BAC1BA9	12801
8BADFA81	19596
8BB05AA7	21637
8BB4CDA6	20042
8BB58E3B	15033
8BBC267C	21076
8BBD3B95	6772
8BC01B0A	6198
8BC686F3	6820
8BC745A5	12247
8BC9F8C0	8527
8BCB4EC6	8122
8BD0526F	853
8BD922CC	19945
8BDABA2B	9119
8BDCE4F6	8863
8BDE138D	20434
8BDEE7E1	10436
8BE00291	14913
8BE195DA	13434
8BE1AB2B	22748
8BE880DA	10197
8BE88479	20308
8BE88D2E	22288
8BE8F4B8	12723
8BE947B0	19118
8BEAF9F3	21901
8BEC15D5	1990
8BF0F4BE	8260
8BF3A575	16715
8BF48A9C	1933
8BF4D829	16191
8BF8FA4E	8391
8BF962D8	22557
8BFA7133	24550
8BFB9D6D	7851
8BFC1F4C	18028
8BFD7816	3504
8BFF5EB9	11010
8C007185	19694
8C01D9A3	2174
8C04E9B8	539
8C07E084	7948
8C09C92D	12843
8C0A32B3	3746
8C0A78A6	17748
8C0B1C03	8507
8C0CDDEE	12695
8C0D2E44	13310
8C0E5813	5712
8C12A37B	9395
8C1333A7	10589
8C1E7962	22347
8C1F0258	14076
8C20C2FF	22668
8C21094A	55
8C2217BA	23269
8C2233C2	3885
8C27A48C	7889
8C2F7417	19675
8C2FFEC8	3012
8C38A430	13380
8C39F5AD	11323
8C3A8700	11239
8C3B696B	15173
8C3C81D1	20335
8C3D264A	15510
8C3DA83B	12216
8C3E4B5E	12126
8C3E5080	6455
8C4089C5	16267
8C417868	11797
8C426EC1	23363
8C441EAE	18984
8C4994C9	5929
8C4A2AE5	8167
8C4E43FD	2541
8C517045	21926
8C51BD52	2782
8C51EA1E	19071
8C5BD9F6	6598
8C5D176B	15048
8C5E3437	6825
8C65317E	8279
8C67789E	14148
8C67EA3B	7268
8C69AD48	13265
8C6F913C	5991
8C6FDE11	14114
8C75BBA4	24508
8C797CCB	12279
8C79A2E3	21270
8C79E3FC	15323
8C7ABB61	2474
8C7D2FBB	14218
8C8549DE	21244
8C8BFC1F	18036
8C94246A	11662
8C959038	14379
8C996471	20388
8C9ACDBA	6967
8C9AFBAD	15378
8C9C7FF1	24348
8C9D9FDB	3714
8C9FFF0E	10026
8CA60C35	20495
8CA62FC3	8274
8CA62FEE	7865
8CA6B99D	16625
8CA77200	7005
8CA9C143	6168
8CAA2ABD	4909
8CACE327	3732
8CB0D09C	15768
8CB2127A	887
8CB30E65	5507
8CB47EFF	14525
8CB7A6AE	24091
8CB94E29	18665
8CB9D983	24011
8CBCAF6F	7431
8CC0A358	8823
8CC37881	6067
8CC48CBC	7447
8CC9B984	9519
8CCEABF7	14790
8CD163D3	16927
8CD2C6CC	8318
8CD785D6	5246
8CD84132	3646
8CD86585	11693
8CD8DDAA	700
8CDC9DF6	5665
8CDE0E3B	17688
8CE289EA	9934
8CE2BFB6	12314
8CE41CA1	1665
8CE453AA	5324
8CE64E0F	22155
8CE806FE	20525
8CE85FA2	8423
8CE9F980	5033
8CEC2CB0	19483
8CEF13C4	14143
8CEF44D9	17319
8CF0BE5F	3871
8CF3BF0B	3794
8CF51C72	22843
8CF87A5E	2829
8CFBF41D	7540
8CFD4772	7263
8CFF14C1	14724
8D00542C	11769
8D0097B5	17516
8D03C9E3	10523
8D063934	1845
8D0B9514	22608
8D0C70DF	12614
8D0DE646	6811
8D10F811	20069
8D1155A4	17996
8D129C4C	9604
8D12F76F	19815
8D1CD58E	10124
8D1D0AE6	18492
8D1F763E	5001
8D2411A8	19273
8D24E527	2328
8D27CE36	17960
8D288C40	16283
8D2C82A5	8097
8D2E9C33	4406
8D2EA7C1	22272
8D30C46E	7776
8D30FDFB	20710
8D33D3CD	4201
8D35A90C	13260
8D39066D	17122
8D393144	14013
8D3ACCBD	13227
8D3C6E7C	8694
8D3D1701	3269
8D3D78E6	14686
8D3E2EF4	6786
8D3FD494	2141
8D400BFE	21047
8D437774	19254
8D49C9D3	9777
8D4AE901	19022
8D4B2D16	808
8D4D7478	6389
8D4E5578	13676
8D4FC018	24456
8D504531	12341
8D573ACC	10826
8D57CD6B	8014
8D5CD7CE	5216
8D5D0266	13807
8D5F88DC	11641
8D60D64D	8805
8D650E97	18576
8D65319B	11712
8D670A32	20410
8D68D71B	16584
8D6A97F6	2592
8D6CE042	17041
8D6F567E	1482
8D71BAB3	16572
8D743228	15551
8D756724	755
8D7630E7	11337
8D78A8E7	2623
8D829CFE	17223
8D8789CA	23044
8D8BDCE4	8871
8D93FADC	10094
8D94B12C	24377
8D985A31	8301
8DA1524E	4776
8DA29780	4746
8DA3D8BE	19138
8DA8A154	14886
8DADB917	6221
8DB3B1B8	1894
8DB691F2	12089
8DB96753	17938
8DBC7710	24321
8DBF395B	16684
8DC1AC82	1875
8DC54DEA	7755
8DC94A95	12033
8DCF952A	8681
8DCFEA5C	11621
8DD58530	1728
8DD59E04	16561
8DD806F4	2731
8DDA286E	2984
8DDAA92D	688
8DDD1035	10477
8DDE827C	4135
8DE55F0A	18344
8DE6F25B	20787
8DEA9326	2771
8DEA959F	14843
8DED8959	9377
8DEDBE0E	4876
8DF22794	5986
8DF240B9	20912
8DF5CB45	9144
8DFA6659	11190
8DFBC226	14109
8E01A3DC	8492
8E02D13A	21416
8E02FCB5	12565
8E06B08F	20829
8E0BB32C	21955
8E0D231E	2492
8E0D2C8A	15716
8E0F870B	18858
8E14637C	6004
8E15BF63	325
8E15CC51	649
8E163C53	19362
8E16A9A9	20958
8E1706DE	3982
8E17BF21	10770
8E180355	22017
8E1AA871	15911
8E1B65A5	13570
8E1BE9AE	12601
8E1E2CE6	1556
8E2A2BF5	24200
8E2C9964	23581
8E2E3326	9533
8E2EB06E	12807
8E309E92	7895
8E33BD13	17325
8E360A73	17229
8E364FEB	10100
8E392B5C	20367
8E394F9A	22828
8E3A002E	7067
8E3BF315	15017
8E429958	18414
8E43F47F	12525
8E444D79	11877
8E46B670	17050
8E4AD2CD	415
8E4AD723	20361
8E4BEB84	10955
8E4C90DA	1159
8E4D0BF6	1831
8E5212B8	23762
8E53E6B0	22822
8E5A6095	11430
8E5CBE14	2394
8E615527	14666
8E63AE11	566
8E658E98	22776
8E67687A	21601
8E6AC71B	10117
8E6BD857	22468
8E716646	11822
8E71AD52	2603
8E71DAE3	6624
8E76B9AA	13613
8E7890B3	13011
8E7E811E	18771
8E800B87	7061
8E85732A	18485
8E8B4A30	12238
8E903B73	24259
8E98BE1A	22760
8E9A5B9E	5471
8EA212D8	21172
8EA98F86	5142
8EADEA14	18205
8EAF7AA7	8938
8EB47264	1172
8EB75EA0	1450
8EB77482	24503
8EB84602	556
8EBDA5D8	17544
8EBF1F29	10901
8EC081B2	10619
8EC9EAA1	7164
8ED05589	19634
8ED60D74	21118
8ED718B7	6613
8ED7443C	21493
8ED9DF26	14948
8EDBD408	5833
8EE141F3	19846
8EE21988	24308
8EE4803E	7246
8EE70A3E	22969
8EECBB4B	103
8EEF9B07	9969
8EF3794F	17666
8EF67BC6	17147
8EF8BA06	622
8EFCC55B	15011
8F047B8C	13404
8F052020	18619
8F0777F5	3181
8F0796C6	5271
8F083862	6368
8F0845F6	2007
8F089F96	5776
8F09E6A7	5437
8F0ADBE2	15974
8F0E3541	12355
8F120F30	4673
8F14C566	19348
8F1A7FA9	2148
8F1F7C50	18748
8F22822E	3053
8F242DCC	9862
8F27BB58	20287
8F28D0B9	22620
8F2D4CEE	23213
8F2F2225	5606
8F2F9971	12274
8F31383C	5805
8F316C8C	3818
8F31C2E0	3993
8F345C64	21265
8F3B3390	22529
8F3C3E5D	19984
8F3C7F85	15318
8F3DE26F	1777
8F446863	12627
8F480034	21210
8F4B8C0C	12711
8F4EBAFF	16909
8F4EFF95	12895
8F4F04B8	10659
8F50F42C	19060
8F54EC5A	8218
8F576C20	2469
8F60003A	19101
8F60B4A3	9888
8F62FA51	19128
8F63E12A	14481
8F661333	21858
8F66B73B	24138
8F66CB2C	19196
8F718714	13391
8F73225B	8474
8F7A7193	10045
8F7B4E0F	14565
8F7BDD0C	9452
8F7CAACE	10374
8F7FCD53	12970
8F7FF70E	10859
8F840FFE	9289
8F84A84F	14471
8F863F33	5126
8F8FBC00	22947
8F8FF71D	126
8F90882A	8644
8F9361F9	12070
8F949731	10886
8F9FA0D1	2201
8FA352CB	818
8FA4ECAE	8379
8FA5F77D	14213
8FA8CF51	22855
8FAB0A0E	4979
8FAD1C0D	20844
8FB4B430	8048
8FB54681	10540
8FB7E8DD	10497
8FBB1F56	4994
8FBB44BA	13973
8FBC00B3	22939
8FBC1FF4	24588
8FBE2829	18741
8FBED91E	15997
8FBFA379	20805
8FC3BFD5	4461
8FC4CD68	3341
8FC875F7	13095
8FCA6180	19429
8FCCD378	5112
8FD2EFD9	20193
8FD30F28	4804
8FDA35D5	769
8FDDE0B6	215
8FDF4BC4	8744
8FDFF22D	14512
8FE0DD42	12504
8FE1EC93	16468
8FE2F2D3	8132
8FE887A5	23734
8FEBCAF8	299
8FEC42F7	4030
8FF0A73F	15305
8FF71DD9	118
8FF891CB	2413
8FFCBF5A	5868
8FFE36F1	24335
8FFEE460	19715
90006904	21201
9000F193	6986
90023139	2555
9002EB3A	21386
90044BBB	23183
9007D595	7233
9007E74C	9562
900F319F	14743
901037A8	18604
90104FD9	1120
9011BEB9	9155
90131752	17823
90153C55	11048
901729F0	23098
9019B23F	19451
901A92C2	1253
901E9E2C	16437
901EE311	19002
902B44A6	16163
902E495F	20898
903857D6	8605
90386F6B	14363
9038C12A	9407
903A2FA2	20322
903B5610	11971
903B730F	24251
903FB91A	20733
90418D1D	18508
904407FD	22505
9044D523	24482
9044FE90	11995
904580B0	21674
9046831C	1854
9046A1BB	19263
90475109	21181
904BB51C	1579
904BF667	8575
904CE8FB	24608
904CFBBE	20165
904D5C8C	15402
904E4EA7	19546
904E6B5A	16033
9054AB92	14620
9054B32B	8084
9054E126	11586
9057CA65	23555
906349F3	17970
9066D87F	17110
90674254	20589
90713021	3947
9071C2C7	19373
9072866F	1655
90734C69	8715
9075110A	13768
9078F228	3065
907981DB	4662
907D089C	6487
9081DC0A	6926
90855B8C	5348
9086F928	266
90882633	19505
90882A97	8636
90889E88	23693
909237E9	11204
9093D117	876
9095C7F4	23751
90A65603	18408
90A93BDC	21239
90ABEF64	13892
90ADF555	2112
90B3ADC7	12995
90B4FD46	7973
90B7327D	9852
90B752BD	2079
90B79F14	24637
90BBAB9D	5406
90BE992C	13124
90C3FE58	13362
90C61F25	12135
90CAD6BF	1300
90CB55E0	16868
90CC58AB	14281
90CC69D6	13240
90D93DE4	729
90DA567F	17598
90DAE520	1143
90E2EB7E	19606
90E4ACB6	10747
90EBEE81	13086
90F58A79	16793
90F5901A	1269
90FD1FC1	12519
90FF4F41	2527
90FFE32A	4927
91095C4E	20674
910EE500	3471
911264D4	9718
9112C25F	5591
91135E5F	11871
91184212	62
91187A4C	15517
9120F1E4	3072
912BF561	18108
912D717C	13453
912DDAE9	8459
912DDE62	23490
912DFE8E	7919
912EE1C3	18302
913A9718	13288
913CA66E	5975
91411035	15862
91411711	3046
9141CC1A	8973
91452230	15532
914AAA0A	15695
914B7240	11070
914C3D42	10227
914EAB85	5314
91539FA3	1920
9156D904	16053
915D25F2	2045
9164EFA4	21706
91662BE6	19930
9166F28E	10979
91672D0B	22117
91684A2B	19878
9168F63E	14493
916CA554	13705
916F7597	6870
916FB45A	1336
91780361	6201
917D1E97	12726
917E9153	1936
917F83E9	18031
91800E30	19697
91814F14	17751
91826674	10592
9183CF2C	22350
9187903A	20338
9187CA10	6458
91882F0D	11800
918F576C	2477
918FA5F7	14221
91935F75	15381
9194C5FD	7868
9196424F	890
919661CC	5510
9196F4D5	24094
919795ED	7434
919B1BB5	703
919BC1C7	17691
919E77E1	3797
91A22AB4	17999
91A61FBF	20713
91A7C5DE	6789
91A95D20	19025
91A9F803	24459
91ABF11B	11644
91AD9C08	17044
91B5142A	14889
91BB450D	2987
91BCABE1	18347
91BF4CCB	11193
91C7256B	20370
91C8D6CE	17053
91CB97C2	2397
91CD7B0A	22471
91CE2CC8	11825
91CED735	13616
91D34B73	5474
91DCE147	22972
91DECF78	17150
91E15B7C	15977
91E6385C	3996
91E88D0C	12630
91ECD965	19199
91EF7BA1	9455
91F26C3F	12073
91F69686	8051
91F94C30	19432
9200FAB2	7236
9202A78A	11051
9205C92B	20901
9208B016	21677
9208D437	19266
920A9C24	11589
920E2604	3950
9216E64F	9855
92196ABC	16871
921B27BC	732
921B5CA4	1146
92224C9A	9721
92296E48	11073
922BA4BE	2048
922CC57C	19933
922CDE51	10982
922DF68B	1339
923298BF	7871
9237E999	11196
92391AD9	17056
92411602	21680
92415384	11592
92432D57	16874
92575B0B	21567
9257F9D7	20884
925821E4	15428
9258DA3D	19150
925AF1C5	12826
925C263C	23235
925EEAF5	9075
9263CA34	22630
926407A7	16447
9266DC66	7468
92675416	18921
926868AB	6308
926B49BA	3391
926F6E89	10289
9271B452	4757
9271CA42	23773
927293D1	2321
927CF675	21335
927FD38E	21517
9281DE80	22906
9283F43D	246
9284262D	14596
92848D5F	11657
9284E685	17373
9288B000	12167
928FC3BF	4469
9290ADF5	2120
92952ADC	12024
92987FA7	9189
929B7230	22369
929E95C3	5904
929EDDD2	23413
92A09D62	20460
92A8360A	15488
92A9CA90	21
92B2070D	14374
92B29C9B	16831
92B2DBEB	10737
92B4B378	409
92B5C8C3	20355
92BAD85F	21564
92BD6F4C	4098
92BFCEBB	20881
92C10F20	15425
92C2EA73	1237
92C4B8F8	146
92C54D18	23386
92C59D53	11385
92C6D1EC	19147
92C7E43A	13104
92CF8522	13476
92D1E108	2018
92D4B1C2	668
92D78E2E	12823
92D7B11B	12112
92D95312	20768
92E131E5	23232
92E63DFF	10873
92E97871	17871
92EA76B6	6338
92EDF595	21447
92F0597F	17796
92F18139	12854
92F757AC	9072
92F92D1E	2030
92FAE112	10949
92FCFEA8	3297
9300A188	7365
93031583	15831
93074165	2669
93083631	14170
930B0228	13511
930C5B2A	22224
930E5450	4346
93144218	14001
931B0F13	23051
931E51A1	22627
93203D3C	16444
932436B9	1153
9325506C	15495
9326A10D	9707
9326E98D	2755
9329929E	5920
932C82BE	23568
932C8E39	20383
9336E331	7465
933AA0B3	18918
933F6FF2	17177
933FC106	13929
93425D6B	8783
9342FDAC	1825
9343455F	6305
9345FD38	24559
9347BE55	10383
935086AD	9700
935232C8	901
935556AD	23946
93571609	4501
93574C56	11563
9359B745	6962
935A4DD7	3388
935F75B8	15373
9361F974	12062
9371B296	24388
9371F3F4	2212
9372BE23	1691
937309AA	9510
9374C6EC	2748
9375FCE7	3374
9376E5FB	7595
9378BE00	14925
9379487A	16810
937B744F	10286
937E8FA3	834
9383EB91	22141
9389DBB2	24415
938B9284	17389
938DA297	4754
938E5212	23770
938FFE36	24343
939376E5	7603
9393A74F	9768
93949E8B	2318
939F5B7A	13866
93A1337C	16497
93A27ADA	16099
93A3AF69	17554
93A74F9F	9760
93A9E4F2	19532
93AB6122	23513
93B22DEE	6881
93B2B83F	8369
93B3FB79	3709
93B6758E	439
93BB8C49	5945
93BDC7A4	21227
93BE9241	21696
93BEDCF5	5652
93C1ED20	14643
93C7DBF4	10506
93C84413	19514
93D117A0	868
93D11C2B	340
93D169D3	2305
93D17D11	22299
93D5429D	7155
93DADE33	8845
93DB8843	3120
93DDAC3B	20280
93DE382E	21969
93DE466C	717
93DFD0F8	9669
93E0AFDF	17441
93E16BEA	15233
93E30EDA	15183
93E35BD5	1492
93E4D5C5	4511
93E4EC8B	6891
93E59930	7385
93E71B72	17953
93E7B3AA	21332
93E98A5F	7507
93EB9F80	9833
93EFFC18	1397
93F10480	23119
93F18163	8518
93F51973	24026
93FADCA0	10086
93FB1ECD	24153
93FDCBC8	12655
93FE9C76	21514
93FEBD1A	2351
93FFE1CD	10021
9400ADAC	3453
9404BEFB	7312
9405FE2F	16737
94063C38	12369
94076D40	23019
940E6293	13535
940EF406	22903
941057FE	18545
9410CF12	3418
9419BBA1	6520
9419D8F7	10065
941FA1E8	243
94201A25	6441
94213168	14593
94246AFC	11654
942527BC	21984
9427342B	17370
94337814	1644
9434707C	18871
943570CD	4311
9436FB77	19318
943A5CA0	18566
943F4C45	22075
94458004	12164
94462044	16276
944B2111	23708
944C7FC4	2426
9455CB63	8158
94571DC2	19861
9461ED41	12221
94685CA8	22613
9469208D	19278
946D0A92	4781
9470A31B	6009
9470B54D	20963
94725F5C	10960
9472D304	11435
94733B43	21606
94757BD5	8943
94764F55	7169
94782901	18624
9479216E	9867
947B0001	19106
947E1DFE	4466
9480827E	1125
94840EE0	6931
9484AE3F	23756
94856FAA	2117
9487AC53	16798
949731EF	10878
949E8B4E	2310
949EF1C1	21974
949F0B5F	15238
94A956E4	12021
94A9C1DF	1206
94A9C79E	20001
94AA249C	23791
94AA4AA7	35
94AA8D4E	13692
94AAC500	11517
94B12C64	24369
94B1A253	9615
94B3E8D7	2643
94B83F86	15589
94B9ABB3	3233
94BC30FF	11919
94C186AA	20490
94C300CE	19420
94C3FD3F	9186
94C5D260	2688
94C5F87A	8269
94C5FDCE	7860
94C66C32	11702
94C6EF41	4144
94C94F4A	5913
94C9625C	155
94CB9DC9	23538
94CDC9DD	5962
94CF6580	22408
94CFEAAE	18260
94D1013C	16142
94D66239	13033
94D733BD	16620
94D930E5	4358
94DB9183	22366
94E1DD05	21792
94E26027	9593
94E29BAC	18653
94E4DE52	16820
94E99523	13639
94ECA396	11448
94EE4003	7000
94F4AE1D	5901
94F6EE92	23410
94F818B3	23083
94F9AC26	22816
94F9DDD5	17646
9503E82F	18713
95040452	20567
950476CE	14961
9504EB17	20457
95079D65	2261
9509F300	14458
950F963C	3840
951404A1	4332
9514E9B3	22592
9516AB04	18455
951986F1	6074
951BDB12	9384
951C05A2	21423
951FA61E	4811
95216F3E	4
95239DAE	13623
95271725	17396
9527FD7A	2358
952A08ED	14968
952A2D56	18462
952A747C	8665
952ADC82	12016
95312F20	20756
9534F470	22038
95350B67	4621
95382879	6163
95383BEC	1201
9538F3C3	19996
953A3E42	8658
953BD01D	23833
9541B053	15485
9544938E	23786
954557A8	4904
9548CDE0	17700
954954E5	30
954E5485	18
9551A9CA	13687
95533101	4563
95541454	15686
9558A007	11512
9559DD02	10361
955CE37C	20930
955E1329	13662
9563028C	3756
9565EB22	1959
956E4113	12009
95725084	14607
9576F713	473
957A37AA	14857
957C289D	18334
957DD115	22201
957E07B7	11132
95803F01	1054
9580C1FE	18394
9590386F	14371
9594E4DE	16828
9596DF5E	10734
959C64EC	3727
959F36E6	9357
959F37F3	14827
959FC22E	17584
95A47DA5	8061
95A59BC1	406
95A5A607	7209
95A8D33D	4213
95AD3CB4	22725
95AD7E43	1291
95AE461E	20352
95AFCAD8	13175
95B00BF3	13158
95B142BF	16664
95B8122C	21725
95B97C96	11406
95BA2A7B	7673
95C1FAC2	8358
95C3B8FF	5888
95C4EE5E	20662
95C7F443	23743
95CCCF96	16360
95CF2AED	488
95D203DC	19013
95D46DF9	16697
95D691EC	19215
95D6C2FC	21561
95DA3C11	13418
95DF3EDE	21011
95E922BA	2060
95EB7A65	4095
95EC450F	6748
95ED4978	12871
95EDF5E2	7418
95F09086	282
95F119C8	1680
95F645F4	12740
95F6ACFC	6110
95F925EE	9087
95FAB0BE	18101
95FE75DA	20878
960216FB	14044
96026C94	22390
9604C41C	5698
96087904	15422
9608B7D1	16336
96120336	19462
9612F84B	5580
9613DBA8	5752
961464A1	11675
96175399	1234
961A1384	15763
961D8524	19173
96258085	14054
96258C9C	24364
9625C7C7	143
962A2186	13340
962A68C4	23383
962B19D0	20540
962B7940	16757
962CEA9B	11382
962D8059	22327
962D8F3B	22545
962E265A	20223
963145C1	21932
963271FF	24354
96344A71	9610
96366168	8307
96368F62	19144
96385731	655
963A62F8	22766
963CC5B2	3824
963F21D7	13101
964152CC	8090
96415F29	23561
9642227A	23699
96424F44	882
96452AA8	15701
96471C95	20376
9652C689	9621
9656E048	21731
96587614	19179
965A2DC2	799
965A9FB5	3619
965AFA20	1023
9661CCB9	5502
96629D12	6036
9664C028	7375
9665691F	8071
96676A80	17282
966F043E	396
966FAEA5	11168
967537A8	17926
967C2912	13473
967D1AF1	2638
968124FF	21532
9685DF72	22102
9686046A	8035
968B708F	793
968BDABA	9127
968F0845	2015
968F60B4	9896
968FD2EF	20201
968FDFF2	14520
9696CA07	13552
96981FA2	7199
9698256E	11424
96983EAE	22704
969D8D2C	8113
96A58E15	665
96A63399	22169
96A67720	23206
96A76EDD	23638
96A7ED62	3613
96ABC139	16859
96ADFB1E	10682
96B4D1C8	12544
96B81C36	15153
96B8BE19	13446
96BB62FF	3522
96BC7175	12820
96BD88DB	12109
96BE880A	1017
96C16CCF	21153
96C66BC2	5255
96C7A77F	12904
96C7F179	8141
96CA0731	13544
96CA9897	20765
96CD6386	15929
96D64F8C	15197
96DF5E13	10726
96E19118	78
96E32E53	18675
96E480A9	11061
96E7B8F0	5457
96ED74D4	8452
96EF3103	23483
96F4D5C5	24086
96FC5126	2235
96FF4718	7912
97056D86	16395
970610D0	3681
9707F0DD	15584
97098F2D	23229
970BE94C	175
970FB1D8	10638
9712FFB8	5555
97178E8B	12254
971819BB	12702
9718D35A	13272
97192B20	14386
971F1FEE	133
972070AF	8612
9722752E	13295
9723A696	5481
972482A7	11599
972820AF	18552
97293E16	15245
9729C537	18660
972F8516	2388
9731EFFE	10870
9734E2C7	4055
97357670	3228
9736E7D1	5169
973B307B	24006
973B93AB	23529
974145EC	19962
97453522	18131
9746E4A5	12042
9747DAA3	10549
974BC38B	17868
974BEFEA	9043
974E19D0	4399
9753B5B2	6335
9753E086	22265
97558B26	13952
97584731	583
975A0880	10157
975AFAC7	8769
97625CD3	4069
97634025	17526
97696E19	90
976A3878	1570
976BC3C6	23294
976FACA8	21444
9770E1F8	18295
9776E2D3	23166
977A5317	2702
977EC826	20182
977FA76D	6264
97808546	2807
9780A7E6	4730
9782CBFA	17793
9783E1CA	6135
97845426	20640
9784653B	7018
97861FE2	11914
978716B5	17859
978721B4	17613
97890734	8727
978C09C9	12851
97903FB9	20741
979112C2	5599
9791E88D	12638
9795EDF5	7426
979B390C	14301
979D4976	21464
97A55F81	11142
97AC8BF4	1949
97B5850D	17500
97BABD65	9069
97BB79AD	19804
97BD34DF	13206
97C10C7A	8239
97C1D462	6846
97C25C4B	5569
97C28B2A	2381
97C58D2E	4422
97C962CE	11394
97C968F0	2027
97CA87CB	3849
97CCB8BC	12267
97CF3700	11288
97D5C933	7485
97D70897	10946
97DDF443	14203
97DF6EDB	7299
97DFD41B	9034
97E7F546	3294
97EB5E3B	5855
97ECCE21	8566
97EEB75D	7577
97F06E91	11849
97F34475	10922
97F555C8	17776
97F62C80	2576
97F9B0E3	6415
97FDC0DE	5544
980287A5	20249
98050C43	7362
9805807F	14439
9808D1F7	5013
9809C803	9579
980DF040	20135
980EC8A6	10244
9810A760	3932
981323DE	9470
98146B06	8818
98164DCA	1705
981892E9	17887
9818AC1D	15828
981DB84C	4650
981FA251	7191
98207DB3	10327
982333AA	14800
98256E5F	11416
98265AED	3536
9830C69E	14703
9830D549	20485
9834A3AB	8956
9835DD49	17466
983A0B29	2666
983A2C10	11481
983D9D3E	23991
983EAEE8	22696
9841B18C	14167
98423996	22790
9845DE13	21085
984CCF9F	21848
984D5314	9499
985508D5	13827
985549E0	14660
985777AB	19754
98581140	13508
985A3194	8293
985E49F3	21349
986019DE	19415
98622DBB	9247
98623715	7769
9862D957	22221
986B2953	20016
986F1025	6062
9872A280	4343
98732E47	5496
98737024	3146
987946D0	4793
987A845F	10218
987CFC26	24232
987D5FC5	10801
987EFDBC	20703
987FA7E4	9181
987FEDC8	20614
9880B367	4548
9881DFED	23468
9882F6C4	24288
988398CD	5685
988A6953	22058
988E7890	13019
98919795	7442
9897903F	20749
98980EC8	10252
989C1E3C	5798
98A210C7	13998
98A3B415	19644
98A3BE2E	632
98A4C2C0	13521
98A5F572	7495
98A604C8	9480
98A615DD	19764
98A744A3	6030
98AB68B6	14998
98AC5BD4	11546
98ACCA1B	19335
98AF9BDD	19920
98B156D8	14272
98B47BDA	14578
98B64679	3811
98B761B9	6548
98BA4C1D	2683
98BA92F0	17812
98BE1AB2	22752
98BF0F4B	8264
98BFB9D6	7855
98CD8658	11697
98CDC9DF	5669
98CE2BFB	12318
98CE64E0	22159
98CEC2CB	19487
98CFF14C	14728
98D12F76	19819
98D3ACCB	13231
98D3C6E7	8698
98D8789C	23048
98DD806F	2735
98DDE827	4139
98E1706D	3986
98E2E332	9537
98EB8460	560
98F28D0B	22624
98F2D4CE	23217
98F7FF70	10863
98F863F3	5130
98FF891C	2417
9901E9E2	16441
9912DDAE	8463
991882F0	11804
991A22AB	18003
991A7C5D	6793
991EF7BA	9459
9921B5CA	1150
992224C9	9725
9925C263	23239
99267541	18925
99288B00	12171
9928FC3B	4473
9929E95C	5908
992A8360	15492
992C4B8F	150
992C7E43	13108
99300A18	7369
9935086A	9704
9937309A	9514
99374C6E	2752
99383EB9	22145
993EB9F8	9837
99436FB7	19322
994A9C1D	1210
994C94F4	5917
994E9952	13643
995239DA	13627
9952A2D5	18466
995350B6	4625
99580C1F	18398
995A47DA	8065
9963145C	21936
9963A62F	22770
996415F2	23565
996471C9	20380
9965A9FB	3623
9966FAEA	11172
9968FD2E	20205
996BB62F	3526
996C7A77	12908
996CD638	15933
997178E8	12258
99723A69	5485
9973B93A	23533
997625CD	4073
997BD34D	13210
9981892E	17891
99845DE1	21089
998622DB	9251
99880B36	4552
99966FAE	11176
999C483A	13785
999D3B74	10578
999F2C11	16351
999F3FF0	21839
99A6F099	5103
99A6FE35	9799
99AD0D61	3328
99AF518E	24527
99B4C359	20029
99B71989	7462
99B93BB8	5957
99BE3F87	16482
99C17CAA	4584
99C43DE2	8553
99C483A8	13781
99C82203	22514
99CA938B	17405
99D1F783	24599
99D3B74B	10574
99D3FEA1	2871
99D5059C	18915
99D57EE8	14785
99D5CA83	2278
99D67DDA	5079
99DA1EA9	21595
99DAA020	17276
99DC8022	23196
99DEDC6B	16605
99DF374A	23858
99E1AE55	17722
99E9E6BB	4194
99EA3B58	21132
99ECB013	22403
99F1A801	21058
99F2C116	16347
99F3FF04	21835
99F77CC0	20156
99FB7F91	17174
99FD55D3	18255
99FE0830	13926
9A01818C	18060
9A043669	1530
9A0CC132	3549
9A12EB5F	8780
9A15F36A	17355
9A17ED62	1822
9A1A2AFA	6302
9A1A68AA	4276
9A20279A	16137
9A23AFC7	10911
9A24A7B7	23423
9A2ABE1E	4262
9A2C7A75	16922
9A2DEAD3	2907
9A2E3215	21258
9A2FE9C4	24556
9A30EA1C	11245
9A3109BB	23369
9A38A8AF	24206
9A390FD1	12531
9A3C69FE	2154
9A3DF2AB	10380
9A4A077A	22912
9A4FD465	24032
9A533D96	22414
9A54D3D1	22044
9A575A47	19221
9A58D985	8313
9A595B81	21737
9A5B9EE3	5463
9A5E1194	7024
9A634F1B	8704
9A6F099D	5099
9A6F95AF	13191
9A6FE352	9795
9A712BEC	12755
9A7163FB	4048
9A7A3860	22031
9A7A93E3	1508
9A7CDB5A	9331
9A843569	9697
9A85B386	4614
9A88248A	11091
9A8B2868	18886
9A8BF962	22565
9A8CE85F	8431
9A912BF5	18116
9A919642	898
9A94B83F	15597
9A955CE3	20938
9A9C85DD	5419
9AA46A7E	24469
9AA62981	9490
9AA7BB61	12953
9AAAB56E	23943
9AAFF11C	13593
9AB1C6C9	10111
9AB5B6E4	5374
9AB8A9EB	24073
9AB8B04C	4498
9AB91935	15393
9ABA62B1	11560
9ABB3877	3221
9AC26108	22804
9AC70D54	15920
9ACC473C	13028
9ACDBA29	6959
9ACF3F73	23885
9AD0D612	3324
9AD26EBF	3385
9AD48663	13253
9AD5D98A	19784
9AD69E3E	16019
9AD76190	7997
9ADA4E89	16113
9ADC0FC5	4704
9ADCEDBC	24128
9ADF4558	11740
9AE053EC	971
9AE677B7	16615
9AE88E02	12581
9AE8F083	6380
9AEE6892	23437
9AEEB360	4176
9AF0BAC6	5241
9AF2FE0D	11860
9AF518EB	24523
9AF60D16	18826
9AF615FD	22462
9AF9C39E	5203
9AFBADC1	15370
9B04A637	4157
9B052056	16178
9B07719C	9953
9B082659	3641
9B0CB0A3	11688
9B0D3E17	16960
9B0E3535	6403
9B0FCBA3	12059
9B10E69C	12773
9B124DED	10300
9B183E04	14083
9B1BB552	695
9B23F298	19439
9B2536E4	22376
9B261CA8	4353
9B2CB0EC	19186
9B3517F2	22572
9B383C6B	11358
9B38A4F9	4529
9B390CC5	14293
9B3B9667	17298
9B49862D	22233
9B4A3490	19287
9B4C3594	20025
9B51C677	17336
9B61FF53	17100
9B66869A	4286
9B6B42FC	9318
9B719891	7458
9B723079	22361
9B734F9B	9342
9B73E8EA	5162
9B745290	6950
9B803AD9	11273
9B807A22	15117
9B8127B7	3135
9B85D06B	519
9B8B5885	7714
9B8D94B1	24385
9B8F9FA0	2209
9B9156D9	16061
9B93BB8C	5953
9B93BEDC	5660
9B95F119	1688
9B962B79	16765
9B984D53	9507
9B9A595B	21745
9B9DDB51	9996
9B9FBAFA	7101
9BA54EF4	23843
9BA63760	2745
9BACA3C1	18637
9BAFE73A	3371
9BB0293F	23139
9BB05838	23349
9BB72FDD	7592
9BBA1C83	6508
9BBDDC32	12682
9BBECB8C	14403
9BC082A2	16217
9BC0A0C1	1633
9BC10FBA	390
9BC1C779	17683
9BC26759	5093
9BC5F001	14922
9BC96CA9	20777
9BCA392F	10969
9BCA43D6	16807
9BCA7CEE	17655
9BCDFFD6	942
9BD40998	17911
9BD41D9B	7738
9BDBA27F	10283
9BDD0564	19904
9BE3F87B	16478
9BE403CC	14753
9BE56BF2	13185
9BEB1A61	7791
9BEBA97A	11162
9BEC6EAC	1741
9BECB82B	16408
9BF47D1A	831
9BF8D49C	9789
9BF98233	14812
9BFE6FB1	1755
9BFFAC10	933
9C0840AC	17028
9C0B491C	17073
9C0DE39F	18789
9C0F1C6C	17244
9C143CBC	6156
9C17CAA9	4580
9C1DF63A	1194
9C1E35D8	11351
9C1E3C22	5790
9C1F5719	14548
9C1F5C8B	22138
9C217ED8	15744
9C24D5D3	11573
9C28A958	1074
9C28C996	20400
9C28F8FB	22959
9C33382F	4595
9C33A0DD	4390
9C39EE5C	5191
9C3BA0BA	21787
9C3BFEC7	3206
9C43DE2F	8549
9C483A88	13777
9C4AFB22	12749
9C4C04E4	9588
9C4CD7A8	24536
9C4EDD93	24412
9C50D3C2	16247
9C513D44	9929
9C527C9A	4522
9C537594	18648
9C57F6DE	12309
9C583D17	12407
9C58FEC4	4042
9C599188	11816
9C5C9427	17386
9C64ECFE	3719
9C64FFF8	10031
9C674FCC	5038
9C6B3851	20415
9C6B54BF	2597
9C6D14BC	4751
9C6DCB3A	17943
9C6F9205	20917
9C729095	23767
9C76B8C5	6618
9C76BA21	21498
9C79E1F2	19989
9C7FF1B7	24340
9C803F3A	9567
9C8098BA	17828
9C82203F	22510
9C8336C3	17115
9C839433	1660
9C85DD5C	5411
9C8662C5	14286
9C87FA7A	2532
9C8A755C	5319
9C8C3E50	6463
9C90D93D	737
9C92D78E	12831
9C9594E4	16836
9C98A210	14006
9C98D878	23056
9C9BB72F	7600
9C9BCA43	16815
9C9D3A7C	9765
9C9D4F27	19537
9C9ED6F1	8850
9C9F2764	6896
9CA03B6A	23024
9CA399DA	21611
9CA4F45A	2315
9CA90B79	9
9CA938B9	17401
9CAAF099	13667
9CAD8A15	16669
9CB42EFB	22107
9CB53B76	23643
9CC9C1F5	22150
9CCA54E0	1215
9CD021B3	1535
9CD0AF9B	17360
9CD45943	18891
9CD6B4F1	16024
9CE33A7E	5043
9CE8FC4C	3353
9CFADBD4	13863
9CFD1B67	1909
9CFE7EDE	17207
9CFF0CF5	15287
9D00DFC6	20520
9D06ECA6	4379
9D095040	20579
9D099BE3	16494
9D0BF451	8418
9D128E14	6020
9D13D6D4	16096
9D150C43	6697
9D1D7B4B	17551
9D1F2110	8651
9D1F783F	24595
9D1F899A	3348
9D2005D6	21393
9D276CEB	446
9D2BA8DB	16704
9D31C5C6	9544
9D32A473	13634
9D33AB95	2285
9D366A2F	22579
9D370BA0	526
9D3A7CFD	9757
9D3B74BA	10570
9D3E7A84	23975
9D3E7ECC	9750
9D3F3011	5028
9D3FEA14	2867
9D426179	21363
9D487FF1	4936
9D4976FA	21456
9D4B8C69	13281
9D4DEA04	17920
9D4F2790	19529
9D5059CD	18911
9D536707	11369
9D570AA8	5305
9D57EE89	14781
9D57EEBA	21313
9D5B0912	23510
9D5CA83C	2274
9D62F784	20444
9D6392B4	425
9D65BF14	2245
9D661F57	10811
9D665EF4	13220
9D67A70A	1092
9D67DDAF	5075
9D6D407D	7835
9D6E3DFF	12984
9D75FEA4	16900
9D76B8FA	20864
9D83E07C	3914
9D83F0D6	7131
9D859612	19478
9D8B4F5D	8205
9D8D2C82	8105
9D8DC1AC	1883
9D8F7A71	10053
9D912EE1	18310
9D916F75	6878
9D9472D3	11443
9D95C1FA	8366
9D983D9D	23999
9D99C822	22522
9D9AB5B6	5382
9D9FDBCB	3706
9DA1EA92	21591
9DAA0209	17272
9DAA8432	7630
9DAD9268	6324
9DAE6ABF	13607
9DB324CE	18936
9DB3AC72	436
9DB567C6	6246
9DB7848C	24115
9DBA5D1F	10563
9DBB26E3	24403
9DBB361A	16975
9DBB760F	23628
9DBF60A5	14327
9DC80078	6995
9DC80225	23192
9DC9D5B0	23522
9DCAF622	6757
9DCB2963	9630
9DCB33B5	17291
9DCBA29A	18140
9DCBC22A	20649
9DCCE9FF	2880
9DD02E60	10349
9DD93A13	16509
9DDA0D92	15452
9DDB51DD	9988
9DDC624C	5942
9DDD54BC	17634
9DE2788C	14138
9DE28F66	21874
9DE76CC9	18946
9DE7BE41	19395
9DE80EBC	23826
9DE89B3B	17314
9DEDC6B4	16601
9DEE3D20	21224
9DF26F17	14936
9DF374A9	23854
9DF49208	21693
9DF6E7AB	5649
9DF85F52	3783
9DFF2BDA	12886
9E04FBFE	16545
9E0970FB	10650
9E0A9038	9423
9E0D4B56	10699
9E0F6905	14640
9E137810	16228
9E17CBE5	3866
9E1AE552	17718
9E1F2E82	19977
9E231BF7	14124
9E242CEB	13005
9E249AD2	3401
9E299E1A	17734
9E2A8517	11033
9E2CDF65	16421
9E373E54	8687
9E3EDFA3	10503
9E3EFB64	16003
9E3FC29C	15311
9E422098	19511
9E46A574	19031
9E4D1EF9	10389
9E4F2110	19520
9E533727	5968
9E538774	21798
9E55DBDC	479
9E58B601	22333
9E5A60FA	22710
9E6A7217	5425
9E6B693A	16119
9E6BBACD	4182
9E6E00EB	11279
9E6E58AD	16771
9E776836	15458
9E77E17D	3789
9E7EE677	23876
9E83A383	2510
9E880DE0	23677
9E88BD05	865
9E88E15B	337
9E8B4E99	2302
9E8B80AC	3262
9E8BE88D	22296
9E8E1803	22025
9E923298	7879
9E95C3B8	5896
9E9C28A9	1082
9E9E6BBA	4190
9EA126AA	23961
9EA225A3	9914
9EA38E53	22838
9EA3B583	21128
9EA4F8D6	1502
9EAA14EC	7152
9EAD7BC7	5631
9EB5F4B9	15266
9EB6A29B	16085
9EBA0462	8188
9EBC730A	14679
9EBF7CD2	24053
9ECB0136	22399
9ECEABF7	21322
9ED584ED	7651
9ED6F198	8842
9EDC421B	3117
9EDD4214	5741
9EDDD258	23405
9EE3C279	5447
9EE5CDB9	5179
9EED61D9	20277
9EED8787	12943
9EEFBC0B	8912
9EF137FC	1770
9EF1A720	17133
9EF1C176	21966
9EF23363	714
9EF9071C	19385
9EFE87C3	9666
9F031672	23078
9F0434DA	22254
9F057EFD	17438
9F0A44B5	13467
9F0B5F50	15230
9F0BA334	16945
9F0F257A	4113
9F0F4BC0	2824
9F148267	24621
9F177A77	6779
9F1876D2	15180
9F1A8017	21054
9F1ADEAC	1489
9F1B5B72	6228
9F217D32	13131
9F26AE2C	4508
9F27645B	6888
9F280C78	12376
9F2A54E8	8672
9F2B51A6	4220
9F2C116F	16343
9F2CC980	7382
9F300B00	14446
9F30AA11	13834
9F3584C2	22811
9F36D685	9325
9F36E69F	9349
9F37F304	14819
9F38DB96	17950
9F3BBAA9	17641
9F3BC51E	21881
9F3C9A3D	10396
9F3D424D	23968
9F3D9D57	21329
9F3EDBB4	15797
9F3F551D	18228
9F3F6648	9743
9F3FF043	21831
9F46BC54	2632
9F4754C7	5151
9F4C52FA	7504
9F54598B	6568
9F5AD12F	11311
9F5B7A9F	13858
9F5CFC03	9830
9F620D0D	12458
9F66F37F	952
9F67D516	6578
9F6DDA32	15790
9F6F406B	20996
9F76BE73	5065
9F77CC06	20152
9F7E83A9	7535
9F7FD13B	16532
9F7FE0C0	1394
9F80310A	24447
9F806669	9817
9F832A33	6089
9F84D1C5	24219
9F85BE7C	10418
9F882405	23116
9F8C0B1C	8515
9F9011BE	9163
9F9613DB	5760
9F9808D1	5021
9F9ADC0F	4712
9FA0478F	18765
9FA0D180	2193
9FA36CEC	1904
9FA3ADD7	1460
9FA8C07E	7960
9FA8CB9D	24023
9FA8EE48	7258
9FAA8EAD	18221
9FB32444	9736
9FB3ACF4	1103
9FB58A05	3603
9FB7933F	17193
9FB7F91D	17170
9FB99DF3	23870
9FBAFA23	7093
9FBF4A8F	4828
9FC22E4E	17576
9FCBAC23	592
9FCC4C07	10261
9FCFDBC9	17202
9FD2076A	11982
9FD4B924	11612
9FD51A7A	3284
9FD55D3E	18251
9FD6E506	10083
9FD8F66B	24150
9FDBCB83	3698
9FE08306	13922
9FE19EB5	15282
9FE29830	14719
9FEA4A42	2134
9FEE5E47	12652
9FF4156E	6658
9FF4E3B5	21511
9FF50A0B	2860
9FF5E8D2	2348
9FF821A7	21824
9FFF0E6E	10018
A002E1FB	7055
A0056D61	3450
A005FF54	21040
A0073074	11496
A00A859A	11764
A012F6B0	17511
A01818C8	18056
A01BF8CA	20515
A01D8B91	22996
A0209C0F	17260
A0233610	3656
A0250D5C	4321
A025F7DB	7309
A02FF17E	16734
A031E1C6	12366
A035E51C	20981
A0374404	22884
A03AF14A	23816
A03B6A01	23016
A03EF444	7820
A043669E	1526
A0462515	8176
A0478FBE	18757
A047989C	5814
A0493FE9	21526
A04967C2	13485
A04CC0C4	17900
A04CCE24	13794
A05777B6	3583
A05CC103	10340
A061561D	13064
A067F2EB	602
A0731498	13532
A077A037	22900
A0781DD9	19574
A0793C7D	10518
A07D05FD	18708
A07E6E69	21759
A0808A58	20562
A082BFF0	18542
A0867892	3415
A0880468	10145
A0881A93	15855
A08A6338	12332
A08B88B1	3039
A08ED9DF	14956
A094BC30	11927
A096D64F	15205
A0996CD6	15941
A09D62F7	20452
A09F0F25	4121
A0A2A2DC	15675
A0A2F648	19955
A0A4DFA3	844
A0A540FA	18723
A0A5DFE9	6274
A0AB121C	19625
A0AB771C	6647
A0AC8B42	19891
A0B056D4	1426
A0B19F0F	2840
A0B2967D	2654
A0B39A8B	18902
A0B98A3B	19656
A0BA07E6	21771
A0BFA96E	18695
A0C10C21	1617
A0C72685	1840
A0CC132D	3545
A0CDDD0E	6517
A0CEC7BD	10062
A0D1803B	2185
A0D6573C	502
A0D829E7	15478
A0D92582	15440
A0DD94D9	4374
A0DFC020	9015
A0E60D28	8966
A0E8E0D2	2504
A0EA4FA6	7521
A0ECDC5A	7727
A0EE033A	4959
A0EF87B3	12198
A0F3ACB7	2256
A0F98D12	19831
A0FD0F47	240
A100D12F	6438
A108513E	12481
A1098B47	14590
A109F2B5	4232
A10A3039	5726
A10BA6B8	989
A10C9C9B	7616
A10D5A4F	9691
A1139187	6474
A117D101	10204
A11ABA04	13814
A12357E2	11651
A126AAAD	23953
A128AE3B	19868
A1293DE3	21981
A12A0808	20574
A12EB5F5	8776
A130BC93	21356
A130FFDB	20621
A1337C7F	16489
A13842FD	15751
A139A15F	17367
A13E6016	14453
A1412978	11934
A141633E	2847
A14515C3	18185
A1456BED	15085
A145FFAF	11019
A14EC1F8	7140
A1524E36	4768
A154ABD1	14870
A15CCA95	18479
A15F36A3	17351
A15F808C	16649
A166B7D1	11750
A16791A9	19041
A16CE199	4608
A172A29D	22603
A177DCA1	22096
A17E3E10	9303
A17E8A2F	8413
A17ED62B	1818
A1811AAF	8029
A1887616	7349
A1887D67	6684
A189A94B	15609
A18C5D17	15056
A18E1BE9	12609
A1914522	15540
A19BC0A0	1641
A19E0A90	9431
A1A2AFA0	6298
A1A383E1	18868
A1A68AAF	4272
A1A784DE	16238
A1AB866D	4308
A1AC24BF	3315
A1ACC1AE	17479
A1B7DBB9	19315
A1BAB43C	2966
A1BBBA26	19247
A1BCC8D3	6806
A1BE021E	12437
A1C00484	11225
A1C570EF	15893
A1C83E84	6496
A1D2E504	18563
A1E2C5B5	2947
A1E5E0F8	6145
A1E859E4	19051
A1E8FDDE	227
A1E962E2	20235
A1EA9257	21583
A1F0EE77	9652
A1F2C798	3835
A1FA6229	22072
A1FF6BC2	6727
A2023EA3	22869
A20279AD	16133
A202842E	1003
A2036B8A	10187
A2037819	23671
A206BF58	10464
A2092296	11085
A210C7DD	13990
A211E4F7	20298
A212D82D	21164
A2186303	13328
A218B018	16311
A21E4C20	14184
A21E5E75	21478
A21E944B	23724
A21F022E	20064
A221556E	13755
A225A3D8	9906
A226FAC6	7801
A22A1456	15097
A22AB483	17991
A22B2D4C	22184
A22C0024	12161
A22F4149	859
A2310227	16273
A23431C3	12620
A234BA9F	22278
A2380BF2	12571
A23856FD	331
A238E800	7073
A23AFC7C	10907
A2463E97	14227
A249C729	23779
A24A7B77	23419
A24DC7CF	2218
A251C28C	6015
A251D93D	7175
A2534404	16148
A2538980	9599
A2590889	23705
A25D562C	13958
A25EEDE6	19810
A25F3CDC	11294
A25FE6C3	6421
A263FE24	2423
A2695D69	19227
A26CEE59	17304
A26E01E8	15123
A26F900F	14759
A2748017	21399
A27644BB	18316
A27764E8	16515
A27A8896	9920
A27ADA8A	16091
A27D8834	12464
A27F3130	10267
A2809435	4327
A28552AF	14876
A286EAD0	2972
A28AE186	18178
A28BF8FA	8399
A28CFBF4	7548
A28F0796	5279
A291187A	15525
A294840E	6939
A29780A7	4738
A29A912B	18124
A29B9156	16069
A29D366A	22587
A2A1887D	6692
A2A2DC43	15667
A2A5600F	1064
A2A7B561	7661
A2ABD46F	4897
A2ABE1E8	4258
A2AC6B29	11725
A2AE5B1F	8155
A2AFA0A5	6290
A2B5F686	15078
A2B861B6	18172
A2B8EE14	19858
A2B95F92	9099
A2BF5B68	24188
A2C10CA7	11469
A2C7A75D	16918
A2C9FD8F	24162
A2CA1A38	18880
A2CA93FE	2367
A2CC5BB0	6557
A2D28C3D	12232
A2D3A675	2296
A2D5608B	18450
A2D74865	1317
A2D952A0	14980
A2DC23F6	787
A2DC4301	15659
A2DEAD3B	2903
A2DF9C0D	18805
A2E02B29	3256
A2E08BEA	21917
A2E32152	21254
A2E7CA03	12386
A2ED638E	15035
A2F648B3	19947
A2F6AE8A	9121
A2FA211E	20310
A2FA234B	22290
A2FD360A	16193
A2FE3E93	8393
A2FE58B6	22559
A2FE9C4C	24552
A2FFD7AE	11012
A3007668	2176
A301F821	7950
A3039604	5714
A30830BF	22670
A30EA1C0	11241
A30F6A0E	12218
A3109BB0	23365
A3146F54	2784
A3147A87	19073
A3178D0D	6827
A3194C5F	8281
A31BE44F	5993
A31D6EE9	24510
A31E68B8	21272
A325091A	11664
A326591C	20390
A32A7050	6170
A32B38C9	3734
A32C3427	15770
A32E7660	24013
A330DE20	6069
A33458F4	16929
A33A17E8	8425
A33D471C	22845
A33EFD07	7542
A340150B	11771
A340F278	10525
A342E545	22610
A349046A	19275
A3493949	2330
A34CF4F3	4203
A34F45C0	3271
A352CB45	810
A353955E	13678
A3583593	8807
A35943A5	18578
A35C6EAC	16574
A35D0C8A	15553
A35D59C9	757
A35E2A39	2625
A3685493	4778
A36CEC6E	1896
A36FCE56	16686
A37252A5	12035
A377440D	10479
A379BC96	20789
A37AA4C9	2773
A37AA567	14845
A37B6256	9379
A37B6F83	4878
A380B44E	21418
A381AC23	20831
A38348C7	2494
A383E1C2	18860
A38518DF	6006
A385AA6A	20960
A385EFC8	10772
A38600D5	22019
A3878B39	1558
A38A8AFD	24202
A38B2659	23583
A38C27A4	7897
A38CEF44	17327
A38E53E6	22830
A390FD1F	12527
A391135E	11879
A392FAE1	10957
A3932436	1161
A3969825	11432
A399DA1E	21603
A39AB1C6	10119
A39C6B54	2605
A3A15CCA	18487
A3AA63E1	5144
A3AB7A85	18207
A3ABDEA9	8940
A3ADD7A8	1452
A3AF6976	17546
A3B27AA8	7166
A3B41562	19636
A3B5835D	21120
A3B9200F	7248
A3BBE6C1	9971
A3BE2E81	624
A3C11EE3	13406
A3C14808	18621
A3C1E5B1	5273
A3C20E18	6370
A3C2117D	2009
A3C483CC	4675
A3C69FEA	2150
A3C90B73	9864
A3CF789B	1779
A3D2E303	12713
A3D43D0B	19062
A3D8000E	19103
A3D82D28	9890
A3D8BE94	19130
A3D8F84A	14483
A3D984CC	21860
A3DCC896	8476
A3DED383	14567
A3DF2AB3	10376
A3E3EF00	22949
A3E4220A	8646
A3E8D4B2	820
A3ED51A0	10542
A3EEC7D5	4996
A3EF07FD	24590
A3F0EFF5	4463
A3F1335A	3343
A3F4BBF6	20195
A3F4C3CA	4806
A3F7782D	217
A3F7FC8B	14514
A3F83750	12506
A3FFB918	19717
A4001A41	21203
A400BACE	21388
A4040DEA	18606
A40413F6	1122
A407B8C4	19004
A40AD129	16165
A40E304A	9409
A40ED584	11973
A40EDCC3	24253
A4113548	24484
A411D442	21183
A4133A3E	24610
A4152AE4	14622
A418D27C	17972
A4207702	6928
A42571FD	23753
A42B7D55	2114
A42DD4AF	2081
A42DE7C5	24639
A430FF96	13364
A432B5AF	1302
A4331A75	13242
A43D629E	16795
A43FF8CA	4929
A4461E93	15519
A44AFD58	18110
A44B5C5F	13455
A4507306	8975
A454E7E8	1922
A463D5DB	2479
A4659093	892
A466F071	17693
A46A7E00	24461
A46D450A	14891
A4735EC2	22473
A4738B32	11827
A473B5CD	13618
A47B3659	19201
A47C9B0F	12075
A47DA5A1	8053
A482350D	19268
A4838981	3952
A48AE92F	2050
A48B7DA2	1341
A48CA62F	7873
A48E46B6	17058
A4904580	21682
A490CB55	16876
A495D6C2	21569
A496368F	19152
A498F28D	22632
A49C6D14	4759
A49CA4F4	2323
A4A077A0	22908
A4A42B7D	2122
A4A61FE9	9191
A4A82758	20462
A4AA72A4	23
A4B0BA9C	1239
A4B15346	23388
A4B52C70	670
A4B98F7F	10875
A4BB7D65	21449
A4BC165F	17798
A4BC604E	12856
A4BE4B47	2032
A4C0C560	15833
A4C1D059	2671
A4C2C08A	13513
A4C316CA	22226
A4C9541B	15497
A4C9BA63	2757
A4D17F4E	24561
A4DD7F39	3376
A4DFA3E8	836
A4E276EC	24417
A4E2E4A1	17391
A4E4E9D3	9770
A4E89EB6	16101
A4ECAE0F	8371
A4ED9D63	441
A4EF71E9	21229
A4F07B48	14645
A4F45A74	2307
A4F78E0B	21971
A4F7F43E	9671
A4F82BF7	17443
A4F85AFA	15235
A4F8D6F5	1494
A4F93571	4513
A4F9C6DC	17955
A4FA6297	7509
A4FBFF06	1399
A4FC4120	23121
A4FD465C	24028
A4FFAF46	2353
A5118811	16278
A512C844	23710
A5187B50	12223
A51A4823	19280
A51D5EF5	8945
A51E485B	9869
A51EC000	19108
A52103B8	6933
A52A8927	23793
A52AB140	11519
A52E0FE1	15591
A5317498	2690
A5325897	157
A533D960	22410
A535988E	13035
A540FA0B	18715
A5411DB3	14963
A545AAC1	18457
A547E987	4813
A54AB720	12018
A54D3D1C	22040
A54E0EFB	1203
A54E3CF0	19998
A54E8F90	8660
A54EF407	23835
A55124E3	23788
A5525539	32
A5546A72	13689
A5550515	15688
A5562801	11514
A55738DF	20932
A558C0A3	3758
A5597AC8	1961
A55B9044	12011
A55C9421	14609
A55E8DEA	14859
A55F81ED	11134
A5600FC0	1056
A567CDFC	14829
A567F08B	17586
A56E8A9E	7675
A570EE3F	5890
A57480F7	19015
A5751B7E	16699
A575A47B	19217
A577CFB7	21013
A57A48AE	2062
A5896327	24366
A58AC674	20542
A58B8996	20225
A58D129C	9612
A58D985A	8309
A58E15CC	657
A59054B3	8092
A5914AAA	15703
A595B812	21733
A5968B70	801
A5995A47	8073
A59BC10F	398
A59F46BC	2640
A5A1811A	8037
A5A607E8	7201
A5AB7EC7	10684
A5AE070D	15155
A5B281CC	13546
A5B86446	80
A5B8CB94	18677
A5B9202A	11063
A5B9EE3C	5459
A5C1FC37	15586
A5C6066E	12704
A5C634D6	13274
A5C81C2B	8614
A5C89D4B	13297
A5C920A9	11601
A5CA082B	18554
A5CA4F85	15247
A5CD5D9C	3230
A5D1F6A8	10551
A5D38674	4401
A5D4F821	22267
A5D68220	10159
A5D8D009	17528
A5DE94C5	2704
A5DFB209	20184
A5DFE9DB	6266
A5E02151	2809
A5E029F9	4732
A5E1194E	7020
A5E187F8	11916
A5E1C5AD	17861
A5E1C86D	17615
A5E241CD	8729
A5E6CE43	14303
A5E957E0	11144
A5F0431E	8241
A5F1634B	4424
A5F5724C	7487
A5F77D10	14205
A5F7F506	9036
A5FD8B20	2578
A604C8F7	9472
A6059372	1707
A607E894	7193
A6095B97	11418
A60C31A7	14705
A60C3552	20487
A60FABBA	22698
A615DDEA	19756
A6180677	19417
A6188DC5	7771
A61ACA54	20018
A61E51B4	4795
A61EA117	10220
A61FBF6F	20705
A61FE9F9	9183
A6229A54	22060
A625E40F	20751
A6297D5C	7497
A6298132	9482
A62B16F5	11548
A62B3286	19337
A62E9307	2685
A62F86AC	22754
A62FC3D2	8266
A62FEE75	7857
A6336196	11699
A6338AFE	12320
A6339938	22161
A634F1B9	8700
A637601B	2737
A6377A09	4141
A638B8CC	9539
A63E18FC	5132
A64688AA	18005
A6497098	23241
A64A7A57	5910
A64B12E3	152
A64B1F90	13110
A6548E76	13629
A6560307	18400
A65CEE4E	23535
A65D8973	4075
A6611778	21091
A66202CD	4554
A6659BEB	11178
A66D30D6	20031
A66E4EEE	5959
A67572A0	2280
A6772008	23198
A6786B95	17724
A67A79AE	4196
A67B2C04	22405
A67F5574	18257
A6806063	18062
A68809E6	16139
A68AAF87	4264
A68B7AB4	2909
A68C426E	23371
A68E43F4	12533
A69534F4	22046
A696E7B8	5465
A69BE56B	13193
A69E8E18	22033
A6A16CE1	4616
A6A33A17	8433
A6A44AFD	18118
A6A55738	20940
A6AE2A7A	24075
A6B311CF	13030
A6B52198	13255
A6B814FB	973
A6B99DED	16617
A6BA2380	12583
A6BA3C20	6382
A6BB9A24	23439
A6C14815	16180
A6C439A7	12775
A6C9872A	4355
A6CD45FC	22574
A6CE0F1A	11360
A6D2618B	22235
A6DC8C1E	22363
A6E1741A	521
A6E455B6	16063
A6EB28F0	18639
A6EC0A4F	23141
A6F099D6	5095
A6F50266	17913
A6F50766	7740
A6F95AFC	13187
A6FE3527	9791
A702D247	17075
A7050F2F	6158
A7077D8E	1196
A707D5C6	14550
A7093574	11575
A70A2A56	1076
A70CE837	4392
A70EE82E	21789
A712BEC8	12751
A7130139	9590
A71335EA	24538
A714DD65	18650
A7163FB1	4044
A7193FFE	10033
A71DAE88	21500
A71E787C	19991
A720262E	17830
A720CDB0	17117
A7217757	5413
A7262884	14008
A726F290	16817
A727C9D9	6898
A728E676	21613
A72A42DE	11
A72ABC26	13669
A7329538	1217
A73F46D9	1911
A73F9FB7	17209
A73FC33D	15289
A744A385	6022
A747C844	8653
A74CA91C	13636
A74CEAE5	2287
A74D9A8B	22581
A74F9FB3	9752
A755C2AA	5307
A75997BD	13222
A75D7FA9	16902
A760F81F	3916
A760FC35	7133
A762D3D7	8207
A7634B20	8107
A7651CB4	11445
A76B649A	6326
A76D59F1	6248
A76E9747	10565
A76EDD83	23630
A772001E	6997
A772BD88	6759
A772E8A6	18142
A7733A7F	2882
A779DB32	18948
A77A03AF	23828
A77FCAF6	12888
A7825C3E	10652
A784DE04	16230
A78A6786	17736
A78AA145	11035
A78B37D9	16423
A78DCF95	8689
A78FBED9	16005
A793C844	19522
A794E1DD	21800
A796983E	22712
A79AEEB3	4184
A79B962B	16773
A79DDA0D	15460
A7A0E8E0	2512
A7A2E02B	3264
A7A38600	22027
A7A570EE	5898
A7A93E35	1504
A7AE8118	8190
A7AF1CC2	14681
A7AFDF34	24055
A7B5613B	7653
A7B77496	23407
A7BB61E1	12945
A7BBEF02	8914
A7C0C59C	23080
A7C10D36	22256
A7C2E8CD	16947
A7C5DE9D	6781
A7CC2A84	13836
A7CD6130	22813
A7CDB5A1	9327
A7CEEEAA	17643
A7CF5093	23970
A7CFB6ED	15799
A7CFD547	18230
A7CFD992	9745
A7D9BCDF	954
A7E00C42	24449
A7E4046F	9165
A7E60234	5023
A7E6B703	4714
A7EA301F	7962
A7ED6281	3605
A7EFD2A3	4830
A7FA9290	2136
A7FD4282	2862
A8017FD5	21042
A80762E4	22998
A8082703	17262
A80FBD11	7822
A811E627	5816
A8133031	17902
A81E0776	19576
A81F417F	18710
A8202296	20564
A82298CE	12334
A823B677	14958
A825B593	15207
A82758BD	20454
A828A8B7	15677
A82C15B5	1428
A82CE6A2	18904
A8360A79	15480
A837F008	9017
A83B3716	7729
A83BE1EC	12200
A83CEB2D	2258
A842144F	12483
A8428C0E	5728
A8432726	7618
A8435693	9693
A845F440	10206
A846AE81	13816
A849AAAB	23955
A84C2F24	21358
A84C3FF6	20623
A84F9805	14455
A85058CF	2849
A8514570	18187
A8515AFB	15087
A8517FEB	11021
A853B07E	7142
A859ADF4	11752
A85B3866	4610
A8621F59	6686
A8626A52	15611
A86EEE89	19249
A8700121	11227
A8715C3B	15895
A87A1679	19053
A87CB1E6	3837
A88248A5	11087
A884B60B	21166
A88618C0	13330
A888555B	13757
A88968F6	9908
A89271CA	23781
A8A0250D	4329
A8A154AB	14878
A8A3C1E5	5281
A8A6E455	16071
A8A74D9A	22589
A8AAF51B	4899
A8AFD6DA	24190
A8B2868E	18882
A8B316EC	6559
A8B55822	18452
A8B710C0	15661
A8BF4D82	16195
A8BF962D	22561
A8C07E08	7952
A8C51BD5	2786
A8C5E343	6829
A8C75BBA	24512
A8CB9D98	24015
A8CC3788	6071
A8CE85FA	8427
A8CF51C7	22847
A8D03C9E	10527
A8D33D3C	4205
A8D3D170	3273
A8D4E557	13680
A8D650E9	18580
A8D74322	15555
A8DBF395	16688
A8DED895	9381
A8DEDBE0	4880
A8E02D13	21420
A8E1E2CE	1560
A8E33BD1	17329
A8E394F9	22832
A8E71AD5	2607
A8EADEA1	18209
A8ED60D7	21122
A8EE4803	7250
A8EEF9B0	9973
A8F3DE26	1781
A8FD30F2	4808
A9038C12	9411
A90B752B	2083
A90B79F1	1
A90CC69D	13244
A90FFE32	4931
A912BF56	18112
A9141CC1	8977
A9196424	894
A919BC1C	17695
A91A9F80	24463
A91CED73	13620
A922DF68	1343
A92432D5	16878
A92575B0	21571
A9263CA3	22634
A9271B45	4761
A9290ADF	2124
A92987FA	9193
A92A09D6	20464
A92A9CA9	25
A92C2EA7	1241
A92D4B1C	672
A92EDF59	21451
A92F0597	17800
A92F1813	12858
A9303158	15835
A9326E98	2759
A9389DBB	24419
A938B928	17393
A9393A74	9772
A93BDC7A	21231
A93C1ED2	14647
A93E0AFD	17445
A93E35BD	1496
A93E98A5	7511
A93EFFC1	1401
A93FEBD1	2355
A94AAC50	11521
A94B83F8	15593
A950476C	14965
A9516AB0	18459
A953A3E4	8662
A955CE37	20934
A9563028	3760
A9565EB2	1963
A956E411	12013
A9572508	14611
A957A37A	14861
A95803F0	1058
A959F37F	14831
A95D203D	19017
A95DF3ED	21015
A95E922B	2064
A9638573	659
A965A2DC	803
A9665691	8075
A96ADFB1	10686
A96E32E5	18679
A9718D35	13276
A972070A	8616
A972482A	11603
A978721B	17617
A97A55F8	11146
A97C58D2	4426
A97F62C8	2580
A9897903	20753
A98A604C	9484
A98CE64E	22163
A98F863F	5134
A99880B3	4556
A99DC802	23200
A9A01818	18064
A9A3109B	23373
A9A7A386	22035
A9A85B38	4618
A9A955CE	20942
A9AE8F08	6384
A9B10E69	12777
A9B383C6	11362
A9BD4099	17915
A9BD41D9	7742
A9C0B491	17077
A9C143CB	6160
A9C1DF63	1198
A9C24D5D	11577
A9C79E1F	19993
A9C8098B	17832
A9C85DD5	5415
A9CA399D	21615
A9CA90B7	13
A9CAAF09	13671
A9CCA54E	1219
A9CFD1B6	1913
A9D1F211	8655
A9D8B4F5	8209
A9DAD926	6328
A9DBB760	23632
A9DE76CC	18950
A9DE80EB	23830
A9E2A851	11037
A9E4F211	19524
A9EBF7CD	24057
A9ED584E	7655
A9EED878	12947
A9EEFBC0	8916
A9F0434D	22258
A9F30AA1	13838
A9F80310	24451
A9FB58A0	3607
A9FBF4A8	4832
AA0209C0	17264
AA08A633	12336
AA0A2A2D	15679
AA0B39A8	18906
AA0D829E	15482
AA10C9C9	7620
AA11ABA0	13818
AA145FFA	11023
AA14EC1F	7144
AA1C570E	15897
AA249C72	23783
AA28F079	5283
AA2ABD46	4901
AA2CC5BB	6561
AA340F27	10529
AA34F45C	3275
AA353955	13682
AA3AB7A8	18211
AA42DD4A	2085
AA450730	8979
AA466F07	17697
AA46A7E0	24465
AA48B7DA	1345
AA495D6C	21573
AA4A61FE	9195
AA4A8275	20466
AA4AA72A	27
AA4B52C7	674
AA4C9BA6	2761
AA4F07B4	14649
AA5597AC	1965
AA55E8DE	14863
AA567CDF	14833
AA577CFB	21017
AA5C81C2	8618
AA5E1C86	17619
AA5FD8B2	2582
AA629813	9486
AA63E18F	5136
AA66202C	4558
AA6A5573	20944
AA6CE0F1	11364
AA728E67	21617
AA72A42D	15
AA762D3D	8211
AA779DB3	18952
AA7BB61E	12949
AA7BBEF0	8918
AA7EFD2A	4834
AA828A8B	15681
AA843272	7622
AA853B07	7146
AA8715C3	15899
AA8A3C1E	5285
AA8D4E55	13684
AA8EADEA	18213
AA90B752	2087
AA922DF6	1347
AA92987F	9197
AA92A09D	20468
AA92D4B1	676
AA93C1ED	14651
AA978721	17621
AA99880B	4560
AA9DE76C	18954
AAA0A2A2	15683
AAA42DD4	2089
AAA48B7D	1349
AAA90B75	2091
AAAA42DD	2093
AAAB56EF	23939
AAAD5BBD	23937
AAAE4605	17765
AAB56EF5	23935
AAB77EDF	13740
AAB91814	17763
AABA7CFD	18242
AAC116F1	18441
AAC50039	11509
AAC5933F	13945
AACEE817	10358
AAD20C69	17981
AAD5BBD6	23933
AADDFB7D	13738
AAE15514	5300
AAE46053	17761
AAE50949	21994
AAE71BE4	20927
AAE75987	10821
AAE9F3F5	18240
AAEA5F16	4436
AAF04E4A	16853
AAF0994E	13659
AAF51BDB	4891
AAF87A10	4252
AAF9AD76	8009
AAFDD137	14776
AAFDD75F	21308
AAFF11C3	13589
AB045BC7	18439
AB082285	11956
AB09DAA8	7642
AB0A0EE0	4971
AB0A6059	1719
AB0BE2D4	18089
AB0E94D6	13049
AB121C5D	19617
AB1400E6	11507
AB14D16F	2920
AB164CFF	13943
AB181465	3753
AB1ACA63	11719
AB1C6C9F	10107
AB2B4B4C	7216
AB2B5A79	22732
AB2F5917	1956
AB3921B2	744
AB3BA05C	10356
AB3C09F7	16552
AB3E36B6	6235
AB3F0654	6096
AB3F475B	1467
AB43C58B	2954
AB4831A4	17979
AB49EFE8	9678
AB4EE674	2889
AB56EF58	23931
AB593D11	352
AB5B6E42	5370
AB5EF1E5	5625
AB61225B	23505
AB68B654	14990
AB6C01C2	14257
AB6C8273	16046
AB719C8A	5335
AB72089F	12006
AB771CE3	6639
AB77AC38	23924
AB77EDF7	13736
AB7A8514	18199
AB7EC7A7	10676
AB855451	5298
AB866D9A	4300
AB8A9EBF	24069
AB8B04C9	4494
AB8CB47E	14533
AB91814F	17759
AB91935F	15389
AB9266DC	7476
AB928426	14604
AB942527	21992
AB95079D	2269
AB96C7F1	8149
AB9AF9C3	5211
AB9C6F92	20925
AB9D661F	10819
AB9D9AB5	5390
ABA04CCE	13802
ABA2B95F	9107
ABA62B16	11556
ABA7CFD5	18238
ABA97C58	4434
ABAA9DE7	18962
ABB314C2	19775
ABB3877F	3217
ABB61070	2462
ABB7B89D	470
ABBA3083	22682
ABC1392B	16851
ABC2653A	13657
ABD1BD52	14854
ABD46F6D	4889
ABD65D2F	9057
ABDEA9EE	8932
ABE144EC	18331
ABE1E842	4250
ABE6B5D8	8007
ABE7CEF1	21891
ABE82977	6284
ABEA189A	15621
ABED1FFD	19730
ABEE88AC	22198
ABEF64E7	13884
ABF03DBC	11129
ABF11B9F	11636
ABF744DF	14774
ABF75D7F	21306
ABF8A385	10788
ABFC470D	13587
AC01F809	1051
AC060FF6	18391
AC109352	917
AC116F1C	18437
AC1AC9A1	8800
AC1AE998	21109
AC1BA9B1	12793
AC1D3E7D	15812
AC208A14	11954
AC2398EB	576
AC23EFE8	20815
AC24BF3F	3307
AC26108E	22800
AC276AA1	7640
AC283B80	4969
AC286B30	17489
AC295BA2	7685
AC298164	1717
AC2DF8CD	8338
AC2F8B53	18087
AC328219	3429
AC37BAFC	17004
AC387135	23908
AC3A5359	13047
AC3B3005	20264
AC42B0A5	7699
AC487175	19615
AC500398	11505
AC502BBB	3592
AC5345BD	2918
AC53CDCB	16782
AC57DA8F	1801
AC5933FC	13941
AC5BD4A5	11538
AC5EF09C	20439
AC5EF73F	10441
AC605195	3751
AC674037	20530
AC698623	7781
AC6AE6BE	5221
AC6B298C	11717
AC70D543	15916
AC71B27F	10105
AC71DF98	15022
AC725696	420
AC7EFA5E	8749
AC80D496	1258
AC81C37B	14368
AC823418	1859
AC825FB3	8580
AC8B4251	19883
AC8BF48A	1941
AC9A12EB	8788
AC9E88E1	345
AC9F1876	15188
ACA1D2E5	18571
ACA3C148	18629
ACA54E3C	20006
ACA5CD5D	3238
ACA63361	11707
ACA726F2	16825
ACA8E02D	21428
ACAD2D30	7214
ACAD69E5	22730
ACAE7957	493
ACB5319C	22174
ACB6FAF0	10731
ACB7E289	2240
ACBA5F7F	9048
ACBD645F	1954
ACBE0EA3	6851
ACC1AEEA	17471
ACC3EAFE	10806
ACC473C4	13024
ACCA1B7D	19327
ACCBDE9A	13215
ACD82531	4162
ACDBA294	6955
ACDCFDD7	7106
ACDDF65C	14408
ACE1464C	20405
ACE32767	3724
ACE486C9	742
ACEA130B	21368
ACEE8173	10354
ACF027DF	16550
ACF3F733	23881
ACF4E145	1087
ACF8DADB	6233
ACF9B734	9354
ACF9BF98	14824
ACFBB5F3	5070
ACFC1951	6094
ACFD1D6E	1465
ACFE1172	17581
ACFFA0AB	6663
AD044023	10150
AD0BF1F0	9308
AD0D6125	3320
AD0F162D	2952
AD129A20	16153
AD12F9E6	11299
AD1AE375	16579
AD1C0D61	20836
AD1C5932	23588
AD1C889A	11884
AD1C9921	1166
AD20C693	17977
AD23D9B2	19206
AD23ED2D	8058
AD26EBF9	3381
AD27BFA1	9676
AD2CDE08	403
AD2D303F	7206
AD34721F	12538
AD3B99D3	2887
AD3C7DF6	16010
AD3CB4C1	22717
AD4699E9	4210
AD486634	13249
AD4E404C	17837
AD52FEC5	2587
AD5BBD61	23929
AD5D98A6	19780
AD64F447	350
AD6897CF	11304
AD69E3EF	16015
AD69E5A6	22722
AD6BF21E	1288
AD6DB908	5368
AD7230F2	20349
AD76190B	7993
AD78EDBD	5845
AD7BC797	5623
AD7D2E52	15260
AD7D63F7	8762
AD7DA18C	15072
AD7E43D6	1283
AD7E56C0	13172
AD805F9F	13155
AD84896E	23503
AD85F968	21552
AD8A15F8	16661
AD926868	6316
AD987370	3154
AD9A30EA	11253
AD9C0840	17036
ADA2D952	14988
ADA4E89E	16109
ADA80FBD	7830
ADA8A6E4	16079
ADA93EFF	1409
ADAC3282	3437
ADB0070A	14255
ADB0C257	16382
ADB209CD	16044
ADB4593F	24173
ADB7210A	5363
ADB91780	6213
ADBD4F98	13851
ADBE2D04	15962
ADC09164	21722
ADC0FC51	4700
ADC15F83	15354
ADC67229	5333
ADC7BFE6	12979
ADC8227F	12004
ADCA0CEC	10074
ADCBE4B1	11403
ADCEDBC2	24124
ADD153DA	7670
ADD74519	7563
ADD7A82C	1444
ADD7B022	20099
ADDC738E	6637
ADDD2089	24497
ADDEB0E1	23922
ADDFB7DC	13734
ADE33028	8833
ADE5017F	16747
ADE99762	4085
ADEA1451	18197
ADEACFD1	1477
ADF4558D	11736
ADF55548	2104
ADFA81E0	19588
ADFB1E9E	10674
ADFB1FD7	314
AE053ECD	967
AE070DA2	15147
AE0AAA48	1361
AE0FD616	8355
AE112FE6	10937
AE11809D	550
AE155147	5296
AE186DA7	18166
AE19B668	4298
AE1DC7FE	5885
AE1DE450	15880
AE2772F0	20659
AE2975A0	10169
AE2A7AFD	24067
AE2C1325	4492
AE2F8657	13440
AE316F67	6604
AE32D1FB	14531
AE375678	16567
AE3B8507	19852
AE3EB470	20850
AE3FA21E	23740
AE459CB4	22123
AE46053C	17757
AE461E40	20344
AE464D7D	15387
AE48B379	10988
AE499B71	7474
AE4A1098	14602
AE50949E	21990
AE520209	1131
AE541E75	2267
AE552337	17706
AE57E497	9093
AE5A2F6A	9133
AE5B1FC5	8147
AE628EF8	638
AE654A8B	18472
AE667CB0	16357
AE677B71	16611
AE6ABFC4	13599
AE6BE70E	5209
AE71BE48	20923
AE75987D	10817
AE766AD6	5388
AE79576F	485
AE7E0199	9823
AE811894	8182
AE813338	13800
AE864514	15546
AE887979	21484
AE88E02F	12577
AE8A33EF	7554
AE8AE57E	9105
AE8F0838	6376
AE901EE3	19010
AE90CAD6	1308
AE92F92D	2038
AE98AC5B	11554
AE99845D	21097
AE9A8CE8	8439
AE9F3F55	18236
AEA36FCE	16694
AEA5E957	11152
AEA5F163	4432
AEA9565E	1971
AEAA779D	18960
AEACE486	750
AEB48F66	19212
AEB617E5	21558
AEBFD492	16895
AEBFF463	21291
AEC0CBB5	23311
AEC32169	7988
AEC61CFA	11332
AECC530A	19773
AECE1DFF	3215
AED1E08F	13415
AED71F5A	20859
AED841C0	2460
AED8BFD7	3516
AEDEE274	468
AEE68929	23433
AEE8C20C	22680
AEEA4F82	17455
AEEB3609	4172
AEEF57DA	19745
AEEF6DCD	3574
AEF9F6F4	21008
AF02D910	3491
AF04E4AC	16849
AF0994E9	13655
AF09D150	6709
AF09E0D4	10711
AF0BAC6A	5237
AF0F1844	23284
AF14A551	23804
AF151CE3	2618
AF164F96	7399
AF1C5D60	12814
AF1CC2AA	14673
AF1DB7A8	5840
AF28E16A	20970
AF2BE121	289
AF2FE0DD	11856
AF469272	2337
AF46F54A	14852
AF4915D2	2057
AF50582B	1435
AF518EB7	24519
AF51BDB7	4887
AF5974BE	9055
AF5BD32E	4092
AF5C9166	10995
AF604468	20090
AF60D16F	18822
AF615FD7	22458
AF62287F	6745
AF6236DA	12103
AF697634	17538
AF6A4BC6	12868
AF6FAF16	7415
AF78F2F2	5618
AF7AA7BB	8930
AF848437	279
AF8513B2	18329
AF87A109	4248
AF88CE41	1677
AF94CB9D	23546
AF9AD761	8005
AF9B51C6	17344
AF9BDD05	19912
AF9C39EE	5199
AF9CE33A	5051
AF9F3BC5	21889
AFA0A5DF	6282
AFA20284	1011
AFA238E8	7081
AFA5CA4F	15255
AFA825B5	15215
AFA8626A	15619
AFAC7EFA	8757
AFAC825F	8588
AFB22FA3	12737
AFB4318B	15067
AFB47FF7	19728
AFB51E7B	1792
AFB567E0	6107
AFBA0615	13076
AFBA22B2	22196
AFBADC15	15366
AFBD939F	13882
AFC04653	16642
AFC0F6F0	11127
AFC1134A	22433
AFC18C79	15339
AFC46E7F	11634
AFC7CA4B	10895
AFC87AC8	1278
AFC89078	3081
AFC92F75	9084
AFCAD805	13167
AFCEDD9B	16984
AFD585F1	18098
AFD62F7B	10450
AFD6DA2C	24182
AFDD137C	14772
AFDD75FF	21304
AFDF349F	24047
AFDFB99C	17425
AFE28E17	10786
AFE73A3F	3363
AFE76FD8	14337
AFEAD64F	362
AFEBF044	22443
AFEDBC63	12300
AFF11C36	13585
AFF3AED7	20875
AFF52486	16889
AFFC3904	18528
AFFD18F3	21285
B0001D18	19094
B00090C6	12151
B0070A24	14247
B007E025	1049
B00B27A2	22314
B00BF3E4	13150
B00DE977	2722
B00FEB37	14426
B010B7D8	14041
B01364A6	22387
B016058B	21661
B0183FD8	18389
B018D288	16295
B0206C8C	10613
B0223443	20083
B0228125	13499
B02620E6	5695
B0293F10	23131
B02C5D82	21650
B032ED78	23305
B0424D48	915
B04329D9	11463
B043C826	15419
B045BC72	18435
B045BE88	16333
B04A6377	4153
B04C947E	4482
B0520568	16174
B052F367	14312
B0539FCF	17218
B053CEED	15469
B056D49F	1418
B05754AB	1980
B0583822	23341
B05A51E4	9881
B05AA728	21629
B05B33D4	21147
B068B7E7	18815
B06B2684	8798
B06BA661	21107
B06EA6C4	12791
B0704576	23332
B074F9F6	15810
B07719C5	9949
B07A2E7C	12398
B07C0F8C	3909
B07E1ACD	7126
B07FC568	23609
B0822850	11952
B0826596	3637
B08381CA	2451
B08E63AE	574
B08FBFA3	20813
B09019B2	19459
B0912DDE	23498
B092FCFE	3305
B097C25C	5577
B0984239	22798
B09DAA84	7638
B09EDD42	5749
B0A0EE03	4967
B0A1ACC1	17487
B0A32509	11672
B0A32A70	6178
B0A49636	19160
B0A56E8A	7683
B0A60593	1715
B0AFEBF0	22451
B0B2C240	19473
B0B6E501	7330
B0B7E334	8336
B0BA9CCA	1231
B0BE2D4D	18085
B0BF2D02	21547
B0C0C8DE	18364
B0C25733	16374
B0C85A7E	7982
B0CA0867	3427
B0CB0A32	11684
B0D09C21	15760
B0D3E174	16956
B0DCA0CD	6533
B0DEEBF3	17002
B0E1C4D6	23906
B0E3535D	6399
B0E94D66	13045
B0EC2925	19170
B0ECC014	20262
B0F0F665	12930
B0F13940	23039
B0FCBA37	12055
B0FFA9C0	17093
B10686F8	12451
B10AC295	7697
B10BDD91	4020
B10E69C4	12769
B1143FED	6738
B11B6D23	12096
B11D2076	24266
B121C5D6	19613
B124DEDD	10296
B12B3E6D	9364
B12C042D	14051
B12C64E3	24361
B12E3E3F	140
B12E69C5	4062
B1400E60	11503
B140AEEF	3590
B142BF01	16656
B14D16F5	2916
B14F372C	16780
B1510C31	13337
B1534621	23380
B156D803	14264
B158CE80	20537
B15BCA02	16754
B15F6A3C	1799
B164008C	2565
B164CFF0	13939
B16754D9	11379
B169EBA0	8200
B16C02C9	22324
B16C79D9	22542
B16D58A6	2933
B16F5295	11536
B17132D1	20220
B1723B9C	22983
B1760B54	21640
B17B9C9E	8866
B17BC271	20437
B17BDCFC	10439
B17D28F6	19121
B17FAF02	3507
B1814656	3749
B183E04B	14079
B185FFD9	3015
B1873EB5	11326
B18A2E08	21929
B18CEF13	14151
B18CFD47	7271
B1938FFE	24351
B19AF0BA	5249
B19D00DF	20528
B19F0F4B	2832
B1A012F6	17519
B1A25389	9607
B1A59054	8100
B1A5D386	4409
B1A6188D	7779
B1A72628	14016
B1AAE759	10829
B1AB9AF9	5219
B1ACA633	11715
B1B30B46	8304
B1B47B17	19141
B1B83590	1878
B1BAB0A6	1731
B1BB5525	691
B1C0347B	8495
B1C1A591	15719
B1C2B98A	652
B1C3550E	15914
B1C6C9FD	10103
B1C77E62	15020
B1C95A59	418
B1D317C3	22763
B1D68E4C	1175
B1D81036	10622
B1E0EEFE	3184
B1E298AC	19351
B1E62D91	3821
B1E76672	22532
B1E9D75F	16912
B1E9DFF2	12898
B1E9E097	10662
B1ECD6E7	24141
B1EF4E32	10048
B1F09509	14474
B1F56141	4982
B1F90EBE	13098
B1FBE978	8747
B1FC5E5A	8135
B1FD795F	302
B1FD885E	4033
B2004627	2558
B2035258	1256
B2070DED	14366
B208D063	1857
B20976A3	1582
B2097ECC	8578
B2099F77	20168
B209C9D4	19549
B209CD6B	16036
B20A9665	8087
B20AF94C	23558
B21113D1	23696
B2127A22	879
B221DCA0	3474
B225DC38	18305
B2295541	15698
B22987A8	10230
B22D0945	19881
B22DEEB2	6873
B22FA3D2	12729
B22FD22A	1939
B2304CCE	10595
B233CEFC	3800
B23768A1	2990
B238E4AD	20373
B23C2B6F	15980
B23CC70B	3999
B23F2986	19435
B24598AF	19936
B24B043C	15431
B24C80F4	16450
B24D0D15	6311
B2536E46	22372
B261CA8A	4349
B2659057	23571
B267F820	13932
B2684BAD	8786
B26E3652	24391
B26E57C4	1694
B273EB6F	13869
B274266F	16500
B277D248	21699
B27A2385	343
B27A2FA2	22302
B27AA853	7158
B27BC8CD	720
B27C61DB	15186
B27CB326	7388
B27F5B94	10089
B27F63D9	24156
B281CC52	13538
B2868E0F	18874
B2874B94	18569
B28E5A60	11438
B28F0520	18627
B29538F3	20004
B29551A9	13695
B296258C	24372
B296344A	9618
B2967D1A	2646
B2973576	3236
B298CD86	11705
B29B261C	4361
B29C9BCA	16823
B2A380B4	21426
B2A4FFAF	2361
B2A5411D	14971
B2A625E4	20759
B2AFBA22	22204
B2B4B4C0	7212
B2B5A796	22728
B2B70245	21728
B2B83F58	8361
B2B9E55D	491
B2C04D92	22393
B2C24066	19465
B2C3B0A4	19176
B2CB0EC2	19182
B2D16E11	796
B2D2D940	13555
B2D4C673	22172
B2D4FDAC	3616
B2D7D101	1020
B2DBEBC2	10729
B2DF8A24	2238
B2E0ADB0	16398
B2E17D29	178
B2E32564	14389
B2E97DFD	9046
B2ED2DC3	93
B2F5917E	1952
B2F83A8C	6849
B2FEAAB9	17779
B30050F4	20252
B306BBA9	17469
B307B3A7	23994
B30999F3	21851
B30B4632	8296
B30E65C8	5499
B30E6E04	3149
B30FABF8	10804
B311CF12	13022
B314C2BB	19767
B314E894	6033
B315F37B	19923
B316EC37	6551
B323105E	11807
B3244499	9728
B324CEA8	18928
B3251160	12174
B3260143	7372
B3286DF6	19325
B32B48FB	8068
B32C628B	21939
B32D8F4E	12911
B32F7A69	13213
B33887BC	8556
B3390440	22517
B33B5404	17279
B33D476B	21135
B3434D15	4279
B3461D43	11248
B3478D3F	2157
B34940EF	22915
B34BC232	7027
B34F527C	1511
B3510491	11094
B3517F2C	22568
B356B6DC	5377
B358E1AA	15923
B35B9DB7	24131
B35BE8AB	11743
B36094C6	4160
B361A7C2	16963
B36249BD	10303
B365961D	19189
B367149F	4532
B36E8A52	6953
B3716B10	7717
B373F75F	7104
B377D971	14406
B37821F7	393
B3794725	10972
B379BFFA	945
B37D752F	11165
B37D9705	16411
B3810815	17031
B383C6BB	11354
B3851932	20403
B3866705	4598
B3877FD8	3209
B38A4F93	4525
B38C9D9F	3722
B390CC58	14289
B3921B27	740
B3931B0F	23059
B39685DF	22110
B39A0436	1538
B39A8B28	18894
B3A7CF50	23978
B3A84C2F	21366
B3A9BD40	17923
B3AA6CE0	11372
B3AAFDD7	21316
B3AC7256	428
B3ACF4E1	1095
B3ADC7BF	12987
B3B1B835	1886
B3B96676	17294
B3BA05CC	10352
B3BE4DE2	14939
B3C09F7F	16548
B3C8D4AE	19034
B3CFDCCE	23879
B3D38515	1085
B3DE34E4	17136
B3E14896	13470
B3E36B6E	6231
B3E6DCD3	9352
B3E6FE60	14822
B3E8D78A	2635
B3EA8B31	6571
B3ECFAA2	6581
B3EED7CE	5068
B3F06546	6092
B3F475BA	1463
B3F845C9	17579
B3FB7970	3701
B3FE82AD	6661
B40927FD	21529
B411008D	10148
B4132D9A	15944
B4156243	19628
B41B24B0	15443
B42515C7	19871
B42A49C6	4771
B42EFB94	22099
B42FC7C2	9306
B4302355	8032
B4318BA2	15059
B4358497	3318
B43C58B6	2950
B43D524A	21586
B44A6880	16151
B44BAAC5	13961
B44BE79B	11297
B44DC03D	15126
B44E9002	21402
B450DD5A	2975
B452F014	4741
B4593FB1	24165
B45AE90C	1320
B45B2A54	14983
B45B847E	790
B45ED5D1	9124
B463298B	8284
B4658684	15773
B46B8DD5	16577
B46BAB39	760
B4703584	20834
B47164CB	23586
B472226B	11882
B4726486	1164
B47823DC	13409
B478422F	2012
B47B05A5	9893
B47B17D2	19133
B47B1F09	14486
B47BDA70	14570
B47E977E	20198
B47EFF91	14517
B47FF723	19720
B482A55C	14625
B4831A4F	17975
B48E6BD8	22476
B48F66CB	19204
B48F9361	12078
B48FB4B4	8056
B491C8D6	17061
B49862D9	22229
B49BAFE7	3379
B49D13D6	16104
B49EFE87	9674
B4A30F6A	12226
B4A34904	19283
B4A3C90B	9872
B4ACFE11	17589
B4B37821	401
B4B43023	8040
B4B4C0FD	7204
B4B5C0E1	15158
B4B65039	13549
B4B70C88	83
B4BB1A01	17531
B4C0FD12	7196
B4C12B72	11421
B4C1F577	22701
B4C3594A	20021
B4CDA61A	20034
B4D1C87E	12536
B4D77344	23442
B4DD8149	23144
B4E0FAB8	14553
B4E99D5C	2290
B4EC6964	8110
B4EE5D14	18145
B4EE674F	2885
B4F1F7DB	16008
B4F2D307	22715
B4F5D023	8193
B4FD4603	7965
B500EC5C	23001
B501F7A2	7825
B5077C3D	12203
B5142A95	14881
B514DC8A	16074
B51A67A7	4208
B51C3C59	1563
B51C677A	17332
B51DDF36	9976
B51E7BC4	1784
B52198D3	13247
B525E302	12861
B527DFF8	1404
B52C70AE	662
B5319CC9	22166
B533B900	23203
B5340303	18067
B5390131	17835
B53B76EC	23635
B53F6B14	3610
B5404138	17267
B54681E4	10532
B54BFB16	2585
B54D4AAE	20947
B54E51CC	21620
B550864E	7625
B5525A96	679
B55822DE	18444
B55E09C9	16856
B5610450	11959
B5613B55	7645
B5629A2D	2923
B567C6D6	6238
B567E0CA	6099
B56EF587	23927
B56FD8F4	10679
B574572B	9110
B5766298	19778
B5835D33	21112
B5850D66	17492
B5865043	3432
B5876600	20267
B5885614	7702
B58A0577	3595
B58AFB51	1804
B58E3BF3	15025
B593D11C	348
B593E30E	15191
B5A17E3E	9311
B5A25F3C	11302
B5A68E43	12541
B5A78FBE	16013
B5A79698	22720
B5A9C809	17840
B5AFC87A	1286
B5B24D0D	6319
B5B6E421	5366
B5B722F0	6216
B5BC6605	8836
B5C0E1B4	15150
B5C52EB4	10172
B5C5F0CA	13443
B5C62DEC	6607
B5C7D68E	20853
B5C8C3C8	20347
B5CA4041	1134
B5CD57F8	13602
B5D10F2F	21487
B5D2195A	1311
B5D3519D	8442
B5D8642D	7991
B5DB17FA	3519
B5E13A2A	6712
B5E1E308	23287
B5E38BAC	12817
B5E3B6F5	5843
B5EC46DB	12106
B5EF1E5E	5621
B5F39C67	5054
B5F44050	1014
B5F4B949	15258
B5F504B6	15218
B5F58FDF	8760
B5F68631	15070
B5F90F59	1281
B5F95B00	13170
B5FCEDFB	14340
B600E144	14250
B60164F4	22317
B6017E7C	13153
B60B667A	21150
B6107039	2454
B61225BB	23501
B617E5A0	21550
B6184AE6	16377
B61E1ECC	12933
B61FF538	17096
B623A40E	24269
B62567CD	9367
B62857E0	16659
B62FF5E0	3510
B6319FA8	7274
B6335E17	5252
B63834B2	15722
B63CECCE	22535
B63D3BFE	12901
B63F8BCB	8138
B6412ED4	1585
B64139AD	16039
B6443B94	3477
B64679DF	3803
B647856D	15983
B649A1A2	6314
B650398A	13541
B652AA35	13698
B654A823	14974
B654C4BC	20762
B655F744	22207
B65A5B28	13558
B661CDC0	3152
B66499D5	18931
B667A8ED	21138
B66869A2	4282
B668C3A8	11251
B66B1C35	15926
B66C4937	10306
B6702102	17034
B670CCE0	4601
B6758E4A	431
B6763706	1889
B677C9BC	14942
B68B27F6	24168
B68B654A	14986
B691F26C	12081
B693A27A	16107
B696B81C	15161
B69DCBA2	18148
B6A01D8B	23004
B6A03EF4	7828
B6A29B91	16077
B6A3BBE6	9979
B6A4FBFF	1407
B6AC5345	2926
B6ACF8DA	6241
B6B0CA08	3435
B6B27C61	15194
B6B42FC7	9314
B6C01C28	14253
B6C3095C	16380
B6C633F5	7277
B6C82735	16042
B6D164FE	24171
B6D23E4D	12084
B6DC842A	5361
B6DD970B	191
B6E42156	5358
B6E45E00	6211
B6E5012F	7322
B6E68330	3559
B6ECB85F	188
B6ED1961	15783
B6EFEF10	9229
B6F09196	24110
B6F18F2F	12290
B6F5023C	5827
B6F53E61	13849
B6F83BFB	4866
B6F8B413	15960
B6FAF09E	10723
B7024593	21720
B703F147	4698
B7057E0C	15352
B708FDA3	781
B7099535	4637
B70C88C2	75
B71086FE	3111
B710C07B	15653
B7169BB0	23155
B719729C	18672
B7198919	7454
B719C8A7	5331
B71AD1AE	16591
B71EFF9A	12977
B72089FD	12002
B720CE84	20596
B7210AB7	5355
B722F006	6208
B723079E	22357
B724054F	11058
B728097D	7319
B72833B1	10072
B72CEA6F	17933
B72F92C5	11401
B72FDD6E	7584
B730F9F8	24239
B7327D73	9844
B7341982	3556
B734F9B6	9338
B73B6F09	24122
B73D5AF7	5638
B73DC784	5454
B73E8EA9	5158
B744FE62	10274
B7452908	6946
B7454F6A	7668
B74BA3ED	10558
B7508518	5735
B752BD24	2071
B75D1467	7561
B75EA0B0	1442
B75EC088	20097
B760FF8A	23616
B761B941	6540
B764DC6C	24398
B765C2FA	185
B766C34F	16970
B768CB0D	15780
B76BA6A3	8449
B76D8C67	7284
B76EC1FF	23623
B771CE3B	6635
B7736946	19298
B7748226	24495
B774962A	23399
B779881D	23480
B77AC387	23920
B77EDF72	13732
B77F7885	9226
B782CD44	11108
B7848CB7	24107
B78C797C	12287
B78CC0A3	8831
B78E4299	18422
B78EE219	24316
B791095C	20682
B7933F6F	17185
B79405FE	16745
B7970610	3689
B7998622	9259
B79AD5D9	19792
B79F1482	24629
B7A035E5	20989
B7A48389	3960
B7A65D89	4083
B7A6AE2A	24083
B7A811E6	5824
B7A85145	18195
B7A94AAC	11529
B7A9F30A	13846
B7AB3F47	1475
B7AB4EE6	2897
B7B3ECFA	6589
B7B89D27	462
B7BACBE0	6863
B7C1DFDD	4863
B7C5A099	15957
B7CF9E4D	10405
B7D10C58	16320
B7D15635	11734
B7D55521	2102
B7D65470	21437
B7D784F0	10720
B7D78B27	7408
B7D8D393	14025
B7DA2D74	1329
B7DBB9B4	19307
B7DC6C5E	8884
B7DC8B65	13718
B7E28937	2232
B7E334B1	8328
B7E70378	18799
B7E72B62	16679
B7E8DDD1	10489
B7EA0781	19586
B7EC14BC	14322
B7EC7A78	10672
B7EC7F5E	312
B7F91DEC	17162
B7FA38C2	7909
B803AD9A	11269
B807A22A	15113
B80ACA5C	3250
B80CEA43	4949
B8122C9D	21717
B8127B71	3131
B814E4F9	6909
B814FB37	965
B81BC48C	5531
B81C3689	15145
B81F8A3C	4695
B822FABE	21911
B82AA922	1359
B82B6C30	16392
B82BF063	15349
B8308680	3678
B8359046	1870
B836F490	3971
B83F585B	8353
B83F86EA	15581
B844BF9A	10935
B8460274	548
B847ED1A	778
B84C796A	23226
B84CA9A8	4634
B8507CC6	19840
B855451E	5294
B85D06B2	515
B85F4A64	172
B861B69D	18164
B8644610	72
B864FF72	12665
B866D9A1	4296
B870FC09	18288
B876355C	10840
B8771FF9	5883
B8779141	15878
B87D8EC0	10635
B87ECD2F	7041
B88437F5	3108
B88603DD	15650
B886620B	24302
B88B185F	3027
B897FDC0	5552
B89968FD	20213
B89D276C	454
B89DCBC2	20657
B8A5D682	10167
B8A9BD41	7750
B8A9EBF7	24065
B8B04C94	4490
B8B4DD81	23152
B8B58856	7710
B8BC745A	12251
B8BE195D	13438
B8C0CDDE	12699
B8C38A43	13384
B8C441EA	18988
B8C4994C	5933
B8C5BD9F	6602
B8C69AD4	13269
B8C8549D	21248
B8C95903	14383
B8CB47EF	14529
B8CB94E2	18669
B8CC48CB	7451
B8CC9B98	9523
B8CE289E	9938
B8CE453A	5328
B8D68D71	16588
B8D8BDCE	8875
B8D94B12	24381
B8DD59E0	16565
B8E71DAE	6628
B8EE141F	19850
B8EECBB4	107
B8F09E6A	5441
B8F48003	21214
B8F7FCD5	12974
B8F8FF71	130
B8F9FA0D	2205
B8FAD1C0	20848
B8FE887A	23738
B8FFCBF5	5872
B9000F19	6990
B90044BB	23187
B903857D	8609
B9044FE9	11999
B9067425	20593
B90855B8	5352
B913A971	13292
B9156D90	16057
B91672D0	22121
B916CA55	13709
B9178036	6205
B91800E3	19701
B91814F1	17755
B9183CF2	22354
B9187903	20342
B91935F7	15385
B91A61FB	20717
B91D34B7	5478
B91DCE14	22976
B9200FAB	7240
B9202A78	11055
B922CDE5	10986
B9241538	11596
B9257F9D	20888
B9266DC6	7472
B9284262	14600
B9284E68	17377
B92952AD	12028
B93A3AF6	17558
B93AB612	23517
B93BB8C4	5949
B93BEDCF	5656
B9400ADA	3457
B9404BEF	7316
B941057F	18549
B9419BBA	6524
B9419D8F	10069
B942527B	21988
B943F4C4	22079
B9480827	1129
B949F0B5	15242
B94E29BA	18657
B94F818B	23087
B95079D6	2265
B9514E9B	22596
B9548CDE	17704
B95EC450	6752
B95F119C	1684
B95F925E	9091
B962B794	16761
B9652C68	9625
B96676A8	17286
B967537A	17930
B968BDAB	9131
B96C7F17	8145
B9736E7D	5173
B9745352	18135
B9784542	20644
B9791E88	12642
B97C28B2	2385
B97C962C	11398
B97EEB75	7581
B98207DB	10331
B984D531	9503
B987CFC2	24236
B98A3B41	19648
B98A3BE2	636
B98F7FF7	10867
B9912DDA	8467
B993EB9F	9841
B9952A2D	18470
B999F2C1	16355
B99CA938	17409
B99D3FEA	2875
B99DEDC6	16609
B99DF374	23862
B9A0CC13	3553
B9A24A7B	23427
B9A595B8	21741
B9A7163F	4052
B9A7CDB5	9335
B9AAFF11	13597
B9ABB387	3225
B9AF60D1	18830
B9AF9C39	5207
B9B4A349	19291
B9B73E8E	5166
B9C28F8F	22963
B9C6F920	20921
B9C9ED6F	8854
B9D661F5	10815
B9D6D407	7839
B9D983D9	24003
B9D9AB5B	5386
B9DB7848	24119
B9DC9D5B	23526
B9DCB296	9634
B9DDB51D	9992
B9E55DBD	483
B9EAD7BC	5635
B9EE3C27	5451
B9F280C7	12380
B9F2A54E	8676
B9F4754C	5155
B9F80666	9821
B9F85BE7	10422
B9FBAFA2	7097
B9FD4B92	11616
BA046251	8180
BA04CCE2	13798
BA05CC10	10344
BA061561	13068
BA067F2E	606
BA07E6E6	21763
BA0A2F64	19959
BA0AC8B4	19895
BA0B98A3	19660
BA0BA07E	21775
BA0D6573	506
BA191452	15544
BA19E0A9	9435
BA1C83E8	6500
BA2023EA	22873
BA206BF5	10468
BA21E5E7	21482
BA22B2D4	22188
BA2380BF	12575
BA2695D6	19231
BA26F900	14763
BA27F313	10271
BA28CFBF	7552
BA294840	6943
BA29A912	18128
BA2A7B56	7665
BA2B95F9	9103
BA2ED638	15039
BA30830B	22674
BA33458F	16933
BA37252A	12039
BA3C20E1	6374
BA3ED51A	10546
BA407B8C	19008
BA411354	24488
BA432B5A	1306
BA4738B3	11831
BA4B1534	23392
BA4BE4B4	2036
BA4C1D05	2675
BA54EF40	23839
BA5D1F6A	10555
BA5E1C5A	17865
BA5F7F50	9040
BA62B16F	11552
BA637601	2741
BA649709	23245
BA661177	21095
BA6A33A1	8437
BA6B814F	977
BA70CE83	4396
BA7CFD54	18234
BA842144	12487
BA8428C0	5732
BA8D7432	15559
BA8DBF39	16692
BA92F059	17804
BA93E0AF	17449
BA95E922	2068
BA97A55F	11150
BA97C58D	4430
BA9B10E6	12781
BA9CCA54	1223
BA9DAD92	6332
BA9F0434	22262
BAA5597A	1969
BAA7EFD2	4838
BAA97872	17625
BAA9DE76	18958
BAAC5933	13949
BAB0A605	1723
BAB3921B	748
BAB3C09F	16556
BAB43C58	2958
BAB9D9AB	5394
BABD65D2	9061
BABEA189	15625
BAC1BA9B	12797
BAC2398E	580
BAC6AE6B	5225
BACA3C14	18633
BACBE0EA	6855
BACD8253	4166
BACEA130	21372
BAD04402	10154
BAD23D9B	19210
BAD7D63F	8766
BAD85F96	21556
BADC15F8	15358
BADD7451	7567
BADFA81E	19592
BAE8A33E	7558
BAEBFF46	21295
BAF50582	1439
BAF60446	20094
BAFA238E	7085
BAFCEDD9	16988
BAFE73A3	3367
BAFEAD64	366
BAFF5248	16893
BAFFD18F	21289
BB00DE97	2726
BB0293F1	23135
BB032ED7	23309
BB058382	23345
BB05AA72	21633
BB07FC56	23613
BB0C85A7	7986
BB0DCA0C	6537
BB12E69C	4066
BB1873EB	11330
BB1A012F	17523
BB1F5614	4986
BB209C9D	19553
BB23CC70	4003
BB26E365	24395
BB274266	16504
BB29B261	4365
BB2E17D2	182
BB2ED2DC	97
BB314C2B	19771
BB32C628	21943
BB361A7C	16967
BB3877FD	3213
BB41B24B	15447
BB44BAAC	13965
BB450DD5	2979
BB465868	15777
BB47823D	13413
BB4B70C8	87
BB4CDA61	20038
BB51C3C5	1567
BB5525A9	683
BB587660	20271
BB58E3BF	15029
BB5C7D68	20857
BB5D3519	8446
BB5E1E30	23291
BB5F39C6	5058
BB610703	2458
BB61E1EC	12937
BB62FF5E	3514
BB6A3BBE	9983
BB6C633F	7281
BB7169BB	23159
BB72FDD6	7588
BB760FF8	23620
BB79AD5D	19796
BB7B89D2	466
BB7D6547	21441
BB864FF7	12669
BB870FC0	18292
BB8C4994	5937
BB8E71DA	6632
BB9A24A7	23431
BB9B4A34	19295
BBA1C83E	6504
BBA206BF	10472
BBA2695D	19235
BBA30830	22678
BBA41135	24492
BBA4B153	23396
BBA93E0A	17453
BBAA9787	17629
BBAB9D9A	5398
BBACD825	4170
BBB7169B	23163
BBBA2695	19239
BBBD5F68	19743
BBBDB734	3572
BBC16DBB	206
BBC267C6	21072
BBCC40EF	23477
BBD04F87	4130
BBD298BA	2699
BBD3B95E	6768
BBD5F68F	19739
BBD61C38	23917
BBDB7341	3568
BBDDC327	12678
BBE6037C	20145
BBE6C1DC	9963
BBE7DBD0	21006
BBE88793	14194
BBECB8C9	14399
BBEE50FD	22089
BBEF02DF	8906
BBF64133	20179
BBF6FB91	13729
BBFAD987	3166
BBFBC42A	9223
BBFD3B6A	6261
BC00B349	22931
BC01B0A3	6194
BC042A31	2804
BC053F35	4727
BC082A2F	16213
BC0A0C10	1629
BC0B6443	3489
BC0B7DC6	8896
BC0CE5A9	23656
BC10FBAF	386
BC1392B2	16847
BC165FD5	17790
BC166A20	11105
BC16DBB2	202
BC1C779B	17679
BC1F0E57	6132
BC1FF49A	24580
BC226C60	14097
BC22A130	20637
BC2329DC	7015
BC2465BD	24104
BC2653A6	13653
BC26759F	5089
BC267C6A	21068
BC271ACE	20425
BC274543	6707
BC278352	10709
BC2EB1AB	5235
BC30FF15	11911
BC346802	11782
BC38B5A9	17856
BC390DA5	17610
BC3C6110	23282
BC409662	6052
BC42AA4A	9211
BC4839A6	8724
BC48CB30	5519
BC4DFF37	1764
BC4F118D	14133
BC51ECC2	21869
BC529544	23802
BC54738D	2616
BC593E59	7397
BC5E4FC6	8532
BC5F0014	14918
BC604E49	12848
BC63CBE6	12284
BC66051A	8828
BC686F32	6816
BC69C833	17127
BC705D99	21960
BC717583	12812
BC7214CA	18419
BC730AA9	14671
BC73F408	18776
BC745A51	12243
BC76DEA0	5838
BC7710CC	24313
BC797911	5611
BC81FDC8	20738
BC884AE2	20679
BC889612	5596
BC8A0881	15867
BC8CD8DD	708
BC8F4468	12635
BC93E7B3	21340
BC96CA98	20773
BC99FB7F	17182
BC9F8C0B	8523
BCA02FF1	16742
BCA385AA	20968
BCA392FA	10965
BCA43D62	16803
BCA7CEEE	17651
BCABE144	18339
BCAF6FAF	7423
BCAF8484	287
BCB4EC69	8118
BCB83086	3686
BCBF8374	11854
BCC40EFF	23473
BCC8D3E2	6798
BCCC3116	9256
BCD6AECC	19789
BCD9C866	14298
BCDE4B65	20782
BCDE53E7	17660
BCDFFD60	938
BCEA4BB7	21461
BCED9926	18941
BCF7C838	19390
BCF8A413	24626
BD01AF28	20986
BD01BA20	22889
BD01D78A	23821
BD04F879	4126
BD0526FD	849
BD1137D6	7806
BD136772	17309
BD1A49CA	2335
BD1BD52B	14850
BD241C4C	3957
BD245749	2055
BD298BA4	2695
BD2AFC0F	11139
BD2EF4A6	2709
BD32EC4B	4080
BD34DF2B	13198
BD357153	24080
BD38C9FF	10038
BD3B95EC	6764
BD408F31	5821
BD409981	17907
BD4160AD	1433
BD41D9B8	7734
BD428A2B	18192
BD463ADD	24517
BD46B287	18585
BD46F6DF	4885
BD4A5562	11526
BD4F9855	13843
BD5264DD	2766
BD52B3E6	14838
BD53DDF7	8923
BD59FA3A	1472
BD5A7733	2894
BD5F68FF	19735
BD61C389	23913
BD645FA4	1946
BD65D2FB	9053
BD6F4CBB	4090
BD72459B	10993
BD8111A2	20088
BD8345BF	18820
BD857F5F	22456
BD88A1FF	6743
BD88DB69	12101
BD922CC5	19941
BD939F5B	13874
BD9EF1A7	17141
BD9F67D5	6586
BDA5D8D0	17536
BDA707D5	14558
BDA92F18	12866
BDABA2B9	9115
BDAC286B	17497
BDAFE76F	14345
BDB11D20	24274
BDB12B3E	9372
BDB73419	3564
BDB7C1DF	4871
BDB8D68D	16596
BDBA27F3	10279
BDBEBC59	7413
BDC4E93B	459
BDC7A400	21219
BDCE4F6B	8859
BDCFC2DF	10427
BDD05645	19900
BDD05CC5	19665
BDD0CF05	9440
BDD324B8	23250
BDD5EB2E	9066
BDD65F07	6860
BDD7E76E	16993
BDD91E63	4008
BDDBCD6A	19801
BDDC327F	12674
BDE138D6	20430
BDE3CBC8	5616
BDE9A6F9	13203
BDEA9EEF	8928
BDEE7E16	10432
BDEE8678	9445
BDF90E4A	10759
BE00291B	14909
BE021E71	12429
BE080F5B	20122
BE0863D5	8236
BE0EA317	6843
BE0EFEEA	4860
BE1210DF	277
BE12E25F	5566
BE144EC8	18327
BE145952	2378
BE195DA3	13430
BE1AB2B5	22744
BE1E8427	4246
BE1ECC94	12188
BE233907	1675
BE282950	18733
BE2C6974	4419
BE2D04CB	15954
BE2D4D00	18077
BE2E819F	616
BE3F87B2	16474
BE403CC6	14749
BE41C70B	19379
BE44F299	5981
BE481724	20907
BE4A0FD0	252
BE4B1675	11391
BE4B4784	2024
BE4DE2F8	14931
BE532E77	23544
BE543E58	3846
BE554CC4	4569
BE556774	10367
BE56BF2B	13181
BE5F2A1F	3855
BE6037C1	20141
BE65C5E3	12264
BE693F51	24038
BE6B5D86	8003
BE6C1DC6	9959
BE6D4719	17342
BE6E953B	23849
BE6F7415	19910
BE70E7B9	5197
BE738CE9	5049
BE79B803	11285
BE7CEF14	21887
BE7CF268	10402
BE7DBD01	21002
BE82977F	6280
BE880A10	1009
BE880DAE	10193
BE884793	20304
BE8862C0	16317
BE887930	14190
BE88D2EA	22284
BE88E3A0	7079
BE8AB1AC	11731
BE8F4B8C	12719
BE924116	21688
BE947B00	19114
BE94C962	163
BE97293E	15253
BE978907	8735
BE992C7E	13116
BE9AE88E	12589
BEA096D6	15213
BEA189A9	15617
BEA558C0	3766
BEAAA90B	2099
BEAE499B	7482
BEAF9F3B	21897
BEB1A618	7787
BEB1FBE9	8755
BEB2097E	8586
BEB2A380	21434
BEB844BF	10943
BEB968BD	9139
BEBA97A5	11158
BEBC2783	10717
BEBC593E	7405
BEC15D52	1986
BEC69C98	14022
BEC6EAC2	1737
BEC75A39	1181
BEC8BE8F	12735
BECB82B6	16404
BECB8C95	14395
BED0C62E	15065
BED16BA4	1326
BED1FFDC	19726
BED479EF	1790
BED59F83	6105
BED91E15	15989
BEDCF56B	5644
BEDDB631	7290
BEDDCDA5	19304
BEE362F7	8881
BEE45B29	13715
BEE50FD3	22085
BEE81855	13074
BEE88ACB	22194
BEEB7057	15364
BEEFA21E	14200
BEF02DF7	8902
BEF64E7D	13880
BEFB76D8	7296
BEFEA0DF	9031
BF01194D	16640
BF03DBC1	11125
BF044D29	22431
BF0631E7	15337
BF0BEA55	3778
BF0F4BE0	8256
BF11B9FD	11632
BF1449B8	2229
BF19A58D	8325
BF1F081F	9296
BF1F292E	10893
BF21C959	10754
BF21EB20	1276
BF2241E3	3079
BF24BDD5	9082
BF2B6017	13165
BF2D0249	21539
BF2D69A3	12551
BF3156D1	15005
BF381BC7	18796
BF395B14	16676
BF3A5751	16711
BF3B766C	16982
BF3E42FA	13138
BF3FAA34	3291
BF41D49F	7528
BF4517F1	8406
BF46EE88	10486
BF47D1A9	827
BF48A9CF	1929
BF4A8FD3	4820
BF4CCB37	11185
BF4D8290	16187
BF503C0E	19583
BF5617C5	18096
BF58BDEE	10448
BF5AF1DB	5852
BF5B68B2	24180
BF60A5E6	14319
BF63D3C1	10669
BF63FAF2	309
BF64133E	20175
BF66710F	8563
BF6B15F6	1811
BF6C7069	15729
BF6F2212	20689
BF6FB916	13725
BF733952	17416
BF744DF2	14770
BF75BAE8	7574
BF75D7FE	21302
BF7844D8	14104
BF7CD27E	24045
BF7EE672	17423
BF8040F5	9006
BF83748E	11846
BF8A385E	10784
BF8CA60C	20503
BF8D49C9	9785
BF8FA4EC	8387
BF962D8F	22553
BF982333	14808
BF9A23AF	10919
BF9CE8FC	3361
BF9DBF60	14335
BFA1F0EE	9660
BFA379BC	20797
BFA71335	24546
BFA837F0	9025
BFA96E32	18687
BFAAAE46	17773
BFAB593D	360
BFAD9873	3162
BFAFC113	22441
BFAFC890	3089
BFB16400	2573
BFB6F18F	12298
BFB9D6D4	7847
BFBAA7EF	4846
BFBC42AA	9219
BFC1F4C8	18024
BFC470DB	13583
BFC5F9D2	16724
BFC8EF67	17159
BFCD871A	6412
BFCEBB5C	20873
BFD1C613	7906
BFD3B6AC	6257
BFD49219	16887
BFD5752F	4445
BFD7816C	3500
BFDA6BB9	23451
BFE45A3D	14503
BFE57B52	12881
BFE6A9EE	12963
BFE6FB1B	1751
BFE89DD9	16525
BFEA95DF	21027
BFEC783B	3194
BFEE06F1	5541
BFF0602B	1387
BFF0E410	18526
BFF463CD	21283
BFF5EB92	11006
BFFA9263	22646
BFFAC109	929
BFFB2376	3002
BFFB8763	10852
C0007462	19092
C0024318	12149
C0048491	11217
C005236A	14904
C007185E	19690
C00B3494	22927
C0143D2C	20246
C0188549	24440
C01AAE50	22006
C01B0A32	6190
C01C2891	14245
C01D6CD1	11266
C01D9A3C	2170
C01F8096	1047
C0207AA4	8999
C028621D	7359
C02C03FA	14436
C02C9E8B	22312
C02FCF90	13148
C03334DF	9810
C033BCF7	19406
C0347B99	8487
C037A5DE	2720
C03D1150	15110
C03FACDD	14424
C042A314	2800
C042DF63	14039
C043CE2C	12424
C046535C	16634
C0468FBB	5010
C04B2D7D	1032
C04D929B	22385
C04E401F	9576
C04E9B85	535
C053F35B	4723
C05652E6	3247
C0570555	1370
C058162E	21659
C05A2748	21411
C05F96B4	12560
C060FF61	18387
C0634A23	16293
C067521F	4946
C06F8203	20132
C0764530	10241
C07BABEA	15637
C07E0848	7944
C081B230	10611
C082A2FD	16209
C0840AC3	17024
C0853B07	3929
C088D10F	20081
C08A0496	13497
C08BB4CD	20050
C08D57CD	8022
C09164EF	21714
C093DB88	3128
C094CFEA	18268
C0962580	14062
C0988398	5693
C0991EF7	9467
C09C92D7	12839
C09F7FD1	16540
C0A0C10C	1625
C0A32B38	3742
C0A35835	8815
C0A4FC41	23129
C0A727C9	6906
C0A78A67	17744
C0A7D9BC	962
C0B1760B	21648
C0B1C034	8503
C0B26E57	1702
C0B491C8	17069
C0B6443B	3485
C0B7DC6C	8892
C0C4974B	17884
C0C560E9	15825
C0C59C98	23072
C0C645FE	18045
C0C8DE55	18356
C0CBB5E1	23303
C0CDDEEE	12691
C0CE5A9D	23652
C0D2E44E	13306
C0D611F7	20824
C0DE2465	5528
C0DE39FA	18785
C0E1B44D	15142
C0E5131F	2436
C0E58131	5708
C0EDC265	4647
C0EEC827	19563
C0F1C6C1	17240
C0F6F059	11119
C0F8C223	3897
C0FC51E2	4692
C0FD128E	7188
C101EB75	20117
C103ED9B	10324
C1060C85	13913
C10912DF	7931
C1093523	913
C10C21B6	1609
C10C7AA7	8231
C10CA765	11461
C10D3693	22248
C10D3CA7	21813
C10F209A	15417
C10FBAFE	382
C1134A67	22425
C115D819	23322
C116F1C8	18433
C116FA21	16331
C117D5F3	21908
C1199D57	14797
C11EE30E	13398
C1298DDE	4151
C12A37B6	9391
C12B72F9	11413
C12E1F63	10645
C13251F8	4480
C132D76C	3533
C1333A76	10585
C1392B29	16843
C143CBC1	6152
C148081B	18613
C14815A2	16172
C14BCD9C	14310
C14E7F3F	17216
C14F3BB4	15467
C1520718	9418
C1554916	1356
C15B527D	1416
C15B6184	16389
C15D52AC	1978
C15F8318	15346
C15FBF73	17432
C160E08A	23339
C165FD55	17786
C166A209	11101
C1694792	9879
C16A9CA3	21627
C16CCF51	21145
C16DBB2E	198
C176658C	21950
C17CAA99	4576
C180AE0A	1377
C1843404	3675
C18634F5	14700
C186AA4A	20482
C18C79E3	15331
C190ABEF	13900
C1951986	6082
C1A2DF9C	18813
C1A463D5	2487
C1A51D5E	8953
C1A5914A	15711
C1A96ADF	10694
C1AC8234	1867
C1AC9A12	8796
C1AE9984	21105
C1AEEA4F	17463
C1B7A483	3968
C1BA4738	11839
C1BA8421	12495
C1BA9B10	12789
C1C115D8	23330
C1C779BC	17675
C1D0594B	2663
C1D16086	11478
C1D3E7DB	15808
C1D462F1	6838
C1DC6714	9947
C1DDFD6C	3175
C1DF63AD	1190
C1DFDD53	4855
C1E35D8C	11347
C1E3C227	5786
C1E5B19A	5265
C1E7962D	22343
C1E8B9F2	12396
C1ECE9F3	23988
C1ED20A9	14635
C1F02589	14072
C1F03E30	3907
C1F0E173	18853
C1F0E57D	6128
C1F4C8D1	18016
C1F57196	14544
C1F57746	22693
C1F5C8B3	22134
C1F86B37	7124
C1FAC2DF	8350
C1FC3751	15578
C1FEC303	18378
C1FF15A3	23607
C1FF49A2	24576
C207FF6F	9282
C208A141	11950
C209965A	3635
C20C2FFE	22664
C20D8C67	14164
C20E0728	2449
C20E1892	6362
C21094AA	51
C2117D82	2001
C211CCB1	22787
C217ED8E	15740
C21A0233	3668
C21B6412	1597
C2217BA6	23265
C2233C2F	3881
C225FCD1	10932
C226C60F	14093
C227E584	5770
C22A130F	20633
C22E4E8E	17568
C22EF099	21082
C23013A6	545
C2329DC8	7011
C2398EB8	572
C23EFE8D	20811
C23F68D7	775
C24066C8	19457
C2421BE4	272
C244B779	23496
C2465BD3	24100
C24BF3FA	3303
C24D5D31	11569
C25427CC	14464
C257333E	16366
C25C4BFE	5561
C25F0971	5575
C26108E6	22796
C263CB53	23223
C2653A65	13649
C2654D42	4631
C2667CFF	21845
C26759F7	5085
C267C6A0	21064
C268E2A2	24212
C26A98A6	9496
C26F020A	16223
C271ACE1	20421
C2745431	6703
C276AA10	7636
C278352D	10705
C279A9C8	5431
C27A48CA	7885
C27B7508	5747
C283B80C	4965
C283E634	19837
C286B306	17485
C28918FA	14233
C289D912	18322
C28A9580	1070
C28B2A4F	2373
C28C6F91	5999
C28C9424	11670
C28C9964	20396
C28CA9C1	6176
C28F8FBC	22955
C2912D71	13461
C29258DA	19158
C295BA2A	7681
C298164D	1713
C29CFF0C	15295
C2A846AE	13824
C2AA28F0	5291
C2AA4F07	14657
C2AC3A53	13055
C2B6F8B4	15968
C2B7EC7F	320
C2B98A3B	644
C2BBBD5F	19751
C2BEB209	8594
C2BFAFC1	22449
C2C08A04	13505
C2C78A62	19357
C2CB0901	19471
C2D18CA6	8290
C2D5352A	20953
C2D7D412	15224
C2DB9404	7328
C2DF3E79	10411
C2DF8CD2	8334
C2E0DBD2	3977
C2E6BD83	18836
C2E83595	512
C2E8CD16	16939
C2EA7329	1229
C2EB1AB9	5231
C2F24F9E	21346
C2F74173	19671
C2F7E439	10765
C2F8B534	18083
C2F97CA8	3861
C2FA5325	169
C2FA9563	3772
C2FCB409	21545
C2FFEA49	22652
C2FFEC8D	3008
C3006AB9	22012
C300CEF3	19412
C3032379	18362
C3095CCC	16372
C30DB4EE	18161
C30FF15A	11907
C3116DDF	9244
C311B8A9	7766
C3125D4E	6349
C316CABE	22218
C3181A5C	13317
C31A7AF1	14693
C31F99A6	5119
C32169FA	7980
C3223084	69
C327FB97	12662
C328219E	3425
C32BB478	13425
C32C28C9	11682
C33382F9	4591
C336CD0D	4293
C33A0DD9	4386
C33D6BE9	15273
C3427085	15758
C346802A	11778
C34F85D1	16954
C3550E2B	15906
C3552541	20475
C35656B4	22739
C3594A9C	20013
C359B9FB	7113
C35CAA46	17713
C3689B80	15133
C36CB4B6	13565
C36D3B97	18155
C3728337	6531
C3751AE8	15566
C378812C	6059
C37B5FCE	14352
C37BAFCE	17000
C37D35D1	12596
C385CD7B	18843
C3871359	23904
C387E04A	18285
C389ACF3	23897
C38A430F	13376
C38B5A9C	17852
C38D4D74	6397
C38D5045	12349
C390418D	18516
C390DA56	17606
C3951404	4340
C395F6AC	6118
C399723A	5493
C39B8127	3143
C39B9DDB	10004
C39EE5CD	5187
C39F5AD1	11319
C3A53598	13043
C3A87001	11235
C3B0A496	19168
C3B1AAE7	10837
C3B30050	20260
C3B696B8	15169
C3B8FFCB	5880
C3B9DCB2	9642
C3BA0BA0	21783
C3BC8A08	15875
C3BFD575	4453
C3BFEC78	3202
C3C3D996	12928
C3C4E501	23037
C3C59CD0	1551
C3C6110B	23278
C3C81D17	20331
C3C95EB7	4107
C3CA3685	4790
C3D084F9	4241
C3D264AA	15506
C3D2F010	2818
C3D2F821	8250
C3D422FA	10215
C3D92640	16459
C3D99288	12183
C3D996C7	12920
C3DA83BE	12212
C3E4B5EC	12122
C3E50806	6451
C3E5D051	19972
C3E7E134	24229
C3EAFE28	10798
C3EC7604	10632
C3F02533	18278
C3F2E8DC	12053
C3F66978	7038
C3F7EDE4	20700
C3FC568E	11901
C3FD3F20	9178
C3FE58A8	13354
C3FEA702	17091
C3FF6E41	20611
C4059B38	4545
C4089C50	16263
C4096629	6048
C40EFF69	23465
C41202E5	23109
C417868D	11793
C417B623	24285
C41A1BE0	12449
C41CC66E	5682
C421BFAF	3105
C426EC16	23359
C42A4E27	24429
C42AA4A6	9207
C42B0A56	7695
C42F7647	4018
C4301EEA	15647
C433105E	24299
C439A712	12767
C43B0B6E	7342
C43DE2F2	8545
C43EB3FE	6677
C441EAEA	18980
C450FFB5	6736
C4534A9A	22055
C458C2FF	3024
C45B77F7	9238
C4637EF0	14119
C46720E5	1670
C46DB48F	12094
C46E2A6F	7760
C46E7F52	11626
C470DB2D	13575
C473C485	13016
C47481DB	24264
C4839A63	8720
C483A888	13773
C483CC0E	4667
C4859D6E	13000
C487175B	19611
C48CB30E	5515
C48CBCAF	7439
C48E5CBE	2402
C4935A4D	3396
C4937B74	10294
C4974BC3	17876
C49753B5	6343
C4994C94	5925
C4A2AE5B	8163
C4ACF9B7	9362
C4AFB22F	12745
C4B010B7	14049
C4B1938F	24359
C4B8F8FF	138
C4B9A716	4060
C4BC81FD	20746
C4BFEE06	5549
C4C04E40	9584
C4C07645	10249
C4C0853B	3937
C4CB47E9	20210
C4CD686B	3333
C4CD7A8C	24532
C4D4A5C1	15602
C4D679FB	23890
C4DFF37D	1760
C4E0F1E1	5795
C4E43FD3	2537
C4E501DB	23029
C4E93B67	451
C4EDD937	24408
C4EE5E11	20654
C4F118DF	14129
C5003983	11501
C502BBBD	3588
C5052A07	18728
C50AFC04	16654
C50D3C26	16243
C510863E	13995
C5126E3E	2223
C513D444	9925
C517045F	21922
C51BD526	2778
C51C2F7E	10777
C51DA0AB	19641
C51DF174	629
C51E241E	4680
C51EA1E8	19067
C51ECC26	21865
C52099D1	24615
C52187FC	13369
C5261604	13518
C527C9AB	4518
C5295449	23798
C52EB411	10164
C52FAB92	7492
C5302647	9477
C530618D	14710
C530AEEF	19761
C5315994	19342
C533C35C	17729
C5345BD5	2914
C5375947	18644
C53A251C	6027
C53CDCB1	16778
C54430C6	13335
C5457EB6	24195
C54738D6	2612
C54D1884	23378
C54DEA0E	7747
C54F5FBE	24062
C550A2FF	11028
C55B45B2	14995
C55B600E	14262
C560E9F3	15817
C562DEA5	11543
C5633A01	20535
C56650DB	19332
C568E2C9	23593
C568E444	11889
C56F280B	16752
C570EF22	15885
C57CDEE8	19917
C57DA8F3	1797
C57F6DE3	12305
C580C694	16300
C58264A3	4487
C583D173	12403
C58AB6C0	14269
C58B6AC5	2938
C58D2E9C	4414
C58FEC42	4038
C5900231	2563
C5932C82	23576
C5933FC1	13937
C593E599	7393
C5991882	11812
C59BECB8	16416
C59C98D8	23064
C59CD021	1543
C59D5367	11377
C5A0996C	15949
C5A3DED3	14575
C5A6EC0A	23149
C5A7AE81	8198
C5A9A018	18072
C5AC42B0	7707
C5AD4E40	17845
C5B00B27	22322
C5B1E766	22540
C5B233CE	3808
C5B2AFBA	22212
C5B5629A	2931
C5BB0DCA	6545
C5BD4A55	11534
C5BD9F67	6594
C5C4CB47	20218
C5C664DC	9528
C5C8EE70	22981
C5C94273	17382
C5D033F9	611
C5D176B1	15044
C5D260E8	2680
C5D49782	17809
C5D60DD4	12802
C5D6FD40	19597
C5D82D53	21638
C5DE9DCA	6773
C5E34379	6821
C5E3A2D2	12248
C5E4FC60	8528
C5E5A763	8123
C5EE727B	8864
C5EF09C6	20435
C5EF73F0	10437
C5F00148	14914
C5F0CAED	13435
C5F0D595	22749
C5F4A3D8	19119
C5F87A5F	8261
C5F9D2BA	16716
C5FDCEB6	7852
C5FEBC0B	3505
C604E496	12844
C6051959	3747
C6058E01	8508
C6066EF7	12696
C6069722	13311
C60951BD	9396
C60F812C	14077
C6110BDD	23270
C61119E1	3886
C613D246	7890
C617BA0B	19676
C617FF64	3013
C61C5218	13381
C61CFAD6	11324
C61DB4B5	15174
C61F25AF	12127
C6220F57	18985
C624CA64	5930
C628B822	21927
C62DECFB	6599
C62E8BB5	15049
C633BC4F	14149
C633F51D	7269
C634D6A4	13266
C63CBE65	12280
C63CF1FE	15324
C642A4EF	21245
C645FE0F	18037
C64AC81C	14380
C64D66DD	6968
C64E3FF8	24349
C64ECFED	3715
C64FFF87	10027
C653061A	20496
C65317E1	8275
C655155E	4910
C65A3F7F	14526
C65CA714	18666
C66051AC	8824
C662465E	7448
C664DCC2	9520
C6696366	8319
C66BC2EB	5247
C66C32C2	11694
C66E4EFB	5666
C67144F5	9935
C6715FDB	12315
C67229D5	5325
C6732707	22156
C674037F	20526
C674FCC0	5034
C6761658	19484
C67789E2	14144
C677A26C	17320
C67C3D2F	2830
C67EA3B9	7264
C67F8A60	14725
C6804BDA	17517
C686F323	6812
C6894E26	9605
C6897BB7	19816
C68E8573	18493
C693E71B	17961
C6944620	16284
C6964152	8098
C6974E19	4407
C6986237	7777
C69AD486	13261
C69C8336	17123
C69C98A2	14014
C69D665E	13228
C69E373E	8695
C69EBC73	14687
C69FEA4A	2142
C6A005FF	21048
C6A4E4E9	9778
C6A6BA3C	6390
C6A82298	12342
C6AB9D66	10827
C6AE6BE7	5217
C6B298CD	11713
C6B38519	20411
C6B46B8D	16585
C6B54BFB	2593
C6B7AB3F	1483
C6BB1873	11338
C6C14E7F	17224
C6C3C4E5	23045
C6C5EE72	8872
C6C9FD6E	10095
C6CA5896	24378
C6CC2D18	8302
C6D14BC0	4747
C6D1EC5F	19139
C6D6DC8B	6222
C6DCB3A9	17939
C6DE3B88	24322
C6E0D641	1876
C6E7CA95	8682
C6EAC298	1729
C6EACF02	16562
C6EC037A	2732
C6ED5496	689
C6EF413E	4136
C6F913CA	5987
C6F9205C	20913
C6FDE113	14110
C700D1EE	8493
C705D996	21956
C7069645	15717
C70AE628	650
C70B1E29	19363
C70B836F	3983
C70D5438	15912
C70DF4D7	12602
C7171993	9534
C7175837	12808
C71B0539	17230
C71B27F5	10101
C71DF98A	15018
C7214CAC	18415
C7256966	416
C7256B91	20362
C72685FB	1832
C729095C	23763
C729F358	22823
C730AA93	14667
C738ED71	6625
C73F408F	18772
C74005C3	7062
C745A518	12239
C74C5F0D	22761
C75A3932	1173
C75BBA41	24504
C75C2301	557
C76040D9	10620
C76B8C5B	6614
C76BA21E	21494
C76DEA04	5834
C770A0F9	19847
C7710CC4	24309
C7765DA5	104
C779BCA7	17667
C77E62AD	15012
C783BBFA	3182
C7844FCB	5777
C784F353	5438
C7871AA0	12356
C78A62B3	19349
C7914117	3054
C794685C	22621
C796A677	23214
C7979112	5607
C797CCB8	12275
C798B646	3819
C79A2E32	21266
C79D99C8	22530
C79E1F2E	19985
C79E3FC2	15319
C7A4001A	21211
C7A75D7F	16910
C7A77FCA	12896
C7A7825C	10660
C7AA762D	8219
C7ABB610	2470
C7B35B9D	24139
C7BD38C9	10046
C7BFE6A9	12971
C7BFFB87	10860
C7C207FF	9290
C7C25427	14472
C7C31F99	5127
C7C7FB8E	127
C7CA4B98	10887
C7CFD068	2202
C7D27657	8380
C7D2FBBE	14214
C7D58507	4980
C7D68E06	20845
C7DBF46E	10498
C7DDA25D	13974
C7DE0059	22940
C7DF1414	18742
C7DF6C8F	15998
C7E43AFB	13096
C7E669BC	5113
C7EFA5E2	8745
C7F0F649	16469
C7F17969	8133
C7F443D2	23735
C7F5E57C	300
C7F6217B	4031
C7F8539F	15306
C7FB8EEC	119
C7FC48E5	2414
C7FE5FAD	5869
C7FF1B78	24336
C80078C9	6987
C801189C	2556
C80225DD	23184
C803F3A6	9563
C80798CF	14744
C808DF5C	9156
C8098BA9	17824
C80D4961	1254
C80F4F16	16438
C81C2BEB	8606
C81C37B5	14364
C81D17D1	20323
C81FDC8D	20734
C820C68E	18509
C82203FE	22506
C8227F48	11996
C823418E	1855
C825DA8E	1580
C825FB33	8576
C8267DDF	20166
C826AE46	15403
C8272753	19547
C82735AD	16034
C82A5995	8085
C82BE532	23556
C8336C3F	17111
C833A12A	20590
C838E163	19374
C8394337	1656
C83E844E	6488
C842ADC6	5349
C8441319	19506
C844154B	8637
C8444F44	23694
C849E88B	877
C8532B01	18409
C8549DEE	21240
C855F7B2	13893
C85A7EA3	7974
C85DD5CE	5407
C85F4C96	13125
C8662C55	14282
C86D2B3F	17599
C872565B	10748
C875F740	13087
C87AC80D	1270
C87E8FE0	12520
C87FA7A0	2528
C884AE27	20675
C8877280	3472
C889612F	5592
C889AF2F	11872
C88C2109	63
C89078F2	3073
C896ED74	8460
C89770E1	18303
C89D4B8C	13289
C89E5337	5976
C8A0881A	15863
C8A08B88	3047
C8A29118	15533
C8A55505	15696
C8A61EA1	10228
C8A755C2	5315
C8AB6C82	16054
C8B39685	22118
C8B42515	19879
C8B47B1F	14494
C8B652AA	13706
C8B7BACB	6871
C8BC01B0	6202
C8BE8F4B	12727
C8BF48A9	1937
C8BFC1F4	18032
C8C00718	19698
C8C0A78A	17752
C8C1333A	10593
C8C1E796	22351
C8C3C81D	20339
C8C3E508	6459
C8C41786	11801
C8C9AFBA	15382
C8CD8DDA	704
C8CF3BF0	3798
C8D1155A	18000
C8D30FDF	20714
C8D3E2EF	6790
C8D4AE90	19026
C8D6CE04	17045
C8DDA286	2988
C8DE55F0	18348
C8E392B5	20371
C8E9A5B9	5475
C8EE70A3	22973
C8EF67BC	17151
C8F0ADBE	15978
C8F31C2E	3997
C8F44686	12631
C8F7BDD0	9456
C8FCA618	19433
C9007D59	7237
C90153C5	11052
C902E495	20902
C90B7327	9856
C90D93DE	733
C90DAE52	1147
C911264D	9722
C91662BE	19934
C9166F28	10983
C920A9C2	11593
C92BFCEB	20885
C92C10F2	15429
C92D78E2	12827
C92E131E	23236
C92F757A	9076
C93203D3	16448
C9336E33	7469
C933AA0B	18922
C9343455	6309
C93E7B3A	21336
C941FA1E	247
C9421316	14597
C94246AF	11658
C9427342	17374
C9445800	12168
C947E1DF	4470
C94A956E	12025
C94DB918	22370
C94F4AE1	5905
C9541B05	15489
C9590386	14375
C9594E4D	16832
C9596DF5	10738
C95A59BC	410
C95AE461	20356
C95EB7A6	4099
C9625C7C	147
C962CEA9	11386
C963F21D	13105
C968F084	2019
C96BD88D	12113
C96CA989	20769
C97D7089	10950
C98050C4	7366
C9841B18	14171
C9872A28	4347
C98A210C	14002
C98D8789	23052
C9921B5C	1154
C996415F	23569
C996471C	20384
C99FB7F9	17178
C99FE083	13930
C9A12EB5	8784
C9A17ED6	1826
C9A3DF2A	10384
C9A84356	9701
C9AB8B04	4502
C9ACDBA2	6963
C9AFBADC	15374
C9B0FCBA	12063
C9B8D94B	24389
C9B95F11	1692
C9B984D5	9511
C9BA6376	2749
C9BB72FD	7596
C9BC5F00	14926
C9BCA43D	16811
C9C1F5C8	22142
C9C7FF1B	24344
C9C9BB72	7604
C9CFADBD	13867
C9D099BE	16498
C9D1D7B4	17555
C9D3A7CF	9761
C9D4F279	19533
C9D5B091	23514
C9D916F7	6882
C9D9FDBC	3710
C9DDC624	5946
C9DF4920	21697
C9DF6E7A	5653
C9E3EDFA	10507
C9E42209	19515
C9E88E15	341
C9E8BE88	22300
C9EAA14E	7156
C9ED6F19	8846
C9EED61D	20281
C9EF2336	718
C9F1876D	15184
C9F27645	6892
C9F2CC98	7386
C9F5CFC0	9834
C9F8C0B1	8519
C9FD6E50	10087
C9FD8F66	24154
C9FEE5E4	12656
C9FFF0E6	10022
CA0056D6	3454
CA025F7D	7313
CA02FF17	16738
CA031E1C	12370
CA03B6A0	23020
CA073149	13536
CA082BFF	18546
CA086789	3419
CA0CDDD0	6521
CA0CEC7B	10066
CA100D12	6442
CA1293DE	21985
CA19BC0A	1645
CA1A383E	18872
CA1B7DBB	19319
CA1D2E50	18567
CA1FA622	22076
CA263FE2	2427
CA342E54	22614
CA368549	4782
CA385AA6	20964
CA392FAE	10961
CA396982	11436
CA399DA1	21607
CA3C1480	18625
CA40413F	1126
CA42571F	23757
CA43D629	16799
CA4B98F7	10879
CA4F45A7	2311
CA4F85AF	15239
CA54E0EF	1207
CA54E3CF	20002
CA5546A7	13693
CA589632	24370
CA58D129	9616
CA59F46B	2644
CA5CD5D9	3234
CA60C355	20491
CA618067	19421
CA62FC3D	8270
CA62FEE7	7861
CA633619	11703
CA64A7A5	5914
CA65CEE4	23539
CA66E4EE	5963
CA6B99DE	16621
CA6C9872	4359
CA70EE82	21793
CA714DD6	18654
CA726F29	16821
CA74CA91	13640
CA7651CB	11449
CA772001	7001
CA7C0C59	23084
CA7CD613	22817
CA7CEEEA	17647
CA83CEB2	2262
CA87CB1E	3841
CA8A0250	4333
CA8A74D9	22593
CA8CC378	6075
CA8E02D1	21424
CA90B79F	5
CA91CED7	13624
CA938B92	17397
CA93FEBD	2359
CA950476	14969
CA9516AB	18463
CA953A3E	8666
CA989790	20757
CA9A85B3	4622
CA9C143C	6164
CAA2ABD4	4905
CAA466F0	17701
CAA99880	4564
CAACEE81	10362
CAAF0994	13663
CABB7B89	474
CABE144E	18335
CABEE88A	22202
CAC060FF	18395
CACE3276	3728
CAD23ED2	8062
CAD2D303	7210
CAD4699E	4214
CAD69E5A	22726
CAD6BF21	1292
CAD7E56C	13176
CAD805F9	13159
CAD8A15F	16665
CADC0916	21726
CAE0FD61	8359
CAE79576	489
CAED1E08	13419
CAF62287	6749
CAF6A4BC	12872
CAF6FAF1	7419
CAF84843	283
CAF88CE4	1681
CAFB567E	6111
CAFC92F7	9088
CB01364A	22391
CB02620E	5699
CB045BE8	16337
CB09019B	19463
CB09EDD4	5753
CB0A3250	11676
CB0D09C2	15764
CB0EC292	19174
CB1510C3	13341
CB15BCA0	16758
CB16C02C	22328
CB16C79D	22546
CB18A2E0	21933
CB1D317C	22767
CB1E62D9	3825
CB20AF94	23562
CB2127A2	883
CB238E4A	20377
CB296344	9622
CB2C3B0A	19180
CB2D4FDA	3620
CB30E65C	5503
CB326014	7376
CB33B540	17283
CB37D752	11169
CB3A9BD4	17927
CB40927F	21533
CB42EFB9	22103
CB45B847	794
CB45ED5D	9128
CB47E977	20202
CB47EFF9	14521
CB4B6503	13553
CB4C12B7	11425
CB4C1F57	22705
CB4EC696	8114
CB5319CC	22170
CB533B90	23207
CB53B76E	23639
CB53F6B1	3614
CB55E09C	16860
CB5A68E4	12545
CB5DB17F	3523
CB5F4405	1018
CB6335E1	5256
CB63D3BF	12905
CB63F8BC	8142
CB66B1C3	15930
CB6FAF09	10727
CB7A6AE2	24087
CB7E2893	2236
CB82B6C3	16396
CB830868	3682
CB85F4A6	176
CB8BC745	12255
CB8C9590	14387
CB91D34B	5482
CB94E29B	18661
CB97C28B	2389
CB9B73E8	5170
CB9D983D	24007
CB9DC9D5	23530
CBA0A2F6	19963
CBA29A91	18132
CBA37252	12043
CBA5F7F5	9044
CBAC2398	584
CBB12E69	4070
CBB4B70C	91
CBB5E1E3	23295
CBC1F0E5	6136
CBC22A13	20641
CBC88961	5600
CBC8F446	12639
CBCAF6FA	7427
CBCEA4BB	21465
CBD645FA	1950
CBDE9A6F	13207
CBE0EA31	6847
CBE14595	2382
CBE4B167	11395
CBE543E5	3850
CBE65C5E	12268
CBF5AF1D	5856
CBF75BAE	7578
CBF83748	11850
CBFAAAE4	17777
CC0143D2	20250
CC02C03F	14440
CC0468FB	5014
CC06F820	20136
CC0A3583	8819
CC0C4974	17888
CC0EDC26	4651
CC103ED9	10328
CC1199D5	14801
CC132D76	3537
CC1A51D5	8957
CC1AEEA4	17467
CC1D1608	11482
CC1ECE9F	23992
CC22EF09	21086
CC2667CF	21849
CC26A98A	9500
CC2A846A	13828
CC2AA4F0	14661
CC2D18CA	8294
CC3116DD	9248
CC378812	6063
CC399723	5497
CC39B812	3147
CC3E7E13	24233
CC3EAFE2	10802
CC4059B3	4549
CC40EFF6	23469
CC417B62	24289
CC473C48	13020
CC48CBCA	7443
CC4C0764	10253
CC4E0F1E	5799
CC51DA0A	19645
CC51DF17	633
CC526160	13522
CC530AEE	19765
CC53A251	6031
CC55B45B	14999
CC57CDEE	19921
CC58AB6C	14273
CC5B233C	3812
CC5BB0DC	6549
CC66E4EF	5670
CC67F8A6	14729
CC6897BB	19820
CC69D665	13232
CC70B836	3987
CC75C230	561
CC7BFFB8	10864
CC896ED7	8464
CC8C4178	11805
CC8D3E2E	6794
CC911264	9726
CC933AA0	18926
CC944580	12172
CC98050C	7370
CC9B984D	9515
CC9C1F5C	22146
CC9F5CFC	9838
CCA1B7DB	19323
CCA54E0E	1211
CCA9516A	18467
CCAD23ED	8066
CCB18A2E	21937
CCB1D317	22771
CCB37D75	11173
CCB63D3B	12909
CCB8BC74	12259
CCB91D34	5486
CCBDE9A6	13211
CCC3116D	9252
CCCF9608	16352
CCD3784C	5104
CCD37F1A	9800
CCE0BE55	4585
CCE21EF1	8554
CCE241D4	13782
CCE41101	22515
CCE549C5	17406
CCE9DBA5	10575
CCE9FF50	2872
CCEABF74	14786
CCED0F54	21596
CCED5010	17277
CCEF6E35	16606
CCEF9BA5	23859
CCF51DAC	21133
CCF9608B	16348
CCF9FF82	21836
CD021B34	1531
CD066099	3550
CD0AF9B5	17356
CD0D3455	4277
CD11D7E3	10912
CD1253DB	23424
CD163D3A	16923
CD17190A	21259
CD18750E	11246
CD1E34FF	2155
CD2503BD	22913
CD27EA32	24033
CD2C6CC2	8314
CD2CADC0	21738
CD2F08CA	7025
CD31A78D	8705
CD3784CE	5100
CD37F1A9	9796
CD3895F6	12756
CD38B1FD	4049
CD3D49F1	1509
CD3E6DAD	9332
CD441245	11092
CD459434	18887
CD45FCB1	22566
CD4E42EE	5420
CD53DDB0	12954
CD57F88E	13594
CD58E364	10112
CD5ADB72	5375
CD5D9C3B	3222
CD613084	22805
CD6386AA	15921
CD686B09	3325
CD6AECC5	19785
CD6B4F1F	16020
CD6BB0C8	7998
CD6D2744	16114
CD6E07E2	4705
CD6E76DE	24129
CD6FA2AC	11741
CD7759B0	4177
CD785D63	5242
CD7A8C75	24524
CD7B068B	18827
CD7B0AFE	22463
CD7CE1CF	5204
CD82531B	4158
CD83B8CE	9954
CD84132C	3642
CD865851	11689
CD869F0B	16961
CD871A9A	6404
CD8926F6	10301
CD8DDAA9	696
CD91F94C	19440
CD965876	19187
CD9C527C	4530
CD9C8662	14294
CDA51A48	19288
CDA61ACA	20026
CDA8E33B	17337
CDB0FFA9	17101
CDB3434D	4287
CDB5A17E	9319
CDB8CC48	7459
CDB9A7CD	9343
CDB9F475	5163
CDBA2948	6951
CDC01D6C	11274
CDC093DB	3136
CDC5AC42	7715
CDC9DDC6	5954
CDC9DF6E	5661
CDCB15BC	16766
CDCD2CAD	21746
CDCEEDA8	9997
CDCFDD7D	7102
CDD2A77A	23844
CDDD0E41	6509
CDDEEE19	12683
CDDF65C6	14404
CDE05060	1634
CDE087DD	391
CDE0E3BC	17684
CDE4B654	20778
CDE51C97	10970
CDE53E77	17656
CDE6FFEB	943
CDEE82B2	19905
CDF1FC3D	16479
CDF5D4BD	11163
CDF63756	1742
CDF65C15	16409
CDFCC119	14813
CDFFD608	934
CE042056	17029
CE06F1CF	18790
CE0BE554	4581
CE0F1AEC	11352
CE1464CB	20401
CE147C7D	22960
CE199C17	4596
CE1CF72E	5192
CE1DFF63	3207
CE21EF17	8550
CE241D44	13778
CE289EA2	9930
CE293E4D	4523
CE2BFB6F	12310
CE2C1E8B	12408
CE2CC8C4	11817
CE32767F	3720
CE33A7E6	5039
CE35AA5F	2598
CE36E59D	17944
CE37C902	20918
CE3B5C62	6619
CE41101F	22511
CE41CA19	1661
CE433162	14287
CE453AAE	5320
CE486C9E	738
CE4C6C3C	23057
CE4F6B78	8851
CE549C5C	17402
CE56C50A	16670
CE5A177D	22108
CE5A9DBB	23644
CE64E0FA	22151
CE6810D9	1536
CE6A2CA1	18892
CE719D3F	5044
CE747E26	3354
CE806FE3	20521
CE837653	4380
CE84A820	20580
CE85FA28	8419
CE8FBC1F	24596
CE8FC4CD	3349
CE95D46D	16705
CE98E2E3	9545
CE9DBA5D	10571
CE9F3D42	23976
CE9F9808	5029
CE9FF50A	2868
CEA130BC	21364
CEA43FF8	4937
CEA4BB7D	21457
CEA6F502	17921
CEA82CE6	18912
CEA9B383	11370
CEABF744	14782
CEABF75D	21314
CEAE541E	2275
CEB1C95A	426
CEB2DF8A	2246
CEB30FAB	10812
CEB3D385	1093
CEB3EED7	5076
CEB6A03E	7836
CEB71EFF	12985
CEBB5C7D	20865
CEC2CB09	19479
CEC6E0D6	1884
CEC7BD38	10054
CECC1ECE	24000
CECCE411	22523
CECD5ADB	5383
CED0F549	21592
CED50104	17273
CED7355F	13608
CED99267	18937
CEDBC246	24116
CEDD9B0D	16976
CEDFB052	14328
CEE40112	23193
CEE4EAD8	23523
CEE594B1	9631
CEE599DA	17292
CEE81730	10350
CEED06C9	15453
CEEDA8EE	9989
CEEEAA5E	17635
CEF13C46	14139
CEF147B3	21875
CEF3DF20	19396
CEF44D9D	17315
CEF6E35A	16602
CEF9378B	14937
CEF9BA54	23855
CEFC2FA9	3784
CF027DFF	16546
CF05481C	9424
CF0BE5F2	3867
CF0D72A9	17719
CF0F9741	19978
CF121675	13006
CF124D69	3402
CF1FE14E	15312
CF2352BA	19032
CF268F7C	10390
CF2AEDEE	480
CF2C5B00	22334
CF370075	11280
CF3BF0BE	3790
CF3F733B	23877
CF4E1454	1083
CF4F35DD	4191
CF509355	23962
CF51C729	22839
CF51DAC1	21129
CF56BDE3	5632
CF5AFA5C	15267
CF65809B	22400
CF6755FB	21323
CF71E13C	5448
CF72E6DC	5180
CF789BFE	1771
CF78D390	17134
CF7C838E	19386
CF85225A	13468
CF87A5E0	2825
CF8A4133	24622
CF8D400B	21055
CF8DADB9	6229
CF90BE99	13132
CF94063C	12377
CF952A74	8673
CF9608B7	16344
CF9B734F	9350
CF9BF982	14820
CF9DE28F	21882
CF9E4D1E	10397
CF9FF821	21832
CFA35E2A	2633
CFA3AA63	5152
CFAA2CC5	6569
CFAD6897	11312
CFADBD4F	13859
CFB3EA8B	6579
CFB6ED19	15791
CFB7A035	20997
CFBB5F39	5066
CFBBE603	20153
CFBF41D4	7536
CFC03334	9818
CFC19519	6090
CFC268E2	24220
CFC2DF3E	10419
CFD023C7	18766
CFD068C0	2194
CFD1B676	1905
CFD1D6EB	1461
CFD47724	7259
CFD54756	18222
CFD99222	9737
CFDBC99F	17194
CFDBFC8E	17171
CFDCCEF9	23871
CFDD7D11	7094
CFE11727	17577
CFE5D611	593
CFE7EDE4	17203
CFEA5C92	11613
CFEA8D3D	3285
CFEAAE9F	18252
CFEDE5C1	3699
CFF04183	13923
CFF0CF5A	15283
CFF14C18	14720
CFFA0AB7	6659
CFFC10D3	21825
D00170FD	7056
D00542CD	11765
D0097B58	17512
D00C0C64	18057
D00DFC65	20516
D0119B08	3657
D01AF28E	20982
D01BA202	22885
D01D78A5	23817
D021B34F	1527
D023128A	8177
D023C7DF	18758
D0249FF4	21527
D0266712	13795
D02E6081	10341
D030AB0E	13065
D033F975	603
D03C9E3E	10519
D03F3734	21760
D0440234	10146
D04CB66B	15942
D04F8792	4122
D0517B24	19956
D0526FD1	845
D052EFF4	6275
D055890E	19626
D055BB8E	6648
D05645A1	19892
D0594B3E	2655
D05CC51D	19657
D05D03F3	21772
D05FD4B7	18696
D0639342	1841
D0660996	3546
D068C01D	2186
D06B2B9E	503
D06C92C1	15441
D06ECA6C	4375
D0747069	2505
D07527D3	7522
D084F95A	4233
D089C8C3	6475
D094571D	19869
D0950404	20575
D0975AFA	8777
D099BE3F	16490
D09C217E	15752
D0A9271B	4769
D0AE654A	18480
D0AF9B51	17352
D0B3C8D4	19042
D0B9514E	22604
D0BBEE50	22097
D0BF1F08	9304
D0BF4517	8414
D0BF6B15	1819
D0C08D57	8030
D0C62E8B	15057
D0C70DF4	12610
D0C8A291	15541
D0CF0548	9432
D0D157D0	6299
D0D34557	4273
D0D6125F	3316
D0DE6469	6807
D0DF010F	12438
D0E41F42	6497
D0F162DA	2948
D0F47EEF	228
D0F5492B	21584
D0F8773B	9653
D1011F51	22870
D1013CD6	16134
D1014217	1004
D101B5C5	10188
D101BC0C	23672
D1035FAC	10465
D108F27B	20299
D10C580C	16312
D10F2610	14185
D10F2F3A	21479
D10F4A25	23725
D10F8117	20065
D1137D63	7802
D1150A2B	15098
D1155A41	17992
D11596A6	22185
D117A0A4	860
D11A18E1	12621
D11A5D4F	22279
D11C05F9	12572
D11C2B7E	332
D11C7400	7074
D11D7E3E	10908
D1253DBB	23420
D128E146	6016
D128EC9E	7176
D129A202	16149
D129C4C0	9600
D12EAB16	13959
D12F76F3	19811
D12F9E6E	11295
D12FF361	6422
D134AEB4	19228
D136772C	17305
D13700F4	15124
D137C807	14760
D13A400B	21400
D13BB274	16516
D13D6D45	16092
D13F9898	10268
D1437568	2973
D145FC7D	8400
D1467DFA	7549
D14A4207	6940
D14BC053	4739
D14D4895	18125
D150C43E	6693
D153DAB0	7662
D155F0F4	4259
D1563594	11726
D157D052	6291
D15CAFC9	9100
D1608653	11470
D163D3AE	16919
D164FEC7	24163
D169461E	12233
D169D33A	2297
D16BA432	1318
D16CA950	14981
D16E11FB	788
D16F569D	2904
D16FCE06	18806
D1701594	3257
D17190A9	21255
D173E501	12387
D176B1C7	15036
D17B5745	9122
D17D108F	20311
D17D11A5	22291
D17F4E26	24553
D1803B34	2177
D184185F	22671
D18750E0	11242
D1884DD8	23366
D18A3D43	19074
D18CA62F	8282
D18F345C	21273
D1961A13	15771
D19A2C7A	16930
D1A00A85	11772
D1A49CA4	2331
D1A965A2	811
D1AE3756	16575
D1AEACE4	758
D1AF151C	2626
D1B67637	1897
D1B92952	12036
D1BBA206	10480
D1BCDE4B	20790
D1BD52B3	14846
D1C0D611	20832
D1C1A463	2495
D1C1F0E1	18861
D1C3006A	22020
D1C5457E	24203
D1C5932C	23584
D1C613D2	7898
D1C87E8F	12528
D1C889AF	11880
D1C9921B	1162
D1CD58E3	10120
D1D0AE65	18488
D1D531F0	5145
D1D6EBD4	1453
D1D7B4BB	17547
D1E08F71	13407
D1E1070C	6371
D1E108BE	2010
D1E34FF5	2151
D1E97181	12714
D1EC1694	9891
D1EC5F4A	19131
D1EC7C25	14484
D1EE644B	8477
D1EF69C1	14568
D1EF9559	10377
D1F21105	8647
D1F46A59	821
D1F6A8D0	10543
D1F763EA	4997
D1F783FE	24591
D1F899AD	3344
D1FA5DFB	20196
D1FBBC16	218
D1FBFE45	14515
D1FC1BA8	12507
D1FFDC8C	19718
D2000D20	21204
D2005D67	21389
D203DC62	19005
D2076AC2	11974
D2076E61	24254
D2089AA4	24485
D208EA21	21184
D20A9572	14623
D20C693E	17973
D2195AD7	1303
D22A73F4	1923
D231EAED	2480
D239AF61	22474
D239C599	11828
D23D9B2C	19202
D23E4D87	12076
D23ED2D0	8054
D2411A86	19269
D241C4C0	3953
D2457497	2051
D2465317	7874
D247235B	17059
D24822C0	21683
D24E527A	2324
D2503BD0	22909
D258A9A3	23389
D25F25A3	2033
D260E82C	2672
D2618B65	22227
D264AA0D	15498
D268BFA7	24562
D26EBF9C	3377
D2744F5B	16102
D2765707	8372
D276CEB1	442
D27BFA1F	9672
D27CE36E	17956
D27EA32E	24029
D288C408	16279
D2896422	23711
D28C3DA8	12224
D28D2411	19281
D28EAF7A	8946
D28F242D	9870
D28F6000	19109
D298BA4C	2691
D2992C4B	158
D299ECB0	22411
D29ACC47	13036
D2A3F4C3	4814
D2A69E8E	22041
D2A77A03	23836
D2AFC0F6	11135
D2B3F845	17587
D2B8771F	5891
D2BA8DBF	16700
D2BAD23D	19218
D2C5C4CB	20226
D2C6CC2D	8310
D2C82A59	8093
D2C8A555	15704
D2CADC09	21734
D2CDE087	399
D2D0C08D	8038
D2D303F4	7202
D2D70386	15156
D2D940E6	13547
D2DC3223	81
D2DCF71E	5460
D2E30337	12705
D2E44EA5	13298
D2E50415	18555
D2E527C2	15248
D2E8FB54	10552
D2E9C33A	4402
D2EA7C10	22268
D2EC6804	17529
D2EF4A62	2705
D2EFD904	20185
D2F010A8	2810
D2F08CA7	7021
D2F0E2D6	17862
D2F120E6	8730
D2F8218F	8242
D2FBBE88	14206
D2FBFA83	9037
D303F44A	7194
D304ADCB	11419
D307D5DD	22699
D30C46E2	7772
D30D652A	20019
D30F28DA	4796
D30FDFB7	20706
D3114D2A	22061
D314BEAE	7498
D3158B7A	11549
D317C356	22755
D31A78DC	8701
D31BB00D	2738
D31C5C66	9540
D3234455	18006
D324B84C	23242
D3258FC8	13111
D32A473B	13630
D32EC4B9	4076
D3308BBC	21092
D332CDF5	11179
D336986B	20032
D33AB950	2281
D33D3CD7	4197
D34557C3	4265
D34721FA	12534
D34B73DC	5466
D34DF2B5	13194
D3519D0B	8434
D357153D	24076
D35A90CC	13256
D35C0A7D	974
D35D11C0	12584
D35DCD12	23440
D360A40A	16181
D366A2FE	22575
D36930C5	22236
D370BA0D	522
D3760527	23142
D3784CEB	5096
D37CAD7E	13188
D37F1A93	9792
D383EAE3	14551
D385152B	1077
D386741B	4393
D3895F64	12752
D3899AF5	24539
D38B1FD8	4045
D38C9FFF	10034
D38ED744	21501
D39066D8	17118
D3931442	14009
D3A67572	2288
D3A7CFD9	9753
D3ACCBDE	13223
D3AEBFD4	16903
D3B1A590	8108
D3B6ACF8	6249
D3B74BA3	10566
D3B95EC4	6760
D3B97453	18143
D3B99D3F	2883
D3BFE57B	12889
D3C12E1F	10653
D3C26F02	16231
D3C59BEC	16424
D3C6E7CA	8690
D3C7DF6C	16006
D3CA70EE	21801
D3CB4C1F	22713
D3CD7759	4185
D3D07470	2513
D3D17015	3265
D3D1C300	22028
D3D49F1A	1505
D3D7408C	8191
D3D78E61	14682
D3E17466	16948
D3E2EF4E	6782
D3E6DAD0	9328
D3E7A849	23971
D3E7DB76	15800
D3E7EAA3	18231
D3E7ECC9	9746
D3F20237	9166
D3F3011A	5024
D3F5180F	7963
D3FD4948	2137
D3FEA141	2863
D400BFEA	21043
D403B172	22999
D407DE88	7823
D408F313	5817
D4099818	17903
D40F03BB	19577
D412DAC9	15208
D4160ADA	1429
D41BF804	9018
D41D9B8B	7730
D41DF0F6	12201
D4210A27	12484
D4214607	5729
D421AB49	9694
D422FA20	10207
D424D555	23956
D4261792	21359
D4282C67	2850
D428A2B8	18188
D42D9C33	4611
D4313529	15612
D4377744	19250
D4380090	11228
D43D0B3C	19054
D4412452	11088
D4425B05	21167
D4442AAD	13758
D444B47B	9909
D450AA55	14879
D453722A	16072
D4594347	18883
D45FCB16	22562
D4603F04	7953
D462F1A1	6830
D463ADDD	24513
D465CECC	24016
D46742FD	8428
D467A8E3	22848
D4699E9E	4206
D46B2874	18581
D46BA191	15556
D46DF9CA	16689
D46F6DF0	4881
D470F167	1561
D4719DE8	17330
D471CA7C	22833
D476B06B	21123
D4772401	7251
D4777CD8	9974
D479EF13	1782
D486634E	13245
D487FF19	4932
D4895FAB	18113
D48CB212	895
D492196A	16879
D4931E51	22635
D494856F	2125
D4961753	1242
D4976FAC	21452
D49782CB	17801
D4978C09	12859
D49818AC	15836
D49C9D3A	9773
D49F057E	17446
D49F1ADE	1497
D49F4C52	7512
D49F7FE0	1402
D4A55628	11522
D4A5C1FC	15594
D4AAE71B	20935
D4AB1814	3761
D4AE901E	19018
D4AF4915	2065
D4B1C2B9	660
D4B2D16E	804
D4B56FD8	10687
D4B71972	18680
D4B8C69A	13277
D4B92415	11604
D4BD2AFC	11147
D4BE2C69	4427
D4C67327	22164
D4CEE401	23201
D4D00C0C	18065
D4D74784	6385
D4D88734	12778
D4DEA04C	17916
D4E05A48	17078
D4E404C5	17833
D4E42EEA	5416
D4E55784	13672
D4E652A7	1220
D4ED6C93	6329
D4EDDBB0	23633
D4F27908	19525
D4F821A6	22259
D4F98550	13839
D4FC0188	24452
D4FDAC50	3608
D50104E0	17265
D5045319	12337
D5059CD4	18907
D51662DD	6562
D51A0793	10530
D51A7A2E	3276
D5228398	8980
D52353F0	24466
D524AEB6	21574
D5264DD3	2762
D52ACBD6	1966
D52B3E6F	14834
D52BBE7D	21018
D52FEC59	2583
D5314C09	9487
D531F0C7	5137
D5352AB9	20945
D5367078	11365
D5394733	21618
D53B169E	8212
D53DDB0F	12950
D53DDF78	8919
D53F7E95	4835
D5421939	7623
D5429D83	7147
D5438AE1	15900
D54756F5	18214
D549504E	20469
D5496A58	677
D54BC390	17622
D54EF3B6	18955
D555216E	2094
D555AB77	23940
D5572302	17766
D55D3E7E	18243
D5608B78	18442
D562C99F	13946
D570AA8A	5301
D57284A4	21995
D573ACC3	10822
D5752F8B	4437
D5782725	16854
D57CD6BB	8010
D57EE89B	14777
D57EEBAF	21309
D57F88E1	13590
D5841142	11957
D584ED54	7643
D5850770	4972
D585302C	1720
D585F16A	18090
D58A68B7	2921
D58E364F	10108
D595A5A6	7217
D595AD3C	22733
D59C90D9	745
D59E04FB	16553
D59F1B5B	6236
D59F832A	6097
D59FA3AD	1468
D5A1E2C5	2955
D5A4F7F4	9679
D5A7733A	2890
D5AC9E88	353
D5ADB721	5371
D5AF78F2	5626
D5B0912D	23506
D5BBD61C	23925
D5BD428A	18200
D5BF63D3	10677
D5C336CD	4301
D5C54F5F	24070
D5C58264	4495
D5C65A3F	14534
D5C8C9AF	15390
D5C9336E	7477
D5CA83CE	2270
D5CD7CE1	5212
D5CECD5A	5391
D5D02667	13803
D5D15CAF	9108
D5D3158B	11557
D5D54EF3	18963
D5D98A61	19776
D5D9C3BF	3218
D5DB0838	2463
D5DD1841	22683
D5EB2E97	9058
D5EF54F7	8933
D5F3E778	21892
D5F50C4D	15622
D5F68FFE	19731
D5F88DCF	11637
D5FC51C2	10789
D60849A9	918
D60D64D0	8801
D60D74CC	21110
D60DD4D8	12794
D611CC75	577
D611F7F4	20816
D6125F9F	3308
D6130847	22801
D6143598	17490
D616FC66	8339
D619410C	3430
D61C389A	23909
D61D9802	20265
D6215852	7700
D62815DD	3593
D629E6E5	16783
D62BED47	1802
D62F784E	20440
D62F7B9F	10442
D634C311	7782
D635735F	5222
D6386AA1	15917
D638EFCC	15023
D6392B4B	421
D63F7D2F	8750
D6406A4B	1259
D6411A0C	1860
D6412FD9	8581
D645FA45	1942
D64D0975	8789
D64F4470	346
D64F8C3B	15189
D650E972	18572
D651E0A4	18630
D652A71E	20007
D65319B0	11708
D6547016	21429
D6573CAB	494
D65BF144	2241
D65D2FBF	9049
D65F0751	6852
D660D775	17472
D661F57F	10807
D66239E2	13025
D665EF4D	13216
D66C1298	4163
D66DD14A	6956
D66E7EEB	7107
D66EFB2E	14409
D670A326	20406
D6750985	21369
D679FB99	23882
D67A70A2	1088
D67DDAF9	5071
D67FD055	6664
D6822011	10151
D685F8F8	9309
D686B092	3321
D6897CF3	11300
D68D71BA	16580
D68E06B0	20837
D68E4C90	1167
D691ECD9	19207
D69375FC	3382
D69A390F	12539
D69E3EFB	16011
D69E5A60	22718
D6A4331A	13250
D6A72026	17838
D6A97F62	2588
D6AECC53	19781
D6B44BE7	11305
D6B4F1F7	16016
D6BB0C85	7994
D6BC76DE	5846
D6BE9729	15261
D6BEB1FB	8763
D6BF21EB	1284
D6C2FCB4	21553
D6C93434	6317
D6CC39B8	3155
D6CD1875	11254
D6CE0420	17037
D6D2744F	16110
D6D407DE	7831
D6D45372	16080
D6DA2C9F	24174
D6DB9085	5364
D6DC8BC0	6214
D6DEA7CC	13852
D6E07E28	4701
D6E0AFC1	15355
D6E3DFF3	12980
D6E50676	10075
D6E76DE1	24125
D6EBA28C	7564
D6EBD416	1445
D6EBD811	20100
D6EE9044	24498
D6F19814	8834
D6F4CBB1	4086
D6F567E8	1478
D6FA2AC6	11737
D6FD40F0	19589
D7029F66	968
D70386D1	15148
D70897F3	10938
D708C04E	551
D714BAD0	10170
D717C32B	13441
D718B7B3	6605
D71BAB3C	16568
D71F5A38	20851
D722CE5A	22124
D7230F20	20345
D72459BC	10989
D7290104	1132
D72A919B	17707
D72D17B5	9134
D733BDB8	16612
D7355FE2	13600
D73F00CC	9824
D7408C4A	8183
D743228A	15547
D7443CBC	21485
D7447017	12578
D74519F7	7555
D747841C	6377
D748656B	1309
D74CC22E	21098
D74D4674	8440
D752F4AB	11153
D7567243	751
D75FEA49	16896
D75FFA31	21292
D76190B4	7989
D7630E7D	11333
D76B8FAD	20860
D76C5FEB	3517
D7734494	23434
D77527C1	17456
D7759B04	4173
D7816C88	3492
D784E8A8	6710
D784F06A	10712
D785D635	5238
D7878C22	23285
D78A52A8	23805
D78A8E71	2619
D78B27CB	7400
D78E2EB0	12815
D78E6155	14674
D78EDBD4	5841
D79470B5	20971
D795F090	290
D797F06E	11857
D7A34939	2338
D7A82C15	1436
D7A8C75B	24520
D7AE48B3	10996
D7B02234	20091
D7B068B7	18823
D7B0AFEB	22459
D7B11B6D	12104
D7B4BB1A	17539
D7BC7979	5619
D7CE1CF7	5200
D7CE719D	5052
D7D10142	1012
D7D11C74	7082
D7D2E527	15256
D7D412DA	15216
D7D63F7D	8758
D7DA18C5	15068
D7DD030A	13077
D7DD6E0A	15367
D7E089A5	22434
D7E3E525	10896
D7E43D64	1279
D7E4483C	3082
D7E56C02	13168
D7E76ECD	16985
D7EB17BD	10451
D7EF9A4F	24048
D7F39D1F	3364
D7F3B7EC	14338
D7F56B27	363
D7FA9243	16890
D7FE8C79	21286
D8000E8C	19095
D8038512	14248
D80593D1	22315
D805F9F2	13151
D806F4BB	2723
D8103646	10614
D8111A21	20084
D8149F88	23132
D81976BC	23306
D82531BB	4154
D82902B4	16175
D82979B3	14313
D829CFE7	17219
D829E776	15470
D82BAA55	1981
D82C1C11	23342
D82D28F2	9882
D82D5394	21630
D82D99EA	21148
D8345BF3	18816
D83B8CE2	9950
D83E07C6	3910
D83F0D66	7127
D83FE2B4	23610
D84132CB	3638
D841C0E5	2452
D84896EF	23499
D8519538	6179
D8524B1B	19161
D857F5F8	22452
D8596120	19474
D85B7280	7331
D85F9681	21548
D860646F	18365
D8612B99	16375
D8642D3F	7983
D8658519	11685
D869F0BA	16957
D86E5066	6534
D871A9AE	6400
D8787B32	12931
D8789CA0	23040
D87E5D1B	12056
D87FD4E0	17094
D883437C	12452
D885EEC8	4021
D88734E2	12770
D88A1FF6	6739
D88DB691	12097
D88E903B	24267
D8926F6E	10297
D8959F36	9365
D89734E2	4063
D8A15F80	16657
D8B20046	2566
D8B4F5D0	8201
D8B91DCE	22984
D8BDCE4F	8867
D8BE947B	19122
D8BFD781	3508
D8C1F025	14080
D8C39F5A	11327
D8C67789	14152
D8C67EA3	7272
D8CD785D	5250
D8D0097B	17520
D8D2C82A	8101
D8D39314	14017
D8D573AC	10830
D8DC1AC8	1879
D8DD5853	1732
D8DDAA92	692
D8E0D2C8	15720
D8EB4726	1176
D8EC081B	10623
D8F0777F	3185
D8F3B339	22533
D8F4EFF9	12899
D8F4F04B	10663
D8F66B73	24142
D8F7A719	10049
D8F84A84	14475
D8FAB0A0	4983
D8FE2F2D	8136
D8FEBCAF	303
D904BB51	1583
D904CFBB	20169
D904E4EA	19550
D904E6B5	16037
D910EE50	3475
D912EE1C	18306
D914C3D4	10231
D916F759	6874
D917D1E9	12730
D9182667	10596
D919E77E	3801
D91BB450	2991
D91E15B7	15981
D91E6385	4000
D91F94C3	19436
D922CC57	19937
D925821E	15432
D926407A	16451
D926868A	6312
D929B723	22373
D930E545	4350
D9371B29	24392
D939F5B7	13870
D93A1337	16501
D93D5429	7159
D93DE466	721
D93FADCA	10090
D940E629	13539
D9472D30	11439
D94AA8D4	13696
D94B12C6	24373
D94D930E	4362
D952A08E	14972
D95312F2	20760
D957DD11	22205
D95C1FAC	8362
D96026C9	22394
D9658761	19183
D9696CA0	13556
D97056D8	16399
D970BE94	179
D97192B2	14390
D97696E1	94
D980287A	20253
D983D9D3	23995
D984CCF9	21852
D985A319	8297
D9873702	3150
D98A615D	19768
D992224C	9729
D9926754	18929
D99288B0	12175
D9963145	21940
D996C7A7	12912
D99C43DE	8557
D99C8220	22518
D99EA3B5	21136
D9A1A68A	4280
D9A30EA1	11249
D9A3C69F	2158
D9A5E119	7028
D9A7A93E	1512
D9A8BF96	22569
D9AB5B6E	5378
D9AC70D5	15924
D9ADCEDB	24132
D9B0D3E1	16964
D9B124DE	10304
D9B2CB0E	19190
D9B8B588	7718
D9BCDFFD	946
D9C0840A	17032
D9C1E35D	11355
D9C33382	4599
D9C3BFEC	3210
D9C527C9	4526
D9C8662C	14290
D9D3E7A8	23979
D9D57EEB	21317
D9D6392B	429
D9D67A70	1096
D9D8DC1A	1887
D9DCB33B	17295
D9DF26F1	14940
D9EF1A72	17137
D9F54598	6572
D9F67D51	6582
D9FDBCB8	3702
DA0AB121	19629
DA0D9258	15444
DA1524E3	4772
DA18C5D1	15060
DA1EA925	21587
DA25D562	13962
DA26E01E	15127
DA286EAD	2976
DA29780A	4742
DA2C9FD8	24166
DA2D7486	1321
DA2D952A	14984
DA32C342	15774
DA35D59C	761
DA3C11EE	13410
DA3D8BE9	19134
DA3FFB91	19721
DA4152AE	14626
DA4735EC	22477
DA47C9B0	12079
DA4C316C	22230
DA4E89EB	16105
DA51A482	19284
DA567F08	17590
DA5A1811	8041
DA5AE070	15159
DA5B8644	84
DA5D8D00	17532
DA61ACA5	20022
DA66D30D	20035
DA6BB9A2	23443
DA707D5C	14554
DA772E8A	18146
DA80762E	23002
DA80FBD1	7826
DA83BE1E	12204
DA8A154A	14882
DA8A6E45	16075
DA8E1E2C	1564
DA8E33BD	17333
DA8EEF9B	9977
DA8F3DE2	1785
DA92F181	12862
DA93EFFC	1405
DAA0209C	17268
DAA340F2	10533
DAA84327	7626
DAA92D4B	680
DAB08228	11960
DAB09DAA	7646
DAB14D16	2924
DAB3E36B	6239
DAB3F065	6100
DABA2B95	9111
DAC1AE99	21113
DAC286B3	17493
DAC32821	3433
DAC3B300	20268
DAC502BB	3596
DAC57DA8	1805
DAC71DF9	15026
DAC9F187	15192
DAD0BF1F	9312
DAD92686	6320
DADB9178	6217
DADE3302	8837
DAE2975A	10173
DAE316F6	6608
DAE3EB47	20854
DAE52020	1135
DAE6ABFC	13603
DAE88797	21488
DAE9A8CE	8443
DAF09D15	6713
DAF0F184	23288
DAF9CE33	5055
DAFE76FD	14341
DB0070A2	14251
DB08381C	2455
DB0C2573	16378
DB0F0F66	12934
DB0FFA9C	17097
DB11D207	24270
DB12B3E6	9368
DB17FAF0	3511
DB18CFD4	7275
DB1C1A59	15723
DB20976A	1586
DB209CD6	16040
DB23C2B6	15984
DB2D2D94	13559
DB324CEA	18932
DB3434D1	4283
DB36249B	10307
DB3AC725	432
DB3B1B83	1890
DB3BE4DE	14943
DB4593FB	24169
DB48F936	12082
DB4B5C0E	15162
DB4EE5D1	18149
DB500EC5	23005
DB51DDF3	9980
DB567C6D	6242
DB5A17E3	9315
DB6319FA	7278
DB691F26	12085
DB7210AB	5359
DB734198	3560
DB765C2F	189
DB768CB0	15784
DB7848CB	24111
DB78C797	12291
DB7A811E	5828
DB7C1DFD	4867
DB84CA9A	4638
DB88437F	3112
DB8B4DD8	23156
DB8CC48C	7455
DB8D68D7	16592
DB906742	20597
DB90855B	5356
DB917803	6209
DB9183CF	22358
DB9404BE	7320
DB967537	17934
DB97EEB7	7585
DB987CFC	24240
DB9A0CC1	3557
DB9A7CDB	9339
DB9EAD7B	5639
DB9F4754	5159
DBA27F31	10275
DBA29484	6947
DBA5D1F6	10559
DBA8428C	5736
DBB07FC5	23617
DBB26E36	24399
DBB2E17D	186
DBB361A7	16971
DBB46586	15781
DBB6C633	7285
DBB760FF	23624
DBB9B4A3	19299
DBBA4B15	23400
DBBFBC42	9227
DBC166A2	11109
DBC2465B	24108
DBC63CBE	12288
DBC7710C	24317
DBC884AE	20683
DBC99FB7	17186
DBCB8308	3690
DBCCC311	9260
DBCD6AEC	19793
DBD01AF2	20990
DBD241C4	3961
DBD408F3	5825
DBD4F985	13847
DBDC4E93	463
DBE0EFEE	4864
DBE2D04C	15958
DBEB2A38	21438
DBEBC278	10721
DBEBC593	7409
DBEDDCDA	19308
DBEE45B2	13719
DBF395B1	16680
DBF46EE8	10490
DBF60A5E	14323
DBFC8EF6	17163
DC01D6CD	11270
DC03D115	15114
DC067521	4950
DC09164E	21718
DC093DB8	3132
DC0A727C	6910
DC0DE246	5532
DC0FC51E	4696
DC15F831	15350
DC1AC823	1871
DC23F68D	779
DC2654D4	4635
DC283E63	19841
DC2E8359	516
DC322308	73
DC327FB9	12666
DC387E04	18289
DC3B1AAE	10841
DC421BFA	3109
DC4301EE	15651
DC433105	24303
DC4E93B6	455
DC54DEA0	7751
DC5A6EC0	23153
DC5AC42B	7711
DC61C521	13385
DC6220F5	18989
DC624CA6	5934
DC65CA71	18670
DC662465	7452
DC67144F	9939
DC67229D	5329
DC6B46B8	16589
DC6C5EE7	8876
DC6CA589	24382
DC738ED7	6629
DC7765DA	108
DC784F35	5442
DC7A4001	21215
DC7BFE6A	12975
DC7CFD06	2206
DC7FE5FA	5873
DC80078C	6991
DC80225D	23188
DC8227F4	12000
DC833A12	20594
DC842ADC	5353
DC8AB6C8	16058
DC8B652A	13710
DC8BC01B	6206
DC8C0071	19702
DC8C1E79	22355
DC8D30FD	20718
DC9007D5	7241
DC90153C	11056
DC94A956	12029
DC9D5B09	23518
DC9DDC62	5950
DC9DF6E7	5657
DCA0056D	3458
DCA025F7	7317
DCA0CDDD	6525
DCA0CEC7	10070
DCA1FA62	22080
DCAF6228	6753
DCAF88CE	1685
DCB15BCA	16762
DCB29634	9626
DCB33B54	17287
DCB3A9BD	17931
DCB9B73E	5174
DCBA29A9	18136
DCBC22A1	20645
DCBC8F44	12643
DCBE4B16	11399
DCBF75BA	7582
DCC26A98	9504
DCC3E7E1	24237
DCC896ED	8468
DCC9F5CF	9842
DCCE549C	17410
DCCE9FF5	2876
DCCEF9BA	23863
DCD06609	3554
DCD1253D	23428
DCD2CADC	21742
DCD3E6DA	9336
DCDA51A4	19292
DCE147C7	22964
DCE4F6B7	8855
DCEB6A03	7840
DCEDBC24	24120
DCEE594B	9635
DCEEDA8E	9993
DCF56BDE	5636
DCF71E13	5452
DCF952A7	8677
DCFA3AA6	5156
DCFC2DF3	10423
DCFDD7D1	7098
DCFEA5C9	11617
DD02E608	10345
DD030AB0	13069
DD05645A	19896
DD05CC51	19661
DD05D03F	21776
DD0CF054	9436
DD0E41F4	6501
DD1011F5	22874
DD1035FA	10469
DD11596A	22189
DD134AEB	19232
DD137C80	14764
DD13F989	10272
DD14A420	6944
DD153DAB	7666
DD184185	22675
DD2089AA	24489
DD239C59	11832
DD258A9A	23393
DD2A77A0	23840
DD2E8FB5	10556
DD31BB00	2742
DD324B84	23246
DD4210A2	12488
DD421460	5733
DD46BA19	15560
DD49F057	17450
DD4AF491	2069
DD4D8873	12782
DD53F7E9	4839
DD54BC39	17626
DD585302	1724
DD59E04F	16557
DD5A1E2C	2959
DD5CECD5	5395
DD5EB2E9	9062
DD5F50C4	15626
DD651E0A	18634
DD65F075	6856
DD66C129	4167
DD6E0AFC	15359
DD6EBA28	7568
DD74519F	7559
DD75FFA3	21296
DD7A82C1	1440
DD7B0223	20095
DD7D11C7	7086
DD7E76EC	16989
DD7F39D1	3368
DD7F56B2	367
DD806F4B	2727
DD8149F8	23136
DD82C1C1	23346
DD83FE2B	23614
DD86E506	6538
DD8FAB0A	4987
DD904E4E	19554
DD91E638	4004
DD9371B2	24396
DD93A133	16505
DD94D930	4366
DD970BE9	183
DD97696E	98
DD9B0D3E	16968
DDA0D925	15448
DDA25D56	13966
DDA286EA	2980
DDA32C34	15778
DDAA92D4	684
DDAC3B30	20272
DDAE9A8C	8447
DDAF9CE3	5059
DDB0F0F6	12938
DDB51DDF	9984
DDB6319F	7282
DDB8B4DD	23160
DDB97EEB	7589
DDBB07FC	23621
DDBCD6AE	19797
DDC327FB	12670
DDC624CA	5938
DDC738ED	6633
DDCDA51A	19296
DDD0E41F	6505
DDD1035F	10473
DDD134AE	19236
DDD2089A	24493
DDD258A9	23397
DDD54BC3	17630
DDDD134A	19240
DDE0B6DD	207
DDE62077	23478
DDE827C3	4131
DDEAFB47	19740
DDEB0E1C	23918
DDEDB9A0	3569
DDEEE193	12679
DDF301BE	20146
DDF360EE	9964
DDF443C9	14195
DDF65C64	14400
DDF7816F	8907
DDFB7DC8	13730
DDFD6CC3	3167
DDFDE215	9224
DE0059A4	22932
DE041517	16214
DE050608	1630
DE05BEE3	8897
DE0672D4	23657
DE087DD7	387
DE0B3510	11106
DE0B6DD9	203
DE0E3BCD	17680
DE0FFA4D	24581
DE113630	14098
DE1232DE	24105
DE133ACF	5090
DE133E35	21069
DE138D67	20426
DE204B31	6053
DE215525	9212
DE246598	5520
DE26FF9B	1765
DE2788C6	14134
DE28F661	21870
DE2F27E3	8533
DE2F800A	14919
DE31E5F3	12285
DE33028D	8829
DE34E419	17128
DE382ECC	21961
DE390A65	18420
DE39FA04	18777
DE3B8866	24314
DE3CBC88	5612
DE442571	20680
DE450440	15868
DE466C6E	709
DE4B654C	20774
DE4CFDBF	17183
DE5017F8	16743
DE51C97D	10966
DE521EB1	16804
DE53E777	17652
DE55F0A2	18340
DE5C1843	3687
DE62077F	23474
DE6469F1	6799
DE66188B	9257
DE6B5766	19790
DE6F25B2	20783
DE6F29F3	17661
DE6FFEB0	939
DE76CC93	18942
DE7BE41C	19391
DE7C5209	24627
DE80D794	20987
DE80DD10	22890
DE80EBC5	23822
DE827C3C	4127
DE889BEB	7807
DE89B3B9	17310
DE920E26	3958
DE94C5D2	2696
DE977A53	2710
DE997625	4081
DE9A6F95	13199
DE9AB8A9	24081
DE9C64FF	10039
DE9DCAF6	6765
DEA04798	5822
DEA04CC0	17908
DEA0ECDC	7735
DEA14515	18193
DEA35943	18586
DEA52AB1	11527
DEA7CC2A	13844
DEA9326E	2767
DEA959F3	14839
DEA9EEFB	8924
DEACFD1D	1473
DEAD3B99	2895
DEAFB47F	19736
DEB0E1C4	23914
DEC9CFAD	13875
DECF78D3	17142
DECFB3EA	6587
DED383EA	14559
DED7F3B7	14346
DED8959F	9373
DEDB9A0C	3565
DEDBE0EF	4872
DEDC6B46	16597
DEDD13F9	10280
DEE2749D	460
DEE3D200	21220
DEE7E16F	10428
DEE82B22	19901
DEE86782	9441
DEEB2F83	6861
DEEBF3B7	16994
DEEE193F	12675
DEF7433C	9446
DF010F38	12430
DF0407AD	20123
DF077F75	4861
DF0F664A	12189
DF1414A8	18734
DF168265	15955
DF1740CF	617
DF1FC3D9	16475
DF201E63	14750
DF20E385	19380
DF22794C	5982
DF240B92	20908
DF2507E8	253
DF26F17C	14932
DF2AB3BA	10368
DF2B5F95	13182
DF301BE0	20142
DF349FA8	24039
DF360EE3	9960
DF374A9D	23850
DF3E7934	10403
DF3EDE80	21003
DF443160	16318
DF443C98	14191
DF4558D6	11732
DF49208B	21689
DF4BC483	8736
DF4D7447	12590
DF555485	2100
DF58D30C	7788
DF5951C0	21435
DF5CB45E	9140
DF5D4BD2	11159
DF5E13C1	10718
DF5E2C9F	7406
DF634E4C	14023
DF637561	1738
DF63AD1C	1182
DF65C15B	16405
DF65C64A	14396
DF68B5D2	1327
DF6C8F0A	15990
DF6E7AB5	5645
DF6EDB18	7291
DF6EE6D2	19305
DF71B17B	8882
DF722D94	13716
DF7287E9	22086
DF7816FB	8903
DF85F52A	3779
DF8A24DC	2230
DF8CD2C6	8326
DF90E4AC	10755
DF98AB68	15006
DF9C0DE3	18797
DF9CAD8A	16677
DFA0EA4F	7529
DFA37744	10487
DFA3E8D4	828
DFA547E9	4821
DFA6659B	11186
DFA81E07	19584
DFB052F3	14320
DFB1E9E0	10670
DFB1FD79	310
DFB2099F	20176
DFB79109	20690
DFB7DC8B	13726
DFB99CA9	17417
DFBC226C	14105
DFC0207A	9007
DFC65306	20504
DFC6A4E4	9786
DFCC1199	14809
DFD0F877	9661
DFD1BCDE	20798
DFD41BF8	9026
DFD6CC39	3163
DFD7E448	3090
DFDD53F7	4847
DFDE2155	9220
DFE477B3	17160
DFE8E309	7907
DFE9DB56	6258
DFEABA97	4446
DFED35DC	23452
DFF22D1E	14504
DFF2BDA9	12882
DFF354F7	12964
DFF37D8D	1752
DFF44EEC	16526
DFF63C1D	3195
DFF83015	1388
DFFD6084	930
DFFDC3B1	10853
E0024248	11218
E00291B5	14905
E0059A4A	22928
E00C42A4	24441
E00D8519	6191
E00EB668	11267
E0103D52	9000
E0199A6F	9811
E01A3DCC	8488
E01E88A8	15111
E021518A	2801
E021E716	12425
E02329AE	16635
E02596BE	1033
E029F9AD	4724
E02B2973	3248
E02D13A4	21412
E02FCB5A	12561
E033A90F	4947
E041517E	16210
E0420561	17025
E045DA66	20051
E048B277	21715
E049EDC4	3129
E04A67F5	18269
E04B12C0	14063
E04FBFE8	16541
E0506086	1626
E05393E4	6907
E053ECDE	963
E05A48E4	17070
E05B221D	3486
E05BEE36	8893
E062CE4C	23073
E0672D4E	23653
E06B08FB	20825
E06F1232	5529
E06F1CFD	18786
E070DA26	15143
E072898F	2437
E0776413	19564
E078E360	17241
E07B782C	11120
E07C6111	3898
E07E28F1	4693
E080F5BA	20118
E0830642	13914
E084896F	7932
E0863D53	8232
E0869B49	22249
E0869E53	21814
E087DD7F	383
E089A533	22426
E08AEC0C	23323
E08BEAF9	21909
E08F7187	13399
E0970FB1	10646
E09C9594	16844
E0A1E5E0	6153
E0A4040D	18614
E0A9038C	9419
E0AAA48B	1357
E0ADB0C2	16390
E0AFC18C	15347
E0AFDFB9	17433
E0B2FEAA	17787
E0B35104	11102
E0B6DD97	199
E0BB32C6	21951
E0BE554C	4577
E0C05705	1378
E0C21A02	3676
E0C63CF1	15332
E0CA8CC3	6083
E0D231EA	2488
E0D2C8A5	15712
E0D4B56F	10695
E0D6411A	1868
E0DBD241	3969
E0DD239C	11840
E0DD4210	12496
E0E3BCDE	17676
E0EA3178	6839
E0EEFEB6	3176
E0EFB1D6	1191
E0EFEEA9	4856
E0F1AEC6	11348
E0F1E113	5787
E0F2D8CD	5266
E0F69054	14636
E0F870B9	18854
E0F872BE	6129
E0FA6468	18017
E0FAB8CB	14545
E0FAE459	22135
E0FD616F	8351
E0FE1BA8	15579
E0FFA4D1	24577
E103FFB7	9283
E1070C49	6363
E108BEC1	2002
E10BF6C7	15741
E112FE68	10933
E1136307	14094
E113F2C2	5771
E1150987	20634
E1172747	17569
E11809D3	546
E1194EE4	7012
E11FB46B	776
E1210DF2	273
E1232DE9	24101
E126AE98	11570
E12A13E6	14465
E12E25FF	5562
E131E5A9	23224
E1329D32	13650
E132A6A1	4632
E133ACFB	5086
E133E350	21065
E1347151	24213
E1378105	16224
E138D670	20422
E13A2A18	6704
E13C1A96	10706
E13CD4E4	5432
E141F31A	19838
E1448C7D	14234
E144EC89	18323
E1454AC0	1071
E1459527	2374
E14637C8	6000
E1464CB2	20397
E147C7DE	22956
E14896B8	13462
E14E7F86	15296
E1551478	5292
E15B7C5A	15969
E15BF63F	321
E15CC51D	645
E15F5904	8595
E163C531	19358
E16A9A95	20954
E16BEA09	15225
E16F9F3C	10412
E1706DE9	3978
E1735EC1	18837
E1741ACA	513
E174668B	16940
E1758D5C	5232
E17BF21C	10766
E17CBE54	3862
E17D2992	170
E17D4AB1	3773
E180355C	22013
E186DA77	18162
E187F8AD	11908
E1892EA7	6350
E18FCCD3	5120
E1911842	70
E193FDCB	12663
E195DA3C	13426
E199C17C	4592
E19B6686	4294
E19D06EC	4387
E19EB5F4	15274
E1A34015	11779
E1AA8715	15907
E1AB2B5A	22740
E1ACDCFD	7114
E1AE5523	17714
E1B44DC0	15134
E1B65A5B	13566
E1BA8D74	15567
E1BDAFE7	14353
E1BE9AE8	12597
E1C2E6BD	18844
E1C3F025	18286
E1C4D679	23898
E1C5AD4E	17853
E1C6A822	12350
E1C820C6	18517
E1C86D2B	17607
E1CAFB56	6119
E1CDCEED	10005
E1CF72E6	5188
E1D8D573	10838
E1DC7FE5	5881
E1DCEE59	9643
E1DD05D0	21784
E1DE4504	15876
E1DFEABA	4454
E1DFF63C	3203
E1E2CE68	1552
E1E30885	23279
E1E4AF5B	4108
E1E8427C	4242
E1E97808	2819
E1E97C10	8251
E1EC9320	16460
E1ECC944	12184
E1ECCB63	12921
E1F2E828	19973
E1F63B02	10633
E1F81299	18279
E1FB34BC	7039
E204B314	6049
E2090172	23110
E210DFD7	3106
E2155253	9208
E2180F75	15648
E219882F	24300
E21EF179	8546
E22C617F	3025
E231BF78	14120
E2339072	1671
E2373FA9	11627
E2386D96	13576
E241CD31	8721
E241D444	13774
E241E607	4668
E242CEB7	13001
E2465987	5516
E2472E5F	2403
E249AD26	3397
E257D917	12746
E25FF703	5550
E2602720	9585
E260429D	3938
E265A3F4	20211
E266B435	3334
E266BD46	24533
E26B3CFD	23891
E26FF9BE	1761
E27280ED	23030
E2749DB3	452
E276EC9B	24409
E2772F08	20655
E2788C6F	14130
E2829503	18729
E2869E13	16244
E289371F	2224
E289EA22	9926
E28E17BF	10778
E28F120F	4681
E28F6613	21866
E2904CE8	24616
E290C3FE	13370
E293E4D5	4519
E294AA24	23799
E2975A08	10165
E29830C6	14711
E298ACCA	19343
E299E1AE	17730
E29BACA3	18645
E2A2BF5B	24196
E2A39C6B	2613
E2A6F507	7748
E2A7AFDF	24063
E2A8517F	11029
E2B47164	23594
E2B47222	11890
E2B87791	15886
E2BFB6F1	12306
E2C13251	4488
E2C1E8B9	12404
E2C5B562	2939
E2C6974E	4415
E2C7F621	4039
E2C99641	23577
E2C9F2CC	7394
E2CC8C41	11813
E2CDF65C	16417
E2CE6810	1544
E2D04CB6	15950
E2D37605	23150
E2D4D00C	18073
E2D62158	7708
E2D6A720	17846
E2E3326E	9529
E2E4A139	17383
E2E819FC	612
E2EB06EA	12803
E2EB7EA0	19598
E2EF4EE5	6774
E2F1D169	12249
E2F27E30	8529
E2F2D3B1	8124
E2F800A4	14915
E2F86576	13436
E2FCE95D	16717
E302724B	12845
E302C700	8509
E303377B	12697
E304A8DE	9397
E30885EE	23271
E3088CF0	3887
E309E923	7891
E30BDD05	19677
E30E290C	13382
E30EDA5A	15175
E31107AB	18986
E3126532	5931
E316F67D	6600
E31A6B52	13267
E31E5F32	12281
E3215277	21246
E325640E	14381
E326B36E	6969
E32767F6	3716
E327FFC3	10028
E329830D	20497
E32A8AAF	4911
E32D1FBF	14527
E32E538A	18667
E33028D6	8825
E331232F	7449
E3326E61	9521
E334B1B3	8320
E338A27A	9936
E33914EA	5326
E33A7E60	5035
E33BD136	17321
E3437991	6813
E34E419B	17124
E34FF525	2143
E35002FF	21049
E3527274	9779
E3535D1E	6391
E354114C	12343
E359C28C	20412
E35A35C6	16586
E35AA5FD	2594
E35BD59F	1484
E35D8C39	11339
E360A73F	17225
E362F739	8873
E364FEB7	10096
E3652C4B	24379
E368A5E0	4748
E36B6E45	6223
E36E59D4	17940
E36F1DC4	24323
E373E54A	8683
E3756781	16563
E37C902E	20914
E382ECCB	21957
E3858F14	19364
E38BAC1B	12809
E38D829C	17231
E390A656	18416
E392B5C8	20363
E39484AE	23764
E394F9AC	22824
E3985549	14668
E39C76B8	6626
E39FA047	18773
E3A002E1	7063
E3A2D28C	12240
E3B5C62D	6615
E3B5D10F	21495
E3B6F502	5835
E3B8507C	19848
E3B88662	24310
E3BB2ED2	105
E3BCDE53	17668
E3BF3156	15013
E3C227E5	5778
E3C279A9	5439
E3C8A08B	3055
E3CBC889	5608
E3CF0F97	19986
E3D2000D	21212
E3DFF354	12972
E3E103FF	9291
E3E3FDC7	128
E3E525CC	10888
E3E7E834	2203
E3E93B2B	8381
E3EB4703	20846
E3EDFA37	10499
E3EF002C	22941
E3EF8A0A	18743
E3EFB647	15999
E3F87B24	16470
E3FA21E9	23736
E3FC29CF	15307
E3FDC776	120
E3FF2FD6	5870
E3FF8DBC	24337
E4003C64	6988
E40112EE	23185
E401F9D3	9564
E403CC67	14745
E4046FAE	9157
E404C5D4	17825
E40E15F5	8607
E40E8BE8	20324
E40FEE46	20735
E4106347	18510
E41101FF	22507
E4113FA4	11997
E4135723	15404
E419B61F	17112
E419D095	20591
E41C70B1	19375
E41CA19B	1657
E41F4227	6489
E42156E3	5350
E422098C	19507
E4220AA5	8638
E4299580	18410
E42EEAE7	5408
E42FA64B	13126
E433162A	14283
E436959F	17600
E4392B2D	10749
E43AFBA0	13088
E43D6406	1271
E43F47F0	12521
E43FD3D0	2529
E4425713	20676
E444B097	5593
E444D797	11873
E4483C79	3074
E44EA5C6	13290
E44F299B	5977
E450440D	15864
E45045C4	3048
E453AAE1	5316
E455B641	16055
E459CB42	22119
E45A3D8F	14495
E45B2955	13707
E45E00D8	6203
E460038C	19699
E46053C5	17753
E460F3CB	22352
E461E40E	20340
E461F284	6460
E464D7DD	15383
E466C6ED	705
E46987EF	20715
E46A5748	19027
E46B6702	17046
E474D2DC	5476
E4773851	22974
E477B3DE	17152
E47A2343	12632
E4803EAC	7238
E480A9E2	11053
E481724A	20903
E485B993	9857
E486C9EF	734
E48B3794	10984
E49054E1	11594
E495FE75	20886
E496BC71	12828
E497BABD	9077
E499B719	7470
E49F3D9D	21337
E4A0FD0F	248
E4A1098B	14598
E4A139A1	17375
E4A54AB7	12026
E4ACA726	16833
E4ACB6FA	10739
E4AD2CDE	411
E4AD7230	20357
E4AF5BD3	4100
E4B16754	11387
E4B47842	2020
E4B5EC46	12114
E4B654C4	20770
E4BEB844	10951
E4C20D8C	14172
E4C51086	14003
E4C6C3C4	23053
E4C90DAE	1155
E4CFDBFC	17179
E4D0BF6B	1827
E4D1EF95	10385
E4D5C582	4503
E4D87E5D	12064
E4DDB97E	7597
E4DE2F80	14927
E4DE521E	16812
E4E8EBDA	17556
E4E9D3E7	9762
E4EA793C	19534
E4EAD848	23515
E4EC8B7B	6883
E4EEE312	5947
E4EFB73D	5654
E4F1F6FD	10508
E4F21104	19516
E4F6B78C	8847
E4F76B0E	20282
E4F93B22	6893
E4FC6058	8520
E5002B6B	3455
E5012FBE	7314
E5017F8B	16739
E5018F0E	12371
E501DB50	23021
E50415FF	18547
E5066EE8	6522
E506763D	10067
E5080689	6443
E50949EF	21986
E50CDE05	1646
E50FD311	22077
E5131FF1	2428
E51A172A	22615
E51B42A4	4783
E51C2D53	20965
E51C97D7	10962
E51CCED0	21608
E520209F	1127
E5212B8F	23758
E521EB14	16800
E525CC7B	10880
E527A2D3	2312
E527C2D7	15240
E530C033	19422
E532E772	23540
E5337277	5964
E5387741	21794
E538A6EB	18655
E53E062C	23085
E53E6B09	22818
E53E7775	17648
E541E759	2263
E543E58F	3842
E5450128	4334
E5453A6C	22594
E5485BCF	6
E549C5C9	17398
E54A9D1F	8667
E5523378	17702
E554CC40	4565
E5567740	10363
E55784CA	13664
E55DBDC4	475
E55F0A27	18336
E56A34CF	4215
E56BF2B6	13177
E56C02FC	13160
E56C50AF	16666
E57B1143	6750
E57B525E	12873
E57B7D78	7420
E57C2421	284
E57C4672	1682
E57DAB3F	6112
E57E497B	9089
E5813107	5700
E5822DF4	16338
E584F6EA	5754
E58A8861	13342
E58ADE50	16759
E58B6016	22329
E58B63CE	22547
E58F316C	3826
E594B1A2	9623
E599300A	7377
E599DAA0	17284
E59D4DEA	17928
E5A0493F	21534
E5A177DC	22104
E5A2F6AE	9129
E5A6095B	11426
E5A60FAB	22706
E5A7634B	8115
E5A99DC8	23208
E5A9DBB7	23640
E5AD3472	12546
E5B19AF0	5257
E5B1FC5E	8143
E5C18434	3683
E5CBE145	2390
E5CDB9F4	5171
E5D0517B	19964
E5D14D48	18133
E5D1B929	12044
E5D611CC	585
E5E0F872	6137
E5E11509	20642
E5E444B0	5601
E5E47A23	12640
E5E7525D	21466
E5F0A2CA	2383
E5F258B3	11396
E5F2A1F2	3851
E5F32E2F	12269
E5FAD78E	5857
E5FBADD7	7579
E5FC1BA4	11851
E601601F	14441
E602347D	5015
E6037C10	20137
E6076E13	4652
E6081F6C	10329
E608CCEA	14802
E60D28EA	8958
E60E8B04	11483
E61354C5	9501
E6154235	13829
E6155278	14662
E61F3F09	24234
E62077FB	23470
E62603B2	10254
E627078F	5800
E628ED05	19646
E628EF8B	634
E62930B0	13523
E62ADA2D	15000
E62D919E	3813
E6337277	5671
E633FC53	14730
E6344BDD	19821
E6385C1B	3988
E63AE118	562
E63DFFDC	10865
E644B76B	8465
E6469F17	6795
E64E0FAE	22147
E64FAE7E	9839
E652A707	1212
E654A8B5	18468
E658E98B	22772
E65C5E3A	12260
E65C8E9A	5487
E66188B6	9253
E667CB04	16353
E669BC26	5105
E672A4E2	17407
E674FFA8	2873
E67687AA	21597
E677B71A	16607
E677CDD2	23860
E6810D9A	1532
E683304C	3551
E6857CDA	17357
E688EBF1	10913
E68929ED	23425
E68B8C85	21260
E693F519	24034
E69656E0	21739
E698D3C6	8706
E69C4AFB	12757
E69C58FE	4050
E69F36D6	9333
E6A2CA1A	18888
E6A72177	5421
E6A9EED8	12955
E6ABFC47	13595
E6AC71B2	10113
E6AECE1D	3223
E6B09842	22806
E6B57662	19786
E6B5A78F	16021
E6B5D864	7999
E6B693A2	16115
E6B703F1	4706
E6BBACD8	4178
E6BD8345	18828
E6BD857F	22464
E6BE70E7	5205
E6C1DC67	9955
E6C38D4D	6405
E6CE4331	14295
E6D28D24	19289
E6D4719D	17338
E6DAD0BF	9320
E6DCD3E6	9344
E6DCFA3A	5164
E6E00EB6	11275
E6E049ED	3137
E6E58ADE	16767
E6E69656	21747
E6E776D4	9998
E6E953BD	23845
E6F25B2A	20779
E6F29F3B	17657
E6F74159	19906
E6FB1BAB	1743
E6FE608C	14814
E6FFEB04	935
E70378E7	18791
E70A3E3E	22961
E70E7B97	5193
E7160F45	12409
E7166462	11818
E719D3F3	5040
E71AD52F	2599
E71B72CE	17945
E71BE481	20919
E71DAE31	6620
E727B5BC	8852
E72B6285	16671
E738CE9F	5045
E73A3F13	3355
E747E266	3350
E74AEA36	16706
E74C7171	9546
E7525DBE	21458
E7596FC5	2247
E75987D5	10813
E75B501F	7837
E75DAE3E	20866
E7660F67	24001
E7667208	22524
E766AD6D	5384
E76B9AAF	13609
E76CC933	18938
E76DE123	24117
E76ECD86	16977
E76FD829	14329
E772756C	23524
E772CA58	9632
E7768364	15454
E776D477	9990
E777552F	17636
E778A3D9	21876
E77E17D4	3785
E787CBA0	19979
E7890B3A	13007
E78FF0A7	15313
E79347BE	10391
E79576F7	481
E7962D80	22335
E79B803A	11281
E7A849AA	23963
E7AB5EF1	5633
E7B3AAFD	21324
E7B8F09E	5449
E7B9736E	5181
E7BC4DFF	1772
E7BE41C7	19387
E7C52099	24623
E7C85F4C	13133
E7CA031E	12378
E7CA953A	8674
E7CEF147	21883
E7CF268F	10398
E7D1D531	5153
E7D6B44B	11313
E7D6DEA7	13860
E7DB768C	15792
E7DBD01A	20998
E7E0199A	9819
E7E13471	24221
E7E16F9F	10420
E7E811E3	18767
E7E83460	2195
E7E8DB3B	1906
E7EAA3AB	18223
E7ECC911	9738
E7EDE4CF	17195
E7EE677C	23872
E7EEBE88	7095
E7F3F6F2	17204
E7F52E49	11614
E7F5469E	3286
E7F867AD	15284
E7FE0869	21826
E800B87E	7057
E806FE32	20517
E80D7947	20983
E80DD101	22886
E80EBC52	23818
E8118945	8178
E811E3EF	18759
E8133389	13796
E8173040	10342
E8185587	13066
E819FCBA	604
E81F9B9A	21761
E827C3C9	4123
E828BD92	19957
E82937E8	846
E82977FA	6276
E82ADDC7	6649
E82B22D0	19893
E82CA59F	2656
E82E628E	19658
E82E81F9	21773
E82FEA5B	18697
E834600E	2187
E83595CF	504
E8376536	4376
E83A3834	2506
E83A93E9	7523
E8427CAD	4234
E844E461	6476
E84A8202	20576
E84CDF1F	16491
E85732A5	18481
E859E46A	19043
E85FA28B	8415
E8645148	15542
E86782A4	9433
E8720FA1	6498
E87A3F77	229
E87C3B9D	9654
E8808FA8	22871
E880A10B	1005
E880DAE2	10189
E880DE06	23673
E881AFD6	10466
E884793D	20300
E8862C06	16313
E8879308	14186
E887979D	21480
E887A512	23726
E889BEB1	7803
E88A8515	15099
E88ACB53	22186
E88BD052	861
E88D0C70	12622
E88D2EA7	22280
E88E02FC	12573
E88E15BF	333
E88E3A00	7075
E89470A3	6017
E894764F	7177
E89A575A	19229
E89B3B96	17306
E89BE403	14761
E89DD93A	16517
E89EB6A2	16093
E89FCC4C	10269
E8A2FE3E	8401
E8A33EFD	7550
E8A52103	6941
E8A6A44A	18126
E8A8621F	6694
E8A9ED58	7663
E8AB1ACA	11727
E8AE57E4	9101
E8B04329	11471
E8B4A30F	12234
E8B4E99D	2298
E8B80ACA	3258
E8B9F280	12388
E8BB58E3	15037
E8BE8847	20312
E8BE88D2	22292
E8C20C2F	22672
E8C51EA1	19075
E8C79A2E	21274
E8CD163D	16931
E8D24E52	2332
E8D4B2D1	812
E8D78A8E	2627
E8DB3B1B	1898
E8DC94A9	12037
E8DDD103	10481
E8DE6F25	20791
E8DEA959	14847
E8E0D231	2496
E8E18035	22021
E8E309E9	7899
E8EA98F8	5146
E8EB75EA	1454
E8EBDA5D	17548
E8F08386	6372
E8F4B8C0	12715
E8F90882	8648
E8FA352C	822
E8FB5468	10544
E8FBC1FF	24592
E8FC4CD6	3345
E8FDDE0B	219
E8FE0DD4	12508
E9000690	21205
E9002EB3	21390
E901EE31	19006
E903B561	11975
E903B730	24255
E9044D52	24486
E90CAD6B	1304
E91539FA	1924
E91CE2CC	11829
E920E260	3954
E922BA4B	2052
E923298B	7875
E9241160	21684
E92C54D1	23390
E92F92D1	2034
E9307416	2673
E9325506	15499
E9345FD3	24563
E93B2B83	8373
E93B6758	443
E944B211	23712
E947B000	19110
E94C5D26	2692
E94C9625	159
E94D6623	13037
E951FA61	4815
E953BD01	23837
E957E07B	11136
E95C3B8F	5892
E95D46DF	16701
E962E265	20227
E971819B	12706
E972820A	18556
E97293E1	15249
E9747DAA	10553
E977A531	2706
E977EC82	20186
E9780854	2811
E978716B	17863
E9789073	8731
E97C10C7	8243
E97DDF44	14207
E97DFD41	9038
E987946D	4797
E988A695	22062
E98A5F57	7499
E98AC5BD	11550
E98BE1AB	22756
E98DD806	2739
E98E2E33	9541
E991A22A	18007
E9925C26	23243
E992C7E4	13112
E995239D	13631
E997625C	4077
E99845DE	21093
E99966FA	11180
E99D5CA8	2282
E9A5B9EE	5467
E9A6F95A	13195
E9A8CE85	8435
E9AB8A9E	24077
E9AE053E	975
E9AE88E0	12585
E9B05205	16182
E9B3517F	22576
E9B85D06	523
E9C28A95	1078
E9C33A0D	4394
E9C4CD7A	24540
E9C64FFF	10035
E9C76BA2	21502
E9D3E7EC	9754
E9D75FEA	16904
E9DB567C	6250
E9DBA5D1	10567
E9DCAF62	6761
E9DFF2BD	12890
E9E0970F	10654
E9E2CDF6	16425
E9E6BBAC	4186
E9E83A38	2514
E9F3D424	23972
E9F3EDBB	15801
E9F3F551	18232
E9F3F664	9747
E9F9011B	9167
E9F9808D	5025
E9FF50A0	2864
EA047989	5818
EA04CC0C	17904
EA0781DD	19578
EA096D64	15209
EA0B056D	1430
EA0DFC02	9019
EA0ECDC5	7731
EA108513	12485
EA10A303	5730
EA117D10	10208
EA126AAA	23957
EA130BC9	21360
EA141633	2851
EA14515C	18189
EA189A94	15613
EA1C0048	11229
EA1E859E	19055
EA212D82	21168
EA221556	13759
EA225A3D	9910
EA301F82	7954
EA3178D0	6831
EA31D6EE	24514
EA32E766	24017
EA33D471	22849
EA35943A	18582
EA35D0C8	15557
EA36FCE5	16690
EA37B6F8	4882
EA38E53E	22834
EA3B5835	21124
EA3B9200	7252
EA43FF8C	4933
EA490CB5	16880
EA498F28	22636
EA4A42B7	2126
EA4BB7D6	21453
EA4BC165	17802
EA4F82BF	17447
EA4F8D6F	1498
EA4FA629	7513
EA52AB14	11523
EA558C0A	3762
EA57A48A	2066
EA5B8CB9	18681
EA5C634D	13278
EA5C920A	11605
EA5E957E	11148
EA5F1634	4428
EA6C439A	12779
EA6F5026	17917
EA702D24	17079
EA732953	1221
EA76B649	6330
EA793C84	19526
EA7C10D3	22260
EA7CC2A8	13840
EA82CE6A	18908
EA8B316E	6563
EA8D3D17	3277
EA9141CC	8981
EA92575B	21575
EA9326E9	2763
EA9565EB	1967
EA959F37	14835
EA95DF3E	21019
EA98F863	5138
EA9B383C	11366
EA9D8B4F	8213
EA9EEFBC	8920
EA9FBF4A	4836
EAA14EC1	7148
EAA3AB7A	18215
EAA5E1C8	17623
EAA779DB	18956
EAAA90B7	2095
EAAB9181	17767
EAAE9F3F	18244
EAB164CF	13947
EAB85545	5302
EABA97C5	4438
EABF744D	14778
EABF75D7	21310
EAC283B8	4973
EAC29816	1721
EAC2F8B5	18091
EACAD2D3	7218
EACE486C	746
EACF027D	16554
EACFD1D6	1469
EAD0F162	2956
EAD3B99D	2891
EAD64F44	354
EAD7BC79	5627
EAD84896	23507
EADEA145	18201
EAE32D1F	14535
EAE499B7	7478
EAE541E7	2271
EAE766AD	5392
EAEAA779	18964
EAED841C	2464
EAEE8C20	22684
EAF5974B	9059
EAF7AA7B	8934
EAF9F3BC	21893
EAFA8626	15623
EAFB47FF	19732
EAFE28E1	10790
EB0424D4	919
EB06EA6C	12795
EB08E63A	578
EB0B7E33	8340
EB0E1C4D	23910
EB14F372	16784
EB17BC27	20441
EB17BDCF	10443
EB1A6188	7783
EB1AB9AF	5223
EB1C95A5	422
EB1FBE97	8751
EB203525	1260
EB2097EC	8582
EB22FD22	1943
EB28F052	18631
EB2A380B	21430
EB2DF8A2	2242
EB2E97DF	9050
EB2F83A8	6853
EB30FABF	10808
EB32F7A6	13217
EB36094C	4164
EB377D97	14410
EB3A84C2	21370
EB3D3851	1089
EB3EED7C	5072
EB3FE82A	6665
EB411008	10152
EB470358	20838
EB472648	1168
EB48F66C	19208
EB5A25F3	11306
EB5E3B6F	5847
EB5F4B94	15262
EB5F58FD	8764
EB617E5A	21554
EB661CDC	3156
EB668C3A	11255
EB6A03EF	7832
EB6A29B9	16081
EB6D164F	24175
EB6F53E6	13853
EB7057E0	15356
EB71EFF9	12981
EB72833B	10076
EB75D146	7565
EB75EA0B	1446
EB75EC08	20101
EB774822	24499
EB7A65D8	4087
EB7EA078	19590
EB844BF9	10939
EB846027	552
EB91672D	22125
EB922CDE	10990
EB968BDA	9135
EB9F8066	9825
EBA04625	8184
EBA28CFB	7556
EBA97A55	11154
EBAFF524	16897
EBAFFD18	21293
EBB5C7D6	20861
EBC0B644	3493
EBC27835	10713
EBC52954	23806
EBC593E5	7401
EBC730AA	14675
EBCAF848	291
EBD1A49C	2339
EBD4160A	1437
EBD72459	10997
EBD8111A	20092
EBDA5D8D	17540
EBE88E3A	7083
EBEE8185	13078
EBF044D2	22435
EBF1F292	10897
EBF2241E	3083
EBF3B766	16986
EBF7CD27	24049
EBF9CE8F	3365
EBFAB593	364
EBFD4921	16891
EBFF463C	21287
EC000746	19096
EC037A5D	2724
EC081B23	10615
EC088D10	20085
EC0A4FC4	23133
EC0CBB5E	23307
EC14BCD9	14314
EC15D52A	1982
EC160E08	23343
EC169479	9883
EC16A9CA	21631
EC1A2DF9	18817
EC1F03E3	3911
EC1F86B3	7128
EC1FF15A	23611
EC29258D	19162
EC2BFAFC	22453
EC2CB090	19475
EC2DB940	7332
EC303237	18366
EC32169F	7984
EC372833	6535
EC41A1BE	12453
EC42F764	4022
EC450FFB	6740
EC46DB48	12098
EC4B9A71	4064
EC590023	2567
EC5A7AE8	8202
EC5C8EE7	22985
EC5F4A3D	19123
EC61CFAD	11328
EC6804BD	17521
EC696415	8102
EC69C98A	14018
EC6AB9D6	10831
EC6E0D64	1880
EC6EAC29	1733
EC75A393	1177
EC76040D	10624
EC783BBF	3186
EC7A7825	10664
EC7B35B9	24143
EC7BD38C	10050
EC7C2542	14476
EC7D5850	4984
EC7F5E57	304
EC8267DD	20170
EC827275	19551
EC89770E	18307
EC8A61EA	10232
EC8B7BAC	6875
EC8BE8F4	12731
EC8DDA28	2992
EC8F31C2	4001
EC91662B	19938
EC93203D	16452
EC9B8D94	24393
EC9CFADB	13871
EC9D099B	16502
EC9EAA14	7160
ECA39698	11440
ECA6C987	4363
ECAE0FD6	8363
ECB01364	22395
ECB82B6C	16400
ECB85F4A	180
ECB8C959	14391
ECBB4B70	95
ECC0143D	20254
ECC1ECE9	23996
ECC2667C	21853
ECC530AE	19769
ECC91126	9730
ECC94458	12176
ECCB18A2	21941
ECCB63D3	12913
ECCE21EF	8558
ECCE4110	22519
ECD1E34F	2159
ECD2F08C	7029
ECD5ADB7	5379
ECD6E76D	24133
ECD869F0	16965
ECD96587	19191
ECDC5AC4	7719
ECDE6FFE	947
ECE1DFF6	3211
ECE9F3D4	23980
ECEABF75	21318
ECEB3D38	1097
ECF78D39	17138
ECFAA2CC	6573
ECFB3EA8	6583
ECFEDE5C	3703
ED055890	19630
ED06C92C	15445
ED0C62E8	15061
ED0F5492	21588
ED12EAB1	13963
ED143756	2977
ED16BA43	1322
ED1961A1	15775
ED1AEACE	762
ED1E08F7	13411
ED1FFDC8	19722
ED20A957	14627
ED239AF6	22478
ED2D0C08	8042
ED2DC322	85
ED2EC680	17533
ED336986	20036
ED35DCD1	23444
ED383EAE	14555
ED41DF0F	12205
ED470F16	1565
ED479EF1	1786
ED4978C0	12863
ED50104E	17269
ED51A079	10534
ED542193	7627
ED5496A5	681
ED584114	11961
ED584ED5	7647
ED59F832	6101
ED5D15CA	9112
ED60D74C	21114
ED614359	17494
ED61D980	20269
ED62815D	3597
ED62BED4	1806
ED638EFC	15027
ED6C9343	6321
ED6F1981	8838
ED718B7B	6609
ED71F5A3	20855
ED7355FE	13604
ED7443CB	21489
ED74D467	8444
ED784E8A	6714
ED7878C2	23289
ED7CE719	5056
ED7F3B7E	14342
ED841C0E	2456
ED8787B3	12935
ED88E903	24271
ED8959F3	9369
ED8BFD78	3512
ED8E0D2C	15724
ED91E15B	15985
ED992675	18933
ED9B124D	10308
ED9D6392	433
ED9DF26F	14944
EDA5AE07	15163
EDA80762	23006
EDA8EEF9	9981
EDAB3E36	6243
EDB18CFD	7279
EDB9A0CC	3561
EDBB4658	15785
EDBC2465	24112
EDBC63CB	12292
EDBD408F	5829
EDBE0EFE	4868
EDC2654D	4639
EDC421BF	3113
EDC5A6EC	23157
EDC6B46B	16593
EDC833A1	20598
EDCBF75B	7586
EDCC3E7E	24241
EDCF56BD	5640
EDD13F98	10276
EDD2E8FB	10560
EDD42146	5737
EDD83FE2	23618
EDD9371B	24400
EDD9B0D3	16972
EDDB6319	7286
EDDBB07F	23625
EDDCDA51	19300
EDDD258A	23401
EDE0B351	11110
EDE44257	20684
EDE4CFDB	17187
EDE5C184	3691
EDE66188	9261
EDE6B576	19794
EDE80D79	20991
EDEE2749	464
EDF5951C	21439
EDF5E2C9	7410
EDF722D9	13720
EDFA3774	10491
EDFB052F	14324
EDFE477B	17164
EE033A90	4951
EE05393E	6911
EE06F123	5533
EE141F31	19842
EE193FDC	12667
EE1C3F02	18290
EE1D8D57	10842
EE219882	24304
EE2749DB	456
EE30E290	13386
EE31107A	18990
EE312653	5935
EE338A27	9940
EE362F73	8877
EE39C76B	6630
EE3BB2ED	109
EE3C279A	5443
EE3D2000	21216
EE3FF2FD	5874
EE4003C6	6992
EE40112E	23189
EE45B295	13711
EE460038	19703
EE46987E	20719
EE4803EA	7242
EE4EAD84	23519
EE5002B6	3459
EE50FD31	22081
EE57B114	6754
EE594B1A	9627
EE599DAA	17288
EE5CDB9F	5175
EE5D14D4	18137
EE5E1150	20646
EE5E47A2	12644
EE644B76	8469
EE672A4E	17411
EE674FFA	2877
EE677CDD	23864
EE68929E	23429
EE6D28D2	19293
EE70A3E3	22965
EE727B5B	8856
EE75B501	7841
EE772CA5	9636
EE7E16F9	10424
EE817304	10346
EE818558	13070
EE82B22D	19897
EE82E628	19662
EE82E81F	21777
EE86782A	9437
EE8720FA	6502
EE881AFD	10470
EE88ACB5	22190
EE89A575	19233
EE89BE40	14765
EE8C20C2	22676
EE9044D5	24490
EE92C54D	23394
EE9925C2	23247
EEA4F82B	17451
EEA9FBF4	4840
EEAA5E1C	17627
EEAE766A	5396
EEAF5974	9063
EEAFA862	15627
EEB2F83A	6857
EEB36094	4168
EEB7057E	15360
EEB75D14	7569
EEBAFFD1	21297
EEBE88E3	7087
EEBF3B76	16990
EEBFAB59	368
EEC7D585	4988
EEC82727	19555
EEC8F31C	4005
EEC9D099	16506
EECBB4B7	99
EED06C92	15449
EED12EAB	13967
EED61D98	20273
EED7CE71	5060
EED8787B	12939
EEDA8EEF	9985
EEDC5A6E	23161
EEDE6B57	19798
EEE193FD	12671
EEE31265	5939
EEE89A57	19237
EEEAA5E1	17631
EEF05B6E	208
EEF57DA3	19741
EEF6DCD0	3570
EEF980DF	20147
EEF9B077	9965
EEFA21E4	14196
EEFBC0B7	8908
EEFEB661	3168
EF002CD2	22933
EF02DF71	8898
EF05B6EC	204
EF07FD26	24582
EF089B18	14099
EF099F1A	21070
EF09C6B3	20427
EF10AA92	9213
EF137FCD	1766
EF13C463	14135
EF147B30	21871
EF1793F1	8534
EF1A720C	17129
EF1C1766	21962
EF1E5E44	5613
EF228220	15869
EF233637	710
EF3103BF	23475
EF3794F9	17662
EF3B6649	18943
EF3DF20E	19392
EF406E88	22891
EF4075E2	23823
EF413E1E	4128
EF444DF5	7808
EF44D9DC	17311
EF4A62E9	2697
EF4D37CA	13200
EF4E327F	10040
EF4EE57B	6766
EF54F77D	8925
EF57DA3F	19737
EF5870E2	23915
EF64E7D6	13876
EF67BC69	17143
EF69C1F5	14560
EF6DCD06	3566
EF6E35A3	16598
EF71E900	21221
EF73F0B7	10429
EF7433C1	9442
EF770C9F	12676
EF7BA19E	9447
EF87B325	12190
EF8A0A54	18735
EF8BA067	618
EF9071C2	19381
EF9378BE	14933
EF9559DD	10369
EF980DF0	20143
EF9A4FD4	24040
EF9B0771	9961
EF9BA54E	23851
EF9F6F40	21004
EFA21E4C	14192
EFA49045	21690
EFA5E241	8737
EFB1D68E	1183
EFB2E325	14397
EFB64785	15991
EFB73D5A	5646
EFB76D8C	7292
EFB943F4	22087
EFBC0B7D	8904
EFC2FA95	3780
EFC87256	10756
EFCC55B4	15007
EFD07527	7530
EFD2A3F4	4822
EFD904CF	20177
EFDBC884	20691
EFDBEE45	13727
EFDCCE54	17418
EFE87C3B	9662
EFE8DE6F	20799
EFEA0DFC	9027
EFEB661C	3164
EFEEA9FB	4848
EFEF10AA	9221
EFF4EDAB	6259
EFF55D4B	4447
EFF69AEE	23453
EFF9168F	14505
EFF95ED4	12883
EFF9AA7B	12965
EFFA2776	16527
EFFB1E0E	3196
EFFC180A	1389
EFFEE1D8	10854
F00148DA	14906
F002CD25	22929
F0062152	24442
F006C28C	6192
F0081EA9	9001
F00CCD37	9812
F010A8C5	2802
F010F38B	12426
F01194D7	16636
F012CB5F	1034
F014FCD6	4725
F020A8BF	16211
F022ED33	20052
F02533FA	18270
F0258960	14064
F027DFF4	16542
F0283043	1627
F02D910E	3487
F02DF71B	8894
F0316726	23074
F03396A7	23654
F03BB209	19565
F03DBC16	11121
F03E3088	3899
F0407ADD	20119
F0418321	13915
F04244B7	7933
F0431EA9	8233
F0434DA4	22250
F0434F29	21815
F043EEBF	384
F044D299	22427
F047B8C3	13400
F04B87D8	10647
F04E4ACA	16845
F0520206	18615
F05481C6	9420
F057EFDC	17434
F0597F55	17788
F059A882	11103
F05B6ECB	200
F0602B82	1379
F0631E78	15333
F0654661	6084
F06A5AB7	10696
F06E91CE	11841
F06EA108	12497
F071DE6F	17677
F07518BC	6840
F0777F5B	3177
F077F754	4857
F0796C66	5267
F07B482A	14637
F07C395F	6130
F07D3234	18018
F07FD268	24578
F081FFDB	9284
F0838624	6364
F0845F60	2003
F089B183	14095
F089F961	5772
F08A84C3	20635
F08B93A3	17570
F08CA772	7013
F09086F9	274
F09196F4	24102
F09509F3	14466
F09712FF	5563
F0994E99	13651
F099D67D	5087
F099F1A8	21066
F09A38A8	24214
F09BC082	16225
F09C6B38	20423
F09D150C	6705
F09E0D4B	10707
F09E6A72	5433
F0A27644	18324
F0A2CA93	2375
F0A44B5C	13463
F0A73FC3	15297
F0ADBE2D	15970
F0B5F504	15226
F0B7CF9E	10413
F0BA3345	16941
F0BAC6AE	5233
F0BE5F2A	3863
F0BEA558	3774
F0C3FC56	11909
F0C7E669	5121
F0CAED1E	13427
F0CF5AFA	15275
F0D1A00A	11780
F0D595AD	22741
F0D66E7E	7115
F0D72A91	17715
F0DD46BA	15568
F0E1735E	18845
F0E2D6A7	17854
F0E35411	12351
F0E41063	18518
F0E43695	17608
F0E57DAB	6120
F0E6E776	10006
F0EE772C	9644
F0EFF55D	4455
F0F18442	23280
F0F257AD	4109
F0F4213E	4243
F0F4BC04	2820
F0F4BE08	8252
F0F64990	16461
F0F664A2	12185
F0F665B1	12922
F0F97414	19974
F102598A	6050
F10480B9	23111
F10AA929	9209
F118DFBC	14121
F119C839	1672
F11B9FD4	11628
F11C36CB	13577
F120E698	8722
F120F303	4669
F121675B	13002
F1232CC3	5517
F123972F	2404
F124D693	3398
F1335A1A	3335
F137FCDF	1762
F1394076	23031
F13C4637	14131
F1414A81	18730
F1449B8F	2225
F1470BDF	10779
F1478907	4682
F147B309	21867
F1482674	24617
F14A5512	23800
F14C1863	14712
F14C5665	19344
F14CF0D7	17731
F151CE35	2614
F15428BF	11030
F15A38B2	23595
F15A3911	11891
F162DAB1	2940
F1634BA7	4416
F164F966	7395
F166FB2E	16418
F1673408	1545
F168265B	15951
F16A6806	18074
F1740CFE	613
F177A772	6775
F1793F18	8530
F17969D8	8125
F17C0052	14916
F17E74AE	16718
F1813925	12846
F1816380	8510
F18442F7	23272
F1844678	3888
F1876D2D	15176
F18F2F99	12282
F19359B7	6970
F194C186	20498
F1954557	4912
F198146B	8826
F19A58D9	8321
F1A1BCC8	6814
F1A720CD	17125
F1A7FA92	2144
F1A8017F	21050
F1A9393A	9780
F1ADEACF	1485
F1AEC61C	11340
F1B5B722	6224
F1B78EE2	24324
F1B9F2A5	8684
F1C17665	21958
F1C5D60D	12810
F1C6C14E	17232
F1C8532B	18417
F1CC2AA4	14669
F1CFD023	18774
F1D16946	12241
F1DB7A81	5836
F1DC4331	24311
F1E113F2	5779
F1E45045	3056
F1E5E444	5609
F1F081FF	9292
F1F292E6	10889
F1F49D95	8382
F1F6FD1B	10500
F1F78016	22942
F1F7C505	18744
F1F7DB23	16000
F1FC3D92	16471
F1FE14E7	15308
F1FEE3BB	121
F201E633	14746
F20237D7	9158
F20745F4	20325
F207F723	20736
F209AB91	15405
F20E3858	19376
F21104C6	19508
F2110552	8639
F217D325	13127
F21C9596	10750
F21D7DD0	13089
F21EB203	1272
F2212B89	20677
F222584B	5594
F2241E3C	3075
F22794CD	5978
F2282206	15865
F22822E2	3049
F22D1EC7	14496
F2336376	706
F2352BA4	19028
F23BD9EF	17153
F23D11A1	12633
F240B925	20904
F242DCC9	9858
F24BDD5E	9078
F24F9ECE	21338
F2507E87	249
F257ADE9	4101
F258B3AA	11388
F25A3C21	2021
F25AF623	12115
F25B2A62	20771
F26106C6	14173
F267EDFE	17180
F268F7CA	10386
F26AE2C1	4504
F26C3F2E	12065
F26F17C0	14928
F27645BD	6884
F278FB7E	10509
F2790882	19517
F27BB587	20283
F27E302C	8521
F280BFC5	16740
F280C787	12372
F2840344	6444
F28D0B95	22616
F28DA152	4784
F28E16A9	20966
F28E4BEB	10963
F290F58A	16801
F292E63D	10881
F2986019	19423
F29973B9	23541
F299B93B	5965
F29C3BA0	21795
F29F3BBA	17649
F2A1F2C7	3843
F2A54E8F	8668
F2AA6620	4566
F2AB3BA0	10364
F2AEDEE2	476
F2AF8513	18337
F2B51A67	4216
F2B5F95B	13178
F2B6017E	13161
F2BDA92F	12874
F2BDBEBC	7421
F2BE1210	285
F2C116FA	16339
F2C27B75	5755
F2C54430	13343
F2C5B00B	22330
F2C5B1E7	22548
F2C798B6	3827
F2CC9805	7378
F2D0249F	21535
F2D307D5	22707
F2D3B1A5	8116
F2D4CEE4	23209
F2D69A39	12547
F2D8CD78	5258
F2E0C21A	3684
F2E828BD	19965
F2E8DC94	12045
F2EB08E6	586
F2F07C39	6138
F2F22258	5602
F2F3A92E	21467
F2F950F9	3852
F2F99717	12270
F2FD6BC7	5858
F2FE0DD2	11852
F300B00F	14442
F3011A3E	5016
F301BE08	20138
F303B709	4653
F3046675	14803
F30AA11A	13830
F3103BFD	23471
F31301D9	10255
F31383C7	5801
F3156D16	15001
F316C8CF	3814
F319FE29	14731
F31A25EE	19822
F31C2E0D	3989
F3234F8B	6796
F32E2F1D	12261
F330C45B	9254
F334DE13	5106
F34475F8	10914
F345C642	21261
F349FA8C	24035
F35390BB	5422
F354F76C	12956
F3584C21	22807
F35ABB31	19787
F35AEC32	8000
F35B49D1	16116
F35B81F8	4707
F35DD66C	4179
F360EE33	9956
F361C6A6	6406
F3672198	14296
F36A38CE	17339
F36D685F	9321
F36E69F3	9345
F370075B	11276
F372C56F	16768
F3734B2B	21748
F374A9DE	23846
F3792D95	20780
F3794F9D	17658
F37BA0AC	19907
F37D8DD5	1744
F37F3046	14815
F37FF582	936
F381BC73	18792
F3873DCB	5194
F38B07A2	12410
F38DB967	17946
F395B142	16672
F39C674F	5046
F39D1F89	3356
F3A5751B	16707
F3A638B8	9547
F3A92EDF	21459
F3ACB7E2	2248
F3AED71F	20867
F3B33904	22525
F3B66499	18939
F3B766C3	16978
F3B7EC14	14330
F3BB41B2	15455
F3BBAA97	17637
F3BC51EC	21877
F3BF0BEA	3786
F3C3E5D0	19980
F3C7F853	15314
F3C9A3DF	10392
F3CB16C0	22336
F3CDC01D	11282
F3D424D5	23964
F3D9D57E	21325
F3DE26FF	1773
F3DF20E3	19388
F3E2904C	24624
F3E42FA6	13134
F3E778A3	21884
F3E79347	10399
F3EDBB46	15793
F3EDE80D	20999
F3F09A38	24222
F3F41A30	2196
F3F551D5	18224
F3F66488	9739
F3F6F267	17196
F3F733BE	23873
F3FAA34F	3287
F3FF0434	21827
F406BCA3	20984
F406E880	22887
F4075E29	23819
F408F1F7	18760
F413E1E4	4124
F4149BF4	847
F414BBFD	6277
F4156EE3	6650
F417F52D	18698
F41A3007	2188
F41D1C1A	2507
F41D49F4	7524
F4213E56	4235
F4227230	6477
F42CF235	19044
F43D1FBB	230
F43E1DCE	9655
F4405085	1006
F4406D71	10190
F4406F03	23674
F4423C9E	20301
F4431603	16314
F443C984	14187
F443D289	23727
F444DF58	7804
F445428A	15100
F445E829	862
F4468638	12623
F4469753	22281
F4470ADF	334
F4471D00	7076
F44A3B27	7178
F44D9DCB	17307
F44EEC9D	16518
F4517F1F	8402
F4558D65	11728
F45A74CE	2299
F45C0565	3259
F45CF940	12389
F45F4469	22293
F463CD17	21275
F4692729	2333
F46A5968	813
F46BC547	2628
F46D9D8D	1899
F46EE881	10482
F46F3792	20792
F46F54AC	14848
F470C01A	22022
F47184F4	7900
F4754C7C	5147
F475BAF5	1455
F47A5C60	12716
F47D1A96	823
F47EEF05	220
F47F06EA	12509
F4800348	21206
F481DAB0	11976
F48A9CFD	1925
F4907130	3955
F4915D25	2053
F49194C5	7876
F49208B0	21685
F4992A83	15500
F49A2FE9	24564
F49D95C1	8374
F4A25908	23713
F4A3D800	19111
F4A62E93	2693
F4A64B12	160
F4A8FD30	4816
F4ABF03D	11137
F4AE1DC7	5893
F4B17132	20228
F4B8C0CD	12707
F4B949F0	15250
F4BBD298	2707
F4BBF641	20187
F4BC042A	2812
F4BC4839	8732
F4BE0863	8244
F4BEEFA2	14208
F4C3CA36	4798
F4C4534A	22063
F4C52FAB	7500
F4C8D115	18008
F4C963F2	13113
F4CBB12E	4078
F4CCB37D	11181
F4D37CAD	13196
F4D5C54F	24078
F4D74470	12586
F4D82902	16183
F4E1454A	1079
F4E266BD	24541
F4E327FF	10036
F4E3B5D1	21503
F4EBAFF5	16905
F4EDAB3E	6251
F4EE57B1	6762
F4EFF95E	12891
F4F04B87	10655
F4F166FB	16426
F4F35DD6	4187
F4F41D1C	2515
F4FC808D	9168
F5023CC4	5819
F5026606	17905
F503C0EE	19579
F504B6B2	15210
F50582B6	1431
F506FE01	9020
F50766E2	7732
F508BE88	10209
F5093555	23958
F50A0B19	2852
F50A28AE	18190
F50C4D4A	15614
F50F42CF	19056
F5112D1E	9911
F5180FC1	7955
F518EB77	24515
F51973B3	24018
F519EA38	22850
F51ACA1D	18583
F51BDB7C	4883
F51C729F	22835
F51DAC1A	21125
F51DC900	7253
F524865A	16881
F524C794	22637
F525215B	2127
F527C6B7	1499
F529558A	11524
F52AC605	3763
F52DC65C	18682
F52E4905	11606
F5381692	17080
F53E6154	13841
F54598B7	6564
F5469E8B	3278
F548A0E6	8982
F5492BAD	21576
F5499374	2764
F54ACF9B	14836
F54AEF9F	21020
F54EC5A7	8214
F54F77DE	8921
F550A760	7149
F551D5BD	18216
F555485B	2096
F555C8C0	17768
F5574F9F	18245
F55D4BE2	4439
F56141DC	4974
F5617C5A	18092
F5656969	7219
F567E8EB	1470
F569DCCE	2892
F56B27A2	355
F56BDE3C	5628
F571968F	14536
F5724CDB	7479
F57553BC	18965
F576C20E	2465
F5774610	22685
F57CF9DE	21894
F57DA3FF	19733
F57F1470	10791
F582126A	920
F585BF19	8341
F5870E26	23911
F58A79B9	16785
F58BDEE7	10444
F58D30C4	7784
F58FDF4B	8752
F5901A92	1261
F5904BF6	8583
F5917E91	1944
F5951C05	21431
F5974BEF	9051
F59BBECB	14411
F59FF415	6666
F5A381AC	20839
F5AD12F9	11307
F5AF1DB7	5848
F5AFA5CA	15263
F5B30E6E	3157
F5B514DC	16082
F5B68B27	24176
F5B7A9F3	13854
F5B9419D	10077
F5BAF604	20102
F5BD32EC	4088
F5C225FC	10940
F5C8B396	22126
F5C9166F	10991
F5CB45ED	9136
F5CFC033	9826
F5D02312	8185
F5D4BD2A	11155
F5E05B22	3494
F5E13C1A	10714
F5E2C9F2	7402
F5E39855	14676
F5E57C24	292
F5E8D24E	2340
F5EB922C	10998
F5F82269	22436
F5F9120F	3084
F5FBE693	24050
F60003A3	19097
F6044688	20086
F60A5E6C	14315
F60AEA95	1983
F60B4A3C	9884
F60D16FC	18818
F615FD7E	22454
F618191B	18367
F620D0DF	12454
F6217BB2	4023
F62287FD	6741
F6236DA4	12099
F62C8011	2568
F62FA51E	19124
F634E4C5	14019
F6375614	1734
F63AD1C9	1178
F63B0206	10625
F63C1DDF	3187
F63D3C12	10665
F63D9ADC	24144
F63E12A1	14477
F63FAF2B	305
F64133EE	20171
F645F47A	12732
F646ED14	2993
F648B315	19939
F649901E	16453
F64E7D6D	13872
F65809B2	22396
F65C15B6	16401
F65C64AC	14392
F661333E	21854
F6648893	9731
F664A22C	12177
F665B1E9	12914
F66710F7	8559
F6697846	7030
F66B73B6	24134
F66CB2C3	19192
F66F37FF	948
F674F9EA	23981
F6755FBA	21319
F6759E9C	1098
F67BC69C	17139
F67D5166	6574
F67D9F54	6584
F6863174	15062
F68B5D21	1323
F68D7567	763
F68FFEE4	19723
F69054AB	14628
F691CD7B	22479
F6968604	8043
F6976340	17534
F69AEE68	23445
F69C1F57	14556
F6A0EF87	12206
F6A3CF78	1787
F6A4BC60	12864
F6A8D03C	10535
F6AC276A	7648
F6ACFC19	6102
F6AE8AE5	9113
F6B0A1AC	17495
F6B140AE	3598
F6B15F6A	1807
F6B78CC0	8839
F6BC2745	6715
F6BF9DBF	14343
F6C47481	24272
F6C4ACF9	9370
F6C70696	15725
F6C8F0AD	15986
F6CD8926	10309
F6DCD066	3562
F6DDA32C	15786
F6DE31E5	12293
F6DF077F	4869
F6E210DF	3114
F6E35A35	16594
F6E419D0	20599
F6E7AB5E	5641
F6E89FCC	10277
F6EA10A3	5738
F6EDB18C	7287
F6EE6D28	19301
F6EE92C5	23402
F6F059A8	11111
F6F2212B	20685
F6F267ED	17188
F6F2E0C2	3692
F6F330C4	9262
F6F406BC	20992
F6FAF164	7411
F6FB916C	13721
F6FD1BBA	10492
F6FF23BD	17165
F7037891	5534
F70EC6AB	10843
F713A4ED	457
F7187148	13387
F718883D	18991
F71B17B9	8878
F71DD976	110
F71E13CD	5444
F71E9000	21217
F722D94A	13712
F723001C	19704
F7234C3F	20720
F7287E98	22082
F72E6DCF	5176
F72F23D1	12645
F73225BB	8470
F7339527	17412
F733BE6E	23865
F7393DAD	8857
F73ADA80	7842
F73F0B7C	10425
F740C2AC	13071
F7415916	19898
F7417314	19663
F7433C15	9438
F744565A	22191
F744DF20	14766
F74C92E1	23248
F754FDFA	4841
F757ACBA	9064
F757D431	15628
F7597C1D	6858
F75B82BF	15361
F75BAE8A	7570
F75D7FE8	21298
F75F4471	7088
F75F9DBB	16991
F75FD5AC	369
F763EAC2	4989
F764798E	4006
F7689755	13968
F76B0ECC	20274
F76BE738	5061
F76C3C3D	12940
F76F35AB	19799
F770C9FE	12672
F7782DB7	209
F77CC06F	20148
F77D10F2	14197
F77DE05B	8909
F7801669	22934
F7816FB8	8899
F783FE93	24583
F7844D8C	14100
F784E359	20428
F7885549	9214
F789BFE6	1767
F78BC9F8	8535
F78D3906	17130
F78E0BB3	21963
F78F2F22	5614
F7919B1B	711
F7A226FA	7809
F7A69BE5	13201
F7A7193F	10041
F7AA7BBE	8926
F7B273EB	13877
F7B4E0FA	14561
F7B9F85B	10430
F7BA19E0	9443
F7BDD0CF	9448
F7C5052A	18736
F7C838E1	19382
F7CAACEE	10370
F7CD27EA	24041
F7D2F120	8738
F7DB23C2	15992
F7DBB6C6	7293
F7E4392B	10757
F7E83A93	7531
F7E951FA	4823
F7EDE442	20692
F7EE672A	17419
F7F43E1D	9663
F7F46F37	20800
F7F506FE	9028
F7FC8B47	14506
F7FCD53D	12966
F7FD13BB	16528
F7FE0C05	1390
F7FF70EC	10855
F800A46D	14907
F80310A9	24443
F8040F54	9002
F806669B	9813
F80879C5	12427
F808CA6B	16637
F80965AF	1035
F8117699	20053
F81299FD	18271
F812C4B0	14065
F818B393	23075
F81EDE0B	11122
F81F1844	3900
F8203D6E	20120
F820C190	13916
F821225B	7934
F8218F54	8234
F821A6D2	22251
F821A794	21816
F822694C	22428
F82BF7EE	17435
F83015C1	1380
F8318F3C	15334
F832A330	6085
F83748E7	11842
F8375084	12498
F83A8C5E	6841
F83BFBAA	4858
F83E991A	18019
F840FFED	9285
F845C9D1	17571
F848437C	275
F84A84F9	14467
F84B897F	5564
F84D1C54	24215
F8513B22	18325
F8516549	2376
F85225AE	13464
F8539FE1	15298
F85AFA82	15227
F85BE7CF	10414
F85D19A2	16942
F85F52AC	3775
F863F334	5122
F865768F	13428
F867AD7D	15276
F86ACAD6	22742
F86B373F	7116
F86EA35D	15569
F870B9AF	18846
F8720831	18519
F872BED5	6121
F87373BB	10007
F8773B96	9645
F877FAAE	4456
F8792BD6	4110
F87A109F	4244
F87A5E02	2821
F87A5F04	8253
F87B24C8	16462
F87B3251	12186
F882405C	23112
F88CE41C	1673
F88DCFEA	11629
F88E1B65	13578
F891CB97	2405
F899AD0D	3336
F8A0A540	18731
F8A24DC7	2226
F8A385EF	10780
F8A3C483	4683
F8A4133A	24618
F8A60C31	14713
F8AD1C59	23596
F8AD1C88	11892
F8B1A5D3	4417
F8B4132D	15952
F8B53403	18075
F8BA067F	614
F8BBD3B9	6776
F8BCB4EC	8126
F8BF3A57	16719
F8C0B1C0	8511
F8C2233C	3889
F8C3B696	15177
F8CA60C3	20499
F8CAA2AB	4913
F8CD2C6C	8322
F8D400BF	21051
F8D49C9D	9781
F8D6F567	1486
F8DADB91	6225
F8DBC771	24325
F8F840FF	9293
F8F94973	10890
F8FA4ECA	8383
F8FBC00B	22943
F8FE1EC9	16472
F8FF71DD	122
F900F319	14747
F9011BEB	9159
F9071C2C	19377
F90882A9	8640
F90BE992	13128
F90E4ACB	10751
F90EBEE8	13090
F90F5901	1273
F9120F1E	3076
F913CA66	5979
F9168F63	14497
F91DECF7	17154
F9205C92	20905
F925EEAF	9079
F9283F43	250
F92C59D5	11389
F92D1E10	2022
F92D7B11	12116
F9357160	4505
F9361F97	12066
F9378BE0	14929
F93B22DE	6885
F94063C3	12373
F94201A2	6445
F949731E	10882
F94C300C	19424
F94CB9DC	23542
F950F963	3844
F952A747	8669
F9553310	4567
F9559DD0	10365
F95A8D33	4217
F95AFCAD	13179
F95B00BF	13162
F95ED497	12875
F9608B7D	16340
F9613DBA	5756
F962A218	13344
F962D8F3	22549
F963CC5B	3828
F9664C02	7379
F968124F	21536
F96B4D1C	12548
F974145E	19966
F9746E4A	12046
F9758473	587
F97CA87C	3853
F97EB5E3	5859
F9805807	14443
F9808D1F	5017
F980DF04	20139
F982333A	14804
F985508D	13831
F98980EC	10256
F98AB68B	15002
F98D12F7	19823
F997178E	12262
F99A6F09	5107
F9A23AFC	10915
F9A4FD46	24036
F9AA7BB6	12957
F9AC2610	22808
F9AD7619	8001
F9ADC0FC	4708
F9B07719	9957
F9B0E353	6407
F9B51C67	17340
F9B6B42F	9322
F9B734F9	9346
F9B9A595	21749
F9BA54EF	23847
F9BDD056	19908
F9BEC6EA	1745
F9BF9823	14816
F9C0DE39	18793
F9C39EE5	5195
F9C6DCB3	17947
F9CAD8A1	16673
F9CE33A7	5047
F9CE8FC4	3357
F9D2BA8D	16708
F9D31C5C	9548
F9D76B8F	20868
F9DBB361	16979
F9DBF60A	14331
F9DDD54B	17638
F9DE28F6	21878
F9E4D1EF	10393
F9E6E00E	11283
F9EA126A	23965
F9ECEABF	21326
F9F217D3	13135
F9F3BC51	21885
F9F3C9A3	10400
F9F6DDA3	15794
F9F6F406	21000
F9F84D1C	24223
F9FA0D18	2197
F9FAA8EA	18225
F9FB3244	9740
F9FB7933	17197
F9FD51A7	3288
F9FF821A	21828
FA0478FB	18761
FA0A5DFE	6278
FA0AB771	6651
FA0BFA96	18699
FA0D1803	2189
FA0EA4FA	7525
FA113918	6478
FA1E8FDD	231
FA1F0EE7	9656
FA202842	1007
FA2036B8	10191
FA211E4F	20302
FA218B01	16315
FA21E4C2	14188
FA21E944	23728
FA234BA9	22282
FA238E80	7077
FA251D93	7179
FA27764E	16519
FA28BF8F	8403
FA2AC6B2	11729
FA31E68B	21276
FA352CB4	814
FA35E2A3	2629
FA36CEC6	1900
FA377440	10483
FA379BC9	20793
FA38C27A	7901
FA3AA63E	5148
FA3ADD7A	1456
FA3D2E30	12717
FA3E8D4B	824
FA3F8375	12510
FA40ED58	11977
FA454E7E	1926
FA490458	21686
FA4D17F4	24565
FA4ECAE0	8375
FA51EC00	19112
FA532589	161
FA547E98	4817
FA5CA4F8	15251
FA5DFB20	20188
FA5E241C	8733
FA5F77D1	14209
FA61E51B	4799
FA6229A5	22064
FA6297D5	7501
FA64688A	18009
FA64B1F9	13114
FA6659BE	11182
FA6BA238	12587
FA6C1481	16184
FA71335E	24542
FA71DAE8	21504
FA76D59F	6252
FA7A0E8E	2516
FA7E4046	9169
FA81E077	19580
FA825B59	15211
FA837F00	9021
FA85058C	2853
FA8626A5	15615
FA8C07E0	7956
FA8CB9D9	24019
FA8CF51C	22851
FA8EE480	7254
FA92432D	16882
FA9263CA	22638
FA9290AD	2128
FA956302	3764
FA96E32E	18683
FA972482	11607
FA9C0B49	17081
FAA2CC5B	6565
FAA34F45	3279
FAA577CF	21021
FAA8EADE	18217
FAAAA42D	2097
FAAAE460	17769
FAABA7CF	18246
FAAEA5F1	4440
FAB0A0EE	4975
FAB0BE2D	18093
FAB2B4B4	7220
FAB593D1	356
FAB8CB47	14537
FAB9266D	7480
FABBA308	22686
FABE7CEF	21895
FABF8A38	10792
FAC10935	921
FAC2DF8C	8342
FAC5EF73	10445
FAC69862	7785
FAC7EFA5	8753
FAC825FB	8584
FACA8E02	21432
FACDDF65	14412
FACFFA0A	6667
FAD1C0D6	20840
FAD6897C	11308
FAD78EDB	5849
FAD98737	3158
FADB4593	24177
FADBD4F9	13855
FADCA0CE	10078
FAE112FE	10941
FAE459CB	22127
FAE5A2F6	9137
FAE7E019	9827
FAEA5E95	11156
FAF02D91	3495
FAF09E0D	10715
FAF164F9	7403
FAF2BE12	293
FAF46927	2341
FAF5C916	10999
FAFC1134	22437
FAFC8907	3085
FB052F36	14316
FB05754A	1984
FB0C0C8D	18368
FB10686F	12455
FB10BDD9	4024
FB164008	2569
FB1A7262	14020
FB1BAB0A	1735
FB1D68E4	1179
FB1D8103	10626
FB1E0EEF	3188
FB1E9E09	10666
FB1ECD6E	24145
FB1FD795	306
FB2099F7	20172
FB22FA3D	12733
FB23768A	2994
FB2E0ADB	16402
FB2E3256	14393
FB324449	9732
FB33887B	8560
FB34BC23	7031
FB379BFF	949
FB3ACF4E	1099
FB3EA8B3	6575
FB4318BA	15063
FB45AE90	1324
FB46BAB3	764
FB47FF72	19724
FB48E6BD	22480
FB4B4302	8044
FB4D7734	23446
FB51E7BC	1788
FB54681E	10536
FB567E0C	6103
FB58A057	3599
FB58AFB5	1808
FB5E13A2	6716
FB63834B	15726
FB647856	15987
FB66C493	10310
FB6ED196	15787
FB6F18F2	12294
FB720CE8	20600
FB73D5AF	5642
FB76D8C6	7288
FB773694	19302
FB791095	20686
FB7933F6	17189
FB797061	3693
FB799862	9263
FB7A035E	20993
FB7DC8B6	13722
FB7E8DDD	10493
FB7F91DE	17166
FB81BC48	5535
FB876355	10844
FB8D8BDC	8879
FB8EECBB	111
FB916CA5	13713
FB91800E	19705
FB91A61F	20721
FB943F4C	22083
FB9791E8	12646
FB99CA93	17413
FB99DF37	23866
FB9D6D40	7843
FBA06156	13072
FBA22B2D	22192
FBA26F90	14767
FBAA7EFD	4842
FBADC15F	15362
FBADD745	7571
FBAEBFF4	21299
FBAFA238	7089
FBAFEAD6	370
FBB1F561	4990
FBB44BAA	13969
FBB5F39C	5062
FBBC16DB	210
FBBE6037	20149
FBBE8879	14198
FBC00B34	22935
FBC0B7DC	8900
FBC1FF49	24584
FBC226C6	14101
FBC42AA4	9215
FBD1137D	7810
FBD939F5	13878
FBE28295	18737
FBE693F5	24042
FBE97890	8739
FBED91E1	15993
FBEDDB63	7294
FBF41D49	7532
FBF4A8FD	4824
FBF6F221	20693
FBF73395	17420
FBFA379B	20801
FBFA837F	9029
FBFE45A3	14507
FBFE89DD	16529
FBFF0602	1391
FC018854	24444
FC0207AA	9003
FC03334D	9814
FC046535	16638
FC04B2D7	1036
FC094CFE	18272
FC0F6F05	11123
FC1060C8	13917
FC10912D	7935
FC10D3CA	21817
FC1134A6	22429
FC180AE0	1381
FC18C79E	15335
FC195198	6086
FC1BA473	11843
FC1BA842	12499
FC1F4C8D	18020
FC22E4E8	17572
FC268E2A	24216
FC29CFF0	15299
FC2DF3E7	10415
FC2FA956	3776
FC33D6BE	15277
FC359B9F	7117
FC3751AE	15570
FC390418	18520
FC39B9DD	10008
FC3BFD57	4457
FC3D2F82	8254
FC3D9264	16463
FC41202E	23113
FC46E7F5	11630
FC470DB2	13579
FC48E5CB	2406
FC4CD686	3337
FC5126E3	2227
FC51C2F7	10781
FC51E241	4684
FC530618	14714
FC568E2C	23597
FC568E44	11893
FC5E5A76	8127
FC5F9D2B	16720
FC6058E0	8512
FC653061	20500
FC655155	4914
FC669636	8323
FC6A4E4E	9782
FC6DE3B8	24326
FC7C207F	9294
FC7CA4B9	10891
FC7D2765	8384
FC808DF5	9160
FC872565	10752
FC875F74	13091
FC87AC80	1274
FC89078F	3077
FC8B47B1	14498
FC8EF67B	17155
FC92F757	9080
FCA61806	19425
FCAD805F	13163
FCAF6A4B	12876
FCB09EDD	5757
FCB1510C	13345
FCB16C79	22550
FCB40927	21537
FCB5A68E	12549
FCBA3725	12047
FCBAC239	588
FCBF5AF1	5860
FCC0468F	5018
FCC1199D	14805
FCC4C076	10257
FCC55B45	15003
FCCD3784	5108
FCD11D7E	10916
FCD53DDB	12958
FCD6E07E	4709
FCD871A9	6408
FCDCD2CA	21750
FCDF6375	1746
FCE06F1C	18794
FCE56C50	16674
FCE747E2	3358
FCE95D46	16709
FCE98E2E	9549
FCEBB5C7	20869
FCEDD9B0	16980
FCEDFB05	14332
FCF90BE9	13136
FCFDBC99	17198
FCFEA8D3	3289
FD023C7D	18762
FD055BB8	6652
FD068C01	2190
FD07527D	7526
FD0F47EE	232
FD0F8773	9657
FD10F4A2	23729
FD128EC9	7180
FD13BB27	16520
FD145FC7	8404
FD18F345	21277
FD1B6763	1901
FD1BBA20	10484
FD1BCDE4	20794
FD1C613D	7902
FD1D6EBD	1457
FD1F46A5	825
FD1FC1BA	12511
FD2076AC	11978
FD22A73F	1927
FD268BFA	24566
FD2A3F4C	4818
FD2EFD90	20189
FD30F28D	4800
FD3114D2	22065
FD332CDF	11183
FD360A40	16185
FD3899AF	24543
FD38ED74	21505
FD3B6ACF	6253
FD3D0747	2517
FD3F2023	9170
FD40F03B	19581
FD41BF80	9022
FD4282C6	2854
FD4603F0	7957
FD465CEC	24020
FD477240	7255
FD492196	16883
FD4931E5	22639
FD494856	2129
FD4B7197	18684
FD4B9241	11608
FD4E05A4	17082
FD51A7A2	3280
FD52BBE7	21022
FD54756F	18218
FD557230	17770
FD55D3E7	18247
FD5752F8	4441
FD585F16	18094
FD5AC9E8	357
FD60849A	922
FD616FC6	8343
FD62F7B9	10446
FD66EFB2	14413
FD6BC76D	5850
FD6CC39B	3159
FD6DA2C9	24178
FD6E5067	10079
FD7816C8	3496
FD795F09	294
FD7A3493	2342
FD7AE48B	11000
FD7E089A	22438
FD7E4483	3086
FD82979B	14317
FD860646	18369
FD885EEC	4025
FD8B2004	2570
FD8F0777	3189
FD8F4F04	10667
FD8F66B7	24146
FD8FEBCA	307
FD904CFB	20173
FD91BB45	2995
FD992224	9733
FD99C43D	8561
FD9A5E11	7032
FD9D67A7	1100
FDA35D59	765
FDA4735E	22481
FDA6BB9A	23447
FDAC502B	3600
FDAC57DA	1809
FDAF09D1	6717
FDB1C1A5	15727
FDB78C79	12295
FDB90674	20601
FDBC884A	20687
FDBC99FB	17190
FDBCB830	3694
FDBCCC31	9264
FDBEE45B	13723
FDBFC8EF	17167
FDC0DE24	5536
FDC3B1AA	10845
FDC7765D	112
FDC8C007	19706
FDC8D30F	20722
FDCBC8F4	12647
FDCCE549	17414
FDCCEF9B	23867
FDCEB6A0	7844
FDD137C8	14768
FDD53F7E	4843
FDD6EBA2	7572
FDD75FFA	21300
FDD7D11C	7090
FDDE0B6D	211
FDE11363	14102
FDE21552	9216
FDF349FA	24043
FDF4BC48	8740
FDFA547E	4825
FDFB7910	20694
FDFB99CA	17421
FDFF22D1	14508
FE0103D5	9004
FE083064	13918
FE0869E5	21818
FE0C0570	1382
FE0DD239	11844
FE0DD421	12500
FE0FA646	18021
FE117274	17573
FE14E7F8	15300
FE19EB5F	15278
FE1BA8D7	15571
FE1C820C	18521
FE1CDCEE	10009
FE1EC932	16464
FE2386D9	13580
FE2472E5	2407
FE28E17B	10782
FE29830C	14715
FE2B4716	23598
FE2B4722	11894
FE2F2D3B	8128
FE2FCE95	16721
FE329830	20501
FE32A8AA	4915
FE352727	9783
FE36F1DC	24327
FE3E93B2	8385
FE45A3D8	14499
FE477B3D	17156
FE57B525	12877
FE58A886	13346
FE58B63C	22551
FE5D611C	589
FE5FAD78	5861
FE608CCE	14806
FE62603B	10258
FE688EBF	10917
FE6A9EED	12959
FE6C38D4	6409
FE6FB1BA	1747
FE73A3F1	3359
FE75DAE3	20870
FE76FD82	14333
FE7EDE4C	17199
FE82ADDC	6653
FE87C3B9	9658
FE887A51	23730
FE89DD93	16521
FE8C79A2	21278
FE8DE6F2	20795
FE8E309E	7903
FE903B56	11979
FE9345FD	24567
FE9C4CD7	24544
FE9C76BA	21506
FE9DB567	6254
FE9E83A3	2518
FE9F9011	9171
FEA0DFC0	9023
FEA14163	2855
FEA490CB	16884
FEA498F2	22640
FEA4A42B	2130
FEA5B8CB	18685
FEA5C920	11609
FEA702D2	17083
FEA8D3D1	3281
FEA95DF3	21023
FEAAB918	17771
FEAAE9F3	18248
FEABA97C	4442
FEAD64F4	358
FEB0424D	923
FEB377D9	14414
FEB661CD	3160
FEB72833	10080
FEBC0B64	3497
FEBCAF84	295
FEBD1A49	2343
FEBD7245	11001
FEBF044D	22439
FEBF2241	3087
FEC30323	18370
FEC42F76	4026
FEC59002	2571
FEC783BB	3190
FEC7B35B	24147
FEC8DDA2	2996
FED239AF	22482
FED35DCD	23448
FED784E8	6718
FEDBC63C	12296
FEDC833A	20602
FEDE5C18	3695
FEDE6618	9265
FEE06F12	5537
FEE1D8D5	10846
FEE3BB2E	113
FEE46003	19707
FEE46987	20723
FEE5E47A	12648
FEE75B50	7845
FEEA9FBF	4844
FEF10AA9	9217
FF041832	13919
FF0434F2	21819
FF0602B8	1383
FF07D323	18022
FF0A73FC	15301
FF0CF5AF	15279
FF0E4106	18522
FF0E6E77	10010
FF11C36C	13581
FF123972	2408
FF14C186	14716
FF15A38B	23599
FF15A391	11895
FF17E74A	16722
FF195455	4916
FF1B78EE	24328
FF22D1EC	14500
FF23BD9E	17157
FF2BDA92	12878
FF2C5443	13347
FF2FD6BC	5862
FF354F76	12960
FF361C6A	6410
FF37D8DD	1748
FF3AED71	20871
FF4156EE	6654
FF44EEC9	16522
FF463CD1	21279
FF47184F	7904
FF49A2FE	24568
FF4E3B5D	21507
FF4EDAB3	6255
FF4F41D1	2519
FF4FC808	9172
FF50A0B1	2856
FF524865	16885
FF524C79	22641
FF525215	2131
FF538169	17084
FF54AEF9	21024
FF55D4BE	4443
FF582126	924
FF5E05B2	3498
FF5E8D24	2344
FF5EB922	11002
FF618191	18371
FF63C1DD	3191
FF646ED1	2997
FF691CD7	22483
FF69AEE6	23449
FF6BC274	6719
FF6E419D	20603
FF6F330C	9266
FF703789	5538
FF70EC6A	10847
FF71DD97	114
FF723001	19708
FF72F23D	12649
FF821A79	21820
FF83015C	1384
FF872083	18523
FF87373B	10011
FF891CB9	2409
FF8AD1C5	23600
FF8CAA2A	4917
FF8DBC77	24329
FF9168F6	14501
FF95ED49	12879
FF962A21	13348
FF97EB5E	5863
FF9AA7BB	12961
FF9BEC6E	1749
FFA0AB77	6655
FFA27764	16523
FFA31E68	21280
FFA4D17F	24569
FFA71DAE	21508
FFA85058	2857
FFA9263C	22642
FFA9C0B4	17085
FFAA577C	21025
FFAC1093	925
FFAF4692	2345
FFAF5C91	11003
FFB1E0EE	3192
FFB23768	2998
FFB48E6B	22484
FFB5E13A	6720
FFB720CE	20604
FFB79986	9267
FFB81BC4	5539
FFB87635	10848
FFB91800	19709
FFC10D3C	21821
FFC180AE	1385
FFC39041	18524
FFC39B9D	10012
FFC65515	4918
FFC6DE3B	24330
FFCBF5AF	5864
FFD18F34	21281
FFD4931E	22643
FFD60849	926
FFD7AE48	11004
FFD91BB4	2999
FFDB9067	20605
FFDBCCC3	9268
FFDC3B1A	10849
FFDC8C00	19710
FFE1CDCE	10013
FFE32A8A	4919
FFE36F1D	24331
FFEA498F	22644
FFEB0424	927
FFEC8DDA	3000
FFEDE661	9269
FFEE1D8D	10850
FFEE4600	19711
FFF0E6E7	10014
FFF87373	10015
