# word	offset_symbols  (frame=12320 symbols; window=16 symbols, MSB-first {sign(I),sign(Q)})
0003B45A	9552
0006EC59	3499
00087CBB	10606
000ED16B	9553
001AC478	10700
001BB164	3500
001D3447	3535
0021F2ED	10607
00251163	6082
002C1749	5616
003237FF	9853
003B45AF	9554
003D4F98	7460
00441EB8	5076
004A3D24	3225
006B11E0	10701
006C40C4	4789
006EC591	3501
007275A7	8764
0074D11F	3536
00764E89	10266
0086ECAB	3624
0087CBB7	10608
008DD9A9	11599
008E27F5	1285
0094458C	6083
0095A8A0	532
009E5538	7131
00A25568	5756
00A37488	1733
00A470F8	5890
00A93D98	10528
00B05D24	5617
00B7D3D1	11472
00C316F4	9712
00C347C7	11012
00C8DFFD	9854
00CA41FC	1094
00CEC3A7	10132
00CF6056	7227
00DC4792	7564
00DCF3D6	5642
00E00CF6	7221
00E538F3	11165
00E56F5E	6583
00ED16BE	9555
00EE4C77	1369
00F53E63	7461
00F88DE5	3104
00FC5C85	12229
00FCD7D8	4914
0101A0B4	9307
0102FE41	4505
0109D3BC	5312
010CD42B	5169
011051B7	7932
01107AE1	5077
011C58A5	8074
011DC0AD	11442
011F1112	11843
011F512A	5101
011F5E38	509
0120367A	8516
0128F491	3226
013E4991	3032
01442526	6752
01456C31	2170
014E9FC5	1801
016E783B	3664
01822F61	11558
018DE146	5533
018F72CD	10458
01A0B459	9311
01A35E48	569
01AC4780	10702
01AE85C8	9510
01B10313	4790
01B491BA	10170
01BB1644	3502
01C9D69F	8765
01D3447D	3537
01D41DD2	10889
01D93A25	10267
01F9F6FB	10500
01FCD3E4	9388
020A84AC	10287
020BE40C	10065
02125949	9734
021BB2AF	3625
021F2EDD	10609
02208D99	11256
02266AA3	2280
02318ED2	8227
0236A5E2	8920
023766A5	11600
02389FD6	1286
023AD23F	635
023DC477	7380
023F1FF0	4586
0244BAC9	277
0248B945	7828
0251061A	10839
02511633	6084
0253047D	8156
0256681B	9203
0256A283	533
02589603	7029
0259F316	11202
02626FC4	5130
026338F6	3689
027954E2	7132
028955A1	5757
028D8B49	11517
028DD223	1734
028F6E2B	6192
028F9538	8376
0291C3E0	5891
02920C2E	1837
029A94F5	9037
02A4F660	10529
02A7ACDF	3919
02A7B028	11507
02A9D996	8639
02B74286	11451
02B76A1D	11917
02C17491	5618
02C9424F	4253
02CA8EBE	10715
02D68A72	2371
02DF4F45	11473
02E2B691	1633
02FE417F	4509
030787BC	4021
030BFDF6	695
030C5BD1	9713
030D1F1C	11013
030EFD0C	9188
03136847	4798
031495DC	861
031E1E8E	3604
0323555F	8882
03237FF4	9855
0324922A	6663
03255ABE	1881
032812AE	2864
032907F3	1095
032AF694	3982
03310AB7	8952
033B0E9D	10133
033D8158	7228
033DDF66	10076
033F1D93	2515
034127BA	1228
034475C7	6290
0347AF2E	10422
035C7520	491
035E1E74	7581
036080AA	8630
0367A46C	8522
03711E4B	7565
0373499E	1574
0373CF58	5643
03741495	2483
03742068	3463
037A3873	10867
037A6F68	2356
037FD62E	2774
038033D8	7222
03809441	10834
0394E3CF	11166
0395BD7A	6584
03B45AF8	9556
03B931DC	1370
03CEAE4D	8280
03D0C9C4	7041
03D22911	10035
03D4F98F	7462
03DA3501	11546
03DC1C22	6222
03E1F0F6	1410
03E23797	3105
03E4047C	11836
03EFBB6A	4456
03F0095A	526
03F0D2EE	9144
03F17215	12230
03F35F63	4915
03FA0539	8327
040682D1	9308
04068D79	566
040BF905	4506
040F7070	6219
040F87C3	1407
04164979	1715
041B0FFE	9261
04262C21	1972
04274EF0	5313
0429B38B	770
042DC4B6	8112
043350AE	5170
043DAB87	11132
043E65A5	199
044146DD	7933
0441EB85	5078
0445D062	6884
0448F1B6	9758
04493C3E	11639
044CBB40	9497
045CE0B7	5551
046DEF7F	10345
04716295	8075
047702B7	11443
047C4448	11844
047D44AB	5102
047D78E1	510
047DE209	8164
0480D9E9	8517
0481770B	6246
048A2636	7001
048B9F18	1559
0491192E	34
04920905	807
04983A6F	11402
049CC80A	1826
049EEAD3	1233
04A1BA85	7303
04A3D246	3227
04AA9D83	3816
04AB9F12	2871
04AD2FAA	2124
04B4786F	1009
04C14098	3680
04C425B0	2850
04EFC94D	2018
04F92645	3033
0500CEC3	10128
05011F5E	505
05026338	3685
050B7305	819
050DA8CA	3083
05109498	6753
0513B56E	3374
0515B0C6	2171
051B4F08	1530
051B74BA	7938
05257D3B	2490
0525ED60	8750
0528820E	5974
052ECBA2	9926
05395B3F	8335
053A7F17	1802
053DF4F2	9372
05447C03	7553
0544B5BB	10321
0553C540	5520
0555A238	7848
055C34E9	7957
0560F4ED	7237
056F8F52	1928
058CA0E3	5836
058D4D85	8694
05925E54	1718
05972ADC	9292
05995314	9668
05B08D91	831
05B92778	3269
05B9E0EC	3665
05BAA403	11001
05C66111	4856
05C821A4	9634
05D24739	5623
05DC2FCA	6251
05F2891D	9536
05F3DACE	11987
05F577C0	7815
05F5E0F6	7613
05F95D15	9103
05F9A8B9	3874
05FDF5AE	4518
05FF6B33	1434
06002C17	5612
0608BD85	11559
060F56D7	143
061ABF5D	8444
061AFB19	10847
061B85FD	5803
0625507B	9813
062CCC42	6894
062D14FC	2341
06378518	5534
063CA1E0	4936
063DCB35	10459
0643082F	6956
06591A98	448
065A4EC7	4052
065C2E4E	937
067742D0	9783
0682D165	9312
06851DE6	3473
0686AFDA	1066
068B0CBB	6691
068BCF94	12314
068D7921	570
0695511C	8995
069F0B61	7320
06A5C724	6630
06B11E02	10703
06BA1723	9511
06BA51EF	660
06BB974C	12251
06C3E157	8809
06C3FFA0	9264
06C40C4D	4791
06C5CF12	2713
06C72DF3	8565
06CB7882	9214
06D20961	7711
06D246E9	10171
06E797A9	2684
06EC5912	3503
06F2B15A	4328
06F3F803	6572
06F4E19A	6553
07089F62	6229
070E329D	7886
0722B46D	6315
07275A7E	8766
0728F261	11312
0736058D	8686
07379FBB	1783
07472410	9250
074D11F5	3538
0750774B	10890
075BC3CF	9988
0763BB11	8255
07645C75	4217
0764E896	10268
0774B16D	10896
077E6FA2	9956
077EDF23	4726
0787BC87	4025
078BE7A0	7981
07A662F4	1668
07A79BC7	4662
07AB928A	1484
07AE14D7	5083
07B289B8	9823
07B3345B	10802
07C17CA2	9531
07D0A850	9358
07E7DBEE	10501
07EE4C58	2071
07F0A1BE	124
07F34F90	9389
07F3D371	1103
07FBCCA2	3771
07FD97D2	3334
080AA766	8636
081A1477	3470
0828D6B0	9278
082A12B3	10288
082F9033	10066
082FD98E	6964
0831B48A	7090
0832BBAB	11340
083A9D08	5983
083CAE9A	3189
083D3F81	4649
0846F5FD	1542
08496527	9735
084F87DF	4367
0850E6BD	8091
08543CC1	4713
0869169C	9641
086B790D	1983
086ECABD	3626
08700087	10600
08744E7E	12135
087CBB76	10610
087F6208	5995
0881BCAC	4323
08823667	11257
08911693	8140
0891994D	5905
089922EC	12151
0899AA8F	2281
089B7784	11741
089F6281	6233
08AEE47F	5240
08BD8509	11563
08C63B4B	8228
08D2BB99	3253
08D6A822	4312
08D913D5	837
08D99DB4	11262
08DA978B	8921
08DD9A96	11601
08DEA15A	6007
08DEFF49	10304
08E27F5A	1287
08E3194D	11787
08E70492	799
08E7A88D	8026
08E864D6	7191
08EB48FE	636
08EBE834	4297
08EF75AF	10092
08F711DF	7381
08F7CFB3	9696
08F84C56	10376
08FC7FC3	4587
09029A94	9033
09050B73	815
0912EB26	278
0919C042	5303
091B9C58	11182
0922E515	7829
09342150	4706
0935AD1F	6356
093E1A9F	6430
093F1B53	4262
0944186B	10840
094458CE	6085
09474334	5741
09498533	6759
094C11F7	8157
09578A85	9227
0959A06C	9204
095A8A0D	534
09619C29	7719
0962580F	7030
0967CC5A	11203
096C0CA0	2857
096F3335	8176
097534FA	6405
097B2AD9	10563
097FF73E	467
0985C044	7923
09875316	1342
0989BF11	5131
098B086B	1975
098CE3D8	3690
09907379	1777
0993E5ED	4418
09970525	8742
09A26A98	4744
09A5B28E	5717
09A5B697	11357
09B0A215	4487
09B418B4	2334
09BF9BCE	7409
09C2A866	7744
09CEBBA6	2086
09CF7745	4984
09D3BC35	5316
09D4E038	10824
09D510D0	11662
09DA0426	1964
09DC4891	11680
09DC78B9	11575
09DEE76A	11814
09E122AC	10583
09E55389	7133
09F29622	4950
09FA6E0D	9417
09FAE5F0	10051
0A05FF6B	1430
0A1A6500	11460
0A1BE481	130
0A215F01	4493
0A255685	5758
0A35AC16	9281
0A362D27	11518
0A37488E	1735
0A37AFC6	5041
0A396967	6776
0A3DB8AD	6193
0A3E54E3	8377
0A441970	930
0A457BCA	5269
0A470F82	5892
0A4830B8	1838
0A5BD49E	10773
0A6A53D4	9038
0A6CE2D2	773
0A776DA0	7730
0A84ACC2	10291
0A85053D	9364
0A85678A	7488
0A86AA49	10236
0A8D5D9A	1138
0A93D983	10530
0A9EB37F	3920
0A9EC0A3	11508
0A9F0CA1	6109
0AA1987C	7749
0AA4D2D3	6176
0AA7665B	8640
0AACC633	9461
0AB5DEB2	723
0AB71765	8960
0AB79D3E	2917
0ABDEB8B	9797
0AC261D4	1337
0ACC36B8	2197
0AD447C6	432
0ADAFD23	1262
0ADD0A1A	11452
0ADDA877	11918
0AE0DC76	261
0AE2FB28	311
0AEA44AA	6907
0AEB694E	4098
0AECEA8F	5180
0AED4934	9838
0AEFAC1B	6542
0AFA8A4A	3147
0B05D247	5619
0B17FD27	8545
0B25093F	4254
0B27BD48	7866
0B2928E2	9437
0B2A3AF9	10716
0B2B0ADA	1254
0B39AACE	5684
0B3F9470	9403
0B42AF7A	9792
0B451552	2643
0B459771	9317
0B4EFFB0	1598
0B55E306	8432
0B5A29CB	2372
0B5FF89E	1753
0B615526	7328
0B6B4EF7	5333
0B712DA4	8115
0B7305B0	823
0B732156	8848
0B7B42F5	5561
0B7D3D14	11474
0B8ADA45	1634
0B8EF994	8205
0B8F9FD9	1848
0B93B39C	944
0BC27681	1959
0BD032AF	3976
0BD50DEB	7676
0BD56B5A	5570
0BD7F549	11223
0BE1F0FE	4126
0BE40CF7	10069
0BE7B72A	2438
0BF2BD23	6258
0BF66389	6967
0BF8FA62	5930
0BF905FD	4510
0BFDBCCC	10917
0BFDF617	699
0C0959A0	9200
0C1A2C32	6688
0C1E1EF2	4022
0C20BF66	6961
0C20CAEE	11337
0C2E3E7F	1845
0C2FF7D8	696
0C316F46	9714
0C347C71	11014
0C39E82E	8194
0C3BF430	9189
0C4AB3AE	10684
0C4DA11C	4799
0C525772	862
0C53FCC9	7361
0C585548	4600
0C593F70	10252
0C5BD19C	9717
0C671677	2181
0C69C704	11120
0C6D22BE	7093
0C7237F4	10361
0C725F71	3894
0C787A3A	3605
0C7F2A1F	2406
0C885146	7764
0C8D557F	8883
0C8DFFD1	9856
0C921002	6072
0C9248A8	6664
0C944D44	1515
0C956AF8	1882
0C9C44B7	7047
0CA04AB9	2865
0CA1E2B2	6117
0CA41FCF	1096
0CABDA52	3983
0CAEEAF0	11343
0CBB443C	6699
0CC42ADC	8953
0CC75C25	10552
0CCF9FFD	4633
0CD00A25	5750
0CD42BB3	5173
0CDC664D	4759
0CE4E1CC	4156
0CEB355C	5410
0CEC3A77	10134
0CECD645	12005
0CF60560	7229
0CF6ADE5	6923
0CF77D98	10077
0CFC764D	2516
0D049EEA	1229
0D08D6A8	4308
0D08E864	7187
0D0E09DC	11672
0D11D71F	6291
0D11F197	171
0D1EBCBA	10423
0D1F1C56	11017
0D2EE119	9150
0D2F0B29	9429
0D30722B	6309
0D385E1A	333
0D3A678C	7964
0D3ED858	10986
0D40074D	3530
0D453259	10965
0D4B26D1	1995
0D5030BF	689
0D59D87D	4186
0D5ADA19	2951
0D60B6B4	5327
0D685C4C	7800
0D71D481	492
0D7879D2	7582
0D7D6345	5477
0D81C38C	7881
0D8202A9	8631
0D89B442	2904
0D8CD931	11078
0D972C4B	10209
0D992CE5	2299
0D9D5CD6	1612
0D9E91B2	8523
0DA7ED1E	7283
0DA859B1	606
0DA8CA0E	3087
0DAD9767	546
0DAE1C94	2204
0DC4792C	7566
0DC76024	267
0DCD267A	1575
0DCF3D62	5644
0DD05257	2484
0DD081A1	3464
0DDFB990	6342
0DE8E1CD	10868
0DE9BDA0	2357
0DEBBE98	7684
0DFF58B8	2775
0E00CF60	7223
0E025106	10835
0E09DC48	11676
0E0AB5DE	719
0E2CF040	6209
0E2EA63D	2251
0E30E64C	5846
0E329DE7	7890
0E38E67C	9595
0E403E23	3099
0E4D3C0D	8619
0E538F3C	11167
0E56F5E8	6585
0E576376	11759
0E64C597	5852
0E677B3F	8488
0E6BD454	8097
0E77C573	6475
0E7A0B8E	8197
0E80480D	8511
0E890985	7915
0E914264	4409
0E9BC5B2	11409
0E9DF1B4	10141
0EA7421F	5986
0EA7C547	3829
0EB77A95	11963
0EB8FD90	297
0EBD0D59	4178
0EC13050	3675
0EC38E39	9590
0EC52AAD	3573
0ED16BE2	9557
0EE4C771	1371
0EE973D5	4001
0EF7B3F5	7166
0EF8812D	1000
0EFD0C09	9192
0F0E77C5	6471
0F12D7DE	5358
0F239F7D	7995
0F29D592	6710
0F2BA6A4	3192
0F2D0D89	2896
0F3077ED	4720
0F3AB935	8281
0F3CB15A	9997
0F432711	7042
0F43E3C1	3070
0F48A444	10036
0F4AFED8	4832
0F4ED1E2	7243
0F4FE07A	4652
0F53E63D	7463
0F55B723	9172
0F56D7F4	147
0F5977E5	3430
0F616E1F	7623
0F61775C	8727
0F64E0A0	1420
0F68D406	11547
0F6AE1C8	11135
0F707089	6223
0F822466	5900
0F855DDD	8814
0F86AE26	8904
0F87584C	8937
0F87C3D9	1411
0F88DE5E	3106
0F8F050D	3075
0F9011F1	11837
0F996958	202
0F9ECDE9	12061
0FA75909	11650
0FB88331	10543
0FBBD1F0	110
0FBCACC4	12299
0FBEEDAA	4457
0FC0256A	527
0FC34BB8	9145
0FC5C857	12231
0FCD7D8C	4916
0FCEA7D5	3052
0FCF49B9	12117
0FD0D685	7794
0FD95A70	8795
0FE268C9	4136
0FE814E5	8328
0FECF323	1897
0FF88C90	9019
0FFE820A	9269
0FFF632C	5013
10025116	6080
1008E27F	1283
1011C58A	8072
1011DC0A	11440
101456C3	2168
1016E783	3662
101A0B45	9309
101A35E4	567
102FE417	4507
10313684	4796
1033F1D9	2513
103DC1C2	6220
103E1F0F	1408
103F0095	524
103FA053	8325
104068D7	564
10448F1B	9756
1045CE0B	5549
1049CC80	1824
1051B4F0	1528
1051B74B	7936
10528820	5972
105925E5	1716
105F5E0F	7611
1061AFB1	10845
1065C2E4	935
1067742D	9781
1068BCF9	12312
106BB974	12249
106C3FFA	9262
106D2096	7709
1078BE7A	7979
107AE14D	5081
107EE4C5	2069
10891169	8138
1093E1A9	6428
10949853	6757
1096C0CA	2855
1098B086	1973
109A26A9	4742
109D3BC3	5314
109FAE5F	10049
10A5BD49	10771
10A6CE2D	771
10AB7176	8958
10AB79D3	2915
10AEA44A	6905
10AEB694	4096
10B712DA	8113
10CD42BB	5171
10D0E09D	11670
10D45325	10963
10E2EA63	2249
10F29D59	6708
10F6AE1C	11133
10F99695	200
11051B74	7934
1106BB97	12247
1107AE14	5079
11089116	8136
1109FAE5	10047
11123845	11851
1117418B	6885
1118CEF6	4866
111FBC0A	3908
1123845A	11853
1123C6DA	9759
1124F0FA	11640
1124F42F	1948
112BC234	3244
112DFE4C	7054
1132ED01	9498
114B009E	7123
1156853E	11899
11633B4B	6090
11693025	8146
116B48AF	11862
116C0D04	1221
117382DE	5552
117418B3	6887
118395D8	11754
118CEF6F	4868
1192E5A7	40
119D8A0F	9160
11A9A2B8	9063
11B7BDFC	10346
11B87032	6653
11BD7F70	1545
11C0128F	3220
11C58A54	8076
11C8C7D0	9005
11C968E3	4809
11CDD71E	11719
11CFD620	5463
11D71F70	6295
11D87973	8055
11DA2658	3017
11DC0ADD	11444
11DDDC17	9623
11DEDC61	5143
11DFEAB3	7389
11E02CA8	10709
11E4B035	7571
11F00DC4	7558
11F11123	11845
11F18196	439
11F197AB	175
11F512AD	5103
11F5DFCD	3546
11F5E384	511
11F78825	8165
11FBC0A9	3910
11FC0C78	3597
11FF7D80	8267
120367A4	8518
12049119	30
1205DC2F	6247
12097FF7	463
120BD032	3972
1216CB18	11884
12247153	11687
122898DA	7002
122AC821	10589
122BE2B0	10156
122E7C60	1560
123845AD	11855
123C6DAB	9761
124464B9	35
12482414	808
124D1FF9	3952
124F0FA7	11642
124F42F0	1950
125888F8	2797
125949D9	9738
125BD883	2883
125C0D1E	10415
125C1E99	1661
1260E9BC	11403
1267CA2D	10932
12732029	1827
127BAB4C	1234
1286EA15	7304
128F491B	3228
12946541	9943
1298E90E	4397
12A833DA	6916
12AA760E	3817
12ACEB80	10687
12AD2688	5111
12AE7C49	2872
12B308DE	10296
12B4BEA8	2125
12BC234A	3246
12C54186	5794
12D1E1BE	1010
12D37CDE	2725
12D55B17	6834
12D699FC	3515
12D6EC4D	10326
12D7BFC1	3361
12D7DE59	5362
12DA4A2C	8121
12DC733F	2552
12DF8976	10220
12DFE4C8	7056
12E18C77	11621
12E51E38	397
12E7426D	2325
12EB26C8	282
12F84962	2790
1303310A	8948
13050263	3681
1305F577	7811
130C725F	3890
130CCF9F	4629
131096C0	2851
13159E1B	10383
132ED01A	9500
133A6874	6518
134B0EB7	11955
1351051B	1522
135387C1	10115
1356046D	10337
13615224	12214
13684725	4802
136BF8A6	12276
1386687D	79
1399EF01	5157
139F8226	12142
139F9158	4691
13B56EC7	3378
13B5E1BC	6057
13B8C7E5	2040
13BF2536	2019
13CC1059	1708
13CD133A	6510
13D5B98E	845
13E1F7F2	4370
13E49915	3034
13EDB45E	890
13FA9181	5823
13FD3116	1211
1400F53E	7457
14033B0E	10129
14047D78	506
14098CE3	3686
1414F7D3	9369
14155688	7845
141D6F0F	9985
14264F97	4415
142771E2	11572
142DCC16	820
1436A328	3084
143934F0	8616
1439AF51	8094
143BDECF	7163
14425261	6754
144ED5BB	3375
145192BA	7771
14554BAA	2648
1456C319	2172
1456E072	11302
145E5F11	8043
1461045C	5543
1464AE91	7774
146CCB95	2665
146D3C21	1531
146DD2E8	7939
14779971	3478
147F81D9	4208
1495225E	3849
1495DC9F	865
1495F4EE	2491
1497B580	8751
14A2083A	5975
14AAB63B	3578
14B009E5	7125
14B28476	3008
14B3746E	11486
14BB2E8A	9927
14BCE180	6739
14BE35B2	1195
14BF4F3C	7656
14C7D85D	3755
14C96675	10970
14CA8103	1398
14CD0A39	6768
14D79011	5091
14D9CE02	2268
14DA3593	9331
14E56CFE	8336
14E9FC5E	1803
14EA7894	1466
14EB485B	8398
14F252CB	9680
14F7D3C8	9373
14FAC0AD	11908
14FC0DE9	2349
14FF326D	7364
15018DE1	5529
15042DC4	8108
15061B85	5799
15065A4E	4048
15069F0B	7316
150F3077	4716
1511F00D	7554
1512D6EC	10322
15141556	7841
151AF519	967
151DE852	3838
1522403F	12220
15232E29	10626
1529CA3C	2391
153571F9	12039
15386BB9	11697
153E91F6	1314
154A2A72	7441
154F1501	5521
15522DFD	4607
15526CB5	7334
1552EAB1	2651
15543540	682
1555F7A0	1052
155688E1	7849
15615684	17
1564FFD2	2460
15684812	23
156853EB	11901
156E92D9	8858
1570D3A6	7958
157776F1	8819
157F3DAE	9115
15824D08	4701
1583D3B4	7238
1590FCEA	3046
159452F8	1188
159BA074	9240
159E1B73	10387
159E29EA	7493
15A1B91D	6017
15A3A49A	10007
15A6889A	11028
15A8F6E4	4338
15B0C671	2175
15B15615	11
15B337FB	8707
15B81CA3	11305
15BE3D4B	1929
15C441AE	12242
15CFF7CB	6484
15D50EF8	992
15E09D4E	10818
15EF2B87	5274
15F0102F	4499
15F07B33	10796
15F2482F	4115
15F67D9F	3290
15F914CA	1390
15F91FA8	7426
15FDBD61	1647
15FF500A	10518
1603F0D2	9140
1605BAA4	10997
1609CEBB	2082
1611CDD7	11715
1615522D	4603
162442BA	4089
16295085	8081
16310E2E	2243
1632838C	5837
1633B4BE	6092
16353615	8695
16398096	11193
16440FE8	8320
1644B5A6	3510
16461F12	3940
1648251D	5734
16497950	1719
164FDC01	10255
1656360B	8420
165C9547	5861
165CAB70	9293
165DC536	9322
16654C53	9669
166C5D49	613
16770ACC	2189
16788DF7	6856
16930253	8148
169882F5	11214
169CDDEF	9649
16B48AFC	11864
16B75ADC	1354
16BE27CA	9563
16C0D049	1223
16C23644	832
16C57827	10813
16C61CAD	1165
16CB1845	11888
16CB2AD9	11418
16D88F72	2991
16DA482F	10906
16DC6C59	8409
16DCE21B	5490
16DCFB2C	8833
16E1F5EB	7629
16E49DE2	3270
16E783B0	3666
16EA900C	11002
16F2F5D1	5449
16F46730	9720
16FA08E3	11779
17011051	7928
17023AD2	631
171305F5	7807
17198446	4857
171D7B96	4224
17208691	9635
17215C44	12236
1723CE07	9519
172AA167	6846
172BCAF7	412
17382DED	5554
1739AC51	11291
173C4B4D	2718
17418B33	6889
1741FEF3	3766
1743D65D	3425
17491CE5	5624
1752585C	620
17640DD0	2476
1765B9CB	8968
176D6D22	10736
17709753	6399
1770BF2B	6252
1770FD0D	7788
1775C265	8733
1786AA77	340
178E3104	1814
178E88AE	11092
17950E0A	711
1797C476	8046
179BE81C	8675
179DDB9B	4997
17A3D812	2113
17BE897B	901
17CA2474	9537
17CF6B3B	11988
17D1011D	11434
17D5DF02	7816
17D783D8	7614
17E53A26	5771
17E57455	9104
17E6A2E4	3875
17F1A6FB	12018
17F507D0	9350
17F6E44F	5812
17F7D6B8	4519
17FD2799	8549
17FDACCD	1435
1800B05D	5613
18051094	6749
180DCD26	1571
180DE8E1	10864
18163283	5833
1817CF6B	11984
181800B0	5609
1819646A	445
1822F614	11560
18395D8D	11756
183D5B5F	144
183E7B37	12058
18411738	5546
184296F5	10768
18455A14	11896
184E67BC	5154
184F3041	1705
1854A728	2388
185550D5	679
1857C1EC	10793
186AFD75	8445
186BEC65	10848
186E17F6	5804
1872B5FF	1170
187C4934	3945
1892C20F	3180
18937763	2971
189541EC	9814
18993799	3728
18A2F78E	1117
18B3310A	6895
18B453F0	2342
18B7037F	2766
18C77E04	11627
18CE76DD	9470
18CEF6F1	4870
18DE1461	5535
18ED2FCB	8233
18ED4507	9976
18F28782	4937
18F72CD5	10460
18F8312A	10677
18FE8D51	4547
190C20BF	6957
192BA45D	7777
192E5A75	42
19359F77	7198
193C001B	3492
1946037A	10859
194D1E8B	11795
195077E6	9950
19646A61	449
19663283	10196
19693B1E	4053
1970B93B	938
197ABFAE	181
197E3A85	979
19844633	4861
19857E45	1385
1987C322	7755
198D1EB2	584
1993534C	4766
1994DB21	5911
19A1F52E	84
19A31893	2963
19AF81BC	6563
19C04274	5307
19C29DDB	7725
19C59DC2	2184
19CB2573	5054
19CC0849	9727
19D8A0F5	9162
19D8F636	3446
19DD0B42	9784
19DEC4D8	12205
19DF813B	2009
19E9DAB8	3165
19F562C7	6374
19FBEA06	6944
1A0AD447	428
1A0B4597	9313
1A0EC38E	9586
1A147799	3474
1A1ABF69	1067
1A2C32ED	6692
1A2F3E52	12315
1A35E486	571
1A45A737	9644
1A50B17F	8539
1A554472	8996
1A5C613C	1698
1A6500B7	11464
1A6FBD7C	12024
1A71C10F	11123
1A7C2D85	7321
1A8C768C	6819
1A93F71C	4895
1A971C93	6631
1A984825	456
1A9A2B8D	9065
1A9FA3FD	6438
1AA92431	10241
1AA9DC9C	345
1AB699C1	757
1AB89808	8909
1ABF5D76	8448
1ABF693C	1071
1ABFF830	11326
1AC4780B	10704
1AD5AB94	1035
1ADE4352	1986
1AE85C8F	9512
1AE886B5	1026
1AE947BE	661
1AEE5D32	12252
1AEE7C58	11704
1AF5197E	971
1AFB1946	10851
1B0F855D	8810
1B0FFE82	9265
1B103136	4792
1B106774	9777
1B1093E1	6424
1B112BC2	3240
1B165636	8416
1B173C4B	2714
1B1A93F7	4891
1B1CB7CE	8566
1B21A50B	8533
1B2DE209	9215
1B32E552	2668
1B3ABA47	377
1B42915E	5264
1B448AF8	10151
1B482586	7712
1B48AFBB	7096
1B491BA5	10172
1B4BC41F	2060
1B4F0846	1534
1B53ED22	4270
1B5BBF63	6326
1B6AC6C4	9768
1B73E47F	10395
1B74BA2C	7942
1B7BDFC3	10348
1B8063DC	10453
1B85FDB9	5807
1B870324	6655
1B883F65	8788
1B89D02A	11497
1B8CD265	2748
1B91D6F4	6023
1B993341	2837
1B9C58E6	11186
1B9E5EA6	2685
1BA5634D	10180
1BA8541A	7309
1BABE14C	3745
1BAD7FF8	5502
1BB1644B	3504
1BB2AF64	3629
1BC32484	6067
1BC879E4	6042
1BCAC56A	4329
1BCFE00E	6573
1BD3866B	6554
1BD7F704	1547
1BE1AE88	1020
1BE48183	134
1BF7BD98	8586
1C0021F2	10603
1C0128F4	3222
1C0C9248	6660
1C10F6AE	11129
1C227D8A	6230
1C26C288	4484
1C27E9B8	9414
1C2C9EF5	7863
1C2CAC2B	1251
1C38CA77	7887
1C399DEC	8485
1C3E0891	5897
1C477770	9620
1C53A9E2	1463
1C54E1AE	11694
1C569A22	11025
1C58A542	8078
1C746E33	2741
1C7A5BD4	6275
1C7ED665	6605
1C801107	5071
1C8AD1B5	6316
1C8AF8AD	11145
1C8C7D0F	9007
1C8CF929	3402
1C8DFD08	10364
1C9041B0	9255
1C906955	8989
1C924314	7352
1C935AB1	6639
1C94F5AB	2212
1C968E37	4811
1C97DC44	3897
1C9A6C21	4356
1C9D69FA	8767
1CA3C986	11313
1CAD7FD8	1173
1CB7CEDD	8570
1CCBDE0E	4166
1CCC03F3	4907
1CCFC92F	2559
1CD22717	6387
1CD81635	8687
1CDCFC07	10878
1CDD71EF	11721
1CDE6F3A	4675
1CDE7EEE	1784
1CE5D00D	5632
1CFD620D	5465
1D0003B4	9548
1D0CD00A	5746
1D0E8909	7911
1D139F82	12138
1D1B8CD2	2744
1D1C9041	9251
1D255242	6529
1D3447D7	3539
1D41DD2C	10891
1D481404	498
1D4BC70E	8476
1D4C5ADD	1347
1D4C929F	7529
1D5ED478	4561
1D613033	8942
1D6F0F3C	9989
1D6F49C6	6029
1D7097B2	10557
1D71F70D	6297
1D7B9623	4228
1D80912E	272
1D87973C	8057
1D8BB7BA	232
1D8EEC47	8256
1D9171D7	4218
1D936CF5	2523
1D93A25A	10269
1D998246	5294
1DA26580	3019
1DA312D5	6826
1DAC6C6A	4884
1DB3F5DC	1683
1DBD006C	4781
1DBD4FF8	8361
1DC0ADD0	11446
1DC2FE3E	5925
1DC6615F	1380
1DCF766E	11929
1DD2C5B6	10897
1DDDC172	9625
1DE65C64	3481
1DE85254	3842
1DEC7666	5287
1DEDC613	5145
1DF81124	11632
1DF9BE89	9957
1DFB7C8C	4727
1DFEAB33	7391
1E02CA8E	10711
1E09F296	4946
1E0CE4E1	4152
1E1BE1AE	1016
1E1E8EAF	3608
1E1EF21E	4026
1E23FDFC	7253
1E2604A1	7295
1E2B2D4D	6123
1E2B616C	1155
1E2E7758	11582
1E2F9E83	7982
1E313538	10109
1E35F720	4572
1E385CAF	405
1E3E2FC9	4065
1E4B035E	7573
1E5CF101	8062
1E7493D8	7589
1E7913B5	6049
1E8BF492	5951
1E8BFC27	11803
1E8CE150	4038
1E8EAF00	3612
1E96F503	6278
1E973608	8014
1E998BD1	1669
1E9E6F1C	4663
1EA48171	4847
1EAE4A29	1485
1EB27DD0	592
1EB8535E	5084
1EBA1C47	9612
1EBCBA75	10427
1ECA26E0	9824
1ECCD16C	10803
1EE203D2	10027
1EF21E8C	4030
1EF44B94	390
1EF94615	670
1EFAB775	9870
1EFDD089	11731
1EFF0220	11248
1F00DC47	7560
1F02318E	8223
1F0500CE	10124
1F05F289	9532
1F07F0A1	120
1F0C8851	7760
1F0F64E0	1416
1F0FE268	4132
1F111238	11847
1F124D1F	3948
1F181964	441
1F197ABF	177
1F1C569A	11021
1F2EDD85	10613
1F42A141	9359
1F43FE23	9014
1F4C8452	7114
1F4FD451	4197
1F512AD2	5105
1F519F56	6368
1F52E3B9	90
1F5DFCDC	3548
1F5E3840	513
1F5EB64B	7635
1F61741F	3760
1F65A382	1324
1F70D307	6303
1F78825B	8167
1F7A652A	5874
1F7F25F5	4376
1F96460F	12049
1F97E86D	2049
1F9F6FBA	10502
1FA85528	7434
1FB4ECC2	5028
1FB59976	6608
1FB8BC72	3391
1FB93160	2072
1FBC0A9E	3912
1FC0C787	3599
1FC286F9	125
1FCA87FB	2409
1FCD3E42	9390
1FCF4DC6	1104
1FD88237	5998
1FDF4497	10406
1FE07645	4211
1FE7D3C6	5251
1FEF328A	3772
1FEF6ABB	2418
1FF0C585	4594
1FF43EF2	12292
1FF65F48	3335
1FF7D80F	8269
1FF96212	3960
200441EB	5074
2008DD9A	11597
201FCD3E	9386
2020A84A	10285
2023F1FF	4584
20258960	7027
202920C2	1835
202A9D99	8637
2030787B	4019
20367A46	8520
203D2291	10033
20491192	32
204983A6	11400
204B4786	1007
205011F5	503
205C6611	4854
205DC2FC	6249
2060F56D	141
206851DE	3471
206E797A	2682
206F2B15	4326
2083A9D0	5981
20869169	9639
20870008	10598
208D99DB	11260
208DEA15	6005
209050B7	813
20947433	5739
209578A8	9225
209619C2	7717
2096F333	8174
2097FF73	465
209BF9BC	7407
20A35AC1	9279
20A84ACC	10289
20A85678	7486
20AA4D2D	6174
20BD032A	3974
20BD7F54	11221
20BE1F0F	4124
20BE40CF	10067
20BF6638	6965
20BFDBCC	10915
20C2E3E7	1843
20C6D22B	7091
20CAEEAF	11341
20CC75C2	10550
20D7D634	5475
20D81C38	7879
20EA7421	5984
20EB8FD9	295
20F2BA6A	3190
20F2D0D8	2894
20F4FE07	4650
20FD95A7	8793
21002511	6078
2114B009	7121
211BD7F7	1543
2120BD03	3970
2125949D	9736
213CD133	6508
213E1F7F	4368
213FD311	1209
21400F53	7455
21439AF5	8092
2145192B	7769
214BCE18	6737
2150F307	4714
21555F7A	1050
2156E92D	8856
215B1561	9
215C441A	12240
215F0102	4497
216CB184	11886
216DC6C5	8407
217640DD	2474
2181800B	5607
2198D1EB	582
21A45A73	9642
21A50B17	8537
21AD5AB9	1033
21ADE435	1984
21B3ABA4	375
21BAD7FF	5500
21BB2AF6	3627
21C0021F	10601
21C2CAC2	1249
21D139F8	12136
21DC2FE3	5923
21E7913B	6047
21E8CE15	4036
21EBA1C4	9610
21EFF022	11246
21F2EDD8	10611
21FD8823	5996
2206F2B1	4324
2208D99D	11258
22145192	7767
22347A2F	5944
223942D7	1744
223E3CB7	2804
22403F17	12224
22445A4C	8141
22466536	5906
22471538	11689
224A8AC4	3348
225E2E67	3857
22648BB2	12152
2266AA3D	2282
226BD28D	11037
226DDE11	11742
22717709	6393
227D8A04	6234
22898DA4	7004
2291109F	10041
22A25BFC	6673
22AC821C	10591
22AD8A2C	4962
22B46D6E	6319
22BA74DA	10748
22BB91FE	5241
22BBEA39	11101
22BE2B01	10158
22BE2B63	11148
22BEEF87	7101
22BF2E84	11871
22CCEF58	4282
22D8B764	7069
22DFDDE5	4613
22E51514	7833
22E7C603	1562
22ECB793	12159
22F61427	11564
22FD5735	6797
23030EFD	9184
230EE973	3997
23109A26	4738
2318ED2F	8229
231F43FE	9010
2324240A	9026
232E29B4	10630
2337CA40	4240
233E4A4F	3405
23471E96	6270
2347A2FD	5946
234AEE64	3254
23555FD6	8886
2357106D	7701
235AA088	4313
235F4363	11069
23624402	1274
23644F56	838
236676D3	11263
23673E14	7151
236A5E2C	8922
237145E5	8037
23766A5B	11602
2379793D	3111
237A8568	6008
237BFD26	10305
237DEF77	6863
237F423E	10367
237FF47B	9859
23845AD2	11857
23870B27	7858
2389FD6A	1288
238C6534	11788
23942D7F	1746
2394CF25	1909
239C1248	800
239EA237	8027
239F7D3C	7999
23A19359	7192
23AD23FA	637
23AFA0D0	4298
23B02626	5124
23BDD6BD	10093
23BFF832	1504
23C6DAB1	9763
23CE07C1	9523
23DC477F	7382
23DC914B	2998
23DF3ECC	9697
23E13159	10377
23E3CB7E	2806
23ED8E48	362
23F1FF0C	4588
23FA5E8C	645
23FB52CA	5384
23FDFCA5	7257
2403F172	12226
240A6A53	9034
24106C3F	9258
24142DCC	816
241A5544	8992
24240A6A	9030
24261701	7920
242BBEB0	6539
24314FF3	7358
243164FD	10249
24402389	1280
2442BADA	4093
2445A4C0	8143
24464B96	37
244BAC9B	279
2452CA11	3005
245D0F59	3422
2466536C	5908
24670109	5304
246C44AF	3237
246E7163	11183
246E958D	10177
24715386	11691
24739740	5629
2474000E	9545
24783393	4149
24824142	810
2482F87C	4121
24840094	6075
248A896F	6670
248B9454	7830
2490C53F	7355
24922A25	6667
24A7D7A2	7536
24A8AC4B	3350
24B083CA	3183
24B5A105	5962
24BA28A0	9089
24BC9AAC	2568
24C2F543	7671
24D00323	9847
24D08543	4707
24D1FF96	3954
24D6AC46	6642
24D6B47D	6357
24DDD8DC	2974
24EE93C2	5671
24F0FA75	11644
24F42F09	1952
24F63A78	7596
24F86A7E	6431
24F9EFE8	6149
24FC6D4F	4263
25093F1B	4258
251061AF	10841
2511633B	6086
25135105	1518
251D0CD0	5742
252614CD	6760
252CB08F	9686
253047DE	8158
25369B84	2027
253C1EAE	1477
253D6AEA	2215
2548978B	3852
25507B28	9817
2551F7A6	5868
255242BB	6533
255685F9	5762
255ABE0F	1885
255D629D	6980
255E2A15	9228
256681B2	9205
256A2836	535
25734720	5062
257727DC	868
257D3BBC	2494
257FA11A	9053
2580F432	7036
2585C08E	626
258670A7	7720
258683B0	9581
25888F8F	2799
2589603D	7031
258968E4	12186
258F5B95	5700
25949D93	9740
2599D434	10975
259B2049	11392
259F3169	11204
25A2020A	10279
25A38DDB	4814
25A39371	12191
25B03281	2858
25BC15BE	1921
25BCCCD5	8177
25BD883C	2885
25BFC306	6679
25C0D1EB	10417
25C1E998	1663
25D4B5CC	2620
25D4D3E9	6406
25D82A1A	10229
25E2E674	3859
25E54028	1724
25ECAB66	10564
25ED6007	8754
25EF5298	910
25F5EB84	4384
25F7111F	3900
25FE908A	5230
25FFDCF9	468
260236A5	8916
2604A1BA	7299
260544B5	10317
260E9BC5	11405
2614CD0A	6764
26170110	7924
261ABFF8	11322
261D4C5A	1343
2626FC47	5132
262C21AD	1976
26338F63	3691
26365303	11534
263693BE	7009
2641CDE7	1778
2645643F	3041
2648BB2D	12154
2648D9CF	7146
264DE661	3731
264F97B6	4419
26515F67	3284
26518ED4	9970
265804F9	3025
265918B7	2758
265C1497	8743
266AA3D4	2284
26757A6D	9892
267AFEEC	1583
267CA2DD	10934
26882A93	6169
2688EC09	5119
26899D5E	9887
2689AA60	4745
268C91E0	4142
2696CA3B	5718
2696DA5E	11358
269B084F	4359
269CC7B8	10018
26A98337	4750
26AB2BCD	2575
26B259B2	11386
26BA984B	5783
26BD28DF	11039
26C28857	4488
26C83AE3	290
26CB5F1C	7340
26D023DC	7374
26D062D1	2335
26D10AB7	2909
26D19DF8	2003
26DDE118	11744
26E0AED4	9832
26E7421D	12126
26E834E1	326
26F74D3A	7509
26FC477B	5136
26FE6F3A	7410
270831B4	7086
270AA198	7745
27112DFE	7050
27177097	6395
271BC879	6038
27263653	11530
27320292	1829
27323ED8	356
273AEE9B	2087
273DDD17	4985
273FE11C	3210
2740A9EC	11502
274BBFFB	5425
274EF0D6	5317
275380E0	10825
27544343	11663
275A7EB2	8770
2764C411	9747
27681098	1965
27712247	11681
2771E2E7	11576
27789945	3277
277B9DA9	11815
27848AB2	10584
278D5458	4078
278F0B45	2635
27954E26	7134
279906C7	8557
279DEFBE	3646
27AE8615	10784
27BA5982	1764
27BAB4C8	1236
27BD4836	7870
27CA588A	4951
27CA7258	9571
27D8A048	6236
27DCFF71	876
27DD0DA8	598
27E9B21E	11236
27E9B834	9418
27EB97C0	10052
27F5AA5C	1293
27F638A7	12081
280C956A	1878
281205DC	6243
2812AE7C	2868
281511F0	7550
28154F15	5517
2817E574	9100
2817FDAC	1431
28365CB1	10206
2836B65D	543
2838C399	5843
283900F8	3096
283D56DC	9169
2840515B	2165
28476899	3014
2847F031	3594
284A5195	9940
28699402	11461
286EA150	7306
286F9206	131
28709B0A	4481
287827CA	4943
2878ACB5	6120
28820EA7	5978
28857C04	4494
2891D000	9542
28955A17	5759
2898DA4E	7006
289B82BB	9829
289BA0D3	323
28A05F95	9097
28A7723B	1494
28A9C850	7446
28AEB977	3782
28B11089	8130
28B32EC2	4971
28B76F3D	10941
28BDE3AC	1120
28BFABC3	5397
28D6B059	9282
28D8B49C	11519
28DD2239	1736
28DEBF19	5042
28DF7529	11047
28E2A6CE	9445
28E5A59E	6777
28EC5920	5727
28F0C7F2	2400
28F261AB	11316
28F491B1	3230
28F6E2B4	6194
28F9538D	8378
28FA407E	10491
2902C942	4249
2907F3D3	1099
291033F1	2509
291065C2	931
291109FA	10043
2915EF2B	5270
291C3E08	5893
2920C2E3	1839
2928E2A6	9441
2929867A	3156
2933D052	9916
293E245D	3414
2946541D	9945
2950850E	8085
29622AD8	4956
2964D5F4	7268
296CE235	11059
296F527A	10774
2972E7EC	8298
297AF349	5658
2983F3D2	12112
29867A76	3160
2987FD0F	12287
298D30A4	920
298E90E9	4399
298F3DBE	5199
2991D4BC	8470
299D00CA	1086
299E64BA	2147
29A4A679	2140
29A94F52	9039
29B38B4B	774
29B4CAFF	10638
29C961A0	9576
29CA3C31	2395
29CB1854	2380
29D592F8	6714
29DC8EFF	1497
29DDB682	7731
29DE7DBC	7896
29DF4C12	6990
29E5FE8A	12092
29EA26F7	7501
29F5E8A0	7539
2A00A470	5886
2A040F87	1403
2A12B308	10292
2A1414F7	9365
2A159BA0	9236
2A159E29	7489
2A1AA924	10237
2A1FEF6A	2414
2A25BFC3	6675
2A2B12D7	3353
2A2CA60F	12105
2A35766B	1139
2A3AF9D6	10720
2A4F660F	10531
2A6A312E	2315
2A6CE0AA	9451
2A721400	7449
2A758239	790
2A7ACDFD	3921
2A7B028D	11509
2A7C3287	6110
2A833DAB	6918
2A8661F0	7750
2A934B4C	6177
2A9D996E	8641
2AA16788	6850
2AA760EA	3819
2AAD8ECA	3581
2AB318CE	9462
2AC821C0	10593
2ACEB800	10689
2AD2688E	5113
2AD55156	2450
2AD73136	12266
2AD77ACA	724
2AD8A2CC	4964
2AD917D1	11426
2AD99E09	10571
2ADC0406	9300
2ADC5D96	8961
2ADE74FA	2918
2AE7C496	2874
2AE876F5	8354
2AF64C9E	3635
2AF6948C	3986
2AF7AE2C	9798
2B01B491	10166
2B098753	1338
2B0ADAFD	1258
2B12D7BF	3357
2B15A8F6	4334
2B1B883F	8784
2B2D4D66	6127
2B308DEF	10298
2B30DAE1	2198
2B31068B	12306
2B438B3C	6204
2B46D6EF	6321
2B4BEA8A	2127
2B511F18	433
2B5FF615	1176
2B616C61	1159
2B638039	11156
2B6915FD	1639
2B6BF48D	1263
2B742869	11453
2B764D17	8663
2B76A1DC	11919
2B8371D8	262
2B877B1D	5282
2B8BECA2	312
2B8DDA79	9073
2BA45DC3	7781
2BA6A4D2	3196
2BA74DAF	10750
2BA912A8	6908
2BADA53B	4099
2BAE5DFE	3785
2BB3AA3D	5181
2BB524D0	9839
2BB91FE7	5243
2BB9905B	3259
2BBABC26	11346
2BBEA394	11103
2BBEB06F	6543
2BC234AE	3248
2BCAF71A	416
2BCDE6E3	2583
2BD23471	6264
2BD95F97	737
2BDB151A	959
2BDC682B	421
2BE2B01B	10160
2BE2B638	11150
2BEA2929	3148
2BEEF87D	7103
2BF2E848	11873
2BFB61EA	4837
2BFD75DF	10647
2C027954	7128
2C0D7879	7578
2C1570D3	7954
2C17491C	5620
2C189541	9810
2C20F2BA	3186
2C21ADE4	1980
2C23DF3E	9693
2C2DCC85	8845
2C32ED10	6696
2C3ADDEA	11960
2C3E1D61	8934
2C442244	8133
2C4B7E25	10217
2C54186E	5796
2C568E92	10004
2C5B6920	10903
2C5FF49E	8546
2C611568	11893
2C61529C	2385
2C73489C	6384
2C7ED3B3	5025
2C8BF55C	6794
2C9424FC	4255
2C95CD1C	5059
2C9B4677	2000
2C9EF520	7867
2CA11DA2	3011
2CA2FEAF	5394
2CA3E901	10488
2CA4A38A	9438
2CA60FCF	12109
2CA8EBE7	10717
2CA9D608	787
2CAB645F	11423
2CAC2B6B	1255
2CB08F7C	9690
2CC9A20A	6164
2CCBB09C	4974
2CCC42BA	6898
2CCEF582	4284
2CD153E9	1308
2CD55A9A	10468
2CDD1B89	11489
2CE52A6A	2307
2CE6AB38	5685
2CE8CA03	1869
2CF040F7	6213
2CF5CD5C	2605
2CF61C90	8981
2CFE51C2	9404
2D0ABDEB	9793
2D0D89B4	2900
2D14554B	2644
2D14FC0D	2345
2D165DC5	9318
2D1E1BE1	1012
2D272636	11526
2D2CA9D6	783
2D3028F6	6186
2D37CDE1	2727
2D3BFEC3	1599
2D4D66F8	6131
2D55B172	6836
2D578C18	8433
2D68414A	5965
2D68A72C	2373
2D699FC3	3517
2D6EC4D5	10328
2D73278F	2627
2D7BFC14	3363
2D7C7249	7345
2D7DE595	5364
2D7DED5B	3708
2D7FE27B	1754
2D85549B	7329
2D8B764C	7071
2D91124F	1942
2D9A2DA0	8868
2DA03235	8876
2DA4A2C4	8123
2DAD3BDE	5334
2DC0DFF5	2769
2DC4B692	8116
2DC733F2	2554
2DCC16C2	824
2DCC855B	8849
2DD93270	7076
2DDBCF57	10944
2DE20957	9219
2DE4FFD3	12166
2DED0BD5	5562
2DF3B746	8573
2DF4F452	11475
2DF89760	10222
2DFA57CD	2815
2DFDDE51	4615
2DFE4C8B	7058
2E12F849	2786
2E138668	75
2E18C77E	11623
2E29B4CA	10634
2E2B6915	1635
2E3B9E50	96
2E3BE653	8206
2E3E7F67	1849
2E44C31C	3885
2E4ECE72	945
2E515141	7835
2E51E385	399
2E55206E	2674
2E5A759D	46
2E5D9484	6497
2E67417E	3865
2E7426D0	2327
2E775880	11586
2E7C6037	1564
2E7ECCD7	8304
2E8485B2	11879
2E8A1294	9935
2E8A2817	9092
2E8B055C	7949
2E96214B	6729
2E9D36CB	3311
2E9D76FD	10434
2EA4A101	2158
2EA63D85	2255
2EAB146C	2657
2EB26C83	284
2EC273DD	4979
2EC356B6	2946
2ECB793F	12161
2ECBA284	9930
2ED01AE8	9504
2ED10F29	6702
2EDD8548	10617
2EDEEA3C	237
2EE119D8	9154
2EE5507F	3324
2EFFED33	5430
2F09DA04	1960
2F0B2928	9433
2F107EE4	2065
2F1AB699	753
2F1C399D	8481
2F1C8CF9	3398
2F26AB2B	2571
2F2E1386	71
2F386014	6742
2F3E5215	12319
2F40CABD	3977
2F43B14A	3568
2F458C43	2238
2F476CFD	1678
2F5437AE	7677
2F55AD6A	5571
2F5D11CF	5455
2F5FD527	11224
2F614277	11566
2F6EDF89	5217
2F783AF4	4171
2F78EB3C	1123
2F849622	2792
2F87C3F8	4127
2F89AC96	11381
2F8BA588	6724
2F8D6C84	1198
2F9033DD	10070
2F9981D8	8246
2F9E83C8	7986
2F9EDCAB	2439
2FAA29A4	2132
2FB0A9F0	6103
2FB289BA	317
2FC9E355	4073
2FCAF48D	6259
2FCBE660	8241
2FD24B5A	5956
2FD3CF24	7659
2FD5735E	6799
2FD98E25	6968
2FDB14BF	7648
2FE3E988	5931
2FE417F7	4511
2FEAF0CE	5400
2FF09DEE	11808
2FF6F331	10918
2FF7D85E	700
300C316F	9710
300FCD7D	4912
30212594	9732
30253047	8154
30256681	9201
3028F6E2	6190
3030EFD0	9186
303310AB	8950
303DA350	11544
303E4047	11834
30416497	1713
3047DE20	8162
3048A263	6999
304AA9D8	3814
30502633	3683
305B08D9	829
305F577C	7813
3061ABF5	8442
3068B0CB	6689
306A5C72	6628
306BA51E	658
30722B46	6313
3077EDF2	4724
30787BC8	4023
3082FD98	6962
30832BBA	11338
308DEFF4	10302
30A37AFC	5039
30A44197	928
30B8F9FD	1846
30BD50DE	7674
30BFDF61	697
30C5BD19	9715
30C69C70	11118
30C725F7	3892
30CCF9FF	4631
30D1F1C5	11015
30DAE1C9	2202
30DDFB99	6340
30E64C59	5850
30E7A0B8	8195
30EE973D	3999
30EFD0C0	9190
310448F1	9754
31049CC8	1822
31068BCF	12310
31078BE7	7977
31096C0C	2853
3109A26A	4740
310AB717	8956
310AEA44	6903
310E2EA6	2247
3116C0D0	1219
31267CA2	10930
312ACEB8	10685
312D55B1	6832
312DC733	2550
312E18C7	11619
312E7426	2323
3135387C	10113
31368472	4800
3136BF8A	12274
31495DC9	863
314F252C	9678
314FF326	7362
3159E1B7	10385
31603F0D	9138
31609CEB	2080
31615522	4601
316461F1	3938
3164FDC0	10253
3165C954	5859
3169882F	11212
316B75AD	1352
316D88F7	2989
316F4673	9718
316FA08E	11777
3178E88A	11090
31893776	2969
318CE76D	9468
318ED2FC	8231
3194D1E8	11793
319C59DC	2182
31A71C10	11121
31B48AFB	7094
31C8DFD0	10362
31C97DC4	3895
31D7097B	10555
31DA312D	6824
31DBD006	4779
31DC6615	1378
31DF8112	11630
31E1E8EA	3606
31EE203D	10025
31F43FE2	9012
31F61741	3758
31F97E86	2047
31FCA87F	2407
3202920C	1833
3209BF9B	7405
32114B00	7119
32156E92	8854
321C2CAC	1247
32214519	7765
322D8B76	7067
323555FD	8884
32357106	7699
3237FF47	9857
32394CF2	1907
323ED8E4	360
324240A6	9028
32478339	4147
32484009	6073
324922A2	6665
324A7D7A	7534
32513510	1516
3255ABE0	1883
3258968E	12184
32599D43	10973
326882A9	6167
326D023D	7372
3270831B	7084
327112DF	7048
3278F0B4	2633
3279DEFB	3644
3280C956	1876
32812AE7	2866
328365CB	10204
32838C39	5841
3283900F	3094
32878ACB	6118
328AEB97	3780
32907F3D	1097
329DE7DB	7894
32A040F8	1401
32AD7313	12264
32AF6948	3984
32BBABC2	11344
32BFD75D	10645
32C7ED3B	5023
32CE8CA0	1867
32E29B4C	10632
32E55206	2672
32E9D36C	3309
32EC273D	4977
32ED01AE	9502
32ED10F2	6700
32F783AF	4169
3300FCD7	4910
3306A5C7	6626
3310AB71	8954
3310AEA4	6901
331267CA	10928
331D7097	10553
33209BF9	7403
333560C3	8184
333E7FF4	4634
33402895	5751
33413109	2845
33428E5A	6771
3345B15E	10808
33499646	2753
3350AECE	5174
33560C39	8186
33585BCB	5442
335C5910	8313
3364C5E3	11083
33719935	4760
337695F9	1446
337818F2	4929
337CA40B	4242
337FBD50	8713
33854196	4043
338F638B	3695
33938732	4157
339DB76A	9473
33A68749	6520
33ACD572	5411
33B0E9DF	10135
33B35917	12006
33B4BEC2	6096
33BD608E	4287
33BDBC76	4873
33C96F05	1916
33D052EC	9920
33D81583	7230
33DAB797	6924
33DDF660	10078
33E4A4F8	3407
33E7FF42	4636
33F1D936	2517
33F24BC9	2562
3400C8DF	9850
34028955	5753
34127BAB	1230
34131096	2847
342150F3	4710
34235AA0	4309
3423A193	7188
3428E5A5	6773
34382771	11673
34475C7D	6292
3447C65E	172
3447D77F	3543
344CE9A1	6515
3454FA47	1311
345B15E0	10810
345B7388	5487
345E6FA0	8672
346598CA	10193
346A31DA	6816
3471E96F	6272
34720044	5068
347A2FD2	5948
347A2FF0	11800
347AC9F7	589
347AF2E9	10424
347C715A	11018
347FE588	3957
3489C5DC	6390
348FED4B	5381
3493BA4F	5668
34996462	2755
3499EBFB	1580
349CFF84	3207
34AEE641	3256
34B0EB77	11957
34B3D735	2602
34B4C0A3	6183
34BB8467	9151
34BC2CA4	9430
34C1C8AD	6310
34C29106	925
34C76F40	4776
34D19663	10190
34E1786A	334
34E99E31	7965
34E9D475	7518
34EB39D8	217
34F03608	8624
34F90B3F	9395
34FA586C	6413
34FB6160	10987
35001D34	3531
3501822F	11554
350AECEA	5176
351051B4	1524
3514C966	10966
352C9B46	1996
3534C76F	4772
353615B3	8699
35387C14	10117
3540C2FF	690
354757B5	4556
35516244	4083
3555FD65	8888
3556A6A9	10471
355C9D2E	5418
356046DE	10339
3560C39E	8188
3565C2B8	252
356761F4	4187
356B6866	2952
357106D2	7703
3571F964	12043
35725D4B	2614
35766B1E	1143
357D0DA7	7275
3582DAD3	5328
3585BCBD	5444
35917F1A	12012
3593785F	9339
359BE3C9	6136
359F773A	7202
35A17130	7801
35A3A02E	1623
35AA0881	4315
35AB11B8	6645
35AC165C	9285
35AD1F51	6360
35B213FD	1203
35C59103	8315
35C75205	493
35CA5CB9	8293
35E1E749	7583
35E4047D	5094
35E48663	575
35ECD1A8	6809
35F43633	11071
35F58D16	5478
35F63378	4921
35F72023	4576
36058D4D	8690
36070E32	7882
36080AA7	8632
3608E7A8	8022
360B55E3	8428
36152240	12216
3615B337	8703
36244023	1276
3626D10A	2905
362D2726	11522
36304AA9	3810
36325896	12180
363364C5	11079
3644F56E	840
364C5E3A	11085
365303DA	11538
365CB12D	10210
3664B394	2300
36676D39	11265
36738089	2271
3673E143	7153
3675735A	1613
367A46C8	8524
3680DD08	3458
3684725A	4804
368D64DE	9334
3693BE52	7013
369B84EE	2031
369FB478	7284
36A166C5	607
36A32839	3088
36A5E2C3	8924
36B65D9F	547
36B87253	2205
36BF8A61	12278
36BFC610	10759
36C8770B	5918
36CBB954	3319
36CF5EEF	2529
36ED4E4D	4435
3711E4B0	7567
37145E5F	8039
3718A2F7	1113
37199353	4762
3719DEC4	12201
371D8091	268
37316D88	2985
373499EB	1576
373A4BD0	3559
373C53AD	8391
373CF58A	5645
373F01D4	10881
3741495F	2485
37420685	3465
3746E274	11492
37488E50	1739
375C7BF7	11724
3766A5B4	11604
37695F94	1448
3769E492	9078
376E316F	11769
376EC3D2	4823
37763731	2977
377BE705	9656
377EE642	6343
37818F28	4931
37851841	5538
3785FD41	9345
37871D1B	2736
379793D9	3113
379986EA	3736
379B8DF3	2588
379BCE84	4678
379FBBA0	1787
37A38737	10869
37A67C9F	12070
37A6F680	2358
37A85686	6010
37AEFA63	7685
37AFC672	5045
37B98D8C	3801
37BEC6E6	2828
37BFD260	10307
37CA40B2	4244
37CD2CF5	2597
37CDE1C7	2731
37DD4A5B	11050
37DE03EF	4448
37DEF77A	6865
37F423E1	10369
37F53164	3930
37FBD50F	8715
37FCBCB8	64
37FD62E1	2776
37FF47BE	9861
38033D81	7224
380394E3	11162
380899AA	2277
38094418	10836
380C5257	858
380E0251	10831
381F05F2	9528
38277122	11677
382817FD	1427
382AB318	9458
382AD77A	720
382B0987	1334
382DED0B	5558
3840FC02	521
3845AD22	11859
38541969	4045
385CAF2B	409
385E1AA9	337
38601442	6746
386687D4	81
3866BE06	6560
386BB9F1	11701
3870B27B	7860
38732F78	4163
387373F0	10875
387C1403	10121
3886EB5F	5497
388D7D0D	11066
3895758A	6977
38963D6E	5697
38992367	7143
389FD6A9	1290
38A64752	8467
38A797FA	12089
38A9B382	9448
38B3C103	6210
38B4B2A7	780
38B5F7B5	3705
38BA98F6	2252
38C39931	5847
38C41273	1819
38C65347	11790
38CA779F	7891
38DCF14E	8388
38DDBB0F	4820
38E399F2	9596
38E67C87	9599
38F3C246	11173
38F638B5	3697
38FD45CE	11282
3900F88D	3100
3921B3AB	371
3934F036	8620
393719DE	12197
3937DE03	4444
3938732F	4159
3942D7FE	1748
394A9A8C	2310
394C31A7	11113
394CF25B	1911
394E3CF0	11168
394E3F51	11277
395B3F9C	8339
395BD7A3	6586
395D8DDB	11760
39667C3C	6460
39696792	6780
39740373	5635
3980967C	11197
398ADD93	8658
3993165C	5853
399DECFE	8489
399EF010	5159
399F21EB	9602
39AACE25	5688
39AC515B	11295
39AF5150	8098
39C12482	802
39CAF6C5	954
39D8762E	225
39DB76AA	9475
39DF15CF	6476
39E82E3B	8198
39EA2371	8029
39F7D3C7	8001
39F82264	12144
39F91582	4693
3A012036	8512
3A02E2B6	1629
3A139F91	4687
3A15F91F	7422
3A19359F	7194
3A22BBEA	11097
3A242617	7916
3A25A202	10275
3A26BA98	5779
3A3280C9	1872
3A43A450	4404
3A450993	4410
3A49A731	10013
3A4BD0EC	3563
3A678C41	7968
3A687495	6522
3A6F16CB	11410
3A751D4C	7521
3A77C6D1	10142
3A78417D	7604
3A7F178E	1806
3A857543	987
3A92F89A	11375
3A9D087F	5987
3A9E253C	1469
3A9F151D	3830
3A9F56C3	3057
3AA3DF29	5187
3AB935CA	8285
3ABA47BD	381
3ABC021B	3617
3ACC4B71	2545
3ACD5727	5413
3ACE761D	220
3ACF0A8D	1130
3AD216DC	8401
3AD23FA5	639
3AD5DF86	4534
3ADDEA55	11964
3AE001AC	10694
3AE3F642	298
3AEE9B6B	2091
3AF43567	4179
3AF9D617	10724
3AFA0D08	4300
3AFC0380	7214
3B02626F	5126
3B04C140	3676
3B0E38E6	9591
3B0E9DF1	10137
3B14AAB6	3574
3B15F248	4111
3B164825	5730
3B1E3E2F	4061
3B2847F0	3590
3B30A37A	5035
3B35917F	12008
3B39CAF6	950
3B433B35	12000
3B45AF89	9558
3B4788FF	7248
3B4BEC2A	6098
3B4BF2F9	8236
3B5141D6	9979
3B56EC7E	3380
3B5E1BC3	6059
3B6F18F8	10669
3B746FDE	8579
3B8C7E5F	2042
3B931DC6	1372
3B9E50FB	100
3BA4F0B3	5674
3BA5CF55	4002
3BB11FF7	8261
3BBCA440	2502
3BC3582D	5322
3BD608EB	4289
3BDBC76B	4875
3BDD6BD1	10095
3BDE8344	162
3BDEA5A9	5342
3BDECFD7	7167
3BE204B4	1001
3BE52025	7019
3BE653C7	8210
3BF25369	2021
3BF43025	9193
3BFEC367	1603
3BFF8325	1506
3C001BB1	3496
3C0D8202	8627
3C103DC1	6216
3C1436A3	3080
3C1EAE4A	1481
3C211BD7	1539
3C246E71	11179
3C2A3576	1135
3C2CE6AB	5681
3C2D1455	2640
3C31FCA8	2403
3C39DF15	6472
3C3E9D64	11647
3C404716	8069
3C4B4DF3	2722
3C4B5F79	5359
3C53AD21	8395
3C540637	5526
3C6D0A45	5261
3C6DAB1B	9765
3C7269B0	4353
3C7A5CD8	8011
3C7C08C6	8220
3C807F34	9383
3C8E7DF4	7996
3C930BD5	7668
3C93E7BF	6146
3C94B2C2	9683
3C96F056	1918
3C986AFF	11319
3CA1E09F	4940
3CA67403	1083
3CA7564B	6711
3CAE9A93	3193
3CB15A3A	10001
3CB43626	2897
3CB7E95F	2812
3CC10592	1710
3CC1DFB7	4721
3CC8E533	1904
3CD133A6	6512
3CD5970A	249
3CE07C17	9525
3CEAE4D7	8282
3CF091B9	11176
3CF24C2F	7665
3CF2C568	9998
3CF58A5E	5649
3CF6F94B	5204
3D052ECB	9922
3D0BC276	1955
3D0C9C44	7043
3D0F8F05	3071
3D14B374	11482
3D229110	10037
3D246C44	3233
3D26E742	12122
3D2BFB61	4833
3D3718A2	1109
3D3B4788	7244
3D3F81E9	4653
3D43664B	2294
3D495FE8	9048
3D4B6444	1937
3D4F98F7	7464
3D56DC8C	9173
3D572030	4011
3D5B5FD3	148
3D5B98E0	847
3D5F510D	10953
3D6297AF	5652
3D65DF94	3431
3D6AEABF	2219
3D6E5609	5705
3D735725	2608
3D7BBCEB	2534
3D812B4B	2119
3D81583D	7232
3D853673	2263
3D85B87D	7624
3D85DD70	8728
3D87241A	8984
3D8DA037	3453
3D8E2D7D	3700
3D8E9E10	7599
3D938281	1421
3D95E76B	3123
3D983EE2	10536
3DA35018	11548
3DAB797D	6926
3DAB8722	11136
3DACED0C	11993
3DAEAAFC	9123
3DB8AD0E	6197
3DB93C72	4345
3DBE52F6	5207
3DC1C227	6224
3DC477FA	7384
3DC71FB5	6600
3DC914B2	3000
3DCB3556	10463
3DD9BBDB	11934
3DD9EC82	7475
3DDD179D	4989
3DDF6608	10080
3DF298F3	5193
3DF3ECC0	9699
3DF4F201	9376
3E089199	5901
3E0C4AB3	10680
3E13159E	10379
3E143BDE	7159
3E157776	8815
3E1A9FA3	6434
3E1AB898	8905
3E1D6130	8938
3E1F0F64	1412
3E1F7F25	4372
3E237979	3107
3E245D0F	3418
3E2FC9E3	4069
3E3C1436	3076
3E3CB7E9	2808
3E4047C4	11838
3E42CFE5	9398
3E47F7D1	10401
3E499159	3036
3E4A4F89	3409
3E5215B1	3
3E54E373	8381
3E5ED8DB	4424
3E63DD9E	7469
3E65A563	203
3E67DA03	479
3E7B37A6	12062
3E7BFA2C	6152
3E7F3F6C	8601
3E7F6763	1853
3E7FF420	4638
3E901F9F	10494
3E91F65A	1318
3E961B10	6416
3E97F8FF	2929
3E9888D1	5937
3E9D6427	11651
3EB02B76	11911
3ECB0B73	8840
3ECC030C	9705
3ED22CCE	4276
3ED85816	10990
3ED8E486	364
3EDB45EF	892
3EE20CC7	10544
3EEF47C1	111
3EF2B310	12300
3EFBB6AB	4458
3F0095A8	528
3F01D41D	10885
3F037A6F	2352
3F0D2EE1	9146
3F17215C	12232
3F1B53ED	4266
3F1D936C	2519
3F1FF0C5	4590
3F24BC9A	2564
3F35F633	4917
3F3A9F56	3053
3F3D26E7	12118
3F435A17	7795
3F5147F8	4202
3F51739A	11285
3F58835F	5468
3F5DC697	1689
3F5EDC34	7176
3F642B8B	304
3F6569C1	8796
3F6C50E4	8609
3F700764	10260
3F71CCC0	4901
3F80395B	6578
3F81E9E6	4657
3F89A324	4137
3F94709F	9407
3F9CABA1	8347
3FA05395	8329
3FA35475	4550
3FA5E8C1	647
3FA91816	5825
3FAEDC3A	8500
3FB3CC8E	1898
3FB52CA2	5386
3FCC9B40	7367
3FD3116C	1213
3FDC4FB6	883
3FDDAD39	6448
3FDF2E5D	6489
3FDFCA59	7259
3FE028F9	8370
3FE11C01	3214
3FE23242	9020
3FF2EC35	2940
3FF485D9	2467
3FF4D8C9	12173
3FFA0828	9270
3FFD8CB1	5014
4000ED16	9551
40074D11	3534
40094458	6081
400C8DFF	9852
400F53E6	7459
401B1031	4788
402389FD	1284
4028955A	5755
4028DD22	1732
402A4F66	10527
402DF4F4	11471
4030D1F1	11011
4032907F	1093
4033B0E9	10131
40373CF5	5641
403E2379	3103
403F1721	12228
40471629	8073
4047702B	11441
4047C444	11842
4047D44A	5100
4047D78E	508
40515B0C	2169
405B9E0E	3663
40608BD8	11557
40637851	5532
40682D16	9310
4068D792	568
406BA172	9509
407E7DBE	10499
408F711D	7379
4098CE3D	3688
40A6A53D	9036
40A9EC0A	11506
40B25093	4252
40BF905F	4508
40C2FF7D	694
40C4DA11	4797
40CABDA5	3981
40CF77D9	10075
40CFC764	2514
40D11D71	6289
40DD0525	2482
40F70708	6221
40F87C3D	1409
40FC0256	525
40FE814E	8326
4101A35E	565
4106C3FF	9260
410B712D	8111
41123C6D	9757
41132ED0	9496
4117382D	5550
41273202	1825
4127BAB4	1232
4131096C	2849
4142DCC1	818
4146D3C2	1529
4146DD2E	7937
41495F4E	2489
414A2083	5973
414BB2E8	9925
414F7D3C	9371
4155688E	7847
41649795	1717
416E49DE	3268
417D783D	7612
417E6A2E	3873
417F7D6B	4517
4186BEC6	10846
4186E17F	5802
418B3310	6893
418B453F	2340
419693B1	4051
41970B93	936
419DD0B4	9782
41A2F3E5	12313
41A55447	8994
41A7C2D8	7319
41AEE5D3	12250
41B0FFE8	9263
41B1CB7C	8564
41B48258	7710
41CDE7EE	1782
41D6F0F3	9987
41DD2C5B	10895
41DF9BE8	9955
41E2F9E8	7980
41EB8535	5082
41ECA26E	9822
41F42A14	9357
41FB9316	2070
41FCF4DC	1102
41FEF328	3770
41FF65F4	3333
4206851D	3469
420F4FE0	4648
421439AF	8090
42150F30	4712
421D139F	12134
421FD882	5994
422445A4	8139
4226DDE1	11740
422BB91F	5239
4235AA08	4311
423A1935	7190
423E1315	10375
4240A6A5	9032
424D6B47	6355
424F86A7	6429
424FC6D4	4261
4252614C	6758
425B0328	2856
42617011	7922
4262C21A	1974
4264F97B	4417
42689AA6	4743
426D062D	2333
4274EF0D	5315
42754434	11661
42771E2E	11574
427EB97C	10050
42869940	11459
428E5A59	6775
42915EF2	5268
4296F527	10772
429B38B4	772
42A1414F	9363
42ADC5D9	8959
42ADE74F	2916
42AF7AE2	9796
42B8BECA	310
42BA912A	6906
42BADA53	4097
42BB3AA3	5179
42BBEB06	6541
42C5FF49	8544
42CFE51C	9402
42D0ABDE	9791
42D7FE27	1752
42DC4B69	8114
42DCC16C	822
42F09DA0	1958
42F55AD6	5569
43025668	9199
43082FD9	6960
4314FF32	7360
43164FDC	10251
4327112D	7046
43340289	5749
43350AEC	5172
433B3591	12004
43438277	11671
434FB616	10985
43514C96	10964
4352C9B4	1994
43540C2F	688
4356761F	4185
435A1713	7799
43626D10	2903
4363364C	11077
43664B39	2298
4369FB47	7282
436A166C	605
436A3283	3086
437AEFA6	7683
43827712	11675
4382AD77	718
438B3C10	6208
438BA98F	2250
43934F03	8618
439AF515	8096
43A24261	7914
43A45099	4408
43B14AAB	3572
43BDECFD	7165
43BE204B	999
43C4B5F7	5357
43CA7564	6709
43CC1DFB	4719
43D65DF9	3429
43D85DD7	8726
43DAB872	11134
43E1AB89	8903
43E3C143	3074
43E65A56	201
43EEF47C	109
43EF2B31	12298
43F3A9F5	3051
43FE2324	9018
4402389F	1282
44047702	11439
440CFC76	2512
440FE814	8324
44146D3C	1527
44146DD2	7935
44186BEC	10844
441970B9	934
441AEE5D	12248
441EB853	5080
4422445A	8137
44252614	6756
4427EB97	10048
442ADE74	2914
442BADA5	4095
44343827	11669
443514C9	10962
443CA756	6707
44427EB9	10046
4448E116	11852
44493D0B	1947
4458CED2	6089
445A4C09	8145
445D062C	6886
44633BDB	4867
4464B969	39
447231F4	9004
4473F588	5462
4475C7DC	6294
447C0371	7557
447C6065	438
447C65EA	174
447D77F3	3545
447EF02A	3909
448AF8AC	10155
448E116B	11854
448F1B6A	9760
4493C3E9	11641
4493D0BC	1949
44970347	10414
44AA0CF6	6915
44AB49A2	5110
44AF08D2	3245
44B5A67F	3514
44B5BB13	10325
44B7F932	7055
44B9478E	396
44BAC9B2	281
44C31C97	3889
44C333E7	4628
44CBB406	9499
44CE9A1D	6517
44D44146	1521
44E7E089	12141
44ED5BB1	3377
44ED786F	6056
44F56E63	844
44FEA460	5822
450555A2	7844
45075BC3	9984
450993E5	4414
451552EA	2647
45192BA4	7773
451FE076	4207
452C0279	7124
452CA11D	3007
452CDD1B	11485
452F8D6C	1194
4532599D	10969
4532A040	1397
453F037A	2348
45410B71	8107
45450555	7840
454FA47D	1313
4554BAAC	2650
45593FF4	2459
455A14FA	11900
455FCF6B	9114
45609342	4700
45643F3A	3045
456C319C	2174
456E0728	11304
457BCAE1	5273
457D9F67	3289
457F6F58	1646
458910AE	4088
458C438B	2242
458CED2F	6091
4597714D	9321
45A4C094	8147
45A7377B	9648
45AD22BF	11863
45AF89F2	9562
45B03412	1222
45B15E09	10812
45B73886	5489
45C75EE5	4223
45CE0B7B	5553
45CE6B14	11290
45D062CC	6888
45D0F597	3424
45DC3F43	7787
45E5F11D	8045
45E6FA07	8674
45E776E6	4996
45E8F604	2112
45EFA25E	900
45F44047	11433
45FC69BE	12017
46037A38	10863
46058CA0	5832
460E5763	11755
460F9ECD	12057
461045CE	5545
46155435	678
461F124D	3944
46264DE6	3727
462DC0DF	2765
4633BDBC	4869
463B5141	9975
464AE917	7776
464B969D	41
46541DF9	9949
46598CA0	10195
465F8EA1	978
466536C8	5910
4670109D	5306
46730212	9726
4676283D	9161
46763D8D	3445
4677E04E	2008
467D58B1	6373
46A31DA3	6818
46A61209	455
46A68AE3	9064
46BD465F	970
46C44AF0	3239
46C86942	8532
46CCB954	2667
46D3C211	1533
46D6EFD8	6325
46DD2E8B	7941
46DEF7F0	10347
46E1C0C9	6654
46E2740A	11496
46E33499	2747
46E71639	11185
46E958D3	10179
46F5FDC1	1546
46FDEF66	8585
47004A3D	3221
4709FA6E	9413
470F8224	5896
4714EA78	1462
4715386B	11693
47162950	8077
471E96F5	6274
47200441	5070
47231F43	9006
4724106C	9254
4725A38D	4810
47375C7B	11720
47397403	5631
473F5883	5464
474000ED	9547
47433402	5745
4752F1C3	8475
475324A7	7528
4757B51E	4560
475BD271	6028
475C7DC3	6296
4761E5CF	8056
47689960	3018
476CFD77	1682
47702B74	11445
4777705C	9624
47799719	3480
477A1495	3841
477B7184	5144
477FAACC	7390
4780B2A3	10710
47833938	4151
4786F86B	1015
4788FF7F	7252
47898128	7294
478C4D4E	10108
478D7DC8	4571
478E172B	404
4792C0D7	7572
47A2FD24	5950
47A2FF09	11802
47AC9F74	591
47AF2E9D	10426
47BD12E5	389
47BE5185	669
47BEADDD	9869
47C03711	7559
47C1FC28	119
47C4448E	11846
47C60659	440
47C65EAF	176
47C715A6	11020
47D44AB4	5104
47D467D5	6367
47D77F37	3547
47D78E10	512
47D968E0	1323
47DE2096	8166
47DE994A	5873
47EA154A	7433
47EF02A7	3911
47F031E1	3598
47F7D125	10405
47F81D91	4210
47F9F4F1	5250
47FDF603	8268
47FE5884	3959
48096258	7026
480D9E91	8519
48124464	31
4814047D	502
48171984	4853
481770BF	6248
48183D5B	140
481B9E5E	2681
4824142D	812
48251D0C	5738
48258670	7716
4825FFDC	464
482F40CA	3973
482F87C3	4123
482FF6F3	10914
4830B8F9	1842
4836070E	7878
48400944	6077
484F344C	6507
485557DE	1049
4856C558	8
485B2C61	11885
485B71B1	8406
485D9037	2473
4866347A	581
486CEAE9	374
488E50B5	1743
48900FC5	12223
4891C54E	11688
4892A2B1	3347
48978B99	3856
489C5DC2	6392
48A26369	7003
48A44427	10040
48A896FF	6672
48AB2087	10590
48AE9D36	10747
48AF8AC0	10157
48AFBBE1	7100
48AFCBA1	11870
48B33BD6	4281
48B7F779	4612
48B94545	7832
48B9F180	1561
48BB2DE4	12158
48C3BA5C	3996
48CB8A6D	10629
48D1C7A5	6269
48D89100	1273
48D9CF85	7150
48E116B4	11856
48F1B6AC	9762
48FE97A3	644
48FED4B2	5383
490AEFAC	6538
490C53FC	7357
490C593F	10248
491192E5	36
491B112B	3236
491BA563	10176
491CE5D0	5628
49209050	809
4922A25B	6669
492D6841	5961
492E8A28	9088
493400C8	9846
49347FE5	3953
493BA4F0	5670
493C3E9D	11643
493D0BC2	1951
493D8E9E	7595
495225E2	3851
495490AE	6532
495DC9F7	867
495F4EEF	2493
495FE846	9052
49617023	625
496223E3	2798
49652764	9739
496F620F	2884
4970347A	10416
49707A66	1662
4979500A	1723
497B5801	8753
4981512D	10316
4983A6F1	11404
49853342	6763
4991590F	3040
4996462D	2757
499EBFBB	1582
499F28B7	10933
49A23B02	5118
49A26757	9886
49A731EE	10017
49B2D7C7	7339
49B9D087	12125
49C6F21E	6037
49C98D94	11529
49CC80A4	1828
49CFF847	3209
49D93104	9746
49DE2651	3276
49E641B1	8556
49EBA185	10783
49EEAD32	1235
49FA6C87	11235
4A101456	2164
4A1BA854	7305
4A2083A9	5977
4A29DC8E	1493
4A2A7214	7445
4A2C4422	8129
4A37DD4A	11046
4A38A9B3	9444
4A3D246C	3229
4A4F8917	3413
4A519507	9944
4A5B388D	11058
4A619E9D	3159
4A634C29	919
4A63A43A	4398
4A67992E	2146
4A728F0C	2394
4A7D7A28	7538
4A80291C	5885
4A8AC4B5	3352
4A9A8C4B	2314
4AA0CF6A	6917
4AA9D83A	3818
4AAB63B2	3580
4AB3AE00	10688
4AB49A23	5112
4AB9F125	2873
4ACC237B	10297
4AD2FAA2	2126
4AE91770	7780
4AEE6416	3258
4AF08D2B	3247
4AFED87A	4836
4B009E55	7127
4B035E1E	7577
4B083CAE	3185
4B0EB77A	11959
4B15061B	5795
4B16DA48	10902
4B22FD57	6793
4B26D19D	1999
4B284768	3010
4B28BFAB	5393
4B28FA40	10487
4B2A7582	786
4B2C23DF	9689
4B3746E2	11488
4B394A9A	2306
4B3D7357	2604
4B4786F8	1011
4B4C0A3D	6185
4B4DF378	2726
4B556C5C	6835
4B5A1052	5964
4B5A67F0	3516
4B5BB135	10327
4B5CC9E3	2626
4B5EFF05	3362
4B5F7965	5363
4B644493	1941
4B668B68	8867
4B6928B1	8122
4B71CCFC	2553
4B7E25D8	10221
4B7F9322	7057
4B8631DF	11622
4B8EE794	95
4B9478E1	398
4B969D67	45
4B9D09B4	2326
4BA28A05	9091
4BA2C157	7948
4BA92840	2157
4BAAC51B	2656
4BAC9B20	283
4BB2E8A1	9929
4BB84676	9153
4BBFFB4C	5429
4BC2CA4A	9432
4BC41FB9	2064
4BC70E67	8480
4BC9AACA	2570
4BCE1805	6741
4BD0EC52	3567
4BD16310	2237
4BDBB7E2	5216
4BE12588	2791
4BE26B25	11380
4BE2E962	6723
4BE35B21	1197
4BEA8A69	2131
4BEC2A7C	6102
4BF2F998	8240
4BF4F3C9	7658
4BF6C52F	7647
4C094C11	8153
4C0A3DB8	6189
4C0CC42A	8949
4C0F68D4	11543
4C11F788	8161
4C122898	6998
4C14098C	3682
4C17D5DF	7812
4C1C8AD1	6312
4C291065	927
4C2F5437	7673
4C31A71C	11117
4C31C97D	3891
4C333E7F	4630
4C41123C	9753
4C425B03	2852
4C45B034	1218
4C4B8631	11618
4C53C94B	9677
4C56786D	10384
4C58273A	2079
4C59187C	3937
4C597255	5858
4C5ADD6B	1351
4C5E3A22	11089
4C76F401	4778
4C771985	1377
4C7D85D0	3757
4C8452C0	7118
4C870B2B	1246
4C8B62DD	7066
4C929F5E	7533
4C966750	10972
4C9C20C6	7083
4C9E77BE	3643
4CA8103E	1400
4CAB5CC4	12263
4CAFF5D7	10644
4CBA74DB	3308
4CBB406B	9501
4CC1A971	6625
4CD04C42	2844
4CD0A396	6770
4CD616F2	5441
4CE9A1D2	6519
4CF25BC1	1915
4CF414BB	9919
4D003237	9849
4D08543C	4709
4D11F5DF	3542
4D179BE8	8671
4D196632	10192
4D1E8BFC	11799
4D1FF962	3956
4D273FE1	3206
4D2C3ADD	11956
4D2D3028	6182
4D31DBD0	4775
4D3A751D	7517
4D3C0D82	8623
4D3E961B	6412
4D44146D	1523
4D4D31DB	4771
4D4E1F05	10116
4D5811B7	10338
4D5C7E59	12042
4D5F4369	7274
4D66F8F2	6135
4D67DDCE	7201
4D6AC46E	6644
4D6B47D4	6359
4D72972E	8292
4D79011F	5093
4D854890	12215
4D856CCD	8702
4D8C9625	12179
4D9CE022	2270
4DA11C96	4803
4DA35937	9333
4DA6E13B	2030
4DAFE298	12277
4DAFF184	10758
4DB21DC2	5917
4DB2EE55	3318
4DB3D7BB	2528
4DC628BD	1112
4DC677B1	12200
4DDD8DCC	2976
4DE17F50	9344
4DE661BA	3735
4DF37871	2730
4DF780FB	4447
4DFF2F2E	63
4E038094	10830
4E0A05FF	1426
4E1786AA	336
4E19A1F5	80
4E19AF81	6559
4E1AEE7C	11700
4E1CCBDE	4162
4E1F0500	10120
4E2648D9	7142
4E2991D4	8466
4E373C53	8387
4E3CF091	11172
4E3F5173	11281
4E4DF780	4443
4E538FD4	11276
4E56CFE7	8338
4E599F0F	6459
4E67BC04	5158
4E7E0899	12143
4E7E4560	4692
4E896880	10274
4E89AEA6	5778
4E99E310	7967
4E9D4753	7520
4E9FC5E3	1805
4EA7894F	1468
4EB39D87	219
4EB485B7	8400
4EC57C92	4110
4EC78F8B	4060
4ECC28DE	5034
4ECE72BD	949
4ED1E23F	7247
4ED5BB1F	3379
4ED786F0	6058
4EE31F97	2041
4EE93C2C	5673
4EEF2910	2501
4EF0D60B	5321
4EF7A0D1	161
4EF7A96A	5341
4EF94809	7018
4EFC94DA	2020
4EFFB0D9	1602
4F0006EC	3495
4F036080	8626
4F07AB92	1480
4F0846F5	1538
4F0B39AA	5680
4F0FA759	11646
4F15018D	5525
4F1B4291	5260
4F1C9A6C	4352
4F1E9736	8010
4F1F0231	8219
4F201FCD	9382
4F252CB0	9682
4F299D00	1082
4F304164	1709
4F344CE9	6511
4F3C930B	7664
4F42F09D	1954
4F452CDD	11481
4F5257FA	9047
4F56E638	846
4F5ABAAF	2218
4F63A784	7598
4F6579DA	3122
4F660FB8	10535
4F7D3C80	9375
4F86A7E8	6433
4F87DFC9	4371
4F891743	3417
4F90B3F9	9397
4F926456	3035
4F97B636	4423
4F98F767	7468
4F9EFE8B	6151
4FA47D96	1317
4FA586C4	6415
4FA5FE3F	2928
4FAC0ADD	11910
4FB48B33	4275
4FB61605	10989
4FB6D17B	891
4FC0DE9B	2351
4FC6D4FB	4265
4FD451FE	4201
4FDC01D9	10259
4FDC7330	4900
4FE07A79	4656
4FEA4605	5824
4FF326D0	7366
4FF4C45B	1212
4FF80A3E	8369
4FFD2176	2466
4FFD3632	12172
5001D344	3533
5003D4F9	7458
500A3748	1731
500A93D9	10526
500B7D3D	11470
500CEC3A	10130
5011F5E3	507
501822F6	11556
5018DE14	5531
5026338F	3687
5030BFDF	693
5034475C	6288
5042DC4B	8110
5053DF4F	9370
50555A23	7846
5061B85F	5801
5065A4EC	4050
5069F0B6	7318
5075BC3C	9986
50774B16	10894
5077E6FA	9954
507B289B	9821
507D0A85	9356
507FD97D	3332
50850E6B	8089
5093F1B5	4260
50993E5E	4416
509DC78B	11573
50AECEA8	5178
50B17FD2	8543
50B5FF89	1751
50B7305B	821
50D3ED85	10984
50D5030B	687
50D992CE	2297
50DA8CA0	3085
50DEBBE9	7682
50E0AB5D	717
50E4D3C0	8617
50E6BD45	8095
50EF7B3F	7164
50EF8812	998
50F3077E	4718
50F61775	8725
50F86AE2	8902
50FBBD1F	108
51051B4F	1526
51061AFB	10843
51094985	6755
510D0E09	11668
510D4532	10961
511633B4	6088
511C8C7D	9003
511F00DC	7556
511F1819	437
512AD268	5109
512D6EC4	10324
5130CCF9	4627
51351051	1520
513B56EC	3376
51415568	7843
5141D6F0	9983
51464AE9	7772
5147F81D	4206
514BE35B	1193
514C9667	10968
515042DC	8106
51514155	7839
51552EAB	2649
51564FFD	2458
515B0C67	2173
515B81CA	11303
515F67D9	3288
5162442B	4087
51739AC5	11289
51797C47	8044
5180DE8E	10862
51841173	5544
5185550D	677
518ED450	9974
5192BA45	7775
5195077E	9948
5197E3A8	977
519D8F63	3444
519F562C	6372
51AF5197	969
51B32E55	2666
51B4F084	1532
51B74BA2	7940
51C27E9B	9412
51C53A9E	1461
51D0CD00	5744
51D4C929	7527
51D5ED47	4559
51DE65C6	3479
51DE8525	3840
51E35F72	4570
51E385CA	403
51EF9461	668
51F7A652	5872
51FE0764	4209
52025896	7025
5205011F	501
5206E797	2680
520D81C3	7877
5213CD13	6506
521555F7	1048
5215B156	7
522403F1	12222
5225E2E6	3855
522DFDDE	4611
5230EE97	3995
5232E29B	10628
5242BBEB	6537
524D0032	9845
52548978	3850
5257727D	866
5257D3BB	2492
5257FA11	9051
52585C08	624
525ED600	8752
52614CD0	6762
526899D5	9885
526CB5F1	7338
52764C41	9745
527AE861	10782
527E9B21	11234
528820EA	5976
528A9C85	7444
5296CE23	11057
5298D30A	918
529CA3C3	2393
52A00A47	5884
52A6A312	2313
52AAD8EC	3579
52C02795	7126
52C9B467	1998
52CA11DA	3009
52CA2FEA	5392
52CA3E90	10486
52CB08F7	9688
52CDD1B8	11487
52D73278	2625
52D91124	1940
52E3B9E5	94
52EAB146	2655
52ECBA28	9928
52F1C399	8479
52F38601	6740
52F6EDF8	5215
52F8D6C8	1196
52FD3CF2	7657
5303DA35	11542
53047DE2	8160
530C69C7	11116
5314F252	9676
5316461F	3936
5316B75A	1350
531F6174	3756
5324A7D7	7532
532599D4	10971
532A040F	1399
532E9D36	3307
533428E5	6769
533C96F0	1914
5347A2FF	11798
534C76F4	4774
534FA586	6411
53571F96	12041
5359BE3C	6134
535E4047	5092
53615B33	8701
53673808	2269
5368D64D	9332
5369B84E	2029
536C8770	5916
5380E025	10829
5386BB9F	11699
5387C140	10119
53899236	7141
538DCF14	8386
538F3C24	11171
538FD45C	11280
53937DE0	4442
5395B3F9	8337
53A26BA9	5777
53A7F178	1804
53A9E253	1467
53AD216D	8399
53B15F24	4109
53C1EAE4	1479
53C54063	5524
53C7C08C	8218
53C94B2C	9681
53D495FE	9046
53D6AEAB	2217
53DF4F20	9374
53E63DD9	7467
53E91F65	1316
53EB02B7	11909
53ED22CC	4274
53F037A6	2350
53FCC9B4	7365
53FE028F	8368
54028DD2	1730
54063785	5530
540C2FF7	692
5410B712	8109
54186E17	5800
5419693B	4049
541A7C2D	7317
541DF9BE	9953
541ECA26	9820
541FF65F	3331
5421439A	8088
543540C2	686
5437AEFA	7681
54382AD7	716
543BE204	997
543CC1DF	4717
543D85DD	8724
54434382	11667
5447231F	9002
5447C037	7555
544B5BB1	10323
5450555A	7842
545593FF	2457
5458910A	4086
546BD465	968
54757B51	4558
5477A149	3839
547DE994	5871
5481B9E5	2679
548900FC	12221
548978B9	3854
548B7F77	4610
548CB8A6	10627
5490AEFA	6536
549A2675	9884
549B2D7C	7337
549FA6C8	11233
54A2A721	7443
54A728F0	2392
54BAAC51	2654
54C53C94	9675
54D5C7E5	12040
54E1AEE7	11698
54E2648D	7140
54E373C5	8385
54F15018	5523
54FA47D9	1315
5507B289	9819
5507FD97	3330
550D5030	685
5511C8C7	9001
551564FF	2456
55162442	4085
551F7A65	5870
55206E79	2678
5522DFDD	4609
55242BBE	6535
5526CB5F	7336
5528A9C8	7442
552EAB14	2653
55389923	7139
553C5406	5522
5543540C	684
55447231	9000
5545593F	2455
5548B7F7	4608
5549B2D7	7335
554BAAC5	2652
5550D503	683
55571817	11976
5557DE81	1053
555A2387	7850
555C605F	11977
555F7A06	1054
555FD650	8890
55685F94	5764
55688E1C	7851
556A6A94	10473
556C5CAA	6839
5571817C	11978
557DE81A	1055
557F5943	8891
55855A12	18
5593FF48	2461
55A12049	24
55A14FAC	11902
55A17E53	5765
55A23870	7852
55A9AA52	10474
55ABE0FE	1887
55AD6AEB	5575
55B172AA	6840
55B72303	9176
55BA4B66	8859
55C34E99	7959
55C605F3	11979
55C80C1E	4014
55C9D2EF	5420
55CD7B34	6804
55D629DF	6982
55DDDBC5	8820
55E2A159	9230
55E3061A	8436
55F7A068	1056
55FCF6BA	9116
55FD650F	8892
56046DEF	10341
56093421	4702
5609A5B2	5713
560C39E8	8190
560F4ED1	7239
56156848	19
561B8063	10449
562C7348	6380
56348FED	5377
5634D196	10186
5634EB39	213
56360B55	8424
5643F3A9	3047
564BE2E9	6719
564FFD21	2462
56514BE3	1189
565C2B83	254
56681B2D	9207
566E81D1	9241
56761F4F	4189
56786DCF	10388
5678A7A8	7494
56848124	25
56853EB0	11903
5685F94E	5766
5686E475	6018
5688E1C2	7853
568E9269	10008
569A226B	11029
569C1B0F	8802
56A2836B	537
56A3DB93	4339
56A6A94B	10475
56AE5215	1040
56AF83FB	1888
56B5ABAF	5576
56B68668	2954
56C319C5	2176
56C3D0F8	3065
56C55855	12
56C5CAA8	6841
56CCDFEF	8708
56CFE72A	8342
56D64626	3719
56D7F4EF	151
56DC8C0C	9177
56E0728F	11306
56E6380C	850
56E92D9A	8860
56EC7EE2	3384
56F5E8F7	6589
56F8F52D	1930
570D3A67	7960
57106D20	7705
571106BB	12243
571817CF	11980
571F9646	12045
57203078	4015
5725D4B5	2616
57274BBF	5421
57347200	5064
5735A3A0	1619
5735ECD1	6805
573FDF2E	6485
57455FCF	9110
57543BE2	993
5758A77D	6983
576376E3	11763
5766B1E2	1145
57727DCF	870
57776F16	8821
577C0922	7821
577E18FE	4539
57827538	10819
578A8566	9231
578C186A	8437
579DAFDD	3128
57A6DEED	9898
57B51E35	4564
57BCAE1D	5275
57C040BF	4500
57C1ECCD	10797
57C920BE	4116
57CDEFB1	2823
57D0DA7E	7277
57D3BBCA	2496
57D44351	10956
57D9F67E	3291
57DE81A1	1057
57E4532A	1391
57E47EA1	7427
57E51C53	1455
57E5CBC6	744
57F3DAEA	9117
57F5943E	8893
57F6F584	1648
57FA11A9	9055
57FD402A	10519
5801C9D6	8761
5804F926	3029
580F4327	7038
580FC34B	9141
5811B7BD	10342
5816EA90	10998
58239C12	796
5823AFA0	4294
5824D085	4703
582696CA	5714
58273AEE	2083
582DAD3B	5330
5830E7A0	8191
583D3B47	7240
5847375C	11716
5849707A	1658
584C0CC4	8945
585548B7	4604
5855A120	20
585BCBD7	5446
585C08EB	628
585DB5B4	10733
58670A77	7722
58683B0E	9583
586C424F	6421
586E018F	10450
58802376	11594
58835F58	5472
588482F4	3967
58852F38	6734
5888F8F2	2801
588AB628	4959
588CDF29	4237
58910AEB	4090
589603D0	7033
58968E4D	12188
58A4CF41	9913
58A54214	8082
58A5EBCD	5655
58A77D30	6987
58B1CD22	6381
58B84BE1	2783
58C438BA	2244
58CA0E30	5838
58CED2FB	6093
58D16DCE	5484
58D23FB5	5378
58D34659	10187
58D3ACE7	214
58D4D856	8696
58D82D57	8425
58E60259	11194
58F5B958	5702
5909D510	11658
590FCEA7	3048
59103FA0	8321
5912D699	3511
5917F1A6	12014
59183E7B	12054
59187C49	3941
59189937	3724
5918B703	2762
591A9848	452
59209474	5735
5925E540	1720
592F8BA5	6720
59357D0D	7271
593785FD	9341
593F7007	10256
593FF485	2463
5943E1AB	8899
59452F8D	1190
5949D931	9742
5958D23F	5374
5958D82D	8421
5970AE0D	255
5972551F	5862
5972ADC0	9294
597714DA	9323
5977E519	3434
5982641C	1772
598CA0D9	10199
5995314F	9670
59976933	6614
599AF721	5595
599D434F	10977
599F0F0E	6463
59A06CB7	9208
59B17525	614
59B20498	11394
59BA0747	9242
59BE3C93	6138
59D87D3F	4190
59DC2B30	2190
59DD37FC	56
59E1B73E	10389
59E237DE	6857
59E29EA2	7495
59E4B22F	6787
59F31698	11206
59F773AF	7204
5A0AFA8A	3143
5A105288	5968
5A120491	26
5A14FAC0	11904
5A171305	7803
5A17E53A	5767
5A1B91D6	6019
5A2020A8	10281
5A23870B	7854
5A29CB18	2376
5A382B09	1330
5A38DDBB	4816
5A393719	12193
5A3A02E2	1625
5A3A49A7	10009
5A4C094C	8149
5A4EC78F	4056
5A5634EB	209
5A59E4B2	6783
5A620BD7	11215
5A67F0D4	3520
5A6889AF	11030
5A706C3E	8803
5A7377BE	9650
5A759DD3	50
5A7EB2B1	8774
5A8A0DAD	538
5A8F6E4F	4340
5A90F12D	5352
5A9AA52C	10476
5AA0881B	4317
5AA5CB34	1299
5AB11B87	6647
5AB94855	1041
5ABAAFDD	2222
5ABAF996	5582
5ABE0FEC	1889
5AC165CA	9287
5AD1F519	6362
5AD22BF2	11865
5AD6AEBE	5577
5ADA19A3	2955
5ADC03B9	1362
5ADD6B70	1355
5AE3AD5D	4528
5AF478C4	10102
5AF89F29	9564
5B032812	2860
5B034127	1224
5B08D913	833
5B0C6716	2177
5B0F43E3	3066
5B156156	13
5B15E09D	10814
5B172AA1	6842
5B1872B5	1166
5B213FD3	1205
5B28EC59	5723
5B2C6115	11889
5B2CAB64	11419
5B303E40	11830
5B337FBD	8709
5B388D7D	11062
5B3F9CAB	8343
5B48AE9D	10743
5B4C4B86	11614
5B591899	3720
5B5FD3BD	152
5B623DC9	2992
5B6920BF	10907
5B697A3A	11363
5B71B165	8410
5B723030	9178
5B73886E	5491
5B73ECB0	8834
5B81CA3C	11307
5B87D7AD	7630
5B927789	3271
5B958269	5708
5B98E031	851
5B9CB3D8	8974
5B9E0EC1	3667
5BA4B668	8861
5BAA4030	11003
5BB13560	10331
5BB1FB8B	3385
5BB398AD	8652
5BBF630D	6330
5BC15BE3	1923
5BC3CF2C	9992
5BCBD744	5450
5BCCCD58	8179
5BD19CC0	9721
5BD271BC	6032
5BD40D11	6283
5BD49EBA	10777
5BD7A3DC	6590
5BD883CB	2887
5BE3D4B6	1931
5BE8238C	11780
5BFC3068	6681
5C044146	7929
5C08EB48	632
5C0D1EBC	10419
5C1497B5	8747
5C1E998B	1665
5C25ECAB	10560
5C265C14	8739
5C2B8371	258
5C2E4ECE	941
5C34E99E	7961
5C41B482	7706
5C441AEE	12244
5C4C17D5	7808
5C4D2C3A	11952
5C59103F	8317
5C605F3D	11981
5C613CC1	1702
5C64F000	3489
5C661118	4858
5C724D6A	6636
5C752050	495
5C75EE58	4225
5C7BF742	11728
5C7DC34C	6300
5C7E5918	12046
5C80C1E1	4016
5C821A45	9636
5C857110	12237
5C8F381F	9520
5C9547DE	5865
5C9752D7	2617
5C9D2EFF	5422
5CA5CB9F	8295
5CAA859E	6847
5CAB7010	9297
5CAF2BDC	413
5CB12DF8	10214
5CB3454F	1305
5CB9FB33	8301
5CBC6ADA	750
5CC4DAFE	12271
5CC9E3C2	2630
5CD1C801	5065
5CD5C975	2611
5CD68E80	1620
5CD7B346	6806
5CD8239E	8019
5CE0B7B4	5555
5CE6B145	11292
5CF1011C	8066
5CF12D37	2719
5CF55C80	4008
5CFF7CB9	6486
5D00DCF3	5638
5D062CCC	6890
5D07FBCC	3767
5D0F5977	3426
5D11CFD6	5459
5D157F3D	9111
5D247397	5625
5D32AD73	12260
5D496170	621
5D4B5CC9	2622
5D4D3E96	6408
5D50EF88	994
5D629DF4	6984
5D76B4E2	8456
5D77FAAC	10654
5D82A1AA	10231
5D8DDB8C	11764
5D903741	2477
5D9484F3	6501
5D96E72C	8969
5D9AC78A	1146
5D9FC410	555
5DA4CC1A	6619
5DAD38A6	8459
5DB5B48A	10737
5DBF561B	10441
5DC25D4D	6400
5DC2FCAF	6253
5DC3F435	7789
5DC5368D	9326
5DC69718	1693
5DC9F73F	871
5DD70997	8734
5DDDBC5B	8822
5DEB2BD9	729
5DF0248B	7822
5DF863FA	4540
5DF94676	3437
5DFCDCE9	3552
5DFE37B9	3793
5DFEAB3B	10657
5E09D4E0	10820
5E0F616E	7619
5E1AA9DC	341
5E1BC324	6063
5E1E7493	7585
5E2A159B	9232
5E2C3E1D	8930
5E2E6741	3861
5E3061AB	8438
5E3840FC	517
5E38C412	1815
5E3A22BB	11093
5E4047D4	5096
5E486634	577
5E4F6579	3118
5E54028D	1726
5E54382A	712
5E5F11D8	8047
5E6FA073	8676
5E76BF75	3129
5E776E6C	4998
5E8A0544	7545
5E8C1AE9	653
5E8EA4BE	11370
5E8F604A	2114
5E8F71C7	6595
5E9B7BB5	9899
5EA676EA	2693
5EAFEBBC	184
5EB64BF6	7639
5EB84A63	4390
5EBCD24E	5661
5ECAB667	10566
5ECD1A8C	6811
5ED478D7	4565
5ED60072	8756
5ED8DBB5	4428
5EDC3423	7180
5EE588CD	4231
5EEF3ACC	2537
5EF2B877	5276
5EF5298D	912
5EFA25EF	902
5EFF0513	3366
5F0102FE	4501
5F020BE4	10061
5F07B334	10798
5F11D879	8051
5F153571	12035
5F1C9243	7348
5F2482F8	4117
5F2891D0	9538
5F37BEC6	2824
5F3DACED	11989
5F436336	11073
5F4369FB	7278
5F440477	11435
5F4892A2	3343
5F4EEF29	2497
5F510D45	10957
5F577C09	7817
5F58D16D	5480
5F5E0F61	7615
5F5EB84A	4386
5F633781	4923
5F67D9F9	3292
5F6C67EF	6937
5F7111FB	3902
5F72023F	4578
5F796563	5367
5F7A0686	1058
5F7B56D6	3711
5F8EA15D	982
5F914CA8	1392
5F91FA85	7428
5F94714E	1456
5F94E89A	5772
5F95D157	9105
5F972F1A	745
5F9A8B91	3876
5FA1B4BC	2054
5FC69BEF	12019
5FCF6BAA	9118
5FD3BDE8	156
5FD41F42	9351
5FD527E9	11228
5FD650F8	8894
5FDB913F	5813
5FDBD612	1649
5FDC122E	1552
5FDF5AE3	4520
5FE3FF2E	2934
5FE846A6	9056
5FE8A8B2	12098
5FE908AE	5232
5FF49E64	8550
5FF500A9	10520
5FF61594	1180
5FF6B337	1436
5FF89EE9	1757
5FFDCF99	470
5FFE2815	5509
6002C174	5614
6007275A	8762
6013E499	3030
60144252	6750
60236A5E	8918
60244BAC	275
60259F31	11200
60373499	1572
6037A387	10865
603CEAE4	8278
603D0C9C	7039
603F0D2E	9142
6046DEF7	10343
604A1BA8	7301
604AD2FA	2122
60544B5B	10319
60560F4E	7235
6058CA0E	5834
6058D4D8	8692
605BAA40	10999
605F3DAC	11985
606002C1	5610
606591A9	446
6070E329	7884
60763BB1	8253
6080AA76	8634
608BD850	11561
608E7049	797
608E7A88	8024
608EBE83	4295
608EF75A	10090
60919C04	5301
60934215	4704
60990737	1775
609A5B28	5715
609CEBBA	2084
60A86AA4	10234
60B55E30	8430
60B6B4EF	5331
60C39E82	8192
60CDC664	4757
60E57637	11757
60E9BC5B	11407
60EA7C54	3827
60F4ED1E	7241
60F56D7F	145
60F9ECDE	12059
60FB8833	10541
60FCF49B	12115
61045CE0	5547
610A5BD4	10769
61118CEF	4864
61156853	11897
611CDD71	11717
612097FF	461
6125C1E9	1659
612C5418	5792
61303310	8946
61399EF0	5155
613CC105	1706
6142771E	11570
614CD0A3	6766
614D9CE0	2266
61522403	12218
615232E2	10624
61529CA3	2389
615522DF	4605
615526CB	7332
61554354	680
61568481	21
6159452F	1186
615B337F	8705
615F07B3	10794
615F914C	1388
61605BAA	10995
616C61CA	1163
616E1F5E	7627
616F2F5D	5447
61701105	7926
617023AD	629
61741FEF	3764
6176D6D2	10734
61775C26	8731
617950E0	709
619C29DD	7723
619E9DAB	3163
61A0EC38	9584
61ABF5D7	8446
61ABFF83	11324
61AFB194	10849
61B1093E	6422
61B8063D	10451
61B85FDB	5805
61BABE14	3743
61C90695	8987
61CAD7FD	1171
61D4C5AD	1345
61D8BB7B	230
61E5CF10	8060
61EA4817	4845
61F0C885	7758
61F124D1	3946
61F4FD45	4195
61FF43EF	12290
62008DD9	11595
6208DEA1	6003
620BD7F5	11219
620D7D63	5473
620F2D0D	2892
62120BD0	3968
6214BCE1	6735
622347A2	5942
6223E3CB	2802
622AD8A2	4960
62337CA4	4238
623DC914	2996
62440238	1278
62442BAD	4091
624B083C	3181
624DDD8D	2972
625507B2	9815
62580F43	7034
625A3937	12189
6264DE66	3729
626D10AB	2907
626FC477	5134
6281205D	6241
6283D56D	9167
628B32EC	4969
628BDE3A	1118
62933D05	9914
62950850	8083
6297AF34	5656
629DF4C1	6988
62B764D1	8661
62C21ADE	1978
62C73489	6382
62CCC42B	6896
62D14FC0	2343
62D27263	11524
62DC0DFF	2767
62DD9327	7074
62E12F84	2784
62EDEEA3	235
62F476CF	1676
6304AA9D	3812
630DDFB9	6338
6310E2EA	2245
631DF811	11628
63235710	7697
63258968	12182
6328365C	10202
632838C3	5839
632C7ED3	5021
632CE8CA	1865
63364C5E	11081
6337818F	4927
6338F638	3693
6339DB76	9471
633B4BEC	6094
633BDBC7	4871
6345B738	5485
6347AC9F	587
6348FED4	5379
634C2910	923
634D1966	10188
634EB39D	215
6353615B	8697
6360B55E	8426
636304AA	3808
6365303D	11536
63680DD0	3456
63693BE5	7011
636ED4E4	4433
637316D8	2983
6376E316	11767
63785184	5536
6380394E	11160
6380C525	856
63895758	6975
638A797F	12087
638B5F7B	3703
63921B3A	369
63980967	11195
63A43A45	4402
63A78417	7602
63B2847F	3588
63B4BF2F	8234
63B5141D	9977
63BB11FF	8259
63CA1E09	4938
63CF6F94	5202
63D6E560	5703
63D85367	2261
63D8DA03	3451
63DCB355	10461
63DD9EC8	7473
63E0C4AB	10678
63E7F3F6	8599
63FA3547	4548
640DD052	2480
6416E49D	3266
641B1CB7	8562
641CDE7E	1780
6424D6B4	6353
64275443	11659
642B8BEC	308
643082FD	6958
643F3A9F	3049
6440FE81	8322
644493D0	1945
644B5A67	3512
644F56E6	842
645643F3	3043
645C75EE	4221
645F4404	11431
645FC69B	12015
6460F9EC	12055
6461F124	3942
646264DE	3725
6462DC0D	2763
646A6120	453
64752F1C	8473
648251D0	5736
648BB2DE	12156
648D9CF8	7148
64979500	1721
64AE9177	7778
64B394A9	2304
64B969D6	43
64BA9284	2155
64BE2E96	6721
64BF6C52	7645
64C41123	9751
64C59725	5856
64C5E3A2	11087
64C9C20C	7081
64C9E77B	3641
64CD04C4	2842
64D179BE	8669
64D4D31D	4769
64D5F436	7272
64D67DDC	7199
64DB3D7B	2526
64DE17F5	9342
64DE661B	3733
64E0A05F	1424
64E89688	10272
64F0006E	3493
64F97B63	4421
64FDC01D	10257
64FFD217	2464
6500B7D3	11468
650F86AE	8900
6514BE35	1191
6515F67D	3286
65180DE8	10860
6518ED45	9972
65213CD1	6504
652764C4	9743
652A00A4	5882
65303DA3	11540
65347A2F	11796
6536C877	5914
653C7C08	8216
6541DF9B	9951
654C53C9	9673
656348FE	5375
656360B5	8422
6569C1B0	8800
6579DAFD	3126
657E5CBC	742
65804F92	3027
65918B70	2760
6591A984	450
6598CA0D	10197
6599AF72	5593
65A382B0	1328
65A4EC78	4054
65A5634E	207
65B9CB3D	8972
65BB398A	8650
65C1497B	8745
65C2B837	256
65C2E4EC	939
65C4D2C3	11950
65C64F00	3487
65C9547D	5863
65CAB701	9295
65CB12DF	10212
65D9FC41	553
65DA4CC1	6617
65DC5368	9324
65DF9467	3435
65EAFEBB	182
65F4892A	3341
65F8EA15	980
660763BB	8251
6608EF75	10088
660919C0	5299
66099073	1773
660FB883	10539
661118CE	4862
6615F914	1386
661BABE1	3741
661F0C88	7756
662F476C	1674
66328365	10200
66347AC9	585
66389575	6973
663E7F3F	8597
664B394A	2302
664D4D31	4767
66536C87	5912
6654C53C	9671
665BB398	8648
665DA4CC	6615
6660919C	5297
666BDC86	5596
66750D3E	10978
6676D394	11267
66782784	10576
667C3C39	6464
6681B2DE	9209
6687D4B8	85
668B680C	8871
668C624D	2964
66917A3D	2107
66A5B4C4	11608
66AA3D43	2286
66B1E2B6	1149
66BDC860	5598
66BE06F3	6564
66C5D496	615
66C81260	11395
66E81D1C	9243
66EF6D97	11939
66F8F24F	6139
670109D3	5308
670429B3	766
670A776D	7726
6716770A	2185
672C95CD	5055
67302125	9728
67380899	2273
673E143B	7155
67403290	1089
67417E6A	3869
6750D3ED	10980
675735A3	1615
6757A6DE	9894
6761F4FD	4191
676283D5	9163
67632CE8	1861
6763D8DA	3447
676D394E	11269
676EAEE0	2699
6770ACC3	2191
67742D0A	9785
6774DFF2	57
677B1361	12206
677B3FAE	8492
677E04EF	2010
67827848	10578
6786DCF9	10390
6788DF7B	6858
678A7A89	7496
678C41E2	7972
6792C8BF	6788
67992EA4	2150
67A46C86	8526
67A76AE1	3166
67AFEEC2	1585
67B20A85	7480
67BC0433	5162
67C3C39D	6466
67C87AE8	9605
67C9FD8E	12076
67CA2DDB	10936
67CC5A62	11207
67D58B1C	6375
67D9F94C	3296
67DA035C	483
67DDCEBF	7205
67E532E9	3301
67EFA819	6945
67F0D400	3524
67F10406	558
680B5A29	2368
680C8D55	8879
680D71D4	488
680DD081	3460
681098B0	1969
681B2DE2	9211
68270AA1	7741
682B511F	429
682BEA29	3144
682D165D	9314
683B0E38	9587
68414A20	5969
684725A3	4806
68481244	27
6851DE65	3475
6853EB02	11905
685C4C17	7804
685F94E8	5768
68668C62	2960
686AFDA4	1068
686E475B	6020
68749549	6526
687D4B8E	87
688082A1	10282
6882A934	6171
6889AF4A	11034
688E1C2C	7855
688EC098	5121
68996013	3022
6899D5E9	9889
689AA60C	4747
68A72C61	2377
68AE3769	9070
68B0CBB4	6693
68B680C8	8873
68BCF948	12316
68C4B556	6829
68C624DD	2966
68C91E0C	4144
68D40608	11551
68D64DE1	9336
68D79219	572
68E0AC26	1331
68E376EC	4817
68E4DC67	12194
68E80B8A	1626
68E9269C	10010
6915FDBD	1643
69169CDD	9645
6917A3D8	2109
6920BFDB	10911
6928B110	8126
69299E64	2143
69302530	8150
693306A5	6622
693B1E3E	4057
693BE520	7015
693CA674	1079
6942C5FF	8540
6948C3BA	3992
694EC57C	4106
695511C8	8997
6958D3AC	210
695F9471	1452
696792C8	6784
696CA3B1	5720
696DA5E8	11360
697184F3	1699
697A3A92	11367
69882F5F	11216
699402DF	11465
699C10A6	763
699FC350	3521
69A226BD	11031
69B084F8	4361
69B84EE3	2033
69BEF5F1	12025
69C1B0F8	8804
69C7043D	11124
69CC7B88	10020
69CDDEF9	9651
69D6774D	51
69E492E8	9082
69F0B615	7322
69FACAC6	8775
69FB4789	7286
6A166C5D	609
6A1DCF76	11925
6A2836B6	539
6A2E44C3	3881
6A312E74	2319
6A31DA31	6820
6A328390	3090
6A3DB93C	4341
6A43C4B5	5353
6A4D273F	3202
6A4FDC73	4896
6A53D495	9042
6A5B303E	11826
6A5B4C4B	11610
6A5C724D	6632
6A5E2C3E	8926
6A612097	457
6A68AE37	9066
6A6A94B2	10477
6A7E8FF7	6439
6A82206F	4318
6A94B28F	10481
6A972CD1	1300
6A983371	4752
6AA3D436	2288
6AA490C5	10242
6AA77273	346
6AAEAD04	9485
6AB2BCDE	2577
6AB38963	5691
6AB7EACA	4468
6ABBFB0B	2426
6AC46E1C	6648
6AC6C419	9772
6ADA6704	758
6ADE5F6C	6929
6AE1892C	3174
6AE1C8AF	11139
6AE26023	8910
6AE52155	1042
6AEABF74	2223
6AEBE659	5583
6AF83FB3	1890
6AFD75DA	8449
6AFDA4F2	1072
6AFFE0C2	11327
6B05972A	9288
6B11E02C	10705
6B1456E0	11298
6B1B1A93	4887
6B1E2B61	1151
6B259B20	11388
6B337695	1442
6B3B433B	11996
6B47D467	6363
6B48AFCB	11866
6B4E2991	8462
6B4E599F	6455
6B4EF7A9	5337
6B56AE52	1036
6B5ABAF9	5578
6B65D9FC	549
6B66917A	2103
6B68668C	2956
6B700EE4	1363
6B75ADC0	1356
6B790D4B	1987
6B87253D	2207
6B8EB577	4529
6BA1723C	9513
6BA21AD5	1027
6BA51EF9	662
6BA984B1	5785
6BAABF31	9126
6BB974CA	12253
6BB9F161	11705
6BD1E313	10103
6BD28DF7	11041
6BD45410	8101
6BD465F8	972
6BDC8606	5600
6BE06F3F	6566
6BE27CA7	9565
6BEC6518	10852
6BF48D89	1267
6BF75A0A	3135
6BF8A61F	12280
6BFC610A	10761
6C0CA04A	2861
6C0D049E	1225
6C213E1F	4364
6C23644F	834
6C28857C	4490
6C319C59	2178
6C3D0F8F	3067
6C3E1577	8811
6C3FFA08	9266
6C3FFD8C	5010
6C40C4DA	4793
6C419DD0	9778
6C424F86	6425
6C44AF08	3241
6C50E4D3	8613
6C52FD3C	7653
6C546BD4	964
6C55855A	14
6C578275	10815
6C5958D8	8417
6C5CAA85	6843
6C5CF12D	2715
6C5D4961	617
6C61CAD7	1167
6C67EFA8	6941
6C6A4FDC	4892
6C72DF3B	8567
6C81260E	11397
6C83AE3F	292
6C84FF4C	1206
6C86942C	8534
6C8770BF	5920
6C87BFC0	11243
6CA3B164	5724
6CB18455	11890
6CB2AD91	11420
6CB5F1C9	7342
6CB78825	9216
6CBB9541	3321
6CC0F901	11831
6CCB9548	2669
6CCDFEF5	8710
6CE0AACC	9455
6CE235F4	11063
6CE2D2CA	777
6CEAE91E	378
6CF5EEF3	2531
6CFD771A	1686
6CFE72AE	8344
6D023DC4	7376
6D062D14	2337
6D0A457B	5265
6D10AB79	2911
6D122BE2	10152
6D17BE89	897
6D19DF81	2005
6D209619	7713
6D22BA74	10744
6D22BEEF	7097
6D246E95	10173
6D2F107E	2061
6D312E18	11615
6D32BFD7	10641
6D394E3F	11273
6D3C211B	1535
6D4FB48B	4271
6D646264	3721
6D6D22BA	10740
6D6EFD8C	6327
6D7F4EF7	153
6D88F724	2993
6D97134B	11947
6DA09C2A	7738
6DA482FF	10908
6DA5E8EA	11364
6DAB1B10	9769
6DAD9A45	2100
6DC6C595	8411
6DC8C0C3	9179
6DCE21BA	5492
6DCF91FD	10396
6DCFB2C2	8835
6DD2E8B0	7943
6DDAABAB	9480
6DDE1183	11746
6DEED629	9904
6DEF7F0C	10349
6E018F72	10454
6E0728F2	11308
6E0AED49	9834
6E0D2F0B	9425
6E13B8C7	2036
6E17F6E4	5808
6E1C0C92	6656
6E1F5EB6	7631
6E20FD95	8789
6E2740A9	11498
6E2B438B	6200
6E316FA0	11773
6E334996	2749
6E37CD2C	2593
6E44FEA4	5818
6E475BD2	6024
6E49DE26	3272
6E4F1C9A	4348
6E5609A5	5709
6E6380C5	852
6E64CD04	2838
6E6C3FFD	5006
6E716398	11187
6E72CF61	8975
6E7421D1	12128
6E783B04	3668
6E797A99	2686
6E81D1C9	9245
6E834E17	328
6E92D9A2	8862
6E958D34	10181
6EA15069	7310
6EA900C3	11004
6EAEE06C	2703
6EAF8531	3746
6EB5FFE2	5503
6EC3D2BF	4827
6EC4D581	10332
6EC5912D	3505
6EC7EE2F	3386
6ECABD93	3630
6ECE62B7	8653
6ED4E4DF	4437
6EDF897F	5221
6EF6D971	11941
6EFD8C37	6331
6F056F8F	1924
6F0C9210	6068
6F0F3CB1	9993
6F16CB2A	11414
6F16DCFB	8829
6F18F831	10673
6F1CDE6F	4671
6F1D0E89	7907
6F1DAC6C	4880
6F21E791	6043
6F2B15A8	4330
6F2F5D11	5451
6F331267	10924
6F333560	8180
6F3A139F	4683
6F3A15F9	7418
6F3D5F51	10949
6F3F8039	6574
6F401B10	4784
6F467302	9722
6F49C6F2	6033
6F4E19AF	6555
6F503447	6284
6F527AE8	10778
6F53FE02	8364
6F584970	1654
6F5E8F71	6591
6F5FDC12	1548
6F620F2D	2888
6F680B5A	2364
6F74D3A7	7511
6F86BA21	1021
6F8F24F9	6141
6F8F52D9	1932
6F92060F	135
6F94BDBB	5210
6FA07360	8680
6FA08E31	11781
6FA26518	9964
6FBA15FF	10510
6FBD7C54	12028
6FC477B7	5138
6FD586E0	10444
6FDEF663	8587
6FE6F3A1	7412
6FF0C1A2	6682
700087CB	10604
7004A3D2	3223
700764E8	10264
700EE4C7	1367
70101A0B	9305
70109D3B	5310
7011051B	7930
7023AD23	633
702B7428	11449
70324922	6661
70347AF2	10420
7037FD62	2772
70429B38	768
7043DAB8	11130
7048B9F1	1557
70492090	805
70525ED6	8748
70599531	9666
705C821A	9632
706C3E15	8807
707089F6	6227
707A662F	1666
70831B48	7088
7089F628	6231
7097534F	6403
7097B2AD	10561
70997052	8740
709B0A21	4485
709FA6E0	9415
70A776DA	7728
70AA1987	7747
70ACC36B	2195
70AE0DC7	259
70B27BD4	7864
70B2B0AD	1252
70B93B39	942
70BF2BD2	6256
70BF8FA6	5928
70D08E86	7185
70D30722	6307
70D3A678	7962
70E329DE	7888
70E677B3	8486
70E80480	8509
70F82246	5898
70FD0D68	7792
7106D209	7707
71106BB9	12245
7111FBC0	3906
7112DFE4	7052
711DDDC1	9621
711DFEAB	7387
711E4B03	7569
71224715	11685
712DA4A2	8119
71305F57	7809
7134B0EB	11953
713EDB45	888
7145E5F1	8041
714DA359	9329
714EA789	1464
715386BB	11695
715A6889	11026
71629508	8079
71639809	11191
716440FE	8318
716770AC	2187
71765B9C	8966
71770975	6397
71817CF6	11982
7184E67B	5152
7184F304	1703
718A2F78	1115
7193C001	3490
71984463	4859
719857E4	1383
71993534	4764
719DEC4D	12203
71A0AD44	426
71A5C613	1696
71B16563	8414
71BC879E	6040
71C10F6A	11127
71C7ED66	6603
71C935AB	6637
71CCC03F	4905
71CCFC92	2557
71D1B8CD	2742
71D48140	496
71D7B962	4226
71D80912	270
71E2E775	11580
71E96F50	6276
71EFDD08	11729
71F70D30	6301
71F96460	12047
71FB5997	6606
7200441E	5072
72023F1F	4582
72030787	4017
72086916	9637
721400F5	7453
7215C441	12238
72181800	5605
722B46D6	6317
722BE2B6	11146
723030EF	9182
7231F43F	9008
7233E4A4	3403
7237F423	10365
723BFF83	1502
723CE07C	9521
724106C3	9256
7241A554	8990
72452CA1	3003
72490C53	7353
724D6AC4	6640
7253D6AE	2213
72551F7A	5866
7258683B	9579
725A38DD	4812
725D4B5C	2618
725F7111	3898
72636530	11532
7269B084	4357
727323ED	354
7274BBFF	5423
7275A7EB	8768
727DCFF7	874
728F0C7F	2398
728F261A	11314
72972E7E	8296
72AA1678	6848
72AD5515	2448
72ADC040	9298
72AE876F	8352
72B5FF61	1174
72BCAF71	414
72BDB151	957
72C4B7E2	10215
72C61529	2383
72C95CD1	5057
72CD153E	1306
72CD55A9	10466
72CF61C9	8979
72DF3B74	8571
72E7ECCD	8302
72F1AB69	751
73021259	9730
7305B08D	827
73136BF8	12272
7316D88F	2987
731EE203	10023
73202920	1831
732156E9	8852
7323ED8E	358
73278F0B	2631
732F783A	4167
73300FCD	4908
733F24BC	2560
73472004	5066
73489C5D	6388
73499EBF	1578
735725D4	2612
735A3A02	1621
735ECD1A	6807
736058D4	8688
73608E7A	8020
7373F01D	10879
7375C7BF	11722
7377BE70	9654
7379BCE8	4676
7379FBBA	1785
7380899A	2275
7382DED0	5556
73886EB5	5495
73974037	5633
739AC515	11293
73A4BD0E	3561
73AEE9B6	2089
73AFC038	7212
73C40471	8067
73C4B4DF	2720
73C53AD2	8393
73CF58A5	5647
73D57203	4009
73DD9BBD	11932
73DDD179	4987
73E143BD	7157
73E47F7D	10399
73E67DA0	477
73ECB0B7	8838
73F01D41	10883
73F58835	5466
73FDC4FB	881
73FDF2E5	6487
73FE11C0	3212
74000ED1	9549
74032907	1091
740373CF	5639
740A9EC0	11504
741495F4	2487
7417E6A2	3871
7418B331	6891
741FEF32	3768
74206851	3467
7421D139	12132
7421FD88	5992
74226DDE	11738
7426D062	2331
74286994	11457
742D0ABD	9789
74334028	5747
7436A166	603
743A2426	7912
743D65DF	3427
74473F58	5460
744E7E08	12139
7455FCF6	9112
745E776E	4994
746E2740	11494
746E3349	2745
746FDEF6	8583
74724106	9252
7488E50B	1741
7491CE5D	5626
7493D8E9	7593
7495490A	6530
74B16DA4	10900
74BA2C15	7946
74BBFFB4	5427
74BD1631	2235
74CAB5CC	12261
74D11F5D	3540
74D3A751	7515
74DAFF18	10756
74DB2EE5	3316
74DFF2F2	61
74EF0D60	5319
74FA5FE3	2926
750774B1	10892
750D3ED8	10982
751D4C92	7525
75205011	499
752585C0	622
75296CE2	11055
752D7327	2623
752F1C39	8477
75316B75	1348
75324A7D	7530
7534FA58	6409
75380E02	10827
7543BE20	995
75443438	11665
7549A267	9882
7564BE2E	6717
75735A3A	1617
757A6DEE	9896
757B51E3	4562
758239C1	794
7584C0CC	8943
7585DB5B	10731
75880237	11592
758A77D3	6985
75909D51	11656
759DD37F	54
75A0AFA8	3141
75A7EB2B	8772
75ADC03B	1360
75AF478C	10100
75BC3CF2	9990
75BD271B	6030
75C25ECA	10558
75C265C1	8737
75C7BF74	11726
75C7DC34	6298
75DAD38A	8457
75DBF561	10439
75DFEAB3	10655
75EE588C	4229
760244BA	273
760A86AA	10232
760EA7C5	3825
7615232E	10622
761D8BB7	228
761E5CF1	8058
761F4FD4	4193
76283D56	9165
762EDEEA	233
7632CE8C	1863
7637316D	2981
76376E31	11765
763BB11F	8257
763D8DA0	3449
7640DD05	2478
7645C75E	4219
764C4112	9749
764C9C20	7079
764D179B	8667
764DB3D7	2524
764E8968	10270
765213CD	6502
765B9CB3	8970
7665BB39	8646
76660919	5295
766A5B4C	11606
766B1E2B	1147
766EF6D9	11937
767B20A8	7478
767F1040	556
7681098B	1967
76899601	3020
768C4B55	6827
7693306A	6620
7695F947	1450
769E492E	9080
76A1DCF7	11923
76A5B303	11824
76AAEAD0	9483
76AE1892	3172
76B1B1A9	4885
76B4E299	8460
76B4E599	6453
76BF75A0	3133
76CFD771	1684
76D394E3	11271
76D6D22B	10738
76DA09C2	7736
76DDAABA	9478
76E316FA	11771
76E6C3FF	5004
76EAEE06	2701
76EC3D2B	4825
76F16DCF	8827
76F3D5F5	10947
76F401B1	4782
76F53FE0	8362
76FD586E	10442
7702B742	11447
7705C821	9630
77097534	6401
770ACC36	2193
770BF2BD	6254
770BF8FA	5926
770FD0D6	7790
77122471	11683
7714DA35	9327
7719857E	1381
771A5C61	1694
771E2E77	11578
7723BFF8	1500
7727323E	352
7727DCFF	872
773AFC03	7210
773DD9BB	11930
7742D0AB	9787
7745E776	4992
774B16DA	10898
774DFF2F	59
77549A26	9880
77588023	11590
775C265C	8735
77637316	2979
776DA09C	7734
776E6C3F	5002
776F16DC	8825
77705C82	9628
7776F16D	8823
777705C8	9626
778460E5	11749
77899457	3279
77944C33	4622
77997193	3482
779F6F1D	7899
77A14952	3843
77A9555C	11969
77AA8111	6875
77ACAF65	730
77B13615	12208
77B1D998	5288
77B3FAED	8494
77B7184E	5146
77B9DA96	11817
77BE7059	9658
77BEF840	3651
77C0922E	7823
77C573FD	6479
77C6D122	10146
77D3048A	6993
77D9823B	10083
77E04493	11633
77E04EFC	2012
77E18FE8	4541
77E519D8	3438
77E6FA26	9958
77EDF231	4728
77EE6424	6345
77F373A4	3553
77F8DEE6	3794
77FAACCC	7392
77FAACED	10658
780B2A3A	10712
780FBEED	4453
7818F287	4933
78275380	10821
7827848A	10580
7827CA58	4947
78339387	4153
783AF435	4175
783B04C1	3672
783D85B8	7620
78417D78	7608
78460E57	11751
7848AB20	10586
78518411	5540
785FD41F	9347
786AA772	342
786DCF91	10392
786F0C92	6064
786F86BA	1017
7871D1B8	2738
7879D24F	7586
787A3ABC	3609
787BC87A	4027
788255E2	9222
78825BCC	8171
788DF7BD	6860
788FF7F2	7254
7894F07A	1474
78981286	7296
7899457D	3281
78A7A89B	7498
78A8566E	9233
78ACB535	6124
78AD85B1	1156
78B0F875	8931
78B99D05	3862
78B9DD62	11583
78BE7A0F	7983
78C186AF	8439
78C41E2F	7974
78C4D4E1	10110
78D54589	4080
78D7DC80	4573
78E103F0	518
78E172BC	406
78E31049	1816
78E88AEF	11094
78EB3C2A	1127
78F0B451	2637
78F8BF27	4066
79011F51	5097
790D4B26	1991
7913B5E1	6053
792198D1	578
7924BA28	9085
792C0D78	7574
792C8BF5	6790
793D95E7	3119
793FF4D8	12169
7943EEF4	105
7944C333	4624
79500A37	1727
7950E0AB	713
7954E264	7136
79656348	5371
7973C404	8063
79793D95	3115
797A99DB	2690
797C4761	8048
797DB19F	6934
797FA2A2	12095
79906C72	8559
7992EA4A	2152
7997193C	3484
79986EAF	3738
79B8DF34	2590
79BC7379	4668
79BCE84E	4680
79BE81CD	8677
79D24F63	7590
79D3E97F	2923
79DAFDD6	3130
79DDB9B0	4999
79DEFBE1	3648
79E44ED7	6050
79F6F1D0	7901
79FBBA01	1789
7A0686AF	1062
7A0B8EF9	8201
7A0D11F1	167
7A0F239F	7991
7A149522	3845
7A281511	7546
7A2FD24B	5952
7A2FF09D	11804
7A306BA5	654
7A338541	4039
7A387373	10871
7A3A92F8	11371
7A3ABC02	3613
7A3D812B	2115
7A3DC71F	6596
7A46C869	8528
7A5BD40D	6279
7A5CD823	8015
7A652A00	5878
7A662F47	1670
7A67C9FD	12072
7A6DEED6	9900
7A6F680B	2360
7A76AE18	3168
7A79BC73	4664
7A85686E	6012
7A88DC51	8032
7A89BDD3	7504
7A9205C6	4848
7A9555C6	11971
7A96A43C	5347
7A99DBAB	2694
7AA81117	6877
7AB928A7	1486
7ABFAEF0	185
7AC9F743	593
7ACAF657	732
7ACDFD4C	3925
7AD92FDB	7640
7AE1298E	4391
7AE14D79	5085
7AE2C189	9804
7AE8615F	10786
7AE8711D	9613
7AEFA632	7687
7AF2E9D7	10428
7AF3493B	5662
7AFC672C	5047
7AFEEC2D	1587
7B028D8B	11513
7B136152	12210
7B1D9982	5290
7B20A856	7482
7B289B82	9825
7B2AD99E	10567
7B3345B1	10804
7B346A31	6812
7B37A67C	12066
7B3F5EDC	7172
7B3FAEDC	8496
7B42F55A	5565
7B51E35F	4566
7B56D646	3715
7B5801C9	8757
7B636ED4	4429
7B70D08E	7181
7B7184E6	5148
7B72AD55	2444
7B880F48	10028
7B962337	4232
7B98D8C1	3803
7B9DA96C	11819
7BA59826	1766
7BA8F356	242
7BAB4C87	1238
7BB58A4C	9907
7BBCEB31	2538
7BC04335	5164
7BC87A33	4031
7BCAE1DE	5277
7BD12E51	391
7BD48360	7872
7BD4A634	913
7BD98F9F	8592
7BDDEAA0	6870
7BDFC31C	10352
7BE51855	671
7BE70599	9660
7BE897BD	903
7BEADDD5	9871
7BEC6E64	2830
7BEF8405	3653
7BF74226	11732
7BFA2CC9	6156
7BFC0882	11249
7BFC144E	3367
7BFD2605	10309
7C03711E	7561
7C040BF9	4502
7C082F90	10062
7C08C63B	8224
7C0922E5	7825
7C14033B	10125
7C17CA24	9533
7C1ECCD1	10799
7C1FC286	121
7C2D8554	7325
7C322145	7761
7C32878A	6114
7C3C39DF	6468
7C3D9382	1417
7C3F89A3	4133
7C4448E1	11848
7C4761E5	8052
7C49347F	3949
7C496F62	2880
7C5477A1	3835
7C54D5C7	12036
7C573FDF	6481
7C584737	11712
7C603734	1568
7C606591	442
7C65EAFE	178
7C6D122B	10148
7C715A68	11022
7C72490C	7349
7C87AE87	9607
7C8C4268	4735
7C920BE1	4118
7C9FD8E2	12078
7CA24740	9539
7CA2DDBC	10938
7CA40B25	4246
7CA588AB	4953
7CA63CF6	5196
7CA72586	9573
7CB97652	6494
7CBB7615	10614
7CC5A620	11209
7CD2CF5C	2599
7CDE1C74	2733
7CDEFB1B	2825
7CEDD1BF	8576
7CF6B3B4	11990
7CFB300C	9702
7D0A8505	9360
7D0D8CD9	11074
7D0DA7ED	7279
7D0FF88C	9015
7D1011DC	11436
7D125C0D	10411
7D224A8A	3344
7D3048A2	6995
7D32114B	7115
7D3BBCA4	2498
7D3C6D0A	5257
7D3C7A5C	8007
7D3C807F	9379
7D3D14B3	11478
7D3F5147	4198
7D443514	10958
7D44AB49	5106
7D467D58	6369
7D4B8EE7	91
7D58B1CD	6377
7D5B0F43	3062
7D5DF024	7818
7D6345B7	5481
7D6B8EB5	4525
7D77F373	3549
7D783D85	7616
7D78E103	514
7D7A2815	7542
7D7AD92F	7636
7D7AE129	4387
7D80F3AB	8275
7D85D07F	3761
7D85E543	706
7D8A0481	6238
7D8CDE06	4924
7D968E0A	1325
7D9823BD	10085
7D9F67E5	3293
7D9F94CB	3298
7DA035C7	485
7DB19FBE	6938
7DBC743A	7904
7DBEE857	10507
7DC34C1C	6304
7DC447EF	3903
7DC808FC	4579
7DCFF713	878
7DD0DA85	600
7DD4A5B3	11052
7DDCEBF0	7207
7DE03EFB	4450
7DE2096F	8168
7DE5958D	5368
7DE81A1A	1059
7DE994A8	5875
7DED5B59	3712
7DEF77AA	6867
7DF4F1E9	8004
7DFC97D7	4377
7E04493C	11635
7E04EFC9	2014
7E089922	12147
7E18FE8D	4543
7E25D82A	10225
7E25FE90	5226
7E3A8575	983
7E4532A0	1393
7E456093	4696
7E47EA15	7429
7E519D8F	3440
7E51C53A	1457
7E532E9D	3303
7E53A26B	5773
7E57455F	9106
7E59183E	12050
7E5CBC6A	746
7E5FA1B4	2050
7E6A2E44	3877
7E6FA265	9960
7E7DBEE8	10503
7E86D2F1	2055
7E8FF76B	6443
7E95F37B	2818
7E9B21EF	11238
7E9B834B	9420
7EA154A2	7435
7EACA1C2	4474
7EB2B1B8	8778
7EB97C08	10054
7ECCD716	8308
7ED1E260	7289
7ED3B30A	5029
7ED665DA	6609
7EDF2310	4730
7EE2F1C8	3392
7EE4C582	2073
7EE6424D	6347
7EEE8053	1792
7EF02A7A	3913
7EFA8190	6947
7F031E1E	3600
7F0A1BE4	126
7F0C7237	10357
7F0D4007	3526
7F104068	560
7F178E31	1810
7F1A6FBD	12020
7F25F5EB	4380
7F2964D5	7264
7F2A1FEF	2410
7F34F90B	9391
7F373A4B	3555
7F3D3718	1105
7F3DAEAA	9119
7F3F6C50	8605
7F423E13	10371
7F4EF7A0	157
7F507D0A	9352
7F531646	3932
7F549FA6	11229
7F5943E1	8895
7F5AA5CB	1295
7F6208DE	5999
7F638A79	12083
7F67632C	1857
7F6E44FE	5814
7F6F5849	1650
7F7048B9	1553
7F77944C	4618
7F7D125C	10407
7F7D6B8E	4521
7F81D917	4212
7F8DEE63	3796
7F8FFCBB	2935
7F9322D8	7061
7F9F4F1B	5252
7FA11A9A	9057
7FA2A2CA	12099
7FA422BB	5233
7FAACCC8	7394
7FAACEDB	10660
7FBCCA2B	3773
7FBD50F6	8717
7FBDAAEF	2419
7FC31615	4595
7FCBCB84	66
7FD0FBCA	12293
7FD27990	8551
7FD402A4	10521
7FD62E12	2778
7FD85651	1181
7FD97D22	3336
7FDACCDD	1437
7FDF603C	8270
7FE27BA5	1758
7FE58848	3961
7FF420F4	4642
7FF47BEA	9863
7FF73E67	471
7FF8A055	5510
8006B11E	10699
800B05D2	5615
801107AE	5075
801C9D69	8763
8023766A	11598
80291C3E	5889
8033D815	7226
80394E3C	11164
80395BD7	6582
80480D9E	8515
804F9264	3031
80510949	6751
8053A7F1	1800
8063DCB3	10457
807F34F9	9387
8082A12B	10286
80899AA8	2279
808DA978	8919
808FC7FC	4585
80912EB2	276
80944186	10838
80962580	7028
80967CC5	11201
80A3E54E	8375
80A4830B	1836
80AA7665	8638
80B2A3AF	10714
80B5A29C	2370
80B8ADA4	1632
80C1E1EF	4020
80C52577	860
80C8D557	8881
80C956AF	1880
80D71D48	490
80D9E91B	8521
80DCD267	1573
80DD081A	3462
80DE8E1C	10866
80E02510	10833
80F3AB93	8279
80F43271	7040
80F48A44	10034
80FBEEDA	4455
80FC34BB	9143
8103E1F0	1406
81098B08	1971
81117418	6883
81124F0F	11638
811B7BDF	10344
81205DC2	6245
8124464B	33
81260E9B	11401
81286EA1	7302
812AE7C4	2870
812B4BEA	2123
812D1E1B	1008
813BF253	2017
814047D7	504
814E56CF	8334
81511F00	7552
81512D6E	10320
8154F150	5519
81583D3B	7236
81632838	5835
81635361	8693
816EA900	11000
81719844	4855
81770BF2	6250
817CF6B3	11986
817E5745	9102
817FDACC	1433
81800B05	5611
8183D5B5	142
818F2878	4935
8190C20B	6955
819646A6	447
81A14779	3472
81A1ABF6	1065
81B173C4	2712
81B2DE20	9213
81B9E5EA	2683
81BCAC56	4327
81BCFE00	6571
81C38CA7	7885
81CA3C98	11311
81CD8163	8685
81D1C904	9249
81D8EEC4	8254
81D9171D	4216
81E9E6F1	4661
81F05F28	9530
8202A9D9	8635
820A35AC	9277
820EA742	5982
821A45A7	9640
821C0021	10599
82206F2B	4322
82246653	5904
822648BB	12150
822F6142	11562
8236676D	11261
8237A856	6006
8238C653	11786
8239C124	798
8239EA23	8025
823AFA0D	4296
823BDD6B	10091
824142DC	814
82467010	5302
824D0854	4705
8251D0CD	5740
8255E2A1	9226
8258670A	7718
825BCCCD	8175
825FFDCF	466
82641CDE	1776
82696CA3	5716
826FE6F3	7408
8270AA19	7743
8273AEE9	2085
8275380E	10823
82771224	11679
827848AB	10582
827CA588	4949
82817FDA	1429
828D6B05	9280
82A12B30	10290
82A159E2	7487
82A1AA92	10235
82A934B4	6175
82AB318C	9460
82AD77AC	722
82B09875	1336
82B511F1	431
82BB524D	9837
82BEA292	3146
82D165DC	9316
82D578C1	8431
82DAD3BD	5332
82DED0BD	5560
82E3BE65	8204
82F40CAB	3975
82F5FD52	11222
82F87C3F	4125
82F9033D	10068
82FD98E2	6966
82FF6F33	10916
830832BB	11336
830B8F9F	1844
830E7A0B	8193
8312ACEB	10683
831B48AF	7092
83251351	1514
832BBABC	11342
8331D709	10551
83371993	4758
83393873	4155
833DAB79	6922
834235AA	4307
83447C65	170
834BC2CA	9428
834E1786	332
835F58D1	5476
836070E3	7880
8365CB12	10208
836B65D9	545
8371D809	266
838C3993	5845
83900F88	3098
8395D8DD	11758
83A6F16C	11408
83A9D087	5985
83A9F151	3828
83AE3F64	296
83AF4356	4177
83B04C14	3674
83B0E38E	9589
83C8E7DF	7994
83CAE9A9	3191
83CB4362	2895
83D3B478	7242
83D3F81E	4651
83D56DC8	9171
83D5B5FD	146
83D85B87	7622
83E7B37A	12060
83EE20CC	10542
83F3D26E	12116
83F6569C	8794
83FB3CC8	1896
84009445	6079
840515B0	2167
8405B9E0	3661
840FC025	523
84117382	5548
8414A208	5971
8417D783	7610
84296F52	10770
844633BD	4865
8452C027	7122
8455A14F	11898
845AD22B	11861
8460E576	11753
84676283	9159
846A68AE	9062
846F5FDC	1544
847004A3	3219
84725A38	4808
847375C7	11718
84768996	3016
847F031E	3596
84812446	29
84825FFD	462
8482F40C	3971
8485B2C6	11883
848AB208	10588
8496223E	2796
84965276	9737
849707A6	1660
84A51950	9942
84A63A43	4396
84ACC237	10295
84B15061	5793
84BE1258	2789
84C0CC42	8947
84C56786	10382
84E19A1F	78
84E67BC0	5156
84E7E456	4690
84EE31F9	2039
84F30416	1707
84F344CE	6509
84F87DFC	4369
84FF4C45	1210
85003D4F	7456
85053DF4	9368
8509DC78	11571
850E6BD4	8093
850EF7B3	7162
851464AE	7770
85184117	5542
851DE65C	3477
85254897	3848
852F3860	6738
8531F617	3754
8533428E	6767
8535E404	5090
85367380	2267
853EB02B	11907
85419693	4047
8541A7C2	7315
8543CC1D	4715
8548900F	12219
8548CB8A	10625
854A728F	2390
85528A9C	7440
85548B7F	4606
85549B2D	7333
85550D50	681
85557DE8	1051
855A1204	22
855BA4B6	8857
855DDDBC	8818
856514BE	1187
8566E81D	9239
85678A7A	7492
85686E47	6016
856C5585	10
856CCDFE	8706
8571106B	12241
857543BE	991
857C040B	4498
857C1ECC	10795
857E4532	1389
857E47EA	7425
857FD402	10517
85816EA9	10996
859B1752	612
859E237D	6855
85B1872B	1164
85B2C611	11887
85B71B16	8408
85B87D7A	7628
85BCBD74	5448
85C04414	7927
85C08EB4	630
85C4C17D	7806
85C8F381	9518
85CAF2BD	411
85D07FBC	3765
85D90374	2475
85DB5B48	10735
85DD7099	8732
85E1AA9D	339
85E54382	710
85F94E89	5770
85FD41F4	9349
85FDB913	5811
86014425	6748
8606002C	5608
8615F07B	10792
8624B083	3179
8631DF81	11626
863FA354	4546
864D67DD	7197
8661F0C8	7754
866347AC	583
86687D4B	83
8668C624	2962
866BE06F	6562
8670A776	7724
867A76AE	3164
8683B0E3	9585
869169CD	9643
86942C5F	8538
8699402D	11463
86A7E8FF	6437
86AA490C	10240
86AA7727	344
86AE2602	8908
86AFD75D	8447
86AFDA4F	1070
86AFFE0C	11325
86B56AE5	1034
86B790D4	1985
86BA21AD	1025
86BB9F16	11703
86BEC651	10850
86C424F8	6423
86CEAE91	376
86D2F107	2059
86DCF91F	10394
86E018F7	10452
86E17F6E	5806
86E475BD	6022
86EA1506	7308
86EAF853	3744
86EB5FFE	5501
86ECABD9	3628
86F0C921	6066
86F86BA2	1019
86F92060	133
8700087C	10602
87032492	6659
8709B0A2	4483
870B27BD	7862
870B2B0A	1250
8711DDDC	9619
871D1B8C	2740
8722BE2B	11144
87241A55	8988
87253D6A	2211
872B5FF6	1172
8732F783	4165
87373F01	10877
8744E7E0	12137
87495490	6528
875316B7	1346
87584C0C	8941
8762EDEE	231
876F53FE	8360
8770BF8F	5924
8773DD9B	11928
877B1D99	5286
87827CA5	4945
878ACB53	6122
87973C40	8061
879D24F6	7588
879E44ED	6048
87A33854	4037
87A3ABC0	3611
87A9205C	4846
87AE8711	9611
87BC87A3	4029
87BFC088	11247
87C14033	10123
87C32214	7759
87C3D938	1415
87C3F89A	4131
87C49347	3947
87CBB761	10612
87D32114	7113
87D3F514	4196
87D4B8EE	89
87D7AD92	7634
87DFC97D	4375
87F6208D	5997
87FBDAAE	2417
87FD0FBC	12291
88023766	11596
88082A12	10284
880F48A4	10032
8812D1E1	1006
881BCAC5	4325
8820EA74	5980
88236676	11259
88237A85	6004
88255E2A	9224
8825BCCC	8173
882A934B	6173
882F5FD5	11220
88331D70	10549
8835F58D	5474
883CB436	2893
883F6569	8792
88482F40	3969
8851464A	7768
8852F386	6736
8857C040	4496
886B56AE	1032
886EB5FF	5499
888D1E8B	5943
888F8F2D	2803
889AF4A3	11036
88AB628B	4961
88AEFA8E	11100
88C90902	9025
88CDF290	4239
88D1E8BF	5945
88D7D0D8	11068
88DC5179	8036
88DE5E4F	3110
88DF7BDD	6862
88E1C2C9	7857
88E50B5F	1745
88EC0989	5123
88F72452	2997
88F8F2DF	2805
88FF7F29	7256
8900FC5C	12225
890985C0	7919
891008E2	1279
8910AEB6	4092
89116930	8142
891743D6	3421
891994DB	5907
891C54E1	11690
891D0003	9544
892A2B12	3349
892C20F2	3182
89377637	2973
894F07AB	1476
89541ECA	9816
8955A17E	5761
895758A7	6979
89603D0C	7035
8963D6E5	5699
89688082	10278
8968E4DC	12190
896FF0C1	6678
89760A86	10228
8978B99D	3858
897BD4A6	909
897FA422	5229
89808DA9	8915
8981286E	7298
898DA4EF	7008
89922ECB	12153
89923673	7145
89937998	3730
899457D9	3283
899463B5	9969
8996013E	3024
899AA8F5	2283
899D5E9B	9891
89A32478	4141
89AA60CD	4749
89AC966C	11385
89AEA612	5782
89AF4A37	11038
89B442AD	2908
89B77846	11743
89B82BB5	9831
89BA0D38	325
89BDD34E	7508
89BF11DE	5135
89C5DC25	6394
89D02A7B	11501
89EE9660	1763
89F29C96	9570
89F62812	6235
89FD6A97	1292
8A048177	6242
8A05447C	7549
8A0553C5	5516
8A05F95D	9099
8A0DAD97	542
8A0F55B7	9168
8A129465	9939
8A263693	7005
8A2817E5	9096
8A2CCBB0	4970
8A2F78EB	1119
8A44427E	10042
8A4A619E	3155
8A4CF414	9915
8A542143	8084
8A5EBCD2	5657
8A61FF43	12286
8A64752F	8469
8A69299E	2139
8A6D32BF	10637
8A72C615	2379
8A7723BF	1496
8A77D304	6989
8A797FA2	12091
8A7A89BD	7500
8A8566E8	9235
8A896FF0	6674
8A8B2983	12104
8A9B382A	9450
8A9C8500	7448
8AB20870	10592
8AB628B3	4963
8AC06D24	10165
8AC4B5EF	3356
8ACB5359	6126
8AD0E2CF	6203
8AD1B5BB	6320
8AD85B18	1158
8AD8E00E	11155
8ADA457F	1638
8ADD9345	8662
8AE3769E	9072
8AE9D36B	10749
8AEB977F	3784
8AEE47F9	5242
8AEFA8E5	11102
8AF8AC06	10159
8AF8AD8E	11149
8AFBBE1F	7102
8AFCBA12	11872
8B055C34	7953
8B062550	9809
8B086B79	1979
8B0CBB44	6695
8B0F8758	8933
8B110891	8132
8B1CD227	6383
8B2983F3	12108
8B326882	6163
8B32EC27	4973
8B3310AE	6897
8B33BD60	4283
8B3C103D	6212
8B453F03	2344
8B49C98D	11525
8B4B2A75	782
8B5F7B56	3707
8B62DD93	7070
8B680C8D	8875
8B7037FD	2768
8B764C9C	7075
8B76F3D5	10943
8B7F7794	4614
8B84BE12	2785
8B9130C7	3884
8B945450	7834
8B99D05F	3864
8B9DD620	11585
8B9F180D	1563
8BA58852	6728
8BA98F61	2254
8BB2DE4F	12160
8BB7BA8F	236
8BC7233E	3397
8BCF9485	12318
8BD1DB3F	1677
8BD8509D	11565
8BDE3ACF	1122
8BE7A0F2	7985
8BECA26E	316
8BF278D5	4072
8BF492D6	5955
8BF55CD7	6798
8BFABC33	5399
8BFC277B	11807
8C0C3BF4	9185
8C12AA76	3813
8C186AFD	8441
8C1AE947	657
8C377EE6	6339
8C399316	5849
8C3BA5CF	3998
8C412732	1821
8C41E2F9	7976
8C42689A	4739
8C438BA9	2246
8C4B556C	6831
8C4B9D09	2322
8C4D4E1F	10112
8C5BE823	11776
8C624DDD	2968
8C63B4BF	8230
8C65347A	11792
8C768C4B	6823
8C77E044	11629
8C7D0FF8	9011
8C7E5FA1	2046
8C8D5C41	7698
8C909029	9027
8C91E0CE	4146
8C9625A3	12183
8CA03255	1875
8CA0D972	10203
8CA0E30E	5840
8CA0E403	3093
8CA779F6	7893
8CB1FB4E	5022
8CB3A328	1866
8CB8A6D3	10631
8CD26591	2752
8CD93178	11082
8CDE063C	4928
8CDF2902	4241
8CE15065	4042
8CE3D8E2	3694
8CE76DDA	9472
8CED2FB0	6095
8CEF6F1D	4872
8CF9293E	3406
8D16DCE2	5486
8D1C7A5B	6271
8D1E8BF4	5947
8D1EB27D	588
8D23FB52	5380
8D2BB990	3255
8D30A441	924
8D346598	10189
8D3ACE76	216
8D40608B	11553
8D4D856C	8698
8D51D5ED	4555
8D545891	4082
8D557F59	8887
8D5C41B4	7702
8D5D9AC7	1142
8D64DE17	9338
8D6A8220	4314
8D6B0597	9284
8D6C84FF	1202
8D792198	574
8D7D0D8C	11070
8D7DC808	4575
8D82D578	8427
8D891008	1275
8D8B49C9	11521
8D8C12AA	3809
8D913D5B	839
8D94C0F6	11537
8D99DB4E	11264
8D9CF850	7152
8DA03742	3457
8DA4EF94	7012
8DA978B0	8923
8DBB5393	4434
8DC51797	8038
8DCC5B62	2984
8DCF14EB	8390
8DD22394	1738
8DD9A96D	11603
8DDA7924	9077
8DDB8C5B	11768
8DDBB0F4	4822
8DE14610	5537
8DE5E4F6	3112
8DEA15A1	6009
8DEBF19C	5044
8DEE6363	3800
8DEFF498	10306
8DF34B3D	2596
8DF75296	11049
8DF7BDDE	6864
8DFD08F8	10368
8DFFD1EF	9860
8E00E538	11161
8E031495	857
8E0AC261	1333
8E103F00	520
8E116B48	11858
8E172BCA	408
8E1C2C9E	7859
8E1CDCFC	10874
8E255D62	6976
8E27F5AA	1289
8E29E5FE	12088
8E2A6CE0	9447
8E2D7DED	3704
8E31049C	1818
8E3194D1	11789
8E376EC3	4819
8E399F21	9598
8E486CEA	370
8E4DC677	12196
8E50B5FF	1747
8E530C69	11112
8E533C96	1910
8E5A59E4	6779
8E60259F	11196
8E67C87A	9601
8E704920	801
8E7A88DC	8028
8E7DF4F1	8000
8E80B8AD	1628
8E864D67	7193
8E88AEFA	11096
8E90E914	4403
8E9269CC	10012
8E9E105F	7603
8EA15D50	986
8EA4BE26	11374
8EAF0086	3616
8EB3C2A3	1129
8EB48FE9	638
8EB577E1	4533
8EBE7585	10723
8EBE8342	4299
8EC0989B	5125
8EC59209	5729
8ECA11FC	3589
8ED2FCBE	8235
8ED45075	9978
8EE7943E	99
8EEC47FD	8260
8EF75AF4	10094
8EF994F1	8209
8EFFE0C9	1505
8F050DA8	3079
8F0B4515	2639
8F0C7F2A	2402
8F1B6AC6	9764
8F24F9EF	6145
8F261ABF	11318
8F287827	4939
8F2DFA57	2811
8F3565C2	248
8F381F05	9524
8F3C246E	11175
8F3DBE52	5203
8F491B11	3232
8F50D992	2293
8F52D911	1936
8F5B9582	5704
8F604AD2	2118
8F614D9C	2262
8F63680D	3452
8F638B5F	3699
8F6E2B43	6196
8F6E4F1C	4344
8F711DFE	7383
8F71C7ED	6599
8F72452C	2999
8F72CD55	10462
8F767B20	7474
8F7CA63C	5192
8F7CFB30	9698
8F8312AC	10679
8F84C567	10378
8F8BF278	4068
8F8F2DFA	2807
8F9538DC	8380
8F9FCFDB	8600
8F9FD9D8	1852
8FA407E7	10493
8FA62234	5936
8FB63921	363
8FC7FC31	4589
8FD45CE6	11284
8FD90AE2	303
8FE8D51D	4549
8FE97A30	646
8FED4B28	5385
8FF76B4E	6447
8FF7F296	7258
8FFCBB0D	2939
900C347C	11010
900F88DE	3102
900FC5C8	12227
9011F111	11841
9011F512	5099
901F9F6F	10498
9029A94F	9035
902C9424	4251
9033DDF6	10074
90374149	2481
9041B0FF	9259
9050B730	817
905B9277	3267
905FDF5A	4516
90695511	8993
906C72DF	8563
907379FB	1781
907F3D37	1101
908AEE47	5238
909029A9	9031
90935AD1	6354
90985C04	7921
909D510D	11660
90AE2FB2	309
90AEFAC1	6540
90B3F947	9401
90C20BF6	6959
90C53FCC	7359
90C593F7	10250
90D4B26D	1993
90E91426	4407
90F12D7D	5356
90FCEA7D	3050
91008E27	1281
91033F1D	2511
9103FA05	8323
91065C2E	933
910AEB69	4094
91109FAE	10045
91124F42	1946
91169302	8144
91192E5A	38
912A833D	6914
912D699F	3513
912EB26C	280
9130C725	3888
913B5E1B	6055
913D5B98	843
913FA918	5821
914264F9	4413
914B2847	3006
914CA810	1396
915824D0	4699
91590FCE	3044
915EF2B8	5272
915FDBD6	1645
9169CDDE	9647
9171D7B9	4222
91743D65	3423
91770FD0	7786
917A3D81	2111
917D1011	11432
917F1A6F	12016
91816328	5831
9183E7B3	12056
9187C493	3943
91899379	3726
918B7037	2764
91994DB2	5909
919C0427	5305
91A98482	454
91B112BC	3238
91B21A50	8531
91B9C58E	11184
91BA5634	10178
91C3E089	5895
91C54E1A	11692
91CE5D00	5630
91D0003B	9546
91D4BC70	8474
91D6F49C	6027
91E0CE4E	4150
91EF44B9	388
91F65A38	1322
91FA8552	7432
91FDF449	10404
91FE7D3C	5249
9205C661	4852
92060F56	139
9209050B	811
92094743	5737
920BE1F0	4122
920BFDBC	10913
920C2E3E	1841
92100251	6076
92198D1E	580
921B3ABA	373
922A25BF	6671
922E5151	7831
922ECB79	12157
923673E1	7149
924314FF	7356
9243164F	10247
9248A896	6668
924BA28A	9087
925E5402	1722
92645643	3039
9269CC7B	10016
92778994	3275
92840515	2163
928A7723	1492
928B1108	8128
928E2A6C	9443
9293E245	3412
929867A7	3158
9299E64B	2145
929F5E8A	7537
92A2B12D	3351
92BA45DC	7779
92C0D787	7576
92C20F2B	3184
92C8BF55	6792
92CE52A6	2305
92D68414	5963
92D9A2DA	8866
92E5A759	44
92E8A281	9090
92EA4A10	2156
92F26AB2	2569
92F43B14	3566
92F89AC9	11379
92F8BA58	6722
92FDB14B	7646
93025304	8152
930BD50D	7672
9310448F	9752
931609CE	2078
93165C95	5857
93178E88	11088
931DC661	1376
9322D8B7	7065
93270831	7082
93279DEF	3642
93306A5C	6624
93341310	2843
933D052E	9918
93400C8D	9848
9342150F	4708
9345E6FA	8670
9347FE58	3955
9349CFF8	3205
934B4C0A	6181
934F0360	8622
93534C76	4770
9357D0DA	7273
9359F773	7200
935AB11B	6643
935AD1F5	6358
935CA5CB	8291
936CF5EE	2527
93719DEC	12199
93776373	2975
93785FD4	9343
9379986E	3734
937DE03E	4446
9382817F	1425
938732F7	4161
93A25A20	10273
93B1E3E2	4059
93B39CAF	948
93BA4F0B	5672
93BE5202	7017
93C001BB	3494
93C2CE6A	5679
93C3E9D6	11645
93C7269B	4351
93CA6740	1081
93D0BC27	1953
93D8E9E1	7597
93D95E76	3121
93D983EE	10534
93E1A9FA	6432
93E245D0	3416
93E5ED8D	4422
93E7BFA2	6150
93F1B53E	4264
93F70076	10258
93F71CCC	4899
93FF485D	2465
93FF4D8C	12171
9402DF4F	11469
9424FC6D	4259
942C5FF4	8542
942D7FE2	1750
943E1AB8	8901
943EEF47	107
944186BE	10842
94458CED	6087
944C333E	4626
944D4414	1519
9452F8D6	1192
94545055	7838
9457D9F6	3287
946037A3	10861
94615543	676
9463B514	9973
946541DF	9947
946763D8	3443
94709FA6	9411
94714EA7	1460
94743340	5743
9478E172	402
947BE518	667
94809625	7024
9484F344	6505
9485557D	1047
94856C55	6
948C3BA5	3994
94985334	6761
949D9310	9744
94A80291	5883
94A9A8C4	2312
94B28FA4	10485
94B2C23D	9687
94BDBB7E	5214
94C0F68D	11541
94C11F78	8159
94C31A71	11115
94CBA74D	3306
94CF25BC	1913
94D1E8BF	11797
94DA6E13	2028
94DB21DC	5915
94E3CF09	11170
94E3F517	11279
94E89AEA	5776
94EC57C9	4108
94F07AB9	1478
94F1F023	8217
94F5257F	9045
94F5ABAA	2216
9500A374	1729
95077E6F	9952
950850E6	8087
950E0AB5	715
95225E2E	3853
95314F25	9674
9538DCF1	8384
9541ECA2	9818
9541FF65	3329
9547DE99	5869
95481B9E	2677
95490AEF	6534
954E2648	7138
95511C8C	8999
9555C605	11975
955A17E5	5763
956AF83F	1886
95758A77	6981
9578A856	9229
9582696C	5712
958D23FB	5376
958D3465	10185
958D3ACE	212
958D82D5	8423
959A06CB	9206
95A706C3	8801
95A8A0DA	536
95B3F9CA	8341
95BD7A3D	6588
95CD1C80	5063
95D157F3	9109
95D8DDB8	11762
95DC9F73	869
95E76BF7	3127
95F37BEC	2822
95F4EEF2	2495
95F94714	1454
95F972F1	743
95FE846A	9054
96013E49	3028
9603D0C9	7037
9617023A	627
9619C29D	7721
961A0EC3	9582
961B1093	6420
962120BD	3966
96214BCE	6733
96223E3C	2800
9622AD8A	4958
962337CA	4236
962580F4	7032
9625A393	12187
963D6E56	5701
96460F9E	12053
96462DC0	2761
9646A612	451
964D5F43	7270
9652764C	9741
9656348F	5373
96609907	1771
96632836	10198
9666BDC8	5594
966750D3	10976
9667C3C3	6462
966C8126	11393
96792C8B	6786
967CC5A6	11205
9688082A	10280
968E0AC2	1329
968E376E	4815
968E4DC6	12192
9693B1E3	4055
96958D3A	208
9696792C	6782
969D6774	49
96A43C4B	5351
96C0CA04	2859
96CA3B16	5722
96CC0F90	11829
96CE235F	11061
96D312E1	11613
96DA5E8E	11362
96E72CF6	8973
96ECE62B	8651
96F056F8	1922
96F33356	8178
96F50344	6282
96F527AE	10776
96F620F2	2886
96FF0C1A	6680
970347AF	10418
970525ED	8746
9707A662	1664
970AE0DC	257
970B93B3	940
97134B0E	11951
97184F30	1701
97193C00	3488
971C935A	6635
972551F7	5864
972ADC04	9296
972C4B7E	10213
972CD153	1304
972E7ECC	8300
972F1AB6	749
973608E7	8018
973C4047	8065
973D5720	4007
9740373C	5637
974CAB5C	12259
9752D732	2621
97534FA5	6407
9760A86A	10230
9765213C	6500
9767F104	554
97693306	6618
97714DA3	9325
977E519D	3436
977F8DEE	3792
978B0F87	8929
978B99D0	3860
9793D95E	3117
979500A3	1725
97A306BA	652
97A3A92F	11369
97A99DBA	2692
97ABFAEF	183
97AF3493	5660
97B2AD99	10565
97B5801C	8755
97B636ED	4427
97BD4A63	911
97C082F9	10060
97C4761E	8050
97D224A8	3342
97D7AE12	4385
97DB19FB	6936
97DC447E	3901
97E3A857	981
97E86D2F	2053
97F8FFCB	2933
97FA2A2C	12097
97FA422B	5231
97FF73E6	469
9808DA97	8917
980967CC	11199
981286EA	7300
981512D6	10318
981D8EEC	8252
9823BDD6	10089
98246701	5300
982641CD	1774
98337199	4756
983A6F16	11406
983EE20C	10540
983F3D26	12114
9844633B	4863
984825FF	460
984B1506	5791
98533428	6765
9857E453	1387
985C0441	7925
9867A76A	3162
986AFFE0	11323
986EAF85	3742
9875316B	1344
987C3221	7757
987FD0FB	12289
9882F5FD	11218
9888D1E8	5941
989BF11D	5133
98ADD934	8660
98B086B7	1977
98BD1DB3	1675
98C8D5C4	7696
98CA0D97	10201
98CE3D8E	3692
98D1EB27	586
98D30A44	922
98D8C12A	3807
98D94C0F	11535
98DA4EF9	7010
98E03149	855
98E255D6	6974
98E90E91	4401
98F3DBE5	5201
98F614D9	2260
98F767B2	7472
98F9FCFD	8598
9905B927	3265
9906C72D	8561
9907379F	1779
990935AD	6352
991590FC	3042
991D4BC7	8472
9922ECB7	12155
9923673E	7147
992CE52A	2303
992EA4A1	2154
993165C9	5855
99334131	2841
993534C7	4768
99379986	3732
993E5ED8	4420
99402DF4	11467
99457D9F	3285
99463B51	9971
994A8029	5881
994DB21D	5913
994F1F02	8215
995314F2	9672
996013E4	3026
996462DC	2759
99666BDC	5592
996958D3	206
996ECE62	8649
9970525E	8744
997193C0	3486
99769330	6616
9981D8EE	8250
99824670	5298
9986EAF8	3740
998BD1DB	1673
99AA8F50	2285
99AF7218	5597
99C10A6C	765
99D00CA4	1088
99D05F9A	3868
99D434FB	10979
99D5E9B7	9893
99DB4E53	11268
99DBABB8	2698
99DECFEB	8491
99E09E12	10577
99E31078	7971
99E64BA9	2149
99EBFBB0	1584
99EF010C	5161
99F0F0E7	6465
99F21EBA	9604
99F27F63	12075
99F28B76	10935
99F680D7	482
99FC3500	3523
9A06CB78	9210
9A1D2552	6525
9A1F52E3	86
9A20AA4D	6170
9A226BD2	11033
9A23B026	5120
9A26757A	9888
9A26A983	4746
9A2B8DDA	9069
9A2DA032	8872
9A318937	2965
9A324783	4143
9A45E8F6	2108
9A4A6799	2142
9A5B28EC	5719
9A5B697A	11359
9A6C213E	4360
9A731EE2	10019
9A8B9130	3880
9A8C4B9D	2318
9A9349CF	3201
9A94F525	9041
9A96D312	11609
9AA52CA3	10480
9AA60CDC	4751
9AA8F50D	2287
9AACAF37	2576
9AACE258	5690
9AC515B8	11297
9AC78AD8	1150
9AC966C8	11387
9AEA612C	5784
9AF4A37D	11040
9AF51504	8100
9AF72181	5599
9AF81BCF	6565
9B084F87	4363
9B0A215F	4489
9B0FFF63	5009
9B175258	616
9B204983	11396
9B20EB8F	291
9B21EFF0	11242
9B2D7C72	7341
9B382AB3	9454
9B38B4B2	776
9B408F71	7375
9B418B45	2336
9B442ADE	2910
9B4677E0	2004
9B4CAFF5	10640
9B6B6691	2099
9B778460	11745
9B7BB58A	9903
9B82BB52	9833
9B834BC2	9424
9B84EE31	2035
9B8DF34B	2592
9B9D0874	12127
9BA07472	9244
9BA0D385	327
9BBDB65C	11940
9BC5B2CA	11413
9BC7379B	4670
9BCE84E7	4682
9BCE857E	7417
9BDA02D6	2363
9BDD34E9	7510
9BE3C93E	6140
9BE81CD8	8679
9BE89946	9963
9BEF5F15	12027
9BF11DED	5137
9BF9BCE8	7411
9C04274E	5309
9C10A6CE	767
9C124824	804
9C16654C	9665
9C1B0F85	8806
9C20C6D2	7087
9C29DDB6	7727
9C2A8661	7746
9C44B7F9	7051
9C58E602	11190
9C59DC2B	2186
9C5DC25D	6396
9C6F21E7	6039
9C7043DA	11126
9C85003D	7452
9C961A0E	9578
9C98D94C	11531
9CA3C31F	2397
9CABA1DB	8351
9CAF6C54	956
9CB1854A	2382
9CB25734	5056
9CB3D872	8978
9CC08496	9729
9CC7B880	10022
9CC80A48	1830
9CC8FB63	357
9CDDEF9C	9653
9CE02266	2274
9CEBBA6D	2088
9CF7745E	4986
9CF850EF	7156
9CFF8470	3211
9D00CA41	1090
9D02A7B0	11503
9D05F9A8	3870
9D08744E	12131
9D087F62	5991
9D09B418	2330
9D24F63A	7592
9D2EFFED	5426
9D36BFC6	10755
9D36CBB9	3315
9D3BC358	5318
9D3E97F8	2925
9D434FB6	10981
9D475324	7524
9D4E0380	10826
9D510D0E	11664
9D592F8B	6716
9D5CD68E	1616
9D5E9B7B	9895
9D608E70	793
9D6176D6	10730
9D642754	11655
9D6774DF	53
9D69FACA	8771
9D76FD58	10438
9D83A9F1	3824
9D8762ED	227
9D87D3F5	4192
9D8A0F55	9164
9D8CB3A3	1862
9D8F6368	3448
9D931044	9748
9D996ECE	8645
9DA04262	1966
9DA96CC0	11823
9DAB8624	3171
9DAFDD68	3132
9DB4E538	11270
9DB76AAE	9477
9DBABB81	2700
9DC2B30D	2192
9DC4891C	11682
9DC78B9D	11577
9DC8EFFE	1499
9DC9CC8F	351
9DD0B42A	9786
9DD37FCB	58
9DD62008	11589
9DDB6827	7733
9DDB9B0F	5001
9DE26515	3278
9DE7DBC7	7898
9DEC4D85	12207
9DECFEBB	8493
9DEE76A5	11816
9DEFBE10	3650
9DF15CFF	6478
9DF1B448	10145
9DF4C122	6992
9DF813BF	2011
9E09E122	10579
9E0EC130	3671
9E105F5E	7607
9E122AC8	10585
9E1B73E4	10391
9E237DEF	6859
9E253C1E	1473
9E29EA26	7497
9E31078B	7973
9E355162	4079
9E3C2D14	2636
9E44ED78	6052
9E492E8A	9084
9E4B22FD	6789
9E50FBBD	104
9E553899	7135
9E5EA676	2689
9E5FE8A8	12094
9E641B1C	8558
9E64BA92	2151
9E6F1CDE	4667
9E77BEF8	3647
9E82E3BE	8200
9E83C8E7	7990
9E91B21A	8527
9E9DAB86	3167
9EA23714	8031
9EA26F74	7503
9EB37F53	3924
9EBA1857	10785
9EBFBB0B	1586
9EC0A362	11512
9EC82A15	7481
9ECDE99F	12065
9EDCAB55	2443
9EE96609	1765
9EEAD321	1237
9EF010CD	5163
9EF520D8	7871
9EFE8B32	6155
9F0B6155	7324
9F0CA1E2	6113
9F0F0E77	6467
9F125BD8	2879
9F151DE8	3834
9F1611CD	11711
9F180DCD	1567
9F21EBA1	9606
9F27F638	12077
9F28B76F	10937
9F29622A	4952
9F29C961	9572
9F316988	11208
9F4F1B42	5256
9F562C73	6376
9F56C3D0	3061
9F5E8A05	7541
9F628120	6237
9F67E532	3297
9F680D71	484
9F6F1D0E	7903
9F6FBA15	10506
9F73FDC4	877
9F7436A1	599
9F773AFC	7206
9F7D3C7A	8003
9F822648	12146
9F915824	4695
9F94CBA7	3302
9FA3FDDA	6442
9FA6C87B	11237
9FA6E0D2	9419
9FACAC6E	8777
9FAE5F02	10053
9FB335C5	8307
9FB47898	7288
9FBBA014	1791
9FBEA064	6946
9FC35001	3525
9FC4101A	559
9FC5E38C	1809
9FCFDB14	8604
9FD6A972	1294
9FD8E29E	12082
9FD9D8CB	1856
9FFD083D	4641
A00A470F	5888
A0120367	8514
A014E9FC	1799
A02D68A7	2369
A02E2B69	1631
A0323555	8880
A03255AB	1879
A035C752	489
A0374206	3461
A040F87C	1405
A04262C2	1970
A0445D06	6882
A0481770	6244
A04AB9F1	2869
A05395B3	8333
A05447C0	7551
A0553C54	5518
A05F95D1	9101
A05FF6B3	1432
A0643082	6954
A0686AFD	1064
A06CB788	9212
A0736058	8684
A0747241	9248
A0828D6B	9276
A0881BCA	4321
A08E3194	11785
A09C2A86	7742
A0AD447C	430
A0AFA8A4	3145
A0B45977	9315
A0B8EF99	8203
A0CF6ADE	6921
A0D08D6A	4306
A0D11F19	169
A0D385E1	331
A0D972C4	10207
A0DAD976	544
A0E30E64	5844
A0E403E2	3097
A0EC38E3	9588
A0F239F7	7993
A0F55B72	9170
A101456C	2166
A1052882	5970
A11A9A2B	9061
A11C968E	4807
A11DA265	3015
A11FC0C7	3595
A1204911	28
A1216CB1	11882
A1294654	9941
A12B308D	10294
A139F915	4689
A1414F7D	9367
A1477997	3476
A1495225	3847
A14FAC0A	11906
A15069F0	7314
A154A2A7	7439
A159BA07	9238
A159E29E	7491
A15A1B91	6015
A15D50EF	990
A15F91FA	7424
A15FF500	10516
A166C5D4	611
A16788DF	6854
A171305F	7805
A1723CE0	9517
A17E53A2	5769
A1857C1E	10791
A19359F7	7196
A1987C32	7753
A19A3189	2961
A1A6500B	11462
A1AA9243	10239
A1ABF693	1069
A1B4BC41	2058
A1B91D6F	6021
A1BA8541	7307
A1BE4818	132
A1C26C28	4482
A1C47777	9618
A1D25524	6527
A1DBD4FF	8359
A1DCF766	11927
A1E09F29	4944
A1E2B2D4	6121
A1F52E3B	88
A1FEF6AB	2416
A2020A84	10283
A2083A9D	5979
A20AA4D2	6172
A215F010	4495
A21AD5AB	1031
A226BD28	11035
A22BBEA3	11099
A237145E	8035
A23870B2	7856
A23B0262	5122
A2426170	7918
A2474000	9543
A255685F	5760
A25A2020	10277
A25BFC30	6677
A25EF529	908
A263693B	7007
A26518ED	9968
A265804F	3023
A26757A6	9890
A26A9833	4748
A26BA984	5781
A26E0AED	9830
A26E834E	324
A26F74D3	7507
A281511F	7548
A2817E57	9098
A2836B65	541
A284A519	9938
A28A05F9	9095
A2929867	3154
A29A4A67	2138
A29CB185	2378
A29DC8EF	1495
A2A2CA60	12103
A2A72140	7447
A2B12D7B	3355
A2B8DDA7	9071
A2BAE5DF	3783
A2C1570D	7952
A2C32ED1	6694
A2C44224	8131
A2CA60FC	12107
A2CC9A20	6162
A2CCBB09	4972
A2DA0323	8874
A2DDBCF5	10942
A2E44C31	3883
A2F3E521	12317
A2F78EB3	1121
A2FD24B5	5954
A2FEAF0C	5398
A2FF09DE	11806
A306BA51	656
A312D55B	6830
A312E742	2321
A3189377	2967
A31DA312	6822
A3247833	4145
A3280C95	1874
A3283900	3092
A3385419	4041
A3501822	11552
A354757B	4554
A35766B1	1141
A3593785	9337
A35AC165	9283
A35E4866	573
A362D272	11520
A37488E5	1737
A37AFC67	5043
A37DD4A5	11048
A382B098	1332
A387373F	10873
A38A9B38	9446
A38DDBB0	4818
A393719D	12195
A394C31A	11111
A3969679	6778
A3A02E2B	1627
A3A49A73	10011
A3A92F89	11373
A3ABC021	3615
A3AF9D61	10722
A3B16482	5728
A3C31FCA	2401
A3C986AF	11317
A3CD5970	247
A3D246C4	3231
A3D43664	2292
A3D812B4	2117
A3DB8AD0	6195
A3DB93C7	4343
A3DC71FB	6598
A3DF298F	5191
A3E54E37	8379
A3E901F9	10492
A3FDDAD3	6446
A4030D1F	11009
A407E7DB	10497
A40B2509	4250
A41FCF4D	1100
A422BB91	5237
A43A4509	4406
A43C4B5F	5355
A440CFC7	2510
A441970B	932
A44427EB	10044
A44AA0CF	6913
A450993E	4412
A457BCAE	5271
A457F6F5	1644
A45A7377	9646
A45DC3F4	7785
A45E8F60	2110
A46058CA	5830
A46C8694	8530
A470F822	5894
A47BD12E	387
A47D968E	1321
A4817198	4851
A482FF6F	10912
A4830B8F	1840
A490C593	10246
A49A731E	10015
A4A10145	2162
A4A2C442	8127
A4A38A9B	9442
A4A619E9	3157
A4A67992	2144
A4B668B6	8865
A4BD0EC5	3565
A4BE26B2	11378
A4C094C1	8151
A4CC1A97	6623
A4CF414B	9917
A4D273FE	3204
A4D2D302	6180
A4EC78F8	4058
A4EF9480	7016
A4F0B39A	5678
A4F299D0	1080
A4F660FB	10533
A4F89174	3415
A4FDC733	4898
A50B17FD	8541
A5195077	9946
A51EF946	666
A5230EE9	3993
A52CA3E9	10484
A53B15F2	4107
A53D495F	9044
A5421439	8086
A5544723	8998
A5557181	11974
A5634D19	10184
A5634EB3	211
A57CDEFB	2821
A57E51C5	1453
A586C424	6419
A58852F3	6732
A588AB62	4957
A59357D0	7269
A5982641	1770
A59E4B22	6785
A5A90F12	5350
A5B28EC5	5721
A5B303E4	11828
A5B388D7	11060
A5B4C4B8	11612
A5B697A3	11361
A5BD40D1	6281
A5BD49EB	10775
A5C613CC	1700
A5C724D6	6634
A5CB3454	1303
A5CB9FB3	8299
A5CD8239	8017
A5CF55C8	4006
A5E2C3E1	8928
A5E8C1AE	651
A5E8EA4B	11368
A5EBCD24	5659
A5FE3FF2	2932
A60CDC66	4755
A60FCF49	12113
A612097F	459
A612C541	5790
A619E9DA	3161
A61FF43E	12288
A620BD7F	11217
A622347A	5940
A6323571	7695
A634C291	921
A63A43A4	4400
A63CF6F9	5200
A63D8536	2259
A64752F1	8471
A6500B7D	11466
A652A00A	5880
A662F476	1672
A670429B	764
A6740329	1087
A676EAEE	2697
A678C41E	7970
A67992EA	2148
A67C9FD8	12074
A67F0D40	3522
A6874954	6524
A6889AF4	11032
A68AE376	9068
A69299E6	2141
A6A312E7	2317
A6A4D273	3200
A6A53D49	9040
A6A94B28	10479
A6C213E1	4362
A6C87BFC	11241
A6CE0AAC	9453
A6CE2D2C	775
A6D32BFD	10639
A6DAD9A4	2098
A6DEED62	9902
A6E0D2F0	9423
A6E13B8C	2034
A6F16CB2	11412
A6F680B5	2362
A6FBD7C5	12026
A706C3E1	8805
A71C10F6	11125
A721400F	7451
A7258683	9577
A728F0C7	2396
A72C6152	2381
A731EE20	10021
A7377BE7	9652
A7421FD8	5990
A74DAFF1	10754
A74DB2EE	3314
A751D4C9	7523
A7564BE2	6715
A758239C	792
A75909D5	11654
A759DD37	52
A75DBF56	10437
A760EA7C	3823
A7665BB3	8644
A76AE189	3170
A7723BFF	1498
A7727323	350
A776DA09	7732
A779F6F1	7897
A77C6D12	10144
A77D3048	6991
A78417D7	7606
A7894F07	1472
A7924BA2	9083
A797FA2A	12093
A79BC737	4666
A7A89BDD	7502
A7ACDFD4	3923
A7B028D8	11511
A7C2D855	7323
A7C32878	6112
A7C5477A	3833
A7D5B0F4	3060
A7D7A281	7540
A7E8FF76	6441
A7EB2B1B	8776
A7ED1E26	7287
A7F178E3	1808
A80291C3	5887
A8103E1F	1404
A8111741	6881
A8190C20	6953
A82206F2	4320
A833DAB7	6920
A84ACC23	10293
A85053DF	9366
A8541A7C	7313
A85528A9	7438
A8566E81	9237
A85678A7	7490
A85686E4	6014
A857543B	989
A859B175	610
A859E237	6853
A8661F0C	7752
A86AA490	10238
A8773DD9	11926
A87FBDAA	2415
A88DC517	8034
A896FF0C	6676
A89BDD34	7506
A8A0DAD9	540
A8A4A619	3153
A8A69299	2137
A8AC4B5E	3354
A8B2983F	12106
A8B9130C	3882
A8C4B9D0	2320
A8C768C4	6821
A8CA0E40	3091
A8D5D9AC	1140
A8E530C6	11110
A8EBE758	10721
A8F3565C	246
A8F50D99	2291
A8F6E4F1	4342
A8F7CA63	5190
A900C347	11008
A90F12D7	5354
A912A833	6912
A9181632	5829
A9205C66	4850
A9243164	10245
A9284051	2161
A92F89AC	11377
A9349CFF	3203
A934B4C0	6179
A93D983E	10532
A93F71CC	4897
A94B28FA	10483
A94F5257	9043
A9555C60	11973
A96A43C4	5349
A96CC0F9	11827
A96D312E	11611
A971C935	6633
A972CD15	1302
A978B0F8	8927
A9833719	4754
A984825F	458
A984B150	5789
A98F614D	2258
A99DBABB	2696
A9A2B8DD	9067
A9A8C4B9	2316
A9AA52CA	10478
A9B382AB	9452
A9C85003	7450
A9D087F6	5989
A9D608E7	791
A9D83A9F	3822
A9D996EC	8643
A9DC9CC8	349
A9E253C1	1471
A9EB37F5	3922
A9EC0A36	11510
A9F0CA1E	6111
A9F151DE	3832
A9F56C3D	3059
A9FA3FDD	6440
AA0445D0	6880
AA0881BC	4319
AA0CF6AD	6919
AA16788D	6852
AA1987C3	7751
AA29A4A6	2136
AA3D4366	2290
AA3DF298	5189
AA4030D1	11007
AA490C59	10244
AA4D2D30	6178
AA52CA3E	10482
AA5CB345	1301
AA60CDC6	4753
AA760EA7	3821
AA7665BB	8642
AA772732	348
AA811174	6879
AA859E23	6851
AA8F50D9	2289
AA924316	10243
AA9D83A9	3820
AA9DC9CC	347
AAB63B28	3582
AABAB411	9486
AABF3160	9130
AAC51B32	2660
AACAF379	2578
AACC6339	9463
AACCC826	7398
AACE258F	5692
AACEDBC6	10664
AAD8ECA1	3583
AADFAB28	4469
AAEAD044	9487
AAEFEC2F	2427
AAFCC580	9131
AAFDD2F4	2228
AB11B870	6649
AB146CCB	2661
AB1B1067	9773
AB208700	10594
AB28709B	4477
AB2BCDE6	2579
AB318CE7	9464
AB33209B	7399
AB38963D	5693
AB3AE001	10690
AB3B6F18	10665
AB41132E	9492
AB49A23B	5114
AB4C870B	1242
AB554559	2451
AB5CC4DA	12267
AB5DEB2B	725
AB628B32	4965
AB63B284	3584
AB645F44	11427
AB667827	10572
AB699C10	759
AB70101A	9301
AB71765B	8962
AB77549A	9876
AB797DB1	6930
AB79D3E9	2919
AB7EACA1	4470
AB8624B0	3175
AB8722BE	11140
AB89808D	8911
AB928A77	1488
AB935CA5	8287
AB948555	1043
AB9F125B	2875
ABA1DBD4	8355
ABA47BD1	383
ABAAFDD2	2224
ABAB4113	9488
ABAF9966	5584
ABB81B17	2706
ABBFB0BE	2428
ABC021BB	3619
ABC2696D	11352
ABC33ACD	5405
ABD93279	3636
ABDA5230	3987
ABDEB8B0	9799
ABE0FECF	1891
ABE14C7D	3749
ABF31603	9132
ABF5D76B	8450
ABF693CA	1073
ABF74BD1	2229
ABFAEF04	187
ABFF8308	11328
AC06D246	10167
AC0ADDA8	11914
AC165CAB	9289
AC1BD386	6550
AC261D4C	1339
AC2B6BF4	1259
AC46E1C0	6650
AC4780B2	10706
AC4B5EFF	3358
AC515B81	11299
AC51B32E	2662
AC56A3DB	4335
AC6C419D	9774
AC6C6A4F	4888
AC6E20FD	8785
AC78AD85	1152
AC821C00	10595
AC966C81	11389
AC9B20EB	287
AC9F7436	595
ACA1C26C	4478
ACAC6E20	8781
ACAF379B	2580
ACAF657E	734
ACB5359B	6128
ACC237BF	10299
ACC36B87	2199
ACC41A2F	12307
ACC4B71C	2547
ACC6339D	9465
ACCC826F	7400
ACCDDA57	1443
ACD57274	5415
ACDFD4C5	3927
ACE258F5	5694
ACE761D8	222
ACEB8006	10691
ACED0CEC	11997
ACEDBC63	10666
ACF0A8D5	1132
AD044CBB	9493
AD0E2CF0	6205
AD1B5BBF	6322
AD1F519F	6364
AD216DC6	8403
AD22BF2E	11867
AD23FA5E	641
AD2688EC	5115
AD2FAA29	2128
AD321C2C	1243
AD38A647	8463
AD39667C	6456
AD3BDEA5	5338
AD447C60	434
AD551564	2452
AD5AB948	1037
AD5DF863	4536
AD6AEBE6	5579
AD73136B	12268
AD77ACAF	726
AD7FD856	1177
AD7FF8A0	5506
AD85B187	1160
AD8A2CCB	4966
AD8E00E5	11157
AD8ECA11	3585
AD917D10	11428
AD92FDB1	7642
AD9767F1	550
AD99E09E	10573
AD9A45E8	2104
ADA19A31	2957
ADA457F6	1640
ADA53B15	4103
ADA67042	760
ADAFD236	1264
ADC03B93	1364
ADC04068	9302
ADC5D96E	8963
ADD0A1A6	11454
ADD6B700	1357
ADD9345E	8664
ADDA8773	11920
ADDD5268	9877
ADDEA555	11966
ADE4352C	1988
ADE5F6C6	6931
ADE74FA5	2920
ADFAB287	4471
AE001AC4	10696
AE0DC760	263
AE1298E9	4393
AE14D790	5087
AE1892C2	3176
AE1C8AF8	11141
AE1C94F5	2208
AE1DEC76	5283
AE260236	8912
AE2C1895	9806
AE2FB289	313
AE3769E4	9074
AE3AD5DF	4530
AE3F642B	300
AE4A29DC	1489
AE4D7297	8288
AE521555	1044
AE5DFE37	3789
AE5F020B	10057
AE7C496F	2876
AE85C8F3	9514
AE8615F0	10788
AE8711DD	9615
AE876F53	8356
AE886B56	1028
AE91770F	7782
AE91EF44	384
AE947BE5	663
AE9A9349	3197
AE9D36BF	10751
AEA44AA0	6909
AEA612C5	5786
AEAAFCC5	9127
AEABF74B	2225
AEAD044C	9489
AEB694EC	4100
AEB977F8	3786
AEBE6599	5585
AECEA8F7	5182
AED49340	9840
AEDC3A01	8504
AEE06C5C	2707
AEE47F9F	5244
AEE5D32A	12254
AEE6416E	3260
AEE7C584	11706
AEE9B6B6	2093
AEEAF09A	11347
AEF043E6	193
AEFA6323	7689
AEFA8E53	11104
AEFAC1BD	6544
AEFEC2F9	2429
AF0086EC	3620
AF08D2BB	3249
AF09A5B6	11353
AF0CEB35	5406
AF2BDC68	417
AF2E9D76	10430
AF3493BA	5664
AF379B8D	2584
AF435676	4181
AF478C4D	10104
AF48D1C7	6265
AF4A37DD	11042
AF515042	8102
AF5197E3	973
AF64C9E7	3637
AF657E5C	738
AF6948C3	3988
AF6C546B	960
AF71A0AD	422
AF721818	5601
AF7AE2C1	9800
AF81BCFE	6567
AF83FB3C	1892
AF8531F6	3750
AF89F29C	9566
AF8AC06D	10161
AF8AD8E0	11151
AF99666B	5588
AF9D6176	10726
AFA0D08D	4302
AFA8A4A6	3149
AFB19460	10853
AFBBE1F4	7104
AFC03803	7216
AFC672C9	5049
AFCBA121	11874
AFCC580F	9133
AFD23624	1268
AFD75DAD	8451
AFDA4F29	1074
AFDD2F45	2230
AFDD682B	3136
AFE2987F	12281
AFEBBC10	188
AFED87A9	4838
AFEEC2D3	1589
AFF18429	10762
AFF5D77F	10648
AFFE0C20	11329
B009E553	7129
B01B491B	10168
B02626FC	5128
B028D8B4	11515
B02B76A1	11915
B032812A	2862
B034127B	1226
B035E1E7	7579
B04C1409	3678
B055C34E	7955
B05972AD	9290
B05D2473	5621
B0625507	9811
B06F4E19	6551
B083CAE9	3187
B084F87D	4365
B086B790	1981
B08D913D	835
B08F7CFB	9694
B0987531	1340
B09CF774	4982
B0A215F0	4491
B0A9F0CA	6107
B0ADAFD2	1260
B0B4EFFB	1596
B0B73215	8846
B0BE7B72	2436
B0C67167	2179
B0CBB443	6697
B0D5ADA1	2949
B0D9D5CD	1610
B0E38E67	9593
B0E9DF1B	10139
B0EB77A9	11961
B0F43E3C	3068
B0F4AFED	4830
B0F855DD	8812
B0F87584	8935
B0FFE820	9267
B0FFF632	5011
B1031368	4794
B1067742	9779
B1093E1A	6426
B1108911	8134
B112BC23	3242
B11B8703	6651
B11E02CA	10707
B11FF7D8	8265
B12D7BFC	3359
B12DF897	10218
B1356046	10335
B1361522	12212
B143934F	8614
B1456E07	11300
B146CCB9	2663
B14AAB63	3576
B14BF4F3	7654
B15061B8	5797
B151AF51	965
B1561568	15
B15A3A49	10005
B15A8F6E	4336
B15E09D4	10816
B15F2482	4113
B1644B5A	3508
B1648251	5732
B1656360	8418
B16DA482	10904
B172AA16	6844
B173C4B4	2716
B1752585	618
B17FD279	8547
B18455A1	11894
B1854A72	2386
B1872B5F	1168
B1946037	10857
B19FBEA0	6942
B1A93F71	4893
B1B10677	9775
B1B1A93F	4889
B1B883F6	8786
B1B99334	2835
B1CB7CED	8568
B1CD2271	6385
B1D99824	5292
B1E2B616	1153
B1E3E2FC	4063
B1FB4ECC	5026
B1FB8BC7	3389
B204983A	11398
B2087000	10596
B20A8567	7484
B20EB8FD	293
B213FD31	1207
B21A50B1	8535
B21DC2FE	5921
B21EFF02	11244
B22FD573	6795
B25093F1	4256
B2573472	5060
B259B204	11390
B26C83AE	288
B26D19DF	2001
B27BD483	7868
B27DD0DA	596
B2847689	3012
B2847F03	3592
B28709B0	4479
B289B82B	9827
B289BA0D	321
B28BFABC	5395
B28EC592	5725
B28FA407	10489
B2928E2A	9439
B2983F3D	12110
B2A3AF9D	10718
B2A75823	788
B2AD917D	11424
B2AD99E0	10569
B2AF64C9	3633
B2B0ADAF	1256
B2B1B883	8782
B2BCDE6E	2581
B2BD95F9	735
B2C23DF3	9691
B2C2DCC8	8843
B2C61156	11891
B2CAB645	11421
B2D4D66F	6129
B2D7C724	7343
B2DE2095	9217
B2DE4FFD	12164
B2E8A129	9933
B2EE5507	3322
B300C316	9708
B303E404	11832
B308DEFF	10300
B30A37AF	5037
B30DAE1C	2200
B31068BC	12308
B312DC73	2548
B318CE76	9466
B326882A	6165
B32E5520	2670
B32EC273	4975
B3310AEA	6899
B33209BF	7401
B3345B15	10806
B335C591	8311
B337695F	1444
B337FBD5	8711
B33BD608	4285
B3454FA4	1309
B346A31D	6814
B3556A6A	10469
B355C9D2	5416
B35917F1	12010
B3746E27	11490
B37A67C9	12068
B37F5316	3928
B382AB31	9456
B388D7D0	11064
B38963D6	5695
B38B4B2A	778
B394A9A8	2308
B398ADD9	8656
B39AACE2	5686
B39CAF6C	952
B39D8762	223
B3A3280C	1870
B3AA3DF2	5185
B3ABA47B	379
B3AE001A	10692
B3B433B3	11998
B3B6F18F	10667
B3C103DC	6214
B3C2A357	1133
B3CC8E53	1902
B3D73572	2606
B3D7BBCE	2532
B3D87241	8982
B3F5DC69	1687
B3F5EDC3	7174
B3F94709	9405
B3F9CABA	8345
B3FAEDC3	8498
B406BA17	9507
B408F711	7377
B41132ED	9494
B418B453	2338
B42915EF	5266
B42AF7AE	9794
B42F55AD	5567
B433B359	12002
B43626D1	2901
B438B3C1	6206
B442ADE7	2912
B443CA75	6705
B448AF8A	10153
B451552E	2645
B453F037	2346
B4597714	9319
B45AF89F	9560
B45EFA25	898
B4677E04	2006
B46D6EFD	6323
B4786F86	1013
B4788FF7	7250
B4789812	7292
B47D467D	6365
B4825867	7714
B485B71B	8404
B48AE9D3	10745
B48AFBBE	7098
B48AFCBA	11868
B48B33BD	4279
B48FE97A	642
B491BA56	10174
B49A23B0	5116
B49C98D9	11527
B4B2A758	784
B4BC41FB	2062
B4BEA8A6	2129
B4BEC2A7	6100
B4BF2F99	8238
B4C0A3DB	6187
B4C4B863	11616
B4C870B2	1244
B4CAFF5D	10642
B4CD616F	5439
B4DF3787	2728
B4E2991D	8464
B4E538FD	11274
B4E599F0	6457
B4ECC28D	5032
B4EF7A96	5339
B4EFFB0D	1600
B4F0846F	1536
B511F181	435
B5141D6F	9981
B51E35F7	4568
B524D003	9843
B52CA2FE	5390
B5359BE3	6132
B53937DE	4440
B53ED22C	4272
B5545593	2453
B556C5CA	6837
B55E3061	8434
B56AE521	1038
B56D6462	3717
B56EC7EE	3382
B577E18F	4537
B5801C9D	8759
B58A4CF4	9911
B5918993	3722
B5997693	6612
B5A10528	5966
B5A29CB1	2374
B5A67F0D	3518
B5ABAF99	5580
B5B48AE9	10741
B5BB1356	10329
B5BBF630	6328
B5CC4DAF	12269
B5CC9E3C	2628
B5DEB2BD	727
B5E1BC32	6061
B5EFF051	3364
B5F1C924	7346
B5F79656	5365
B5F7B56D	3709
B5FD3BDE	154
B5FF6159	1178
B5FF89EE	1755
B5FFE281	5507
B615526C	7330
B61605BA	10993
B616C61C	1161
B61EA481	4843
B623DC91	2994
B628B32E	4967
B62DD932	7072
B636ED4E	4431
B6380394	11158
B63921B3	367
B63B2847	3586
B644493D	1943
B645F440	11429
B64BF6C5	7643
B65C4D2C	11948
B65D9FC4	551
B6678278	10574
B668B680	8869
B66917A3	2105
B680C8D5	8877
B68270AA	7739
B68668C6	2958
B6915FDB	1641
B6920BFD	10909
B6928B11	8124
B694EC57	4104
B697A3A9	11365
B699C10A	761
B6AB7EAC	4466
B6AC6C41	9770
B6B4EF7A	5335
B6B66917	2101
B6BF48D8	1265
B6D17BE8	895
B6F18F83	10671
B700EE4C	1365
B70101A0	9303
B7037FD6	2770
B70D08E8	7183
B70E8048	8507
B712DA4A	8117
B71765B9	8964
B7184E67	5150
B71B1656	8412
B71CCFC9	2555
B723030E	9180
B72AD551	2446
B7305B08	825
B732156E	8850
B73886EB	5493
B73E47F7	10397
B73ECB0B	8836
B7428699	11455
B746FDEF	8581
B74BA2C1	7944
B75ADC03	1358
B7615232	10620
B764C9C2	7077
B764D179	8665
B76A1DCF	11921
B76AAEAD	9481
B76F3D5F	10945
B77549A2	9878
B778460E	11747
B77A9555	11967
B788255E	9220
B790D4B2	1989
B793FF4D	12167
B797DB19	6932
B79D3E97	2921
B7B42F55	5563
B7BA8F35	240
B7BB58A4	9905
B7BDFC31	10350
B7C8C426	4733
B7CEDD1B	8574
B7D3D14B	11476
B7E25D82	10223
B7E25FE9	5224
B7E95F37	2816
B7EACA1C	4472
B7F77944	4616
B7F9322D	7059
B8006B11	10697
B8063DCB	10455
B81B173C	2710
B81CA3C9	11309
B82BB524	9835
B834BC2C	9426
B8371D80	264
B8467628	9157
B84A63A4	4394
B84BE125	2787
B84E19A1	76
B84EE31F	2037
B8535E40	5088
B85FDB91	5809
B8624B08	3177
B8631DF8	11624
B8703249	6657
B8722BE2	11142
B87253D6	2209
B877B1D9	5284
B87D7AD9	7632
B880F48A	10030
B88331D7	10547
B883F656	8790
B89808DA	8913
B89D02A7	11499
B8A6D32B	10635
B8AD0E2C	6201
B8ADA457	1636
B8B06255	9807
B8BC7233	3395
B8BECA26	314
B8C5BE82	11774
B8C7E5FA	2044
B8CD2659	2750
B8DDA792	9075
B8DF34B3	2594
B8EB577E	4531
B8EE7943	97
B8EF994F	8207
B8F9FD9D	1850
B8FD90AE	301
B9130C72	3886
B913FA91	5819
B91D6F49	6025
B91FE7D3	5247
B9277899	3273
B928A772	1490
B931609C	2076
B931DC66	1374
B935CA5C	8289
B93B39CA	946
B93C7269	4349
B9454505	7836
B9478E17	400
B9485557	1045
B9541FF6	3327
B95481B9	2675
B9582696	5710
B962337C	4234
B969D677	47
B974CAB5	12257
B9765213	6498
B977F8DE	3790
B97C082F	10058
B98D8C12	3805
B98E0314	853
B9905B92	3263
B990935A	6350
B9933413	2839
B99D05F9	3866
B9B0FFF6	5007
B9C58E60	11188
B9CB3D87	8976
B9D08744	12129
B9D09B41	2328
B9DA96CC	11821
B9DD6200	11587
B9E0EC13	3669
B9E50FBB	102
B9E5EA67	2687
B9F125BD	2877
B9F1611C	11709
B9F180DC	1565
B9FB335C	8305
BA014E9F	1797
BA074724	9246
BA0D385E	329
BA1216CB	11880
BA15FF50	10514
BA1723CE	9515
BA1857C1	10789
BA1C4777	9616
BA1DBD4F	8357
BA21AD5A	1029
BA284A51	9936
BA28A05F	9093
BA2C1570	7950
BA45DC3F	7783
BA47BD12	385
BA4B668B	8863
BA4F0B39	5676
BA51EF94	664
BA5634D1	10182
BA58852F	6730
BA598264	1768
BA5CF55C	4004
BA6A4D27	3198
BA6DAD9A	2096
BA74DAFF	10752
BA74DB2E	3312
BA75DBF5	10435
BA8541A7	7311
BA8F3565	244
BA912A83	6910
BA928405	2159
BA984B15	5787
BA98F614	2256
BAA4030D	11005
BAABF316	9128
BAAC51B3	2658
BAAFDD2F	2226
BAB41132	9490
BAB4C870	1240
BABB81B1	2704
BABC2696	11350
BABE14C7	3747
BAC9B20E	285
BAD7FF8A	5504
BADA53B1	4101
BAE5DFE3	3787
BAF99666	5586
BB09CF77	4980
BB0B4EFF	1594
BB0D5ADA	2947
BB0F4AFE	4828
BB11FF7D	8263
BB135604	10333
BB1644B5	3506
BB1FB8BC	3387
BB2AF64C	3631
BB2DE4FF	12162
BB2E8A12	9931
BB398ADD	8654
BB3AA3DF	5183
BB406BA1	9505
BB443CA7	6703
BB524D00	9841
BB53937D	4438
BB58A4CF	9909
BB6AB7EA	4464
BB70E804	8505
BB761523	10618
BB7BA8F3	238
BB7E25FE	5222
BB81B173	2708
BB846762	9155
BB91FE7D	5245
BB9541FF	3325
BB974CAB	12255
BB9905B9	3261
BB9F1611	11707
BBA014E9	1795
BBA6DAD9	2094
BBABC269	11348
BBC10F99	194
BBCA440C	2504
BBCEB312	2540
BBD1F07F	114
BBDB65C4	11942
BBE1F4C8	7108
BBE98C8D	7690
BBEA394C	11105
BBEB06F4	6545
BBF630DD	6332
BBFB0BE7	2430
BBFFB4CD	5431
BC021BB2	3621
BC043350	5166
BC0A9EB3	3916
BC10F996	196
BC15BE3D	1925
BC234AEE	3250
BC2696DA	11354
BC276810	1961
BC2CA4A3	9434
BC324840	6069
BC33ACD5	5407
BC3582DA	5324
BC3CF2C5	9994
BC41FB93	2066
BC5B2CAB	11415
BC5B73EC	8830
BC63E0C4	10674
BC6ADA67	754
BC70E677	8482
BC7233E4	3399
BC7379BC	4672
BC743A24	7908
BC76B1B1	4881
BC879E44	6044
BC87A338	4033
BC9AACAF	2572
BCA440CF	2506
BCAC56A3	4331
BCACC41A	12303
BCAE1DEC	5279
BCAF71A0	418
BCB84E19	72
BCBA75DB	10431
BCBD7447	5452
BCCA2BAE	3777
BCCC499F	10925
BCCCD583	8181
BCD24EE9	5665
BCDE6E37	2585
BCE18051	6743
BCE84E7E	4684
BCE857E4	7419
BCEB312D	2542
BCF57D44	10950
BCF94856	0
BCFE00E5	6575
BD006C40	4785
BD032AF6	3978
BD0D59D8	4182
BD0EC52A	3569
BD12E51E	393
BD16310E	2239
BD19CC08	9723
BD1DB3F5	1679
BD1E3135	10105
BD1F07F0	116
BD23471E	6266
BD271BC8	6034
BD28DF75	11043
BD3866BE	6556
BD40D11D	6285
BD45410B	8103
BD465F8E	974
BD483607	7874
BD49EBA1	10779
BD4A634C	915
BD4FF80A	8365
BD50DEBB	7678
BD50F617	8721
BD56B5AB	5572
BD608EBE	4291
BD6125C1	1655
BD74473F	5456
BD7A3DC7	6592
BD7C54D5	12032
BD7F549F	11225
BD7F7048	1549
BD8509DC	11567
BD883CB4	2889
BD93279D	3638
BD95F972	739
BD98F9FC	8594
BDA02D68	2365
BDA5230E	3989
BDAAEFEC	2423
BDB151AF	961
BDB65C4D	11944
BDBB7E25	5218
BDBC76B1	4877
BDC682B5	423
BDC86060	5602
BDD34E9D	7512
BDD6BD1E	10097
BDDEAA04	6872
BDE0EBD0	4172
BDE3ACF0	1124
BDE83447	164
BDEA5A90	5344
BDEB8B06	9801
BDECFD7B	7169
BDFC31C8	10354
BE06F3F8	6568
BE0FECF3	1893
BE1016E7	3658
BE125888	2793
BE14C7D8	3751
BE1AE886	1022
BE1F0FE2	4128
BE1F4C84	7110
BE204B47	1003
BE26B259	11382
BE27CA72	9567
BE2B01B4	10162
BE2B6380	11152
BE2E9621	6725
BE35B213	1199
BE3C93E7	6142
BE3D4B64	1933
BE40CF77	10071
BE48183D	136
BE518555	673
BE520258	7021
BE52F6ED	5211
BE653C7C	8212
BE6599AF	5589
BE660763	8247
BE705995	9662
BE7585DB	10727
BE7A0F23	7987
BE7B72AD	2440
BE81CD81	8681
BE8238C6	11782
BE834235	4303
BE897BD4	905
BE899463	9965
BE98C8D5	7692
BEA06430	6950
BEA29298	3150
BEA394C3	11107
BEA8A692	2133
BEADDD52	9873
BEB06F4E	6547
BEC2A7C3	6104
BEC65180	10854
BEC6E64C	2832
BECA26E8	318
BEE857FD	10511
BEEDAADF	4461
BEEF87D3	7105
BEF5F153	12029
BEF8405B	3655
BF00E00C	7217
BF11DEDC	5139
BF19CB25	5050
BF25369B	2023
BF278D54	4074
BF2BD234	6260
BF2E8485	11875
BF2F9981	8242
BF31603F	9134
BF430256	9195
BF48D891	1269
BF492D68	5957
BF4F3C93	7660
BF55CD7B	6800
BF561B80	10445
BF5D76B4	8452
BF630DDF	6334
BF663895	6969
BF693CA6	1075
BF6C52FD	7649
BF74226D	11734
BF74BD16	2231
BF75A0AF	3137
BF7BD98F	8588
BF8A61FF	12282
BF8FA622	5932
BF905FDF	4512
BF9BCE85	7413
BFA2CC9A	6158
BFABC33A	5401
BFAEF043	189
BFB0BE7B	2432
BFB61EA4	4839
BFBB0B4E	1590
BFC08823	11251
BFC144ED	3369
BFC277B9	11809
BFC3068B	6683
BFC610A5	10763
BFD26054	10311
BFD75DFE	10649
BFDBCCC4	10919
BFDF6179	701
BFEC3675	1605
BFF83083	11330
BFF83251	1508
BFFB4CD6	5433
C001BB16	3498
C0021F2E	10605
C0128F49	3224
C01D93A2	10265
C021BB2A	3623
C0256A28	531
C027954E	7130
C030C5BD	9711
C03711E4	7563
C038033D	7220
C03B931D	1368
C03F35F6	4913
C040682D	9306
C040BF90	4504
C04274EF	5311
C043350A	5168
C044146D	7931
C06D246E	10169
C0750774	10888
C082F903	10064
C0849652	9733
C0882366	11255
C08C63B4	8226
C08EB48F	634
C0922E51	7827
C094C11F	8155
C0959A06	9202
C0989BF1	5129
C0A362D2	11516
C0A3DB8A	6191
C0A9EB37	3918
C0ADD0A1	11450
C0ADDA87	11916
C0C3BF43	9187
C0C787A3	3603
C0C9248A	6662
C0CA04AB	2863
C0CC42AD	8951
C0D049EE	1227
C0D1EBCB	10421
C0D7879D	7580
C0D8202A	8629
C0DE9BDA	2355
C0DFF58B	2773
C0F68D40	11545
C0F9011F	11835
C103DC1C	6218
C105925E	1714
C10A6CE2	769
C10F6AE1	11131
C10F9969	198
C11F7882	8163
C122898D	7000
C122E7C6	1558
C1248241	806
C12AA760	3815
C1305026	3679
C14033B0	10127
C14098CE	3684
C1436A32	3082
C144ED5B	3373
C1497B58	8749
C1570D3A	7956
C15BE3D4	1927
C165CAB7	9291
C16654C5	9667
C16C2364	830
C1720869	9633
C17491CE	5622
C17CA247	9535
C17D5DF0	7814
C186AFD7	8443
C189541E	9812
C1A2C32E	6690
C1A971C9	6629
C1AE947B	659
C1B0F855	8808
C1BD3866	6552
C1C227D8	6228
C1C8AD1B	6314
C1DFB7C8	4725
C1E1EF21	4024
C1E998BD	1667
C1EAE4A2	1483
C1ECCD16	10801
C1FC286F	123
C20BF663	6963
C20C6D22	7089
C20CAEEA	11339
C20F2BA6	3188
C211BD7F	1541
C213E1F7	4366
C21ADE43	1982
C227D8A0	6232
C234AEE6	3252
C23644F5	836
C237BFD2	10303
C23DF3EC	9695
C246E716	11181
C25D4D3E	6404
C25ECAB6	10562
C261D4C5	1341
C265C149	8741
C2696DA5	11356
C26C2885	4486
C273DDD1	4983
C2768109	1963
C277B9DA	11813
C27E9B83	9416
C286F920	129
C28857C0	4492
C28DEBF1	5040
C291065C	929
C29DDB68	7729
C2A35766	1137
C2A7C328	6108
C2A8661F	7748
C2B30DAE	2196
C2B6BF48	1261
C2B8371D	260
C2C9EF52	7865
C2CA4A38	9436
C2CAC2B6	1253
C2CE6AB3	5683
C2D14554	2642
C2D3BFEC	1597
C2D85549	7327
C2DCC855	8847
C2E3E7F6	1847
C2E4ECE7	943
C2F5437A	7675
C2F9EDCA	2437
C2FCAF48	6257
C2FE3E98	5929
C2FF7D85	698
C3068B0C	6687
C3161552	4599
C316F467	9716
C319C59D	2180
C31A71C1	11119
C31C8DFD	10360
C31C97DC	3893
C31FCA87	2405
C3221451	7763
C3248400	6071
C32878AC	6116
C32ED10F	6698
C333E7FF	4632
C33ACD57	5409
C3423A19	7186
C347C715	11016
C34BB846	9149
C34C1C8A	6308
C34E99E3	7963
C35001D3	3529
C356B686	2950
C3582DAD	5326
C3675735	1611
C36B8725	2203
C377EE64	6341
C38CA779	7889
C38E399F	9594
C3993165	5851
C399DECF	8487
C39DF15C	6474
C39E82E3	8196
C3A01203	8510
C3A77C6D	10140
C3ADDEA5	11962
C3BA5CF5	4000
C3BF4302	9191
C3C39DF1	6470
C3CF2C56	9996
C3D0F8F0	3069
C3D2BFB6	4831
C3D93828	1419
C3E08919	5899
C3E15777	8813
C3E1D613	8936
C3E9D642	11649
C3F435A1	7793
C3F89A32	4135
C3FFA082	9268
C3FFD8CB	5012
C4047162	8071
C40C4DA1	4795
C4101A35	563
C41123C6	9755
C4127320	1823
C419DD0B	9780
C41A2F3E	12311
C41B4825	7708
C41E2F9E	7978
C41FB931	2068
C424F86A	6427
C425B032	2854
C42689AA	4741
C42ADC5D	8957
C42BA912	6904
C438BA98	2248
C441AEE5	12246
C4422445	8135
C4448E11	11850
C447EF02	3907
C44AF08D	3243
C44B7F93	7053
C45B0341	1220
C46E1C0C	6652
C4761E5C	8054
C4777705	9622
C477B718	5142
C477FAAC	7388
C4780B2A	10708
C4792C0D	7570
C47FDF60	8266
C4891C54	11686
C49347FE	3951
C496F620	2882
C499F28B	10931
C4AB3AE0	10686
C4B4DF37	2724
C4B556C5	6833
C4B5EFF0	3360
C4B5F796	5361
C4B6928B	8120
C4B71CCF	2551
C4B7E25D	10219
C4B8631D	11620
C4B9D09B	2324
C4C17D5D	7810
C4D2C3AD	11954
C4D4E1F0	10114
C4D5811B	10336
C4D85489	12213
C4DA11C9	4801
C4DAFE29	12275
C4FB6D17	889
C50E4D3C	8615
C515B81C	11301
C51797C4	8042
C51B32E5	2664
C5257727	864
C52AAD8E	3577
C52FD3CF	7655
C5368D64	9330
C53A9E25	1465
C53AD216	8397
C53C94B2	9679
C53FCC9B	7363
C5406378	5528
C54186E1	5798
C546BD46	966
C5477A14	3837
C54D5C7E	12038
C54E1AEE	11696
C55855A1	16
C56786DC	10386
C568E926	10006
C569A226	11027
C56A3DB9	4337
C573FDF2	6483
C5782753	10817
C57C920B	4114
C580FC34	9139
C58273AE	2081
C5847375	11714
C585548B	4602
C58A5421	8080
C58E6025	11192
C59103FA	8319
C5912D69	3509
C59187C4	3939
C5920947	5733
C593F700	10254
C5958D82	8419
C5972551	5860
C59DC2B3	2188
C5A620BD	11213
C5ADD6B7	1353
C5B2CAB6	11417
C5B623DC	2990
C5B6920B	10905
C5B73ECB	8832
C5BD19CC	9719
C5BE8238	11778
C5C85711	12235
C5CAA859	6845
C5CF12D3	2717
C5D49617	619
C5D96E72	8967
C5DC25D4	6398
C5E38C41	1813
C5E3A22B	11091
C5FF49E6	8548
C6037349	1570
C605F3DA	11983
C606591A	444
C610A5BD	10767
C6115685	11895
C61399EF	5153
C613CC10	1704
C61529CA	2387
C61CAD7F	1169
C624DDD8	2970
C628BDE3	1116
C6339DB7	9469
C63B4BF2	8232
C63E0C4A	10676
C64F0006	3491
C65180DE	10858
C65347A2	11794
C65EAFEB	180
C661118C	4860
C6615F91	1384
C664D4D3	4765
C6716770	2183
C672C95C	5053
C677B136	12204
C67EFA81	6943
C682B511	427
C697184F	1697
C69BEF5F	12023
C69C7043	11122
C6A4FDC7	4894
C6ADA670	756
C6C419DD	9776
C6C5958D	8415
C6C6A4FD	4890
C6D0A457	5263
C6D122BE	10150
C6D22BEE	7095
C6D4FB48	4269
C6DAB1B1	9767
C6E20FD9	8787
C6E64CD0	2836
C6F21E79	6041
C7043DAB	11128
C70E677B	8484
C715A688	11024
C71FB599	6604
C7233E4A	3401
C7237F42	10363
C72490C5	7351
C724D6AC	6638
C725F711	3896
C7269B08	4355
C72DF3B7	8569
C73300FC	4906
C733F24B	2558
C73489C5	6386
C7379BCE	4674
C743A242	7910
C746E334	2743
C7520501	497
C75C25EC	10556
C75EE588	4227
C760244B	271
C764DB3D	2522
C7666091	5293
C768C4B5	6825
C76B1B1A	4883
C76F401B	4780
C7719857	1379
C77E0449	11631
C787A3AB	3607
C78AD85B	1154
C78B9DD6	11581
C78F8BF2	4064
C7A5BD40	6277
C7A5CD82	8013
C7B880F4	10026
C7BF7422	11730
C7C08C63	8222
C7D0FF88	9013
C7D85D07	3759
C7DC34C1	6302
C7E59183	12048
C7E5FA1B	2048
C7ED3B30	5027
C7ED665D	6607
C7EE2F1C	3390
C7F2A1FE	2408
C7FC3161	4593
C801107A	5073
C807F34F	9385
C808FC7F	4583
C80A4830	1834
C80C1E1E	4018
C81260E9	11399
C821A45A	9638
C821C002	10597
C826FE6F	7406
C82A159E	7485
C83AE3F6	294
C8452C02	7120
C84FF4C4	1208
C85003D4	7454
C855BA4B	8855
C8571106	12239
C8606002	5606
C86942C5	8536
C870B2B0	1248
C8770BF8	5922
C879E44E	6046
C87A3385	4035
C87AE871	9609
C87BFC08	11245
C8851464	7766
C8AD1B5B	6318
C8AF8AD8	11147
C8B62DD9	7068
C8BF55CD	6796
C8C0C3BF	9183
C8C42689	4737
C8C7D0FF	9009
C8CF9293	3404
C8D557F5	8885
C8D5C41B	7700
C8DFD08F	10366
C8DFFD1E	9858
C8E533C9	1908
C8E7DF4F	7998
C8EFFE0C	1503
C8F381F0	9522
C8FB6392	361
C9041B0F	9257
C9069551	8991
C909029A	9029
C914B284	3004
C91E0CE4	4148
C920BE1F	4120
C9210025	6074
C924314F	7354
C9248A89	6666
C929F5E8	7535
C92F26AB	2567
C930BD50	7670
C935AB11	6641
C93E7BFA	6148
C9424FC6	4257
C944D441	1517
C94B2C23	9685
C94DA6E1	2026
C94F5ABA	2214
C9547DE9	5867
C956AF83	1884
C95CD1C8	5061
C961A0EC	9580
C9625A39	12185
C966750D	10974
C966C812	11391
C968E376	4813
C96F056F	1920
C9752D73	2619
C97D7AE1	4383
C97DC447	3899
C986AFFE	11321
C98D94C0	11533
C9A20AA4	6168
C9A6C213	4358
C9AACAF3	2574
C9B20EB8	289
C9B408F7	7373
C9B4677E	2002
C9C20C6D	7085
C9C44B7F	7049
C9CC8FB6	355
C9D2EFFE	5424
C9D69FAC	8769
C9E35516	4077
C9E3C2D1	2634
C9E77BEF	3645
C9EF520D	7869
C9F73FDC	875
C9F7436A	597
C9FD8E29	12080
CA03255A	1877
CA04AB9F	2867
CA0D972C	10205
CA0E30E6	5842
CA0E403E	3095
CA11DA26	3013
CA11FC0C	3593
CA1C26C2	4480
CA1E09F2	4942
CA1E2B2D	6119
CA247400	9541
CA26E0AE	9828
CA26E834	322
CA2BAE5D	3781
CA2DDBCF	10940
CA2FEAF0	5396
CA3B1648	5726
CA3C31FC	2399
CA3C986A	11315
CA3E901F	10490
CA40B250	4248
CA41FCF4	1098
CA440CFC	2508
CA4A38A9	9440
CA588AB6	4955
CA59357D	7267
CA5CB9FB	8297
CA60FCF4	12111
CA63CF6F	5198
CA674032	1085
CA725868	9575
CA7564BE	6713
CA779F6F	7895
CA8103E1	1402
CA87FBDA	2413
CA8EBE75	10719
CA9D608E	789
CAA859E2	6849
CAB55455	2449
CAB5CC4D	12265
CAB645F4	11425
CAB66782	10570
CAB70101	9299
CABA1DBD	8353
CABD9327	3634
CABDA523	3985
CAC2B6BF	1257
CAC56A3D	4333
CAC6E20F	8783
CACC41A2	12305
CAD7FD85	1175
CAE1DEC7	5281
CAE9A934	3195
CAEEAF09	11345
CAF2BDC6	415
CAF379B8	2582
CAF48D1C	6263
CAF657E5	736
CAF6C546	958
CAF71A0A	420
CAFF5D77	10646
CB08F7CF	9692
CB0B7321	8844
CB12DF89	10216
CB15A3A4	10003
CB18455A	11892
CB1854A7	2384
CB1FB4EC	5024
CB257347	5058
CB2AD917	11422
CB3454FA	1307
CB3556A6	10467
CB3A3280	1868
CB3D8724	8980
CB43626D	2899
CB5359BE	6130
CB5F1C92	7344
CB788255	9218
CB793FF4	12165
CB7CEDD1	8572
CB7E95F3	2814
CB84E19A	74
CB8A6D32	10633
CB95481B	2673
CB976521	6496
CB9FB335	8303
CBA1216C	11878
CBA284A5	9934
CBA74DB2	3310
CBA75DBF	10433
CBB09CF7	4978
CBB0D5AD	2945
CBB406BA	9503
CBB443CA	6701
CBB76152	10616
CBB9541F	3323
CBC6ADA6	752
CBCB84E1	70
CBD74473	5454
CBDE0EBD	4170
CBE66076	8245
CC030C5B	9709
CC03F35F	4911
CC084965	9731
CC0F9011	11833
CC105925	1712
CC16C236	828
CC1A971C	6627
CC1DFB7C	4723
CC237BFD	10301
CC28DEBF	5038
CC36B872	2201
CC41A2F3	12309
CC42ADC5	8955
CC42BA91	6902
CC499F28	10929
CC4B71CC	2549
CC4DAFE2	12273
CC580FC3	9137
CC5A620B	11211
CC5B623D	2988
CC6339DB	9467
CC75C25E	10554
CC7B880F	10024
CC80A483	1832
CC826FE6	7404
CC855BA4	8853
CC8E533C	1906
CC8FB639	359
CC9A20AA	6166
CC9B408F	7371
CC9E3C2D	2632
CCA2BAE5	3779
CCB95481	2671
CCBB09CF	4976
CCBDE0EB	4168
CCC03F35	4909
CCC42BA9	6900
CCC499F2	10927
CCC826FE	7402
CCCD5830	8183
CCD16C57	10807
CCD5830E	8185
CCD71644	8312
CCDDA57E	1445
CCDFEF54	8712
CCEF5823	4286
CCF9FFD0	4635
CCFC92F2	2561
CD00A255	5752
CD04C425	2846
CD0A3969	6772
CD133A68	6514
CD153E91	1310
CD16C578	10809
CD1A8C76	6815
CD1C8011	5067
CD227177	6389
CD24EE93	5667
CD265918	2754
CD267AFE	1579
CD2CF5CD	2601
CD3E42CF	9394
CD42BB3A	5175
CD55A9AA	10470
CD57274B	5417
CD5830E7	8187
CD5970AE	251
CD5C9752	2613
CD616F2F	5443
CD645FC6	12011
CD68E80B	1622
CD716440	8314
CD7B346A	6808
CD7D8CDE	4920
CD816353	8689
CD8239EA	8021
CD93178E	11084
CDC664D4	4761
CDCE92F4	3558
CDCFC075	10880
CDD1B89D	11491
CDD71EFD	11723
CDDA57E5	1447
CDDEF9C1	9655
CDE063CA	4930
CDE1C746	2735
CDE6E37C	2587
CDE6F3A1	4677
CDE7EEE8	1786
CDE99F27	12069
CDEFB1B9	2827
CDF2902C	4243
CDFD4C59	3929
CDFEF543	8714
CE02266A	2276
CE07C17C	9527
CE0AACC6	9457
CE0B7B42	5557
CE15065A	4044
CE180510	6745
CE21BAD7	5496
CE235F43	11065
CE258F5B	5696
CE2D2CA9	779
CE3D8E2D	3696
CE4E1CCB	4158
CE52A6A3	2309
CE5D00DC	5634
CE62B764	8657
CE6AB389	5687
CE6B1456	11294
CE72BDB1	953
CE761D8B	224
CE76DDAA	9474
CE84E7E4	4686
CE857E47	7421
CE8CA032	1871
CE92F43B	3562
CE9A1D25	6521
CEA7D5B0	3056
CEA8F7CA	5186
CEAE4D72	8284
CEAE91EF	380
CEB312DC	2544
CEB355C9	5412
CEB8006B	10693
CEBBA6DA	2090
CEBF00E0	7213
CEC3A77C	10136
CECD645F	12007
CED0CECD	11999
CED2FB0A	6097
CEDBC63E	10668
CEDD1BF7	8578
CEF5823A	4288
CEF6F1DA	4874
CF040F70	6215
CF091B9C	11178
CF0A8D5D	1134
CF1011C5	8068
CF12D37C	2721
CF14EB48	8394
CF24C2F5	7667
CF25BC15	1917
CF2C568E	10000
CF32394C	1903
CF3D6297	5648
CF414BB2	9921
CF49B9D0	12121
CF4DC628	1108
CF55C80C	4010
CF57D443	10952
CF58A5EB	5651
CF5CD5C9	2607
CF5EEF3A	2533
CF60560F	7231
CF61C906	8983
CF6ADE5F	6925
CF6B3B43	11992
CF6BAABF	9122
CF6F94BD	5206
CF766EF6	11933
CF7745E7	4988
CF77D982	10079
CF850EF7	7158
CF91FDF4	10400
CF9293E2	3408
CF94856C	2
CF99F680	478
CF9FFD08	4637
CFB2C2DC	8839
CFB300C3	9704
CFC07507	10884
CFC764DB	2518
CFC92F26	2563
CFD620D7	5467
CFD771A5	1688
CFD7B70D	7175
CFDB1439	8608
CFE00E56	6577
CFE51C27	9406
CFE72AE8	8346
CFEBB70E	8499
CFF713ED	882
CFF7CB97	6488
CFF84700	3213
D0003B45	9550
D003237F	9851
D006C40C	4787
D00A2556	5754
D00CA41F	1092
D00DCF3D	5640
D01AE85C	9508
D023DC47	7378
D02A7B02	11505
D032AF69	3980
D044CBB4	9495
D049EEAD	1231
D04C425B	2848
D05257D3	2488
D052ECBA	9924
D05F9A8B	3872
D062CCC4	6892
D062D14F	2339
D07FBCCA	3769
D081A147	3468
D083D3F8	4647
D08543CC	4711
D08744E7	12133
D087F620	5993
D089B778	11739
D08D6A82	4310
D08E864D	7189
D08F84C5	10374
D09B418B	2332
D0A1A650	11458
D0A39696	6774
D0A457BC	5267
D0A85053	9362
D0ABDEB8	9795
D0B42AF7	9790
D0BC2768	1957
D0BD56B5	5568
D0C0959A	9198
D0C9C44B	7045
D0CD00A2	5748
D0CECD64	12003
D0D59D87	4184
D0D685C4	7798
D0D89B44	2902
D0D8CD93	11076
D0DA7ED1	7281
D0DA859B	604
D0E09DC4	11674
D0E2CF04	6207
D0E89098	7913
D0EC52AA	3571
D0F5977E	3428
D0F8F050	3073
D0FBCACC	12297
D0FF88C9	9017
D1011DC0	11438
D10AB79D	2913
D10F29D5	6706
D11CFD62	5461
D11D71F7	6293
D11F197A	173
D11F5DFC	3544
D122BE2B	10154
D125C0D1	10413
D12E51E3	395
D133A687	6516
D139F822	12140
D14554BA	2646
D14B3746	11484
D14FC0DE	2347
D153E91F	1312
D157F3DA	9113
D16310E2	2241
D165DC53	9320
D16BE27C	9561
D16C5782	10811
D16DCE21	5488
D179BE81	8673
D179DDB9	4995
D17BE897	899
D1966328	10194
D19CC084	9725
D19DF813	2007
D1A8C768	6817
D1B5BBF6	6324
D1B89D02	11495
D1B8CD26	2746
D1BF7BD9	8584
D1C7A5BD	6273
D1C80110	5069
D1C9041B	9253
D1DB3F5D	1681
D1E1BE1A	1014
D1E23FDF	7251
D1E2604A	7293
D1E31353	10107
D1E8BF49	5949
D1E8BFC2	11801
D1EB27DD	590
D1EBCBA7	10425
D1EFAB77	9868
D1F07F0A	118
D1F1C569	11019
D1F519F5	6366
D1FF9621	3958
D209619C	7715
D216DC6C	8405
D217640D	2472
D223942D	1742
D224A8AC	3346
D2271770	6391
D2291109	10039
D22BA74D	10746
D22BEEF8	7099
D22BF2E8	11869
D22CCEF5	4280
D23471E9	6268
D2362440	1272
D23FA5E8	643
D23FB52C	5382
D246C44A	3235
D246E958	10175
D2473974	5627
D24B5A10	5960
D24EE93C	5669
D24F63A7	7594
D255242B	6531
D260544B	10315
D265918B	2756
D267AFEE	1581
D2688EC0	5117
D26E7421	12124
D271BC87	6036
D2726365	11528
D273FE11	3208
D279906C	8555
D28DF752	11045
D2BB9905	3257
D2BFB61E	4835
D2C3ADDE	11958
D2C5B692	10901
D2CA9D60	785
D2CF5CD5	2603
D2D3028F	6184
D2E8B055	7947
D2EE119D	9152
D2EFFED3	5428
D2F0B292	9431
D2F107EE	2063
D2F458C4	2236
D2FAA29A	2130
D2FB0A9F	6101
D2FCBE66	8239
D3028F6E	6188
D3048A26	6997
D30722B4	6311
D30A4419	926
D3116C0D	1217
D312E18C	11617
D31DBD00	4777
D32114B0	7117
D321C2CA	1245
D32AD731	12262
D32BFD75	10643
D33585BC	5440
D3447D77	3541
D346598C	10191
D34E9D47	7516
D3632589	12178
D36BFC61	10757
D36CBB95	3317
D3718A2F	1111
D37CDE1C	2729
D37FCBCB	62
D385E1AA	335
D3866BE0	6558
D38A6475	8465
D394E3F5	11275
D39667C3	6458
D3A678C4	7966
D3A751D4	7519
D3ACE761	218
D3B30A37	5033
D3B4788F	7246
D3BBCA44	2500
D3BC3582	5320
D3BDE834	160
D3BDEA5A	5340
D3BFEC36	1601
D3C0D820	8625
D3C211BD	1537
D3C6D0A4	5259
D3C7A5CD	8009
D3C807F3	9381
D3CF24C2	7663
D3D14B37	11480
D3E42CFE	9396
D3E961B1	6414
D3E97F8F	2927
D3ED8581	10988
D3F5147F	4200
D3F81E9E	4655
D40074D1	3532
D402A4F6	10525
D40608BD	11555
D40D11D7	6287
D41DD2C5	10893
D41F42A1	9355
D42BB3AA	5177
D434FB61	10983
D43664B3	2296
D44146D3	1525
D443514C	10960
D447C606	436
D44AB49A	5108
D45075BC	9982
D451FE07	4205
D4532599	10967
D45410B7	8105
D45CE6B1	11288
D465F8EA	976
D467D58B	6371
D475324A	7526
D478D7DC	4569
D4814047	500
D4836070	7876
D493400C	9844
D495FE84	9050
D4961702	623
D49EBA18	10781
D4A5B388	11056
D4A634C2	917
D4B26D19	1997
D4B28BFA	5391
D4B5CC9E	2624
D4B64449	1939
D4B8EE79	93
D4BC70E6	8478
D4C59187	3935
D4C5ADD6	1349
D4C929F5	7531
D4D31DBD	4773
D4D3E961	6410
D4D66F8F	6133
D4D856CC	8700
D4E03809	10828
D4E1F050	10118
D4E4DF78	4441
D4F98F76	7466
D4FB48B3	4273
D4FF80A3	8367
D5030BFD	691
D50DEBBE	7680
D50EF881	996
D50F6177	8723
D510D0E0	11666
D51D5ED4	4557
D526899D	9883
D527E9B2	11232
D5458910	4084
D551564F	2454
D557F594	8889
D55A9AA5	10472
D55B172A	6838
D56B5ABA	5574
D56DC8C0	9175
D5720307	4013
D57274BB	5419
D5735ECD	6803
D578C186	8435
D5811B7B	10340
D5830E7A	8189
D586E018	10448
D58B1CD2	6379
D592F8BA	6718
D5970AE0	253
D59D87D3	4188
D5AB9485	1039
D5ADA19A	2953
D5B0F43E	3064
D5B59189	3718
D5B5FD3B	150
D5B98E03	849
D5BB1FB8	3383
D5C41B48	7704
D5C7E591	12044
D5C9752D	2615
D5CD68E8	1618
D5D9AC78	1144
D5DF0248	7820
D5DF863F	4538
D5E9B7BB	9897
D5ED478D	4563
D5F4369F	7276
D5F510D4	10955
D6007275	8760
D608E704	795
D608EBE8	4293
D60B6B4E	5329
D6125C1E	1657
D6130331	8944
D616F2F5	5445
D6176D6D	10732
D62008DD	11593
D620D7D6	5471
D62933D0	9912
D6297AF3	5654
D629DF4C	6986
D62E12F8	2782
D6345B73	5483
D6427544	11657
D645FC69	12013
D646264D	3723
D64DE17F	9340
D650F86A	8898
D65DF946	3433
D665DA4C	6613
D66F8F24	6137
D6774DFF	55
D67DDCEB	7203
D682BEA2	3142
D68414A2	5967
D685C4C1	7802
D68A72C6	2375
D68E80B8	1624
D699FC35	3519
D69FACAC	8773
D6A82206	4316
D6A972CD	1298
D6AC46E1	6646
D6AEABF7	2221
D6AEBE65	5581
D6B05972	9286
D6B47D46	6361
D6B700EE	1361
D6B8EB57	4527
D6BD1E31	10101
D6C84FF4	1204
D6D22BA7	10742
D6E5609A	5707
D6EC4D58	10330
D6EFD8C3	6329
D6F0F3CB	9991
D6F49C6F	6031
D7097B2A	10559
D7099705	8738
D716440F	8316
D71D4814	494
D71EFDD0	11727
D71F70D3	6299
D72972E7	8294
D73136BF	12270
D73278F0	2629
D735725D	2610
D74473F5	5458
D75DAD38	8455
D75DFEAB	10653
D76B4E29	8458
D76FD586	10440
D771A5C6	1692
D77ACAF6	728
D77F373A	3551
D77FAACE	10656
D783D85B	7618
D786F0C9	6062
D7879D24	7584
D78E103F	516
D79011F5	5095
D792198D	576
D7A28151	7544
D7A3DC71	6594
D7AD92FD	7638
D7AE1298	4389
D7B346A3	6810
D7B70D08	7179
D7B96233	4230
D7BBCEB3	2536
D7BFC144	3365
D7C54D5C	12034
D7C72490	7347
D7D0D8CD	11072
D7D6345B	5479
D7D8CDE0	4922
D7DC808F	4577
D7DE5958	5366
D7DED5B5	3710
D7F4EF7A	155
D7F549FA	11227
D7F7048B	1551
D7FD8565	1179
D7FE27BA	1756
D7FF8A05	5508
D80912EB	274
D80F3AB9	8277
D812B4BE	2121
D81583D3	7234
D8163536	8691
D81C38CA	7883
D8202A9D	8633
D8239EA2	8023
D82A1AA9	10233
D82D578C	8429
D83A9F15	3826
D8509DC7	11569
D8536738	2265
D8548900	12217
D8548CB8	10623
D85549B2	7331
D856514B	1185
D856CCDF	8704
D85816EA	10994
D85B1872	1162
D85B87D7	7626
D85D07FB	3763
D85DD709	8730
D85E5438	708
D87241A5	8986
D8762EDE	229
D87973C4	8059
D87A9205	4844
D87D3F51	4194
D88237A8	6002
D883CB43	2891
D88F7245	2995
D891008E	1277
D89B442A	2906
D8A04817	6240
D8A0F55B	9166
D8A2CCBB	4968
D8B49C98	11523
D8B764C9	7073
D8BB7BA8	234
D8C12AA7	3811
D8C377EE	6337
D8C9625A	12181
D8CB1FB4	5020
D8CB3A32	1864
D8CD9317	11080
D8CDE063	4926
D8DA0374	3455
D8DBB539	4432
D8DCC5B6	2982
D8DDB8C5	11766
D8E00E53	11159
D8E29E5F	12086
D8E2D7DE	3702
D8E486CE	368
D8E9E105	7601
D8ECA11F	3587
D8EEC47F	8258
D8F63680	3450
D9037414	2479
D90AE2FB	307
D91124F4	1944
D913D5B9	841
D9171D7B	4220
D917D101	11430
D92FDB14	7644
D9310448	9750
D93178E8	11086
D9327083	7080
D93279DE	3640
D9345E6F	8668
D936CF5E	2525
D9382817	1423
D93A25A2	10271
D9484F34	6503
D94C0F68	11539
D95A706C	8799
D95E76BF	3125
D95F972F	741
D968E0AC	1327
D96E72CF	8971
D97134B0	11949
D972C4B7	10211
D9767F10	552
D97D224A	3340
D9823BDD	10087
D983EE20	10538
D98E255D	6972
D98F9FCF	8596
D992CE52	2301
D996ECE6	8647
D9982467	5296
D99DB4E5	11266
D99E09E1	10575
D9A2DA03	8870
D9A45E8F	2106
D9A96D31	11607
D9AC78AD	1148
D9BBDB65	11938
D9CE0226	2272
D9CF850E	7154
D9D5CD68	1614
D9D8CB3A	1860
D9E91B21	8525
D9EC82A1	7479
D9F67E53	3295
D9F94CBA	3300
D9FC4101	557
DA02D68A	2367
DA032355	8878
DA035C75	487
DA037420	3459
DA04262C	1968
DA09C2A8	7740
DA11C968	4805
DA19A318	2959
DA265804	3021
DA312D55	6828
DA350182	11550
DA359378	9335
DA457F6F	1642
DA482FF6	10910
DA4A2C44	8125
DA4CC1A9	6621
DA4EF948	7014
DA4F299D	1078
DA5230EE	3991
DA53B15F	4105
DA57E51C	1451
DA5E8EA4	11366
DA670429	762
DA6E13B8	2032
DA7924BA	9081
DA7ED1E2	7285
DA859B17	608
DA8773DD	11924
DA8CA0E4	3089
DA96CC0F	11825
DA978B0F	8925
DAABAB41	9484
DAADFAB2	4467
DAAEFEC2	2425
DAB1B106	9771
DAB797DB	6928
DAB8624B	3173
DAB8722B	11138
DAC6C6A4	4886
DACCDDA5	1441
DACED0CE	11995
DAD38A64	8461
DAD39667	6454
DAD3BDEA	5336
DAD9767F	548
DAD9A45E	2102
DAE1C94F	2206
DAEAAFCC	9125
DAFD2362	1266
DAFDD682	3134
DAFE2987	12279
DAFF1842	10760
DB143934	8612
DB14BF4F	7652
DB151AF5	963
DB19FBEA	6940
DB21DC2F	5919
DB2EE550	3320
DB3D7BBC	2530
DB3F5DC6	1685
DB45EFA2	896
DB4E538F	11272
DB5B48AE	10739
DB65C4D2	11946
DB68270A	7737
DB76AAEA	9479
DB8AD0E2	6199
DB8C5BE8	11772
DB913FA9	5817
DB93C726	4347
DB9B0FFF	5005
DBABB81B	2702
DBB0F4AF	4826
DBB53937	4436
DBB7E25F	5220
DBC5B73E	8828
DBC63E0C	10672
DBC743A2	7906
DBC76B1B	4879
DBCCC499	10923
DBCF57D4	10948
DBD006C4	4783
DBD4FF80	8363
DBD6125C	1653
DBE52F6E	5209
DBEE857F	10509
DBF561B8	10443
DC01D93A	10263
DC03B931	1366
DC040682	9304
DC0ADD0A	11448
DC0DFF58	2771
DC122E7C	1556
DC172086	9631
DC1C227D	6226
DC25D4D3	6402
DC2B30DA	2194
DC2FCAF4	6255
DC2FE3E9	5927
DC3423A1	7184
DC34C1C8	6306
DC3A0120	8508
DC3F435A	7791
DC447EF0	3905
DC477FAA	7386
DC4792C0	7568
DC4891C5	11684
DC4B6928	8118
DC4FB6D1	887
DC51797C	8040
DC5368D6	9328
DC5D96E7	8965
DC61399E	5151
DC628BDE	1114
DC6615F9	1382
DC664D4D	4763
DC677B13	12202
DC682B51	425
DC697184	1695
DC6C5958	8413
DC71FB59	6602
DC73300F	4904
DC733F24	2556
DC760244	269
DC78B9DD	11579
DC808FC7	4581
DC860600	5604
DC8C0C3B	9181
DC8EFFE0	1501
DC914B28	3002
DC9CC8FB	353
DC9F73FD	873
DCAB5545	2447
DCB3556A	10465
DCC16C23	826
DCC5B623	2986
DCC855BA	8851
DCD267AF	1577
DCE21BAD	5494
DCE92F43	3560
DCEBF00E	7211
DCF14EB4	8392
DCF3D629	5646
DCF766EF	11931
DCF91FDF	10398
DCF99F68	476
DCFB2C2D	8837
DCFC0750	10882
DCFF713E	880
DD05257D	2486
DD081A14	3466
DD089B77	11737
DD0A1A65	11456
DD0B42AF	9788
DD0DA859	602
DD179DDB	4993
DD1B89D0	11493
DD1BF7BD	8582
DD223942	1740
DD2C5B69	10899
DD2E8B05	7945
DD2F458C	2234
DD34E9D4	7514
DD37FCBC	60
DD4A5B38	11054
DD526899	9881
DD62008D	11591
DD682BEA	3140
DD6B700E	1359
DD6BD1E3	10099
DD709970	8736
DD71EFDD	11725
DD8548CB	10621
DD8DCC5B	2980
DD932708	7078
DD9345E6	8666
DD9A96D3	11605
DD9BBDB6	11936
DD9EC82A	7477
DDA57E51	1449
DDA7924B	9079
DDA8773D	11922
DDAABAB4	9482
DDAD3966	6452
DDB68270	7735
DDB8C5BE	11770
DDB9B0FF	5003
DDBB0F4A	4824
DDBC5B73	8826
DDBCF57D	10946
DDC17208	9629
DDCEBF00	7209
DDD179DD	4991
DDD52689	9879
DDD8DCC5	2978
DDDBC5B7	8824
DDDC1720	9627
DDE11839	11748
DDE5130C	4621
DDEA5557	11968
DDEAA044	6874
DDEF9C16	9657
DDF6608E	10082
DDFB9909	6344
DE03EFBB	4452
DE063CA1	4932
DE0EBD0D	4174
DE118395	11750
DE146104	5539
DE17F507	9346
DE1C746E	2737
DE209578	9221
DE2096F3	8170
DE26515F	3280
DE3ACF0A	1126
DE4352C9	1990
DE4FFD36	12168
DE5130CC	4623
DE5958D2	5370
DE5E4F65	3114
DE5F6C67	6933
DE65C64F	3483
DE661BAB	3737
DE6E37CD	2589
DE6F3A13	4679
DE74FA5F	2922
DE7DBC74	7900
DE7EEE80	1788
DE81A1AB	1061
DE83447C	166
DE852548	3844
DE8E1CDC	10870
DE994A80	5877
DE99F27F	12071
DE9BDA02	2359
DEA15A1B	6011
DEA55571	11970
DEA5A90F	5346
DEAA0445	6876
DEB2BD95	731
DEB8B062	9803
DEBBE98C	7686
DEBF19CB	5046
DEC4D854	12209
DEC76660	5289
DECFD7B7	7171
DECFEBB7	8495
DED0BD56	5564
DED5B591	3714
DEDC6139	5147
DEE63630	3802
DEE76A5B	11818
DEEA3CD5	241
DEED6293	9906
DEF663E7	8591
DEF77AA8	6869
DEF7F0C7	10351
DEF9C166	9659
DEFB1B99	2829
DEFBE101	3652
DEFF4981	10308
DF0248B9	7824
DF15CFF7	6480
DF1B448A	10147
DF23109A	4734
DF2902C9	4245
DF298F3D	5195
DF2E5D94	6493
DF34B3D7	2598
DF37871D	2732
DF3B746F	8575
DF3ECC03	9701
DF449703	10410
DF4C1228	6994
DF4F1E97	8006
DF4F201F	9378
DF4F452C	11477
DF5AE3AD	4524
DF603CEA	8274
DF617950	705
DF6608EF	10084
DF75296C	11051
DF780FBE	4449
DF7BDDEA	6866
DF81124F	11634
DF813BF2	2013
DF863FA3	4542
DF89760A	10224
DF897FA4	5225
DF946763	3439
DF9BE899	9959
DFA57CDE	2817
DFAB2870	4473
DFB7C8C4	4729
DFB99093	6346
DFC31C8D	10356
DFC97D7A	4379
DFCA5935	7263
DFCDCE92	3554
DFD08F84	10370
DFD4C591	3931
DFDDE513	4617
DFE37B98	3795
DFE4C8B6	7060
DFEAB332	7393
DFEAB3B6	10659
DFEF543D	8716
DFF2F2E1	65
DFF58B84	2777
DFFD1EFA	9862
E001AC47	10698
E00CF605	7225
E00E538F	11163
E00E56F5	6581
E018F72C	10456
E02266AA	2278
E0251061	10837
E028F953	8374
E02CA8EB	10713
E031495D	859
E0380944	10832
E03EFBB6	4454
E04493C3	11637
E04EFC94	2016
E063CA1E	4934
E06C5CF1	2711
E06F3F80	6570
E0728F26	11310
E07645C7	4215
E07A79BC	4660
E07C17CA	9529
E0891994	5903
E089922E	12149
E09D4E03	10822
E09DC489	11678
E09E122A	10581
E09F2962	4948
E0A05FF6	1428
E0AACC63	9459
E0AB5DEB	721
E0AC261D	1335
E0AED493	9836
E0B7B42F	5559
E0C20CAE	11335
E0C4AB3A	10682
E0C944D4	1513
E0CE4E1C	4154
E0D2F0B2	9427
E0DC7602	265
E0EBD0D5	4176
E0EC1305	3673
E0F616E1	7621
E0FECF32	1895
E1016E78	3660
E103F009	522
E105F5E0	7609
E116B48A	11860
E118395D	11752
E119D8A0	9158
E11C0128	3218
E122AC82	10587
E125888F	2795
E1298E90	4395
E12F8496	2788
E13159E1	10381
E1386687	77
E13B8C7E	2038
E143BDEC	7161
E1461045	5541
E14C7D85	3753
E14D7901	5089
E15065A4	4046
E157776F	8817
E172BCAF	410
E1786AA7	338
E17F507D	9348
E17F6E44	5810
E1805109	6747
E1892C20	3178
E18C77E0	11625
E18FE8D5	4545
E19A1F52	82
E19AF81B	6561
E1A9FA3F	6436
E1AA9DC9	343
E1AB8980	8907
E1AE886B	1024
E1AEE7C5	11702
E1B73E47	10393
E1BC3248	6065
E1BE1AE8	1018
E1C0C924	6658
E1C2C9EF	7861
E1C746E3	2739
E1C8AF8A	11143
E1C94F5A	2210
E1CCBDE0	4164
E1CDCFC0	10876
E1D61303	8940
E1DEC766	5285
E1E7493D	7587
E1E8EAF0	3610
E1EF21E8	4028
E1F0500C	10122
E1F0F64E	1414
E1F0FE26	4130
E1F4C845	7112
E1F5EB64	7633
E1F7F25F	4374
E203D229	10031
E204B478	1005
E209578A	9223
E2096F33	8172
E20CC75C	10548
E20FD95A	8791
E21BAD7F	5498
E2324240	9024
E235F436	11067
E2379793	3109
E237DEF7	6861
E23FDFCA	7255
E245D0F5	3420
E253C1EA	1475
E255D629	6978
E258F5B9	5698
E25D82A1	10227
E25FE908	5228
E260236A	8914
E2604A1B	7297
E2648D9C	7144
E26515F6	3282
E268C91E	4140
E26B259B	11384
E2740A9E	11500
E27BA598	1762
E27CA725	9569
E27F5AA5	1291
E28154F1	5515
E2987FD0	12285
E2991D4B	8468
E29B4CAF	10636
E29E5FE8	12090
E29EA26F	7499
E2A159BA	9234
E2A6CE0A	9449
E2B01B49	10164
E2B2D4D6	6125
E2B438B3	6202
E2B616C6	1157
E2B63803	11154
E2B6915F	1637
E2C18954	9808
E2C3E1D6	8932
E2CF040F	6211
E2D2CA9D	781
E2D7DED5	3706
E2E67417	3863
E2E77588	11584
E2E96214	6727
E2EA63D8	2253
E2F1C8CF	3396
E2F9E83C	7984
E2FB289B	315
E2FC9E35	4071
E3061ABF	8440
E30E64C5	5848
E31049CC	1820
E31078BE	7975
E3135387	10111
E316FA08	11775
E3194D1E	11791
E31F97E8	2045
E329DE7D	7892
E3349964	2751
E3551624	4081
E35B213F	1201
E35F7202	4574
E373C53A	8389
E3769E49	9076
E376EC3D	4821
E37B98D8	3799
E37CD2CF	2595
E3840FC0	519
E385CAF2	407
E38C4127	1817
E38E67C8	9597
E399F21E	9600
E3A22BBE	11095
E3A85754	985
E3ACF0A8	1128
E3AD5DF8	4532
E3B9E50F	98
E3BE653C	8208
E3C1436A	3078
E3C2D145	2638
E3C93E7B	6144
E3CB7E95	2810
E3CF091B	11174
E3D4B644	1935
E3D8E2D7	3698
E3E2FC9E	4067
E3E7F676	1851
E3E9888D	5935
E3F51739	11283
E3F642B8	302
E3FF2EC3	2938
E403E237	3101
E4047C44	11840
E4047D44	5098
E40CF77D	10073
E417F7D6	4515
E42CFE51	9400
E4352C9B	1992
E44C31C9	3887
E44ED786	6054
E44FEA46	5820
E4532A04	1395
E4560934	4698
E475BD27	6026
E47EA154	7431
E47F7D12	10403
E47F9F4F	5248
E48183D5	138
E4866347	579
E486CEAE	372
E492E8A2	9086
E4991590	3038
E49DE265	3274
E4A29DC8	1491
E4A4F891	3411
E4B035E1	7575
E4B22FD5	6791
E4C58273	2077
E4C77198	1375
E4C8B62D	7064
E4D3C0D8	8621
E4D72972	8290
E4DC677B	12198
E4DF780F	4445
E4E1CCBD	4160
E4ECE72B	947
E4F1C9A6	4350
E4F6579D	3120
E4FFD363	12170
E50B5FF8	1749
E50FBBD1	106
E5130CCF	4625
E5151415	7837
E5185550	675
E519D8F6	3442
E51C27E9	9410
E51C53A9	1459
E51E385C	401
E5202589	7023
E521555F	1046
E5215B15	5
E52A6A31	2311
E52F6EDF	5213
E530C69C	11114
E532E9D3	3305
E533C96F	1912
E538F3C2	11169
E538FD45	11278
E53A26BA	5775
E54028DD	1728
E54382AD	714
E54E373C	8383
E5507FD9	3328
E55206E7	2676
E5538992	7137
E5609A5B	5711
E56CFE72	8340
E56F5E8F	6587
E57455FC	9108
E576376E	11761
E588482F	3965
E588CDF2	4235
E59183E7	12052
E5958D23	5372
E599F0F0	6461
E5A59E4B	6781
E5A759DD	48
E5CBC6AD	748
E5CF1011	8064
E5D00DCF	5636
E5D32AD7	12258
E5D9484F	6499
E5DFE37B	3791
E5E4F657	3116
E5EA676E	2691
E5ED8DBB	4426
E5F020BE	10059
E5F11D87	8049
E5F6C67E	6935
E5FA1B4B	2052
E5FE8A8B	12096
E60259F3	11198
E62B764D	8659
E636304A	3806
E6380C52	854
E63DD9EC	7471
E6416E49	3264
E641B1CB	8560
E6424D6B	6351
E64BA928	2153
E64C5972	5854
E64CD04C	2840
E653C7C0	8214
E6599AF7	5591
E65A5634	205
E65C64F0	3485
E660763B	8249
E661BABE	3739
E67417E6	3867
E677B3FA	8490
E67BC043	5160
E67C87AE	9603
E67DA035	481
E6A2E44C	3879
E6AB3896	5689
E6B1456E	11296
E6BD4541	8099
E6C3FFD8	5008
E6E37CD2	2591
E6F1CDE6	4669
E6F3A139	4681
E6F3A15F	7416
E6FA0736	8678
E6FA2651	9962
E7049209	803
E7059953	9664
E7163980	11189
E72AE876	8350
E72BDB15	955
E72CF61C	8977
E7421D13	12130
E7426D06	2329
E7493D8E	7591
E74FA5FE	2924
E7585DB5	10729
E761D8BB	226
E76A5B30	11822
E76BF75A	3131
E76DDAAB	9476
E7758802	11588
E776E6C3	5000
E77BEF84	3649
E77C573F	6477
E783B04C	3670
E7913B5E	6051
E7943EEF	103
E797A99D	2688
E7A0B8EF	8199
E7A0F239	7989
E7A88DC5	8030
E7B37A67	12064
E7B72AD5	2442
E7BFA2CC	6154
E7C496F6	2878
E7C58473	11710
E7C60373	1566
E7D3C6D0	5255
E7DBC743	7902
E7DBEE85	10505
E7DF4F1E	8002
E7E08992	12145
E7E45609	4694
E7ECCD71	8306
E7EEE805	1790
E7F3F6C5	8603
E7F67632	1855
E7FF420F	4640
E80480D9	8513
E8053A7F	1798
E80B8ADA	1630
E814E56C	8332
E81A1ABF	1063
E81CD816	8683
E81D1C90	9247
E820A35A	9275
E8238C65	11784
E82E3BE6	8202
E834235A	4305
E83447C6	168
E834E178	330
E83C8E7D	7992
E846A68A	9060
E8485B2C	11881
E84E7E45	4688
E8525489	3846
E857E47E	7423
E857FD40	10515
E85C8F38	9516
E8615F07	10790
E864D67D	7195
E86D2F10	2057
E8711DDD	9617
E876F53F	8358
E886B56A	1030
E88AEFA8	11098
E890985C	7917
E8968808	10276
E897BD4A	907
E899463B	9967
E89AEA61	5780
E8A05447	7547
E8A12946	9937
E8A2817E	9094
E8A8B298	12102
E8B055C3	7951
E8B32688	6161
E8BF492D	5953
E8BFC277	11805
E8C1AE94	655
E8CA0325	1873
E8CE1506	4040
E8D51D5E	4553
E8E1CDCF	10872
E8EA4BE2	11372
E8EAF008	3614
E8F604AD	2116
E8F71C7E	6597
E8FF76B4	6445
E901F9F6	10496
E908AEE4	5236
E90E9142	4405
E914264F	4411
E91770FD	7784
E91B21A5	8529
E91EF44B	386
E91F65A3	1320
E9269CC7	10014
E92D9A2D	8864
E92F43B1	3564
E93C2CE6	5677
E947BE51	665
E958D346	10183
E95F37BE	2820
E961B109	6418
E96214BC	6731
E9660990	1769
E96F5034	6280
E973608E	8016
E973D572	4005
E97A306B	650
E97F8FFC	2931
E9888D1E	5939
E98C8D5C	7694
E994A802	5879
E998BD1D	1671
E99E3107	7969
E99F27F6	12073
E9A1D255	6523
E9A9349C	3199
E9B21EFF	11240
E9B6B669	2097
E9B7BB58	9901
E9B834BC	9422
E9BC5B2C	11411
E9BDA02D	2361
E9D36BFC	10753
E9D36CBB	3313
E9D47532	7522
E9D64275	11653
E9D76FD5	10436
E9DAB862	3169
E9DF1B44	10143
E9E105F5	7605
E9E6F1CD	4665
E9FC5E38	1807
EA064308	6952
EA15069F	7312
EA154A2A	7437
EA15A1B9	6013
EA15D50E	988
EA237145	8033
EA26F74D	7505
EA292986	3152
EA394C31	11109
EA3CD597	245
EA44AA0C	6911
EA46058C	5828
EA481719	4849
EA4A1014	2160
EA4BE26B	11376
EA555718	11972
EA5A90F1	5348
EA612C54	5788
EA63D853	2257
EA676EAE	2695
EA7421FD	5988
EA7894F0	1470
EA7C5477	3831
EA7D5B0F	3058
EA8A6929	2135
EA8F7CA6	5188
EA900C34	11006
EAA0445D	6878
EAAFCC58	9129
EAB146CC	2659
EAB33209	7397
EAB3B6F1	10663
EABF74BD	2227
EACA1C26	4476
EAD044CB	9491
EAD321C2	1241
EADDD526	9875
EAE4A29D	1487
EAE4D729	8286
EAE91EF4	382
EAEE06C5	2705
EAF0086E	3618
EAF09A5B	11351
EAF0CEB3	5404
EAF8531F	3748
EAFEBBC1	186
EB02B76A	11913
EB06F4E1	6549
EB26C83A	286
EB27DD0D	594
EB2B1B88	8780
EB2BD95F	733
EB312DC7	2546
EB355C9D	5414
EB37F531	3926
EB39D876	221
EB3C2A35	1131
EB485B71	8402
EB48FE97	640
EB577E18	4535
EB5FFE28	5505
EB64BF6C	7641
EB694EC5	4102
EB77A955	11965
EB8006B1	10695
EB84A63A	4392
EB8535E4	5086
EB8B0625	9805
EB8FD90A	299
EB977F8D	3788
EB97C082	10056
EBA1857C	10787
EBA1C477	9614
EBB70E80	8503
EBBA6DAD	2092
EBBC10F9	192
EBBE98C8	7688
EBCBA75D	10429
EBCD24EE	5663
EBD0D59D	4180
EBE6599A	5587
EBE7585D	10725
EBE83423	4301
EBF00E00	7215
EBF19CB2	5048
EBFBB0B4	1588
EC0989BF	5127
EC0A362D	11514
EC130502	3677
EC273DDD	4981
EC2A7C32	6106
EC2D3BFE	1595
EC2F9EDC	2435
EC356B68	2948
EC367573	1609
EC38E399	9592
EC3A77C6	10138
EC3D2BFB	4829
EC47FDF6	8264
EC4D5811	10334
EC4D8548	12211
EC52AAD8	3575
EC57C920	4112
EC5912D6	3507
EC592094	5731
EC65180D	10856
EC6E64CD	2834
EC766609	5291
EC78F8BF	4062
EC7EE2F1	3388
EC82A159	7483
ECA11FC0	3591
ECA26E0A	9826
ECA26E83	320
ECAB6678	10568
ECABD932	3632
ECB0B732	8842
ECB793FF	12163
ECBA284A	9932
ECC030C5	9707
ECC28DEB	5036
ECCD16C5	10805
ECCD7164	8310
ECD1A8C7	6813
ECD645FC	12009
ECDE99F2	12067
ECE62B76	8655
ECE72BDB	951
ECEA8F7C	5184
ECF32394	1901
ECFD7B70	7173
ECFEBB70	8497
ED01AE85	9506
ED0BD56B	5566
ED0CECD6	12001
ED10F29D	6704
ED16BE27	9559
ED1E23FD	7249
ED1E2604	7291
ED22CCEF	4278
ED2FB0A9	6099
ED2FCBE6	8237
ED33585B	5438
ED3B30A3	5031
ED45075B	9980
ED478D7D	4567
ED493400	9842
ED4B28BF	5389
ED4E4DF7	4439
ED5B5918	3716
ED5BB1FB	3381
ED600727	8758
ED62933D	9910
ED665DA4	6611
ED786F0C	6060
ED85816E	10992
ED87A920	4842
ED8DBB53	4430
ED8E486C	366
EDAADFAB	4465
EDB45EFA	894
EDBC63E0	10670
EDC3423A	7182
EDC3A012	8506
EDC61399	5149
EDCAB554	2445
EDD1BF7B	8580
EDD8548C	10619
EDEEA3CD	239
EDF23109	4732
EDF897FA	5223
EE06C5CF	2709
EE119D8A	9156
EE203D22	10029
EE20CC75	10546
EE2F1C8C	3394
EE31F97E	2043
EE47F9F4	5246
EE4C5827	2075
EE4C7719	1373
EE5507FD	3326
EE588CDF	4233
EE5D32AD	12256
EE636304	3804
EE6416E4	3262
EE6424D6	6349
EE76A5B3	11820
EE7943EE	101
EE7C5847	11708
EE8053A7	1796
EE857FD4	10513
EE93C2CE	5675
EE966099	1767
EE973D57	4003
EE9B6B66	2095
EEA3CD59	243
EEAD321C	1239
EEAF09A5	11349
EEC2D3BF	1593
EEC47FDF	8262
EED62933	9908
EEDAADFA	4463
EEE8053A	1794
EEF29103	2503
EEF3ACC4	2539
EEF47C1F	113
EEF87D32	7107
EF010CD4	5165
EF02A7AC	3915
EF043E65	195
EF0D60B6	5323
EF21E8CE	4032
EF291033	2505
EF2B3106	12302
EF2B877B	5278
EF328AEB	3776
EF3ACC4B	2541
EF44B947	392
EF47C1FC	115
EF520D81	7873
EF5298D3	914
EF543D85	8720
EF5823AF	4290
EF5F1535	12031
EF663E7F	8593
EF6ABBFB	2422
EF6D9713	11943
EF6F1DAC	4876
EF75AF47	10096
EF77AA81	6871
EF7A0D11	163
EF7A96A4	5343
EF7B3F5E	7168
EF7F0C72	10353
EF8405B9	3657
EF87D321	7109
EF8812D1	1002
EF946155	672
EF948096	7020
EF994F1F	8211
EF9C1665	9661
EFA25EF5	904
EFA63235	7691
EFA8190C	6949
EFA8E530	11106
EFAB7754	9872
EFAC1BD3	6546
EFB1B993	2831
EFBB6AB7	4460
EFBE1016	3654
EFC94DA6	2022
EFD0C095	9194
EFD8C377	6333
EFDD089B	11733
EFE8B326	6157
EFEC2F9E	2431
EFF02208	11250
EFF0513B	3368
EFF49815	10310
EFFB0D9D	1604
EFFE0C94	1507
EFFED335	5432
F0006EC5	3497
F0086ECA	3622
F0095A8A	530
F00DC479	7562
F00E00CF	7219
F0102FE4	4503
F010CD42	5167
F01D41DD	10887
F020BE40	10063
F02208D9	11254
F02318ED	8225
F0248B94	7826
F02A7ACD	3917
F031E1E8	3602
F036080A	8628
F037A6F6	2354
F040F707	6217
F043E65A	197
F0500CEC	10126
F050DA8C	3081
F0513B56	3372
F056F8F5	1926
F05F2891	9534
F07AB928	1482
F07B3345	10800
F07F0A1B	122
F0846F5F	1540
F08D2BB9	3251
F091B9C5	11180
F09A5B69	11355
F09DA042	1962
F09DEE76	11812
F0A1BE48	128
F0A8D5D9	1136
F0B2928E	9435
F0B39AAC	5682
F0B45155	2641
F0B61552	7326
F0C1A2C3	6686
F0C58554	4598
F0C7237F	10359
F0C7F2A1	2404
F0C88514	7762
F0C92100	6070
F0CA1E2B	6115
F0CEB355	5408
F0D2EE11	9148
F0D40074	3528
F0D60B6B	5325
F0E77C57	6473
F0F0E77C	6469
F0F3CB15	9995
F0F64E0A	1418
F0FA7590	11648
F0FE268C	4134
F1011C58	8070
F104068D	562
F107EE4C	2067
F1112384	11849
F11D8797	8053
F11DEDC6	5141
F124D1FF	3950
F125BD88	2881
F12D37CD	2723
F12D7DE5	5360
F14EB485	8396
F15018DE	5527
F151DE85	3836
F153571F	12037
F15CFF7C	6482
F1611CDD	11713
F16CB2AD	11416
F16DCFB2	8831
F17215C4	12234
F178E310	1812
F180DCD2	1569
F1819646	443
F184296F	10766
F18F8312	10675
F197ABFA	179
F19CB257	5052
F1A6FBD7	12022
F1AB699C	755
F1B42915	5262
F1B448AF	10149
F1B53ED2	4268
F1B6AC6C	9766
F1C399DE	8483
F1C569A2	11023
F1C8CF92	3400
F1C92431	7350
F1C9A6C2	4354
F1CDE6F3	4673
F1D0E890	7909
F1D936CF	2521
F1DAC6C6	4882
F1E97360	8012
F1F02318	8221
F1FF0C58	4592
F201FCD3	9384
F21E7913	6045
F21E8CE1	4034
F21EBA1C	9608
F23109A2	4736
F239F7D3	7997
F2482F87	4119
F24BC9AA	2566
F24C2F54	7669
F24F9EFE	6147
F252CB08	9684
F25369B8	2025
F25BC15B	1919
F25F5EB8	4382
F261ABFF	11320
F26AB2BC	2573
F278D545	4076
F27F638A	12079
F287827C	4941
F2891D00	9540
F28B76F3	10939
F2902C94	4247
F291033F	2507
F29622AD	4954
F2964D5F	7266
F298F3DB	5197
F299D00C	1084
F29C961A	9574
F29D592F	6712
F2A1FEF6	2412
F2B15A8F	4332
F2B31068	12304
F2B877B1	5280
F2BA6A4D	3194
F2BD2347	6262
F2BDC682	419
F2C568E9	10002
F2D0D89B	2898
F2DFA57C	2813
F2E13866	73
F2E5D948	6495
F2E8485B	11877
F2E9D76F	10432
F2EC356B	2944
F2EDD854	10615
F2F2E138	69
F2F5D11C	5453
F2F9981D	8244
F3041649	1711
F3077EDF	4722
F31603F0	9136
F3169882	11210
F32394CF	1905
F326D023	7370
F328AEB9	3778
F331267C	10926
F333560C	8182
F344CE9A	6513
F3493BA4	5666
F34B3D73	2600
F34F90B3	9393
F3565C2B	250
F35F6337	4919
F373A4BD	3557
F37871D1	2734
F379B8DF	2586
F37BEC6E	2826
F381F05F	9526
F3860144	6744
F3A139F9	4685
F3A15F91	7420
F3A9F56C	3055
F3AB935C	8283
F3ACC4B7	2543
F3B746FD	8577
F3C246E7	11177
F3C930BD	7666
F3CB15A3	9999
F3D26E74	12120
F3D3718A	1107
F3D5F510	10951
F3D6297A	5650
F3DACED0	11991
F3DAEAAF	9121
F3DBE52F	5205
F3E5215B	1
F3ECC030	9703
F3F6C50E	8607
F3F80395	6576
F401B103	4786
F40CABDA	3979
F414BB2E	9923
F420F4FE	4646
F423E131	10373
F42A1414	9361
F42F09DA	1956
F4302566	9197
F4327112	7044
F4356761	4183
F435A171	7797
F4363364	11075
F4369FB4	7280
F43B14AA	3570
F43E3C14	3072
F43EF2B3	12296
F43FE232	9016
F4404770	11437
F4497034	10412
F44B9478	394
F452CDD1	11483
F458C438	2240
F4673021	9724
F476CFD7	1680
F478C4D4	10106
F47BEADD	9867
F47C1FC2	117
F485D903	2471
F4892A2B	3345
F48A4442	10038
F48D1C7A	6267
F48D8910	1271
F491B112	3234
F492D684	5959
F4981512	10314
F49B9D08	12123
F49C6F21	6035
F49E641B	8554
F4A37DD4	11044
F4AFED87	4834
F4C12289	6996
F4C45B03	1216
F4C8452C	7116
F4D8C962	12177
F4DC628B	1110
F4E19AF8	6557
F4ED1E23	7245
F4EEF291	2499
F4EF7A0D	159
F4F1B429	5258
F4F1E973	8008
F4F201FC	9380
F4F3C930	7662
F4F452CD	11479
F4FD451F	4199
F4FE07A7	4654
F500A93D	10524
F5034475	6286
F507D0A8	9354
F50D992C	2295
F510D453	10959
F512AD26	5107
F5147F81	4204
F515042D	8104
F51739AC	11287
F5197E3A	975
F519F562	6370
F520D81C	7875
F5257FA1	9049
F527AE86	10780
F5298D30	916
F52D9112	1938
F52E3B9E	92
F5316461	3934
F53E63DD	7465
F53FE028	8366
F5437AEF	7679
F543D85D	8722
F549FA6C	11231
F55AD6AE	5573
F55B7230	9174
F55C80C1	4012
F55CD7B3	6802
F561B806	10447
F562C734	6378
F56C3D0F	3063
F56D7F4E	149
F56E6380	848
F577C092	7819
F57D4435	10954
F5823AFA	4292
F5849707	1656
F58835F5	5470
F58A5EBC	5653
F58B84BE	2781
F58D16DC	5482
F5943E1A	8897
F5977E51	3432
F5AA5CB3	1297
F5ABAAFD	2220
F5AE3AD5	4526
F5B95826	5706
F5CD5C97	2609
F5D11CFD	5457
F5D76B4E	8454
F5D77FAA	10652
F5DC6971	1691
F5DFCDCE	3550
F5E0F616	7617
F5E3840F	515
F5E8A054	7543
F5E8F71C	6593
F5EB64BF	7637
F5EB84A6	4388
F5EDC342	7178
F5EEF3AC	2535
F5F15357	12033
F5FD527E	11226
F5FDC122	1550
F603CEAE	8276
F604AD2F	2120
F60560F4	7233
F6142771	11568
F614D9CE	2264
F6159452	1184
F616E1F5	7625
F61741FE	3762
F61775C2	8729
F617950E	707
F61C9069	8985
F6208DEA	6001
F620F2D0	2890
F6281205	6239
F630DDFB	6336
F632C7ED	5019
F6337818	4925
F63680DD	3454
F638A797	12085
F638B5F7	3701
F63A7841	7600
F642B8BE	306
F64C9E77	3639
F64E0A05	1422
F6569C1B	8798
F6579DAF	3124
F657E5CB	740
F65A382B	1326
F65F4892	3339
F6608EF7	10086
F660FB88	10537
F6638957	6971
F663E7F3	8595
F67632CE	1859
F67D9F94	3294
F67E532E	3299
F680B5A2	2366
F680D71D	486
F68D4060	11549
F693CA67	1077
F6948C3B	3990
F6ABBFB0	2424
F6ADE5F6	6927
F6AE1C8A	11137
F6B33769	1440
F6B3B433	11994
F6BAABF3	9124
F6C50E4D	8611
F6C52FD3	7651
F6C546BD	962
F6C67EFA	6939
F6D97134	11945
F6E2B438	6198
F6E44FEA	5816
F6E4F1C9	4346
F6EDF897	5219
F6F1D0E8	7905
F6F1DAC6	4878
F6F33126	10922
F6F58497	1652
F6F94BDB	5208
F6FBA15F	10508
F700764E	10262
F7048B9F	1555
F707089F	6225
F70D3072	6305
F7111FBC	3904
F711DFEA	7385
F713EDB4	886
F71A0AD4	424
F71C7ED6	6601
F71CCC03	4903
F72023F1	4580
F7218180	5603
F72452CA	3001
F72CD55A	10464
F73E67DA	475
F73FDC4F	879
F74226DD	11736
F7436A16	601
F74BD163	2233
F74D3A75	7513
F75296CE	11053
F75A0AFA	3139
F75AF478	10098
F766EF6D	11935
F767B20A	7476
F76B4E59	6451
F773AFC0	7208
F7745E77	4990
F77944C3	4620
F77AA811	6873
F77D9823	10081
F780FBEE	4451
F783AF43	4173
F78825BC	8169
F78EB3C2	1125
F7965634	5369
F7A0686A	1060
F7A0D11F	165
F7A652A0	5876
F7A96A43	5345
F7AE2C18	9802
F7B3F5ED	7170
F7B56D64	3713
F7BD98F9	8590
F7BDDEAA	6868
F7CA63CF	5194
F7CB9765	6492
F7CFB300	9700
F7D125C0	10409
F7D3C7A5	8005
F7D3C807	9377
F7D6B8EB	4523
F7D80F3A	8273
F7D85E54	704
F7F0C723	10355
F7F25F5E	4378
F7F2964D	7262
F80395BD	6580
F80A3E54	8373
F81124F0	11636
F813BF25	2015
F81BCFE0	6569
F81D9171	4214
F81E9E6F	4659
F8224665	5902
F822648B	12148
F830832B	11334
F8312ACE	10681
F8325135	1512
F83FB3CC	1894
F8405B9E	3659
F847004A	3217
F8496223	2794
F84C5678	10380
F850EF7B	7160
F8531F61	3752
F855DDDB	8816
F863FA35	4544
F86A7E8F	6435
F86AE260	8906
F86BA21A	1023
F87584C0	8939
F87C3D93	1413
F87C3F89	4129
F87D3211	7111
F87DFC97	4373
F8812D1E	1004
F88C9090	9023
F88DE5E4	3108
F891743D	3419
F89760A8	10226
F897FA42	5227
F89A3247	4139
F89AC966	11383
F89EE966	1761
F89F29C9	9568
F8A0553C	5514
F8A61FF4	12284
F8AC06D2	10163
F8AD8E00	11153
F8BA5885	6726
F8BF278D	4070
F8D6C84F	1200
F8DEE636	3798
F8EA15D5	984
F8F050DA	3077
F8F24F9E	6143
F8F2DFA5	2809
F8F52D91	1934
F8FA6223	5934
F8FFCBB0	2937
F9011F11	11839
F9033DDF	10072
F905FDF5	4514
F90B3F94	9399
F914CA81	1394
F915824D	4697
F91FA855	7430
F91FDF44	10402
F92060F5	137
F9264564	3037
F9293E24	3410
F9322D8B	7063
F9461554	674
F946763D	3441
F94709FA	9409
F94714EA	1458
F9480962	7022
F94856C5	4
F94BDBB7	5212
F94CBA74	3304
F94E89AE	5774
F9538DCF	8382
F95D157F	9107
F962120B	3964
F96460F9	12051
F972F1AB	747
F97B636E	4425
F97E86D2	2051
F98F767B	7470
F994F1F0	8213
F99666BD	5590
F996958D	204
F9981D8E	8248
F99F680D	480
F9A8B913	3878
F9BCE857	7415
F9BE8994	9961
F9C16654	9663
F9CABA1D	8349
F9D6176D	10728
F9E83C8E	7988
F9ECDE99	12063
F9EDCAB5	2441
F9EFE8B3	6153
F9F4F1B4	5254
F9F6FBA1	10504
F9FCFDB1	8602
F9FD9D8C	1854
F9FFD083	4639
FA05395B	8331
FA073605	8682
FA0828D6	9274
FA08E319	11783
FA0D08D6	4304
FA11A9A2	9059
FA1B4BC4	2056
FA25EF52	906
FA26518E	9966
FA2A2CA6	12101
FA2CC9A2	6160
FA354757	4552
FA3FDDAD	6444
FA407E7D	10495
FA422BB9	5235
FA47D968	1319
FA57CDEF	2819
FA586C42	6417
FA5E8C1A	649
FA5FE3FF	2930
FA622347	5938
FA632357	7693
FA6C87BF	11239
FA6E0D2F	9421
FA75909D	11652
FA8190C2	6951
FA85528A	7436
FA8A4A61	3151
FA8E530C	11108
FA918163	5827
FAA29A4A	2134
FAACCC82	7396
FAACEDBC	10662
FAB28709	4475
FAB77549	9874
FABC33AC	5403
FAC0ADDA	11912
FAC1BD38	6548
FACAC6E2	8779
FAE5F020	10055
FAEDC3A0	8502
FAEF043E	191
FB0A9F0C	6105
FB0BE7B7	2434
FB0D9D5C	1608
FB194603	10855
FB1B9933	2833
FB289BA0	319
FB2C2DCC	8841
FB300C31	9706
FB335C59	8309
FB3CC8E5	1900
FB478981	7290
FB48B33B	4277
FB4CD616	5437
FB4ECC28	5030
FB52CA2F	5388
FB599769	6610
FB61605B	10991
FB61EA48	4841
FB63921B	365
FB6D17BE	893
FB7C8C42	4731
FB88331D	10545
FB8BC723	3393
FB931609	2074
FB990935	6348
FBA15FF5	10512
FBB0B4EF	1592
FBB6AB7E	4462
FBBA014E	1793
FBBD1F07	112
FBBE1F4C	7106
FBC0A9EB	3914
FBCACC41	12301
FBCCA2BA	3775
FBD50F61	8719
FBD7C54D	12030
FBDAAEFE	2421
FBE1016E	3656
FBEA0643	6948
FBEEDAAD	4459
FC0256A2	529
FC038033	7218
FC075077	10886
FC088236	11253
FC0C787A	3601
FC0DE9BD	2353
FC144ED5	3371
FC277B9D	11811
FC286F92	127
FC3068B0	6685
FC316155	4597
FC31C8DF	10358
FC34BB84	9147
FC35001D	3527
FC4101A3	561
FC477B71	5140
FC5C8571	12233
FC5E38C4	1811
FC610A5B	10765
FC672C95	5051
FC69BEF5	12021
FC6D4FB4	4267
FC764DB3	2520
FC7FC316	4591
FC92F26A	2565
FC94DA6E	2024
FC97D7AE	4381
FC9E3551	4075
FCA59357	7265
FCA87FBD	2411
FCAF48D1	6261
FCBA1216	11876
FCBB0D5A	2943
FCBCB84E	68
FCBE6607	8243
FCC580FC	9135
FCC9B408	7369
FCD3E42C	9392
FCD7D8CD	4918
FCDCE92F	3556
FCEA7D5B	3054
FCF49B9D	12119
FCF4DC62	1106
FCF6BAAB	9120
FCFDB143	8606
FD083D3F	4645
FD08F84C	10372
FD0C0959	9196
FD0D685C	7796
FD0FBCAC	12295
FD1EFAB7	9866
FD217640	2470
FD236244	1270
FD24B5A1	5958
FD260544	10313
FD279906	8553
FD3116C0	1215
FD363258	12176
FD3BDE83	158
FD3CF24C	7661
FD402A4F	10523
FD41F42A	9353
FD451FE0	4203
FD45CE6B	11286
FD4C5918	3933
FD527E9B	11230
FD5735EC	6801
FD586E01	10446
FD620D7D	5469
FD62E12F	2780
FD650F86	8896
FD6A972C	1296
FD75DAD3	8453
FD75DFEA	10651
FD771A5C	1690
FD7B70D0	7177
FD856514	1183
FD88237A	6000
FD8C377E	6335
FD8CB1FB	5018
FD8E29E5	12084
FD90AE2F	305
FD95A706	8797
FD97D224	3338
FD98E255	6970
FD9D8CB3	1858
FDA4F299	1076
FDACCDDA	1439
FDB14393	8610
FDB14BF4	7650
FDB913FA	5815
FDBCCC49	10921
FDBD6125	1651
FDC01D93	10261
FDC122E7	1554
FDC4FB6D	885
FDC73300	4902
FDCF99F6	474
FDD089B7	11735
FDD2F458	2232
FDD682BE	3138
FDDAD396	6450
FDDE5130	4619
FDEF663E	8589
FDF2E5D9	6491
FDF44970	10408
FDF5AE3A	4522
FDF603CE	8272
FDF61795	703
FDFCA593	7261
FE00E56F	6579
FE028F95	8372
FE07645C	4213
FE07A79B	4658
FE0C20CA	11333
FE0C944D	1511
FE11C012	3216
FE232424	9022
FE268C91	4138
FE27BA59	1760
FE28154F	5513
FE2987FD	12283
FE37B98D	3797
FE3E9888	5933
FE3FF2EC	2936
FE417F7D	4513
FE4C8B62	7062
FE51C27E	9408
FE588482	3963
FE6F3A15	7414
FE72AE87	8348
FE7D3C6D	5253
FE814E56	8330
FE820A35	9273
FE846A68	9058
FE8A8B29	12100
FE8B3268	6159
FE8D51D5	4551
FE908AEE	5234
FE97A306	648
FEA46058	5826
FEAB3320	7395
FEAB3B6F	10661
FEAF0CEB	5402
FEBB70E8	8501
FEBBC10F	190
FEC2F9ED	2433
FEC36757	1607
FECF3239	1899
FED33585	5436
FED4B28B	5387
FED87A92	4840
FEEC2D3B	1591
FEF328AE	3774
FEF543D8	8718
FEF6ABBF	2420
FF02208D	11252
FF0513B5	3370
FF09DEE7	11810
FF0C1A2C	6684
FF0C5855	4596
FF184296	10764
FF2EC356	2942
FF2F2E13	67
FF326D02	7368
FF420F4F	4644
FF43EF2B	12294
FF47BEAD	9865
FF485D90	2469
FF498151	10312
FF49E641	8552
FF4C45B0	1214
FF4D8C96	12175
FF500A93	10522
FF58B84B	2779
FF5D77FA	10650
FF615945	1182
FF632C7E	5017
FF65F489	3337
FF6B3376	1438
FF6F3312	10920
FF713EDB	884
FF73E67D	473
FF76B4E5	6449
FF7CB976	6490
FF7D80F3	8271
FF7D85E5	702
FF7F2964	7260
FF80A3E5	8371
FF830832	11332
FF832513	1510
FF847004	3215
FF88C909	9021
FF89EE96	1759
FF8A0553	5512
FF962120	3962
FFA0828D	9272
FFB0D9D5	1606
FFB4CD61	5435
FFCBB0D5	2941
FFD083D3	4643
FFD1EFAB	9864
FFD21764	2468
FFD36325	12174
FFD8CB1F	5016
FFDCF99F	472
FFE0C20C	11331
FFE0C944	1509
FFE28154	5511
FFE820A3	9271
FFED3358	5434
FFF632C7	5015
